41072
48493
73723
34916
21529
5661
91283
60680
30870
63600
26725
80151
11384
97216
81619
23138
86089
17597
8997
88508
84973
11829
730
28590
86606
33891
50667
60827
17321
73843
76963
8509
38101
70491
50999
93475
83379
80535
33585
81582
88218
72542
68868
11199
10941
30858
95016
42800
46008
4833
61479
76690
91587
63335
23279
78012
63501
69472
71340
81509
56669
42909
70724
68055
53121
68321
28964
35754
5418
42699
92699
42447
20829
88862
28244
3333
91804
32601
5487
54331
88033
36604
24184
74567
10557
69982
87169
31425
72644
95782
38421
36256
71098
66801
13211
91006
45861
80064
39628
86759
47967
7796
60038
57933
23170
68265
8263
28217
10791
42792
7521
10342
21719
34580
61920
43287
29570
30308
5949
31004
71924
5686
7253
99572
51696
40716
66508
68396
11139
96803
14428
1313
62046
57969
98057
68643
68539
37737
4429
29983
58307
46815
49984
60405
6467
56769
25063
87982
97851
27816
28190
25823
29209
83073
54641
83914
35199
87953
81991
89402
30548
73095
25369
40491
72410
38285
93978
19866
77454
54320
38958
80964
9905
2539
40926
18282
44674
18964
70967
72886
35365
93439
22268
13367
5204
37863
3007
34854
60715
34680
21313
21056
90539
7603
4700
31024
94756
69787
97108
44541
55192
4211
14508
71393
14765
53043
94490
69628
2606
74646
16064
19871
70823
59543
27464
50334
4174
43627
51074
71712
45710
39157
7709
81384
56351
3201
72894
10082
97278
67082
33817
74259
66152
43385
15898
61400
73546
16006
46270
74497
85793
77048
93333
20061
57212
62316
43266
94818
1453
57831
60942
88378
34338
24912
90624
99523
81191
82017
19636
728
49404
40605
32283
59721
53538
64285
27195
87019
41718
32964
93580
72321
99806
78256
81477
49834
53394
48927
79639
15129
3103
52280
90962
54969
45361
8869
95522
99771
7912
35399
28322
36740
29471
7308
33828
1767
61854
73525
97868
88026
30993
93781
39955
89138
39646
21626
27623
29557
22221
34484
77315
59928
69144
72665
58570
2217
72624
71853
68949
3615
89403
38789
8257
10587
31830
59197
69408
62122
89885
68817
95050
43489
61795
86561
65585
83516
7009
33300
46786
46168
57311
27301
28020
68886
10555
3529
72613
30422
39742
22983
45337
44687
71296
76116
24685
19105
92777
44479
57549
41377
31601
72351
48505
92389
47817
21739
67004
71693
15746
58064
12190
66380
8897
43692
79524
94081
11419
97759
83082
76344
65160
70178
72940
68425
33863
60891
23698
48699
15106
17357
34063
11464
92365
51238
73270
39109
56127
88815
41444
28885
39510
92855
50567
50761
78362
19578
64475
12899
26411
28258
30738
92948
51751
32880
86133
27905
34302
87319
61010
15265
27111
45200
13863
46227
33452
90779
68518
2495
83985
25847
64905
66442
84490
46802
45167
30424
33201
39806
31407
9456
94571
83167
70419
33149
24131
37507
95369
70724
90878
21334
87418
6060
54333
94415
58410
54179
94293
57403
76571
94626
6829
93502
16054
37722
47989
5843
76836
39531
90165
48435
67098
49198
6106
9130
63626
19215
46704
43324
74748
83575
88399
52196
34939
17425
85990
69120
23100
29893
88573
61350
3001
80778
35454
53658
86091
99823
85283
82921
23900
52870
98017
33732
13172
8299
59251
14569
26365
24128
83919
30902
72591
78348
65255
31210
5217
1488
16021
39664
57465
78183
90412
26617
97138
22653
82669
62486
53940
67163
41980
49942
48810
72287
58166
67310
11034
61104
75960
51633
37421
74439
45437
7053
59557
70226
97241
17536
96951
41894
57174
58539
34205
45197
47489
92231
96699
54394
81217
60246
95620
59811
36759
16294
64636
41389
91383
54107
7674
79627
54345
82050
60939
77279
77752
68021
33638
16429
5944
98306
81395
12686
31442
80001
24119
23354
72930
57253
4338
64979
98881
88492
63296
67800
27853
68756
88849
44647
39583
21183
9253
41074
42399
88545
97405
31997
59731
18241
4733
69810
11653
30173
73559
78898
62288
9037
99282
49141
88823
40377
72158
60977
55776
11614
55065
32963
40007
58926
1275
83268
17435
77341
64709
80595
61605
22224
35321
38069
52053
14336
15678
19095
44426
67470
46661
34373
98545
6199
80217
12624
73298
78412
51936
62405
47849
14004
98462
65718
212
56838
85232
83231
98456
63177
91354
59593
81279
68380
88486
43698
89774
86763
60676
15017
27149
65074
2303
25149
27079
81813
73249
77512
22493
18238
95584
95172
28466
92648
41728
90679
94524
69419
2789
97101
20337
99684
49426
27238
28801
9505
95443
21936
73174
58098
32618
41652
90721
2417
25100
67175
44014
51288
987
82161
52738
18703
67808
2975
5968
39226
93363
2745
53179
49624
35357
43957
36229
9753
80628
10800
22523
23430
15748
6545
12456
79011
6909
22294
25434
84263
29694
54013
12701
4836
71341
42144
6994
10371
92801
53841
13541
13948
24372
18784
53247
83046
98169
50607
94558
70421
62162
3845
81810
88613
54804
8536
48913
23801
54245
98846
34932
32466
88630
68576
87893
91465
31845
94630
28869
28728
64575
50836
63455
94044
86232
75933
51431
4297
83939
81824
25624
18106
59508
76006
75486
73759
6423
57344
46803
97300
80250
43466
46107
98782
38751
77449
76209
49452
63344
69944
63569
99117
92785
1086
48858
68932
75042
71142
55285
11212
11269
19824
8243
76749
87256
56393
19114
56548
33841
99099
1420
82307
50860
49993
55502
26187
27321
47668
37831
52222
47283
2990
36233
9736
75184
80711
27107
44121
52574
66121
97501
80743
28049
10736
4715
27464
50638
81625
3789
36651
58827
98370
7887
20200
909
59741
58584
69461
71771
75072
30136
38971
23137
47727
32284
70907
79993
48485
70553
40922
87412
25119
17501
72047
94884
76407
73398
79913
53412
88696
41789
11307
40036
60442
90609
48466
53572
95010
49563
4013
37287
97440
16000
43660
83610
43091
34027
35918
42051
38589
61403
86859
8248
72490
54980
7476
74413
19620
31220
85881
70867
50073
98024
92945
84538
38863
88810
88263
3290
95119
45672
65838
70364
33814
19351
74404
48121
89717
48170
36963
35208
7998
48532
94068
69646
1433
122
8765
54725
56353
58126
34556
46675
62988
68037
12375
71737
52500
47657
73141
92861
63279
93337
77986
13799
96247
58
57610
4375
92769
80162
46360
82511
29854
11198
22305
71196
25079
6351
24128
82960
83182
5398
51862
99793
25032
29453
9868
46686
92475
60095
25156
47431
19995
12488
68786
18571
96351
75517
63620
92968
50411
73265
32662
60824
71261
24899
76378
6237
84040
37540
36646
49083
83873
96548
30957
53358
87702
29354
19712
57837
48595
50324
76814
63738
20653
7688
54935
30867
96469
56984
11130
19846
88590
94960
93832
21057
21337
6639
26657
45631
15210
8943
81634
17059
22156
14329
84518
52191
40779
55417
40982
80797
32079
16247
37124
97021
12894
34930
34028
52548
44677
63754
86837
3683
57388
85562
24971
27851
96140
67147
76838
7786
18162
25798
94350
40485
66446
2487
28632
7585
65832
79159
38859
78980
3621
36832
53173
70853
3738
98553
92181
25280
93997
98314
9036
43087
99411
81305
56378
52464
27591
55275
23208
7492
71525
90398
2281
2682
98637
42175
76311
98623
87718
53302
37698
74225
93965
85464
80267
81870
74729
66025
84320
63993
73248
15589
80651
37142
4285
17625
40949
82965
73931
31032
6249
47904
36275
56984
53539
34139
15769
82548
52764
35612
47645
65885
19818
42314
72864
81365
29087
30077
59353
70945
90422
27231
92435
17972
61720
68226
80846
49036
11738
30054
67878
72839
42944
55670
60140
37512
33145
43950
58884
31104
81897
38315
4642
3508
59492
67861
59350
47900
37998
65721
27972
97398
82684
70828
71353
28017
3538
61925
60534
7158
82587
70100
7093
23794
47987
70903
40230
99881
73092
27213
80202
61723
61792
35454
6657
3537
79588
64562
14895
58774
93486
82762
27779
11167
43348
69502
69412
70464
10201
16357
26978
67803
64364
99886
72722
47466
25101
84221
14754
9839
79788
89131
63241
69292
29601
42159
60149
78944
16366
8351
19550
24001
26738
41992
775
87785
99788
28583
17103
4031
40839
6301
53413
2868
9632
98199
99177
66417
73416
51000
34959
25677
85920
52242
6141
16435
9168
65524
45813
62861
34946
16925
55574
60977
59850
10163
78257
55973
79241
18128
25493
54732
68927
76363
75591
34855
12104
72501
51701
59858
87736
96468
63258
59437
98210
39238
96150
23239
91634
68750
85499
69168
31227
46094
78835
83163
16096
72422
80700
45253
72879
86378
85294
44438
41452
16521
84787
15673
32085
95475
2132
43793
11018
85791
70708
11994
43194
59606
19343
29829
81071
77452
38095
72007
37373
32249
99098
38718
32416
92507
64755
68743
95362
50303
77069
83796
92539
29358
57063
79847
50464
1343
4708
92033
92922
95573
43114
15951
25732
52443
75244
12480
36615
6348
13889
65273
4388
49986
30464
10570
54740
10784
99180
5776
29579
50463
44625
44150
95898
75329
18148
21115
60500
89978
36983
29816
86778
60759
88905
59093
17590
19995
52071
95862
41192
1113
38128
64372
37021
20240
20973
60922
53459
96208
88931
73821
40468
28099
44680
79948
79826
52392
58967
73263
69188
818
3204
44207
83852
19884
72621
9615
44442
57494
95156
93480
18122
52690
36029
7410
87255
97872
42821
17427
27075
54704
6150
37510
92347
93318
8025
72236
96880
40711
54823
48675
23541
12629
79648
51449
79332
90655
79969
70336
55744
13790
95018
10370
15615
40495
46540
32936
35605
25662
96873
41747
70270
22784
19719
46656
50394
27944
54496
57507
17407
55990
8595
24748
3695
82950
90867
25758
78387
65683
73081
46270
50603
68101
8224
77351
85311
63572
82034
65502
1400
72027
6657
40429
41033
29116
68374
6840
79030
65528
99260
52411
79950
33153
6611
94750
88668
1575
22599
27651
7080
85388
96861
82644
30180
9082
35083
44537
71898
16496
70864
13208
47649
1183
67272
22333
57400
11062
26790
2012
10698
30464
71998
62593
91544
57709
74645
38557
19680
73506
27562
94520
50640
51338
84949
19468
76044
52224
5529
9333
55135
4708
83808
17791
11682
59424
63115
22355
83502
14221
86640
48688
8348
56943
73550
47221
63040
42473
90267
13451
63535
22757
71819
34530
78414
67113
72271
36030
19462
63920
94812
90888
78284
6692
71085
39558
9771
64465
97906
75584
12429
97899
42446
32877
30585
72986
12752
91404
35865
81087
27290
17341
3009
64437
5254
70025
51664
88943
31066
72259
12250
48646
3962
52949
55967
86612
70969
377
38235
97585
92094
31682
85317
94689
51422
59144
84604
29025
46703
60979
10449
65305
20201
69663
95827
20240
72382
69697
44324
56531
71887
91419
25719
66415
80765
1936
88458
96545
17105
99039
4659
54961
86947
33838
21045
93182
42002
50956
87337
33416
75589
53601
47938
76159
48621
62549
58442
74863
3832
22613
28867
65899
4802
82731
98928
90298
90261
10949
81237
62314
93640
55524
95306
56831
44630
74749
96888
72071
73822
65276
33777
82330
69694
68376
37652
6064
90136
3290
51500
19917
38187
32363
67085
72427
58393
18500
32756
58862
82814
58473
45078
72063
49642
69963
26925
28902
542
52313
39356
55630
65466
5964
93993
84841
9751
39076
63857
76433
13658
1772
39258
81491
36730
54297
8562
18451
3491
4755
36225
41613
62438
13800
41033
48871
4553
26753
65461
39131
87686
9689
32499
64979
90853
2006
74435
96544
16798
30613
70028
60508
19739
36554
87491
41845
82530
96638
84034
4339
26540
28545
48761
69170
95113
52407
53781
1158
83729
71763
27080
89399
44133
70178
3518
62013
26771
44785
59378
31455
10023
15179
55401
23598
73785
91654
30688
20523
42247
11976
64709
75797
60962
82959
80161
29623
78191
16298
33373
95437
8064
36976
43682
77858
89061
81286
78572
51853
92320
56609
28573
6195
11756
35316
64667
89699
34205
62055
6874
56502
50485
34315
38039
77762
29631
16615
4544
771
71267
19986
75384
86120
61361
45846
61634
17052
9532
63658
39160
74244
29252
34391
570
9336
54003
54715
93789
36567
81751
3576
41551
70479
29416
74365
85603
80998
1081
95380
94004
13524
9347
95838
14285
93888
61442
37394
26089
53185
61785
78346
97950
11808
64848
38227
49238
99865
98746
88975
14153
32714
18571
11254
31131
23183
57056
55507
24954
65244
55013
12784
54393
33502
9074
10102
59372
83546
36818
20484
52513
89301
38188
59070
46047
35153
60795
2527
42589
24678
19666
899
2162
32007
22835
7718
37050
30919
81363
20037
76174
60777
69280
37403
14784
28052
4229
30143
9529
25301
18640
24513
44670
44128
10229
3328
91121
29305
49954
20038
74105
54200
37710
66320
37355
15378
93448
41957
67771
64015
46012
48141
52948
97657
60104
6024
52997
75921
79058
10555
7139
19773
39322
1702
45986
51392
71551
15789
21605
4363
37237
86062
85083
10524
59237
24393
83073
69615
27080
50020
9608
27557
71548
59766
69967
56063
92660
53902
95850
51840
64798
21065
48146
6327
99205
27548
4865
46952
75261
78430
37300
52179
64647
11581
3360
17059
45180
86655
47689
33827
85790
59334
23079
24107
74654
32358
56703
43755
51936
97945
40100
98256
18858
55383
1980
26097
73393
62313
50175
42829
1348
16600
66492
14639
12048
50806
18154
19886
33169
36059
59810
74820
56822
20085
40588
83405
6165
92729
15863
87865
90107
67856
94158
43166
2180
39423
51347
65832
84014
92096
33364
83804
95231
60812
61903
99587
31386
66819
21574
60954
33375
36561
22670
98402
74982
59534
51303
70718
73333
58213
13468
42000
12053
1058
28762
84179
85418
56328
77313
68923
44277
11703
88470
33303
89082
48123
9086
5562
5456
55405
87908
57956
81088
18468
17042
39384
11796
16672
32620
25527
19413
60059
65929
57583
35099
27117
226
20306
37913
57484
88727
94028
85799
43292
15209
91432
16183
88956
35019
57611
67348
13040
25579
80135
11878
38071
11327
11915
78210
72652
32794
76169
79820
35761
79192
2656
53978
86999
66456
95105
7260
76877
11575
27603
21654
47961
84803
96976
23348
84915
35881
32767
53098
36603
82388
83593
31709
5084
53737
45064
84157
24756
89780
46936
66406
63195
58341
97704
817
58854
73462
16710
21057
96231
82605
56024
9956
63414
26232
15778
32604
33585
6875
5080
45078
13066
97857
44908
69054
16524
88030
70661
38577
79287
29034
89737
90057
24888
72431
22802
92
30580
71616
75524
30313
37323
13805
19144
44646
60019
89542
5503
85166
64315
15989
88657
39807
14545
55701
82108
71690
41381
50622
31138
26749
15073
35233
99312
40377
74909
36894
83731
58507
14600
92823
79807
76689
48967
57818
66038
64243
32015
24509
11993
12671
38433
79415
96490
93253
91963
81706
92214
72748
95851
60637
64662
14284
35400
85443
22606
6413
13680
19857
40301
16384
51154
17805
63125
85025
83880
70605
44570
32960
54943
85838
88011
80543
60646
54490
80969
81504
83447
67864
16547
17336
39971
24962
71006
81021
68465
82091
99209
29485
36920
90651
14426
25801
72562
3755
38953
21254
32799
15884
2674
27008
12623
11155
85596
41645
82652
30209
61212
95865
96766
44745
65225
56665
71099
62794
7789
33948
36722
90022
12786
1043
16152
24754
25725
64409
17677
21352
12492
61218
95956
91205
46741
2179
61636
48297
90905
22863
21344
98838
38882
45013
2798
79286
31602
2436
51553
49354
30118
35583
98554
82968
53078
71996
85677
61068
79907
49997
3612
63696
7807
56515
56646
82487
54069
24173
60125
61186
40227
18013
95514
85247
56467
75929
77060
48533
43185
4935
72425
20105
26736
41301
59867
72211
92707
47866
37167
91844
11514
12740
73867
39073
76259
90865
39530
45840
34187
40291
46062
80018
65419
38111
38897
66085
69877
65414
26658
67324
1895
48706
59138
75458
14159
75581
92556
21541
2703
84737
24099
44949
62582
99824
66802
91840
23246
86723
32090
19208
7103
52155
69161
57746
36164
47128
20705
97046
17875
43099
21856
85332
80736
43892
9909
95598
73833
8201
98608
78345
26300
134
74559
72539
4213
85123
73234
55315
78212
19309
18083
76208
14321
91220
77069
56827
41993
40480
74391
23644
73732
54265
67709
44383
54050
50539
10929
26588
9420
59277
63778
65093
38159
28702
16101
74619
67272
89560
62641
43097
69880
18433
24875
14286
19713
5285
84692
3889
51456
55680
1760
56958
46468
80688
62897
96487
29599
75740
76644
93433
77108
57236
19574
3825
44655
38906
90893
85688
11850
12608
77610
92272
75449
35837
33383
64002
75826
8814
11265
91671
33330
4904
63586
96293
72027
8530
77733
81034
424
16404
72535
67373
32951
64695
30738
81206
37811
99393
3570
11201
81786
76164
64223
42881
62680
74921
61405
98635
65127
32005
48532
14035
15638
44943
20996
96657
92860
52989
22366
16637
27622
97532
82747
87457
12352
54172
61318
71973
19824
82033
29172
69628
76085
88799
32029
98670
31833
27657
83570
67626
39234
22272
11030
46389
6261
17107
3325
49215
27862
39947
48816
18116
18813
8950
81336
41471
88985
74917
56263
44430
56751
66673
19742
46080
29440
76720
11011
25433
16969
30047
39971
21373
6949
98754
36576
59490
97871
31174
3652
70715
84645
10083
17776
54064
11831
29744
48126
5180
73802
59829
63813
23234
56256
49822
27756
14155
44628
8081
47447
49004
48584
29759
73009
91532
89058
73891
86996
39473
9790
63550
43388
66952
64229
84502
3016
6647
17729
9638
24431
78427
38222
86764
13734
31778
15739
74784
40911
81805
74109
72489
5958
29692
67365
93624
10050
54931
88105
1059
92223
95114
15172
41286
92187
1574
4001
58256
35181
94009
20070
12946
15334
64446
12355
53289
42143
36354
79591
69639
48787
6672
78771
27126
73529
83623
43527
7257
86269
9692
56
82121
70900
85030
29586
88809
96718
26654
84611
65135
5426
73173
61379
62347
53253
4100
55789
47727
41748
53853
87697
21144
77306
19813
56466
36701
67492
54165
54981
17346
60627
58057
19672
27170
44760
77922
11457
2850
84655
75998
85079
44520
59766
88973
74760
66011
22806
49762
67049
72773
69256
89982
68729
27793
60118
31653
80666
714
47423
28966
44820
61710
80112
6375
33306
14179
2810
65787
4809
91192
46107
23167
88550
71778
39820
5658
75742
93594
95294
97862
93268
5871
97023
68986
46072
94928
70274
9558
63077
17856
83094
83823
12643
54566
83817
94349
77664
96780
44115
617
94408
81178
16989
86511
21743
72623
95397
76350
67770
53181
3320
6399
83903
1920
81569
26146
83626
33891
64356
2314
83540
71369
31863
1759
54213
14388
14083
78964
46503
88390
73796
91772
53459
61069
18140
37801
92122
54265
82482
5971
34631
68098
86486
79820
52579
37662
80276
9420
60638
18986
19854
36849
65390
14537
15483
6707
59255
27102
25283
46836
49130
46667
16799
68982
28811
22512
85726
99351
2400
3302
59910
26926
56683
4464
86670
73580
82641
46482
75294
55752
36898
80265
7986
92147
8388
10948
69067
59625
7747
37517
1640
95990
16470
65140
68238
41406
17113
67468
15622
80861
8318
81046
53981
77681
70459
96539
39966
31845
92037
51872
98193
83332
64
39739
35804
31559
61381
46306
50601
8958
79988
70970
18739
2276
43372
27591
36102
23552
11093
50347
2193
64840
28494
67032
52762
41742
21449
22778
51126
36957
32306
53467
5573
34007
29022
57593
2234
63499
62143
87929
29840
89758
36148
42445
90462
33213
51561
15799
57695
83500
69060
88431
73829
29541
69098
34486
73824
85092
48988
81526
89151
61911
56579
9488
68698
67793
75605
34069
28407
77522
48544
15
9742
28910
71136
27106
59071
78147
62045
34331
88592
19531
3799
38669
23547
64647
90031
31278
61456
5235
10157
46888
92841
96327
35124
74428
58968
90082
2464
78288
96402
66227
85031
70894
26900
35464
70387
50505
25204
15775
14169
50330
40367
77178
7308
6480
72548
91770
8295
46799
44598
82527
77840
4104
87462
3041
38610
77529
20840
25987
88484
41913
51668
51768
96295
76798
69186
82660
6452
18511
51850
37914
89290
21157
40523
9245
46867
26412
41333
20613
74227
60345
1567
92149
19637
56412
62066
96947
60964
41346
13807
88385
98987
44551
14334
27134
25823
95340
40613
22863
38193
24811
3685
23135
18599
42579
53496
6036
40948
69931
94710
23912
7409
98043
61524
8049
23824
2754
8338
96672
98686
62120
37823
24579
20051
83727
36994
88161
20942
11213
21202
24042
38859
77548
45513
42906
88814
72485
15029
5849
35094
58181
8047
96461
87952
80271
41979
10419
62155
84799
61706
8743
74190
82220
75944
21108
78374
24180
40002
8172
87340
72839
42893
34555
79442
6007
87860
81254
77639
18668
20325
75002
61880
95072
30762
9539
75599
53817
80845
5035
4571
97448
93002
78842
15191
39847
61337
41638
86376
60310
78160
8860
50895
97139
27410
20773
7670
85961
85959
26011
8072
9622
53732
37442
98905
92680
32853
5256
4394
90282
33490
91461
53620
65567
33964
23755
94455
95225
31458
95605
72803
88945
63876
68407
6415
77908
11245
58390
41313
7184
99598
68326
93246
83287
68074
98122
60452
78232
85944
35620
96780
95529
96757
1064
17030
49770
54798
43298
90068
83190
75981
39726
92098
63968
48021
80468
75934
81384
38785
492
66750
62323
37497
95797
49868
35592
1620
10656
94202
88638
75384
94102
24899
7713
62513
29867
42082
27749
59261
6909
19168
54636
63553
37178
38659
7466
39906
22781
56244
89712
37715
26650
85892
41989
42019
3362
52201
3015
27668
3786
35101
54309
74072
49283
65133
29414
91904
41318
54358
17796
91072
71484
85628
88419
49756
58747
9918
11685
22590
28184
36273
6567
77156
61350
73222
68923
63704
20934
48483
92644
56316
60995
46009
24340
71994
64309
9034
29303
98884
26803
32965
15817
35342
64379
8409
68069
31092
2880
68737
79705
50089
82466
97013
88914
45710
76946
5066
87103
63247
30111
60684
43421
39988
99267
62584
36629
35479
60748
7186
46583
41401
6249
9477
60404
90087
37887
73710
29548
34929
54751
99916
78416
34721
50490
81979
2463
54175
11610
75881
21352
73312
84718
48618
54202
70316
73582
50787
49030
61923
10340
65948
9438
65157
23028
32152
39481
41400
89319
82286
783
533
15185
31502
93754
61123
7112
74828
42535
30173
85194
32545
66172
43101
6982
75152
38707
35806
81983
51999
71736
55747
16339
51433
75517
36656
38993
17311
13342
81818
73487
36686
35286
86378
57010
91705
37520
74215
4566
61135
31163
9837
89479
39184
52111
22669
28798
32636
22416
33904
8497
42449
25026
64882
15407
57769
1572
34362
48017
84381
43093
99921
90476
10598
9194
45418
84681
87065
43020
64197
81748
22925
30425
96214
57589
80570
32742
1014
21949
70426
74193
96181
56421
93703
67693
66374
34833
92158
43619
88040
8747
55556
32111
55128
40245
99516
86325
51283
28100
10002
78561
40559
60495
96311
13911
33630
46468
57776
25774
49371
98635
43691
30418
67166
67657
86859
89659
82988
42026
58182
80060
88259
20220
92204
75068
21764
36624
39462
45394
17367
47597
433
99476
88800
37296
62786
19724
29704
49277
47
38138
51732
88617
88018
90045
4431
86547
23210
18013
6982
40561
70662
79005
77004
95779
91560
33401
19390
89736
92574
86788
40458
84222
54887
53918
22183
88968
48431
79244
42647
66118
57589
21212
83686
12943
4080
62452
66644
39353
25554
43315
93649
65436
53332
23107
4071
10692
58851
75564
57369
77862
79716
88875
11756
65706
94421
96087
57798
57452
91430
26931
88540
15196
11075
31824
89398
54271
33962
74225
87163
98106
90440
5072
59840
31040
65472
41834
60078
95299
41705
62233
78550
14069
13063
43832
66563
88522
90322
94100
50742
33049
76556
4359
43502
6163
72395
90
7269
71000
59705
92335
67483
27061
76624
88
17808
65573
78200
95743
4047
40221
93399
55105
89325
64521
57622
5758
80612
59477
75861
75714
117
30073
73989
27726
20008
96326
49120
68040
32508
41762
22266
32855
41696
20962
16504
67409
31014
96101
60008
2590
99125
70244
16661
94799
10532
93375
38856
78192
19462
216
46476
87856
66667
7667
62297
95204
84874
42540
13234
65102
63490
70389
9618
50193
44731
47180
44583
88870
27547
80445
869
97720
96973
76626
43943
44866
23732
31982
85491
3213
34138
11514
43586
31347
24969
16003
75532
62017
69179
61109
54219
60596
24024
96713
47156
98328
33539
65777
82832
98050
35932
39596
9702
60472
96208
47477
59407
9499
17620
46192
49207
33581
38149
14408
29977
82403
22317
5655
83465
72221
1837
40992
40128
9558
61884
78550
10153
44485
24018
33142
69660
39754
29735
18704
61318
93949
90406
93234
382
27419
757
89129
616
40655
9937
60045
32896
37830
42414
82438
88240
6688
15890
76622
98637
52416
78894
91973
59298
88325
34317
20235
62635
25448
62211
19441
34468
8501
91425
21951
41284
73973
70420
59002
45912
84500
93042
24559
36997
74632
69567
74880
49724
3660
16450
88325
59179
97328
89051
91334
4450
13650
21178
94667
35674
12061
18536
61986
82347
87577
23362
89453
1465
23097
13936
34757
26208
64811
26910
1347
10838
28416
79726
11344
29143
72727
44628
37806
82591
98485
30109
83622
72398
95621
60462
86169
52816
51040
28959
46507
35631
11343
21122
93280
91209
99322
90138
37205
55309
75895
47888
43585
44678
55326
51466
14379
36945
5037
33025
45161
885
30941
40953
3322
54689
97671
61809
89548
22257
44706
44762
97536
49390
85781
20479
18575
34365
63560
43754
75811
86423
13065
48334
11872
40236
51682
32938
20240
38472
72655
747
87776
30538
18875
14382
41163
76929
38616
5312
51346
65198
9861
84540
24733
41067
59157
59341
43089
1298
84793
88482
8155
53096
89777
79021
48235
91230
29450
68968
71136
57280
11803
63821
50339
98313
61215
74915
98610
32544
42392
77380
58614
80797
91784
53390
8363
65514
41900
43396
68693
2153
93983
73416
25946
4933
19586
6978
90269
33128
51297
73801
19824
47403
14894
55349
76329
96480
89560
98513
98041
62398
10414
86876
14623
60536
7668
60653
95677
91399
23806
39347
93857
16867
5676
31152
53018
87754
2748
43227
2997
42543
74244
51431
95358
4210
38771
64854
14557
81286
85888
27938
45462
33467
47891
86887
43069
72119
67193
36109
63997
17217
47249
73112
15221
37025
75709
78797
1289
95703
51970
51547
89377
85530
61311
99505
60165
53974
52366
31175
82599
23018
30201
70769
46566
69729
85871
2339
53454
78682
59012
32295
18267
98444
41780
17017
65562
86605
49917
27286
67799
15890
87038
51404
94741
33275
27698
46542
52598
32982
74044
24209
70184
16236
54833
71416
555
52280
63221
71258
50826
60238
96795
52159
48397
73179
64486
48379
88563
4625
85333
59267
65707
31958
22057
30438
15461
94018
51422
64969
11332
2440
30526
124
96948
71262
88387
68888
76895
28707
89248
60554
57113
83942
73041
74128
2933
89205
88468
4775
11535
1868
2157
26523
720
83164
56434
42935
50355
23612
23094
15698
26450
62702
61047
53028
35582
18531
66293
12384
36627
28402
27653
13
65064
92140
83632
73820
88853
87999
55277
3091
73634
95144
50627
48109
22854
1118
53571
4893
80375
68710
96941
63127
41914
50030
8191
81527
67913
28200
68149
80890
4050
44825
80363
18142
12441
96072
74295
90464
22851
95735
2242
83096
66402
42366
23276
96924
36644
77912
58328
95533
90903
74262
24874
60096
11814
75920
1200
32412
75805
98787
15895
8238
85772
71949
4341
83262
88927
52281
78762
4839
3350
82617
97652
36944
69849
25721
73017
51996
79925
58149
20439
74311
99687
26364
57497
51269
84741
97751
51320
49448
1092
2242
6146
53107
20189
83032
46108
58450
81210
4894
12729
98997
30493
32504
38726
64068
74020
16768
12990
43409
42542
40961
12703
48762
36810
23353
87817
7493
57325
3761
85017
26037
27441
37923
57031
51944
94586
98502
915
64952
16577
34029
76200
14225
5421
42136
48156
37737
29415
96378
4599
72013
56610
197
100000
54629
83450
4235
79965
59816
60821
95926
64091
25098
90395
4611
65609
82431
1314
92307
1366
26772
56804
19694
60805
52037
63838
50541
48661
71364
74646
5966
60267
52785
44514
3256
34138
79475
21446
13645
93657
14012
6824
28162
43896
84943
85146
58264
53027
84813
72358
92623
23736
32872
17361
32282
97366
9245
49569
99055
26881
64733
36546
9892
71007
49031
84369
47546
469
12813
53307
92173
59004
23632
36899
41031
75887
3072
88908
86569
56719
81647
9163
72911
53065
62274
69136
21013
34231
66913
26972
60800
81589
32157
287
86122
50262
91231
2958
90383
30653
52898
6062
94254
44771
4513
64758
32859
53560
54100
11353
15852
30088
32789
64626
5669
50225
69106
77658
76142
56106
68805
5367
30630
33572
29585
94370
74886
47501
73194
7688
14976
59808
18382
62554
56710
88730
86928
72673
23756
79208
49051
65632
58681
98540
7862
38413
98617
45801
90898
2124
8714
33500
43971
60233
60470
20825
49770
57299
49533
82366
83180
54953
20625
59515
39153
9058
48254
83790
27273
33015
91509
16569
18737
65802
58082
31177
55332
92603
37724
77308
36254
48274
18774
69422
5170
94174
32397
18153
36510
3900
46168
67727
95778
90661
70967
84696
63034
90341
74698
33032
31627
87267
92449
36992
52892
65996
55115
17528
14695
21228
2558
83460
60367
67010
98805
27040
13879
75408
69781
94387
86411
62217
94715
75910
35569
78653
43598
93876
2585
57918
39064
69374
25647
44697
3569
3214
74124
30292
72551
49986
41963
53457
92312
53517
91785
71240
66788
737
94937
68173
95765
99406
50711
26066
13138
96178
34138
91425
70569
6541
19255
50159
57451
60171
33263
72529
37043
6550
45161
98470
16906
14489
27900
26550
40614
72922
70494
25450
4626
7701
54559
13054
43001
33940
16292
93343
18140
4461
1270
90978
33588
60713
86623
22931
33914
68622
48548
60148
51872
85124
19212
89146
34758
82547
10818
38266
32208
85057
3109
59951
43772
16438
64718
44032
51581
30260
44136
9140
76718
27556
10394
5149
90502
21727
91931
23700
97023
32789
44507
75093
80010
94882
10835
7721
90726
83169
25636
86797
67787
15025
99645
90964
37245
66696
5002
25
50226
20413
5273
3378
80172
5232
31873
55131
90861
54426
33755
71905
4446
47210
84534
35030
24578
25283
75700
81572
10180
38955
6586
58665
95085
8698
93696
52524
47822
29885
66296
36873
14563
19051
2066
67354
24173
89690
71717
68318
92460
63690
78460
49763
8125
23914
50339
35250
92140
55340
38742
12746
79688
93548
88261
50908
70294
59178
64285
69823
98230
30753
23670
31937
50757
33411
52453
75462
69315
65475
26949
88702
35109
22769
19276
61301
94284
90131
57423
82476
98042
71057
99710
52719
67852
47664
80902
13289
78911
63176
47647
94435
77465
20428
58168
32502
50746
98898
93382
44143
99548
51574
75523
3363
74381
35707
34115
70280
11983
70323
79033
46790
89926
67318
10321
640
99924
73265
19045
10183
46978
19838
82444
68273
25787
21431
75545
24089
17341
15375
93826
45482
45035
83526
89961
70986
67038
73619
58785
5884
10298
41494
1754
99459
6433
89869
74741
66320
97528
75638
21298
58758
65357
92907
10237
7757
63792
21069
62891
89355
88361
48173
87124
688
69829
42242
48285
90492
82929
81608
95471
41799
46983
97508
618
90340
84753
14333
92941
64521
75608
70903
50174
70608
19539
11366
29867
62272
11160
91282
79416
4551
14193
82760
21952
95769
66027
45913
68473
58655
22104
73673
6092
7436
87847
21500
334
86473
92841
89910
31380
6298
87715
58475
68412
19101
19789
98408
3159
56512
52990
28844
61651
13039
59087
68698
66824
4999
41097
14465
14575
37964
15155
8591
17833
7073
7941
84621
508
10058
60614
26105
22930
36625
76208
2929
52195
31940
53751
41558
28338
51586
66474
94847
93913
83028
73734
32417
21565
29738
10925
61027
7236
13927
6528
37426
30868
73051
51651
87671
23705
35359
97493
23673
35311
19949
53713
28800
3295
43005
91906
54222
4336
3672
67891
79011
68399
23174
33222
71069
33423
79681
94373
51426
64893
14789
32230
92519
10487
24385
61437
45841
92993
30598
56438
60296
60608
53688
28830
59173
25769
28835
63778
54913
94573
98109
1508
55127
27720
81075
7715
77549
17425
65015
51128
36423
48233
34698
54069
3220
89535
88714
78976
8803
91784
35151
4656
83601
7855
13294
82550
47416
11166
45689
58608
33980
56150
20014
20636
92755
18789
37176
68947
85621
96258
10447
94374
94327
19592
87665
41159
31841
74384
19364
77072
85827
34143
11303
44195
20570
93358
77225
29389
14818
70205
76795
52769
69452
60431
76338
67231
93452
21832
11828
27034
51095
93678
94192
27315
82739
67014
78985
59500
13792
30601
71925
51535
34274
9948
16981
82921
28612
44142
32553
4631
32116
31995
77514
23913
60416
34272
55287
99751
8100
2985
98199
46305
83846
71500
62895
33909
75707
61216
14474
89308
308
83201
51412
26052
42921
75585
9537
28792
24030
83297
40738
74375
19001
21365
71597
9278
50987
29340
160
45915
31260
53125
49084
55953
84823
14371
20847
14617
60195
87748
23786
25157
33537
15906
91994
56723
10852
43188
40167
21457
15294
15567
1432
56720
24815
12627
46690
90565
3218
48622
56796
79667
15815
64220
89090
83726
95974
5680
79766
99650
97875
26777
31625
64743
57600
20182
15347
27725
31073
62004
95518
71640
56247
89100
58862
86580
26301
87692
23972
26748
64559
8219
85812
67983
5668
50706
69193
26570
47873
16870
84273
74530
45988
68812
84961
79215
47486
67746
59587
29274
84787
7329
13819
26805
63992
77179
39448
43043
49330
19863
11295
70717
42659
20441
26091
44398
26188
65107
17275
37593
74854
32710
8743
38155
18187
14708
99521
98337
88586
24034
74286
57257
24495
20952
5533
84456
87577
79397
27463
71154
30007
65468
43576
33530
58047
4731
98686
99765
26626
15200
86054
77565
75595
34382
41115
2021
43860
43246
86987
77467
86298
70066
76773
32531
56253
93123
44424
99005
5172
78026
86251
43307
92270
58874
10287
89598
4528
62562
5593
1271
86243
61478
61175
94508
60015
78664
61074
79371
84619
20125
95912
22205
33577
84883
52999
50361
54921
82091
30173
91001
34683
1417
99126
57985
9532
44531
54487
34203
28998
15058
40904
98559
60938
64100
72218
94095
50182
16946
2434
50395
97526
8442
14019
44743
56294
42796
15953
21860
38224
67905
44389
8398
25573
20325
22890
60132
68639
93488
48935
18409
77028
84590
144
96117
1807
75006
75028
93182
71619
59912
40325
7420
28081
74450
75793
75315
82400
55749
17866
96389
18625
858
13094
96266
15942
14883
83103
78056
40893
51625
66484
44995
12864
82323
86880
75681
94885
66305
26448
88802
79249
23178
89065
42608
13943
81468
27776
10064
41451
17558
36590
36768
37772
968
75504
81514
10753
83767
98295
98448
78398
57881
69819
97764
65506
93585
86931
88940
47455
55170
34523
46706
39249
562
85912
2581
99220
92015
48485
42220
29835
63286
15911
40375
30317
9379
95056
22667
5764
15893
37926
31822
41105
57442
42672
42113
46713
76574
34737
46630
13611
51823
75688
95370
56180
9988
85359
55075
85692
31564
83015
48624
75527
68635
77404
95465
78258
94973
26760
44847
75999
39575
70299
30086
19403
21247
60666
60525
74611
19349
12633
42993
25200
79141
43660
98758
91256
99273
94085
97897
25369
65371
1469
57574
30992
60577
47873
68864
55679
86148
804
88842
3245
34244
18608
79612
44956
52581
49101
33710
26207
7951
75910
5560
33386
16873
12234
85554
90767
42314
59877
27090
13376
11280
35033
31545
78712
62240
5037
75088
96961
99060
65470
86088
13198
55663
61394
33021
83715
71411
45934
71345
32174
36405
65223
60565
36637
59050
62998
99738
54975
39810
9063
28803
82446
61677
31062
76587
72928
91157
72755
64985
7785
33611
99400
27977
11769
14378
42764
55510
45842
17597
19969
54286
71660
24736
39243
61668
84214
76463
9764
37049
27368
75553
35685
41722
98832
39499
67221
80420
98954
76535
15039
69016
79843
1443
48467
79744
88757
322
84657
5670
24181
56727
3253
45475
81131
39723
8677
48537
69783
92650
58802
37440
66678
61877
2213
33440
85290
88972
42721
51098
60303
28422
93275
43854
6042
55533
22108
67704
11383
3859
40239
15722
68896
42476
26733
19569
62362
43664
45692
50646
29146
24598
53359
85076
81229
82824
59255
49130
5018
2581
23684
89220
34842
5108
16216
72395
70572
33894
24784
86565
61735
19142
55132
35518
17514
83684
33361
57988
30480
77633
28383
48395
95238
10673
90543
71156
60212
4692
97515
91163
27221
18324
38432
90518
36299
61844
4277
70789
11764
56581
15756
6126
83820
27723
43597
56580
78731
61250
81274
38977
24716
34059
4394
75075
24906
49300
4147
34330
26086
85676
33470
97702
24115
60269
11632
38981
63576
93129
94924
3732
3345
42355
71634
77689
21313
36884
62754
17030
83315
97556
32299
24714
97770
55215
22411
5069
16740
87545
61764
91214
79594
9739
44022
26720
30817
46821
45095
23952
5823
47503
97068
55600
44612
63058
77750
9434
69933
80075
89629
73261
68738
95146
1385
48627
43691
80466
13280
86750
59705
36592
60440
92111
87361
69676
31310
47387
19648
21015
85443
29507
93193
42111
7392
51070
72381
54752
31949
38898
98434
84376
35907
16842
3179
20063
7519
40232
67140
94906
32245
41759
86363
80213
81004
1245
62234
92671
39416
5175
76920
9813
11288
17987
70506
35680
85257
83789
11050
19154
29157
51696
49412
34107
73543
56947
24925
61699
73506
38747
74841
23966
48245
80036
20466
5460
54280
24661
60513
36092
53527
19052
93015
36303
29393
92878
49075
48685
28546
7553
58998
42865
59851
72357
7733
78803
42504
57911
556
86131
43477
68330
16568
80704
98517
25290
20475
41694
26898
85718
79178
83623
57720
40681
87571
54583
71304
79804
20600
45524
50028
61003
97485
10289
14909
43648
10619
38022
48890
79552
97627
29099
67124
7413
77424
65181
32720
37622
87992
42285
55154
70038
33092
55084
93062
82706
85012
98994
14508
94262
33408
2791
10650
82093
43962
16077
12564
61700
10485
85810
58018
41185
71464
18687
24695
61043
36061
10421
92444
50776
66426
97611
59007
36413
52463
30403
87478
37139
4820
4336
24701
92447
1265
80427
64147
14314
4098
27388
90470
35006
29922
11013
29497
5668
50252
98204
49550
89862
12312
5317
74589
90288
4836
99624
71320
56257
536
17283
8468
9733
67141
3814
21967
65418
82800
65105
63114
28983
74094
25828
41345
2692
26659
87896
87856
86018
85899
68579
88755
62259
14887
53963
64243
58148
7796
68882
78497
44849
51613
28618
23902
73935
98893
99830
35975
7682
85589
97557
33872
26128
96851
71892
83770
77568
82719
96905
23060
39750
23527
77240
91772
44211
16323
89408
29987
84378
6261
49230
81553
20153
8701
28322
47028
542
81667
90793
66767
19144
67546
12819
18983
33593
68714
28606
5751
96031
1134
2975
19719
49317
89030
37970
20022
27990
15683
51482
28333
46311
69382
12445
95694
41107
17388
20083
36377
97659
15580
54625
70175
56540
54599
28576
51380
27571
29968
30820
49213
70536
26803
74113
28456
75048
79127
12103
55012
3920
9975
93679
55426
12592
69777
43480
74511
32861
35367
41262
92078
7303
34220
4443
67490
37621
35084
50221
3099
23724
64525
39142
66336
48265
48499
4318
39883
50236
17738
99598
60086
18021
43888
99307
82041
15668
34529
33286
12169
55321
52673
22292
17759
376
69673
11681
19253
92813
69369
86899
79733
35525
80291
12888
26332
25310
60789
99849
8621
98853
73552
90038
39821
64073
3309
43411
2328
23234
13661
53528
53804
14428
36005
46455
55179
22027
61922
35280
82910
60140
70940
4197
11643
90998
65739
97622
21971
4788
63334
66829
36479
89311
47525
69257
97126
5199
80337
79149
58376
76004
17650
17288
75406
55148
51252
62349
33517
44081
66781
47173
76739
42634
31444
69167
25813
99545
95496
82051
14936
93915
50866
73450
85476
83676
56187
55043
39426
1144
82152
66229
45970
61216
40293
25616
40854
78851
82417
93973
81442
77104
39986
61631
43385
17450
69085
72052
72389
51670
32033
87149
70224
99501
22962
51897
54590
4870
32740
37335
89326
58802
78536
58627
90146
51487
80513
4270
53955
29278
8894
78188
90138
65784
58005
52790
90275
47893
23009
93433
65302
25136
41575
42335
81363
17419
74395
35163
14415
38758
44838
67828
35795
30889
51775
24730
17347
87049
95408
87185
13177
69173
35874
54716
62428
19685
28734
56495
27392
31891
58571
87652
60312
92812
90216
18672
47443
11158
27284
29815
343
27542
41573
45240
70899
88345
81170
62725
31021
681
63919
80714
32919
52497
93680
349
92499
35121
8757
34235
68923
23811
49787
29790
28864
64964
5002
8956
59019
55165
85745
95596
64016
80724
27089
70146
62449
13944
58181
6761
44037
21912
55066
68520
87460
82265
15727
25065
61628
93908
25198
25616
63403
92951
25259
80058
67229
18006
78149
80907
20627
33855
36949
16721
68922
6481
89293
64737
79847
30032
88514
89008
22365
12497
8280
48050
81572
12045
60603
79778
8228
37830
62870
35305
31173
58203
227
13396
57200
562
51675
1761
29364
77477
30344
81111
47623
80025
86527
17174
73475
1323
13122
12470
86453
7935
90318
53921
72252
42112
5330
51530
31228
98943
61154
54084
91547
48312
18142
30238
37230
83103
46295
43007
17507
16098
58748
44482
23244
98054
88916
11108
78743
93947
85137
38346
66608
58398
97628
54674
22603
10613
54078
56223
46450
35676
46970
24444
25898
83608
91949
14024
78179
56024
36330
91806
50557
51992
63350
33658
87046
98323
71930
63992
49711
6555
74816
2571
88803
28475
19607
14278
43409
83476
10717
68991
36951
29317
13337
89928
35353
67892
73835
43265
8037
16427
91153
9551
89354
38532
82584
98473
66643
74430
11573
85375
63101
93953
89911
16552
49522
75155
9908
15169
93755
32162
68653
58391
36698
32786
70924
78677
37218
53592
5682
4269
92131
44755
72419
36312
26802
29829
39844
43500
22659
7759
62066
85921
97429
30442
14004
85371
60237
33700
48713
63438
47711
75880
71418
59436
94810
3155
86117
40949
14007
61875
96895
53336
27064
52900
43471
41913
89651
57034
86625
60949
98855
59628
60973
99881
9775
97272
29591
516
29572
7782
75393
19393
1854
14683
9887
35586
52255
13292
65499
47253
74819
38864
30319
76226
89327
65798
55862
64906
51002
16164
12912
21130
56367
81869
47595
5772
10340
59283
35415
76993
52037
37524
92898
46831
82144
20507
92396
59803
79510
48868
21303
17028
97946
1165
7187
45721
74801
48120
96561
52602
68190
36854
97171
42844
90445
16364
68669
65840
84123
68050
44104
85121
33082
94600
70689
5207
37352
81158
81499
73627
14859
17114
24509
66813
98463
70016
91909
51758
87891
46091
10814
25059
60858
14643
84048
70627
15717
89678
37604
18694
55589
90800
20436
58076
72515
89368
27892
32341
19862
41427
53966
31829
23425
53463
25732
95935
61886
94973
47501
60303
88288
37443
92134
70964
72635
30712
92490
7542
77358
94896
53243
40830
38760
93601
8545
72533
48440
37856
22837
91019
44464
44688
21850
80977
10434
90200
82834
48278
16165
47747
44859
26111
39777
3801
72059
20558
16247
4090
63357
94133
43133
36340
74896
76338
84667
71449
46160
99708
54277
32814
20961
47097
64395
12839
86502
19730
44824
83550
55224
9518
27882
78398
34344
79029
69746
38873
14863
82184
86901
24932
57825
83278
43347
70147
76853
22431
25881
91019
40193
25686
97756
46211
94925
29559
87816
56182
18078
21657
39195
13855
97981
89222
79934
48623
43821
40622
32643
54662
28666
29187
43554
16898
13950
81880
82242
93414
82655
72480
39323
94778
61768
99886
75538
93174
22842
18948
68373
44264
64191
48896
22173
48126
42492
29779
68746
49057
32545
45874
32244
26173
15615
83580
50874
17460
92027
33285
4788
68178
57516
51116
26984
64349
89726
93171
46093
36019
63821
43568
72576
96655
63999
71584
44844
65210
15766
94284
5917
95297
12185
4255
78246
76700
74816
34122
52659
98698
345
27740
52412
62594
10834
42112
85401
69706
85781
36619
16268
28279
54687
72927
20938
58446
16671
14158
98284
6501
76136
30963
16922
25304
73272
57429
45169
24139
70415
85958
71543
19884
49360
81162
21164
38446
46425
12567
13592
40302
85850
46069
38361
76035
54244
12468
38434
51731
74140
266
99594
98064
10030
46769
46
23654
63410
22510
31941
58740
2242
95234
2880
80733
25037
5082
85314
83537
44455
43059
91110
70160
60741
73219
22195
93816
93954
45727
45251
79008
3344
26419
38017
1391
30176
6203
32086
78660
6007
95624
34853
68777
94168
2664
56577
37385
75705
40341
67313
53724
74282
97909
53841
14716
43419
96831
74029
65301
68468
33006
43966
22705
5480
36976
8983
37952
99958
86737
39890
39622
53080
93681
16265
99134
60711
11234
97364
1962
66997
45007
57146
31620
33063
72138
36732
74103
88150
25346
33441
47519
43018
24568
89460
77489
48094
32838
7692
4516
91240
99848
2826
24347
36804
16324
9886
69643
88654
50309
42877
22930
96410
10965
8285
57649
61030
17563
12876
87656
83620
14863
37043
92811
63021
71192
71536
56470
94524
36955
11770
7265
99153
29630
22324
41210
88603
32571
88001
53809
68420
24354
54968
24600
10713
98199
62717
59142
92707
20126
86038
5356
40408
68520
62375
51750
9577
79481
75078
28628
33391
36559
56233
95148
45796
31627
86232
9679
73400
97555
61379
85135
12910
17079
7641
19080
5785
14368
68724
25097
42646
38071
79451
95220
1366
57638
69206
55073
63565
4034
53801
13925
83097
90934
94870
83420
32843
49532
59395
9804
11478
62039
28938
78491
73857
60948
55164
31966
18472
44457
41205
53667
22681
48346
39709
38749
14086
2074
17720
81555
84224
77825
49214
79815
80701
82185
31332
75081
81998
58488
72443
40984
62258
63427
78375
53112
46560
1273
71983
99095
47004
39403
6461
98794
48752
62109
45600
25851
32942
5028
67768
15242
44825
86047
56509
98700
26269
71667
44076
79556
86376
4751
3525
38665
93072
15189
60137
34922
73917
53712
54975
76240
36119
38144
77346
58669
64465
64847
76868
17756
46360
20947
4309
15511
85696
67961
26208
49712
10427
49544
35765
29587
32656
99689
75448
57434
5287
37698
7704
10333
32946
64087
97133
26280
22436
11788
71675
81439
55269
79171
89344
63800
97985
3394
18730
33787
94268
24442
8401
27092
60691
17564
69193
57286
71852
44466
39593
63773
52613
52636
98994
12248
13894
64513
22258
98367
81638
54013
90572
47265
59815
26946
1783
16233
13556
61875
32251
40643
21302
41361
87849
55777
50622
16184
55126
58682
28731
86838
386
27597
35254
89407
13086
71247
45691
51395
51709
93908
44727
62955
60455
15166
79600
12811
80369
45488
95869
47553
36998
9833
65428
25299
14535
48863
47541
67349
95768
39518
52806
94469
85726
50913
49674
5416
64674
76923
71394
36489
66480
86492
90408
87686
47918
96367
55656
46669
25697
6437
94154
8856
55497
22154
2895
60034
70144
55033
53545
7318
74120
49628
98631
25163
91584
22365
55427
58610
86485
87901
30841
73933
26987
85433
85734
9503
21702
33979
7895
67919
13774
34934
45340
67043
50144
40856
56864
61172
80146
31665
82608
54105
23841
87255
63422
5857
71357
59965
92564
39722
37753
73638
46611
57458
81704
32058
65104
81144
58086
67526
61862
82522
45159
15452
89959
2787
43323
67519
19137
67523
36055
34569
28576
79252
60141
46332
2408
36887
73133
27393
68549
9648
71422
54877
15319
37290
26480
91130
11728
73424
13254
93405
69272
8691
98116
72205
70184
15605
97284
30545
63910
7640
37478
37013
4987
2549
19515
67175
97310
77541
2935
75031
87248
33448
24162
96471
78270
80075
59890
90850
33567
9226
63394
86647
49952
54688
85039
71257
19070
99719
12802
85733
33118
66199
14485
19242
1683
25262
41762
77442
58024
57337
94384
368
42475
35041
55269
55041
71233
38473
50878
20713
14822
66594
92264
42402
22476
57929
31095
86817
8235
74917
65288
9042
10468
77946
91311
65169
93858
25288
17540
44933
48937
13076
5574
94337
26041
8744
77015
3904
97414
68374
28442
41645
28282
15320
17838
49657
44059
97369
88365
80131
46495
38823
24248
76647
11051
64340
62651
93572
57703
8866
20813
82838
21392
26066
39382
90831
45254
15369
95487
43717
33057
89362
15929
66400
55525
97087
48111
99648
7516
93055
56456
85231
47187
22632
79115
76846
88651
35538
60278
72583
2924
22796
38273
74939
66351
41607
23871
88053
98870
6417
31316
71233
38510
91972
78472
10127
53274
68742
63973
54822
48109
74336
10222
450
66768
82926
11575
2171
91504
22653
19874
40973
98210
87220
21049
57723
4026
96415
99583
37490
35147
34208
58361
82332
18777
10907
5940
25275
10388
45953
30894
37628
88115
54678
40497
85130
40911
77137
71079
35022
70124
41039
63335
26639
13199
99772
60832
5986
36123
40669
55076
64856
12164
41172
55188
6796
94690
66273
58947
67771
32596
95971
95787
51607
21759
83622
81568
9685
11059
91597
92870
67265
80728
66538
60189
24957
38978
90875
70067
76449
56515
4366
14903
61813
949
69389
57749
16228
18355
26432
12088
63309
17695
9778
35523
70195
35767
59287
6571
19433
7652
86187
93380
95878
63405
56975
74602
16372
50901
49006
52773
54916
13547
79113
21151
98557
59198
76806
19325
86999
72420
9401
29870
31025
35492
72788
32132
59317
58860
35376
24964
28126
71298
54948
57319
50638
4040
35498
25552
4159
60767
41892
70397
7566
27463
59812
43878
8198
42950
35408
14885
4400
32149
28476
36986
7172
76935
71292
89001
67058
61146
39711
74630
54460
61522
88948
62044
65654
17334
3240
39523
40034
65045
69534
88393
66926
1647
24679
49077
46410
53787
67628
96580
98444
66463
81923
30906
12361
76156
14489
38017
58689
97532
37067
55588
55696
38206
39802
99818
35172
85648
11551
94560
8538
24343
77186
11965
27887
88655
77426
90168
69162
3203
27236
13952
45818
63683
59230
45310
88983
56686
19385
2335
20771
35218
72219
47513
60108
27162
84593
72236
33198
49533
73778
74435
87311
40517
51844
30325
7991
30312
68200
36136
79413
34483
84995
98807
37893
66271
76544
48154
12934
52236
30654
23469
24106
65753
72032
69579
41058
62869
57837
50208
63933
28790
22358
37734
94941
3716
96944
3512
88732
80152
76239
32346
81968
44079
65083
77358
84404
97609
92317
17670
72438
19508
75282
2319
79381
84627
62186
17754
73473
70520
2509
24086
30314
36518
32505
28104
47389
88049
33979
13232
35509
80024
32401
96892
64416
48300
19526
53527
92682
65346
13336
61992
23962
30325
62301
43575
24022
21246
70375
25420
59870
32883
23861
25840
53479
1676
91523
75603
16828
94058
55444
91285
9344
54743
92117
54696
83611
29284
33806
44379
32210
94395
13454
56670
97775
58415
43739
35515
12072
35845
28394
63431
98839
75408
10588
96748
86346
60821
92155
99564
63686
83001
79170
42999
10429
38261
18287
15096
23365
63146
85648
601
41436
27315
66224
1944
8612
81242
84569
74208
90618
31299
2835
53220
53855
88691
87262
87118
72243
47879
47204
96592
2
86491
85090
48999
3400
14545
34317
68286
49268
63307
79869
50556
27586
73926
74424
60330
40725
64011
42438
71854
11704
85548
11827
63487
79081
47687
25547
83855
58258
40418
55634
31407
81400
65292
21641
5298
95178
8060
54743
49245
50950
97850
5916
30413
1058
91387
41177
94957
8061
14787
57914
89013
68245
38857
16788
5000
31710
97103
22979
23286
46506
74374
62347
55493
3377
1577
19399
41485
42489
13713
42169
15022
50259
56363
36266
98826
25360
49057
56644
41726
40331
66151
14574
75730
88764
5213
17434
12734
42234
28502
12420
10876
71271
12700
53248
65843
49786
69926
51371
38915
60372
14680
6218
98658
37602
87054
6863
93925
85982
2882
11592
82829
35068
44875
28565
45907
80866
91158
51636
7299
48888
64994
6915
33465
76645
60403
60306
24187
40205
95751
69726
20456
57643
59786
77923
80989
8343
37931
5354
97613
90164
97092
28656
22686
87535
78306
72886
52291
9684
91927
890
78710
82172
81261
94991
83206
10209
59463
69247
3987
59137
64428
22812
75258
33586
73467
96798
61886
70656
55845
5768
88499
28813
86661
47439
16297
8724
26686
91998
39334
82890
84862
41008
60252
7854
65923
5782
25460
1712
50223
74069
90432
17173
33736
9016
4821
41910
12835
52485
34748
91104
61475
34350
45167
60354
35340
70042
36688
82875
23775
78099
3570
48810
78593
79777
27971
14987
38951
9210
28483
86804
21036
44091
45626
33094
84360
22039
23909
2584
71153
80710
19874
87403
79191
86155
58744
5393
33130
46318
20778
33429
8373
56845
39612
75641
74688
70478
83319
84657
88173
12748
25811
66453
82402
77664
95187
20033
84949
33806
16119
52666
74540
59378
48647
13202
87162
76450
26191
17853
85527
63950
17544
99445
53062
29574
26285
45734
90920
7564
74641
98427
88770
25529
11903
58267
7257
245
88504
95705
22481
70957
77528
11231
67610
39944
560
63109
51592
22857
36790
73313
45863
88883
67466
76800
62113
36170
74974
9938
86152
5831
90901
1446
70146
18859
64804
80833
35412
44205
56989
52526
44077
67087
82168
77389
63314
80198
75213
17751
38396
93853
31165
89130
54165
88435
67429
11622
28960
4547
65452
1995
86696
71255
34500
41362
67281
16293
36552
40929
68638
66021
1340
96374
34573
85305
97620
18281
29665
18709
88570
76237
95143
79263
62447
17503
89210
17726
42399
19034
8632
4910
76041
53491
18112
97640
24869
39788
4834
31238
82779
92064
94424
90164
67842
60726
43397
45854
30971
6560
44170
47615
1324
2032
43976
58799
79409
5366
86494
61537
21535
95430
16743
7735
45720
16353
94707
34496
70490
88460
83191
3412
75901
48929
87590
22346
24320
67297
30245
10873
75618
34318
27959
41
38001
99251
97160
31674
18441
16568
40490
15339
23792
3483
83570
15310
44116
66712
56033
70633
85504
2485
12700
94255
41422
44751
61424
42770
92209
74641
9774
80605
61961
8229
45672
13970
43091
81094
51745
39235
70788
42804
92677
53183
30796
61590
46277
21755
59199
23258
11539
92687
42842
77674
48097
92832
73501
58035
97153
25130
30802
79711
38772
99134
17721
99921
63092
24219
80114
15217
83097
76954
65219
66408
70311
50350
13434
32047
9939
45384
3944
2015
12002
18026
84718
4961
74565
88844
80984
25792
86689
28762
59496
56531
89273
96927
42548
33121
73466
27062
90693
744
1998
82924
6442
3277
47510
4354
73356
30142
74581
58279
25883
13574
43665
80084
90333
88694
46197
79797
87449
55681
93744
10469
88306
26520
29310
74328
62480
9078
72902
84444
51234
42598
42238
29876
75513
41301
82040
30721
50572
39988
30673
29329
70909
76668
55685
55807
22782
39659
84401
13208
11934
17703
81887
17173
45338
75250
96584
25603
61589
33305
8348
43474
89014
70169
27720
55557
52596
12975
27302
94556
6367
75959
39976
79570
46073
36387
56040
39359
39599
42524
79230
42812
10491
37001
24285
86984
28655
73712
29391
9844
204
26535
42617
54585
93619
52732
18596
16752
11625
40095
89650
48075
46944
12491
73942
41946
46789
9881
36941
24641
32806
9033
62824
21839
75198
65749
2850
54692
27645
51008
50476
51589
45947
4431
51022
9523
75949
86538
83038
96695
7730
1331
91099
98838
11174
13811
91571
52292
72863
21659
32047
42299
47824
46954
32309
90210
59267
90444
27092
90163
90641
15961
27246
32374
70350
94650
27284
56281
59914
71377
13091
67661
25179
79040
70906
93420
35095
76252
30723
51182
46834
43428
76996
51617
13881
91432
82242
21400
7777
95403
22145
62898
42194
29709
36452
30021
724
67850
48599
92564
23264
56591
74727
89209
11364
30529
60865
66074
60925
86877
40062
38302
68290
66116
61562
1910
52085
73357
34910
84238
72945
96539
1942
89092
99827
11827
22622
26646
74289
61563
70909
95813
97356
27217
80786
95869
78560
34667
1438
35819
24767
47292
75197
66092
83451
19362
81436
97139
88799
68528
54452
41874
15872
33592
71972
56762
93798
32011
78565
8332
57569
74466
98181
66562
36566
62337
61383
81358
23373
73593
82818
81816
49478
44794
3220
53583
331
27142
77182
34757
80368
6813
25214
39650
78761
73856
79149
39036
86116
7292
30395
3766
73312
50595
39962
7700
73590
93375
29592
98536
54806
72043
16065
11021
84383
33724
16311
44793
57901
51896
38201
22254
18085
87683
90308
20506
58941
97785
4651
74542
93268
2254
4200
99483
74225
75787
59859
58834
67785
94512
71027
96336
55260
87773
76214
17665
58483
93527
68009
80051
94231
6613
46507
77560
31138
70351
58482
64789
12496
48035
31983
97142
59100
33861
97955
774
40772
30971
91239
53160
25171
51805
96735
22087
97364
29112
48780
7985
40488
66031
37426
79050
35777
57153
51436
8308
9548
99077
28296
36149
225
46619
11900
88263
83630
87582
81688
80854
49006
58280
53021
6129
48277
19489
26275
59800
20659
6503
98384
25693
17491
87091
29925
49898
13813
31999
19536
91379
56738
44086
40737
81559
77327
18032
1985
62351
77978
67151
8114
3443
1849
30174
62911
20364
1364
19431
38889
80879
80617
53475
24092
36113
39960
61081
20968
13696
4364
36494
28160
32901
58835
57513
2059
74339
66285
81837
98717
93993
28478
53491
22806
27820
5687
77503
38965
59410
23122
45109
13259
73995
75507
80449
78964
1768
98576
97229
74269
57986
28639
39420
77082
41184
32173
72763
94492
88742
41518
78427
19965
85557
42959
72263
84641
97531
14851
55314
22830
94240
21354
26419
11419
29397
83716
42193
71529
3096
14877
43008
34246
98434
4766
95350
94618
74260
95886
35326
62258
66943
19409
39620
20991
97369
70194
48865
82754
67635
96443
84025
90876
75064
54572
31231
59871
10556
66765
82432
23149
64926
19393
49592
23544
10007
60209
75345
19463
74748
66992
42677
81064
26801
16348
56644
21009
57630
35313
40418
72834
33312
73899
5364
16149
73101
81585
66346
70775
17503
72514
17228
305
61579
72517
1906
56809
11445
70337
55873
50423
25872
40063
67334
62031
91443
80397
83699
17287
18242
99934
50606
19960
51729
65248
2219
70034
47083
52634
56987
47398
18088
68741
71773
47430
86655
91894
96664
93765
36619
31560
17177
51062
21322
23505
2300
28053
34203
34503
54271
16752
37889
78606
50246
50632
11477
67117
70434
57734
36029
78737
90005
95382
66982
55263
47586
69010
89495
20339
97454
10581
55555
52176
28481
58602
46036
73184
62728
61181
86531
80590
14531
62909
78381
15945
49143
88077
32927
17872
11839
64396
92098
9110
82368
77595
56404
17793
82118
80223
36054
85157
71067
88396
62716
10844
72786
79762
67590
49786
29643
51494
93918
68969
9151
84848
79635
71725
61603
69620
39443
50846
26468
50567
2439
48325
71227
97343
83996
99963
65727
84354
85770
90372
27761
10392
40914
44170
61639
24534
92706
90697
67079
11980
8563
4692
69415
89192
12936
25722
11002
49561
51143
61393
48855
55404
3397
34860
72620
92861
41028
71502
50310
69536
7280
93719
49596
54191
16849
43405
66855
16055
32897
77681
67507
82198
26723
47169
8641
40022
42939
9531
18700
69175
91156
79383
23295
32771
49965
88536
84302
20285
68397
27552
30390
52191
99139
45366
56957
56815
92426
96137
49493
86775
60122
38913
18035
29509
34549
21497
22405
84001
56283
79135
81591
51712
44222
9431
95408
14589
62005
38010
25549
27158
85292
73626
70610
87097
41966
59360
16775
85338
93544
17941
44627
49510
97860
2348
78679
50746
45856
26013
54397
28644
68795
18920
45581
36570
99546
4051
77918
79551
21380
13693
1246
65764
79695
83425
22654
15474
60249
76510
96356
16143
92056
34733
92496
52607
58340
42143
57473
83576
5199
12173
50080
96776
63273
59939
19845
65317
51650
28500
13269
95143
74360
15631
48440
97192
23771
3670
25473
6346
629
1679
83607
27853
53401
2664
41497
63707
80636
66766
69895
97634
7103
31325
58822
56291
70477
11592
79639
53199
83331
19805
2494
4337
2765
93048
53680
84503
89515
88947
81129
26494
37780
18073
56434
25894
45065
89323
58380
95278
31837
54526
55442
22137
45447
89287
64288
9602
11204
40019
27277
76821
36818
12664
26284
1896
9812
86710
28086
85352
38622
51277
61052
77799
66204
76745
15109
21128
32185
11951
61310
55242
26100
94117
54597
2845
72155
76794
87845
13438
54581
32496
49908
14878
81623
14741
72447
44823
45403
6098
68320
16537
98002
41405
27222
13711
95183
93555
75042
89074
27069
37077
71849
45682
48552
90247
45429
56120
50454
44152
844
40480
62626
81714
95549
61550
3178
4578
13127
30269
58691
4979
49210
49242
48037
67700
26869
22739
79606
40460
52821
93570
45790
44804
25516
57057
67614
66811
59451
77960
71462
41856
56266
4539
99212
22856
14568
70238
79673
3146
93973
25456
30176
25491
12066
21391
56811
41023
29722
92852
81172
58798
46200
31654
60136
19937
20544
50973
68204
46336
8045
7315
59726
55487
18265
64079
32011
33354
36744
85382
11190
61659
94341
26501
97011
464
8900
49446
53428
95798
73981
60104
93643
6276
55807
71082
27952
81903
67008
52085
14120
55101
91801
30028
81869
37855
16790
54746
67237
80369
53450
40502
89710
70952
4113
11195
15915
98545
5135
37735
32714
20932
7553
34273
15328
67652
81515
59807
46304
20268
34298
131
89162
82517
17660
13951
94104
92338
30676
10115
98837
2485
77516
48868
82748
36931
33779
67873
61837
9751
98463
54908
79443
90228
98493
22484
44227
13036
10970
83144
36524
3676
26971
62123
7854
55494
22096
60091
38168
64924
85571
65322
49555
66664
71521
25616
39788
10710
62577
63707
23627
82081
96552
78719
46386
82391
22878
30280
50771
73571
64164
92614
86362
10604
83535
85042
75564
94558
53276
28456
36372
54769
96154
45593
55200
7161
42266
17611
49205
36762
15171
53782
99216
58604
54038
54084
66504
80888
30128
2910
97221
77069
88623
11079
83290
32415
8058
75161
93141
42069
50297
51129
16046
25321
96872
13517
1963
6710
79470
41651
23682
35512
58777
24282
50382
68340
17799
71717
71827
44802
36122
39989
64146
86576
75152
12029
62209
62647
55996
16520
32058
38906
64162
96
18261
19208
31287
80958
8156
72738
75337
7923
2880
7749
38530
41593
48699
615
10332
32484
53237
82168
49051
92868
84414
46858
20444
60052
9347
79355
4938
38143
17340
88026
41223
56666
88783
90872
45009
63618
62699
5211
43629
30992
44368
733
84764
13306
18524
40110
48793
11006
87257
4094
38880
66512
25098
98437
64091
27306
6397
77665
32892
73389
47337
76014
62326
81226
80102
93265
5258
53885
76004
27775
87833
95144
13651
45194
21787
9702
73975
16967
34809
19000
22702
68986
6806
72401
44290
77611
92775
99653
6756
2765
54643
10761
18623
79184
57381
19515
55959
74387
4859
9176
20924
40877
48776
3315
80811
26093
50733
29226
97514
82520
26945
43141
41926
7216
31086
21037
32436
2973
87294
17540
19929
60446
13695
69827
3216
71387
20846
22221
89633
76283
48936
38778
58683
9150
80729
79821
72097
78853
12777
98757
88732
52751
57449
70376
79830
61326
12081
75798
6582
85984
44160
43769
65776
57919
52223
95997
6274
65431
22476
62365
24523
80922
94618
15427
87560
4588
1762
56650
74586
25946
85970
23500
78474
58834
79859
27226
9669
40141
93577
75300
28849
47199
91975
27118
5989
86572
93174
53077
2447
78123
37453
38859
4234
87054
29893
15065
59668
38931
88426
82035
49137
62439
76964
64966
33952
22198
91037
72402
81391
5515
98930
99919
66442
98536
17704
7262
26921
2595
67767
68566
92990
38477
85526
16805
32494
84152
12065
42151
63080
58393
85532
15120
26038
78385
5752
21085
95017
99494
90514
87949
84959
83273
23885
66772
59599
65609
43056
21548
67451
12515
13137
75053
47298
98979
16295
96713
82734
59890
24821
84617
27552
26679
91154
85759
26159
3228
83125
35406
1167
78776
3200
83014
80002
56322
9780
84505
4950
42193
26545
87363
6485
68993
2152
11688
72141
10375
86078
81440
52413
46346
71761
59021
66285
31185
48922
48122
6434
7789
60497
78390
41343
19186
25
85895
53926
6681
87933
46098
48595
32809
84109
30493
36222
44603
67674
52222
64377
81635
15344
53333
19876
88482
11962
78733
57330
93711
58092
82413
47728
70770
96457
48883
18322
28510
48820
35099
92069
44
87709
1977
48007
20996
13022
87022
17373
18531
83729
97994
53380
25013
37776
25383
48665
17474
63049
90374
68698
90776
25441
92602
51556
72360
31244
93663
84834
38039
67339
68156
90002
69187
39720
58572
92015
53951
25563
6627
10529
22654
24213
70596
32783
85907
79536
69499
77504
52084
44190
74422
83650
29828
41786
3977
68474
13615
29191
52002
99625
46033
38633
68301
54432
64803
16620
57874
23428
26843
85198
16838
20404
29471
68265
52362
36973
63926
86335
55323
133
91825
50157
21639
52448
68269
79839
34933
84313
45115
87183
79921
18243
58960
79307
37702
15956
96798
41416
97251
78039
76452
80722
63755
41756
29271
59576
43098
67524
77289
77379
20746
7241
43966
12853
57522
76638
31156
3656
77573
96493
35926
3466
65126
81877
74149
21008
82631
84991
14469
43377
91787
59391
5482
48074
75544
26880
14684
55056
10625
62017
46573
86115
85415
57328
23325
38875
82069
17673
6850
5942
53174
8920
59861
85721
85786
50416
9768
21000
28234
7750
25677
37522
7324
32342
20861
68787
14432
21436
5504
76515
54778
22141
65785
22314
72817
65341
32495
27246
68800
36443
11240
37961
71314
47898
66903
72034
22122
81731
33692
7201
56845
26038
60490
32728
33379
31141
43666
86504
88755
62801
9686
84777
83456
34495
36372
14569
96338
11009
63287
44821
19592
83577
29076
43141
84330
82237
87766
69464
92738
27471
69596
5185
50679
36879
93727
692
33010
66706
84058
70512
43047
15197
32543
30228
2040
80802
66553
9347
90218
71
62030
33085
50005
34912
3773
77947
2095
55066
12376
14535
45944
23276
20388
79058
32921
98268
94623
17058
67261
42123
64691
81643
23999
32955
42499
40801
31862
82833
44765
36273
9294
65601
9986
47968
29125
27178
32760
43782
57009
91675
26182
71398
32259
31287
80813
51848
48549
12872
94719
88811
28127
74190
68304
6146
71726
24644
63649
18297
94982
58470
31442
40880
20762
30411
57813
38012
53361
31648
28187
5196
57606
2359
69519
11625
9959
59273
92161
77615
49460
82024
96901
21044
53424
24682
66369
79956
5632
39603
72346
48438
92702
27571
29495
53541
98223
78681
88547
52816
66961
48717
75591
31315
8273
31061
7826
5693
78367
73407
32584
67070
16815
78829
11490
5264
67951
23131
31426
66161
59086
17487
42035
16052
21794
42930
94195
15106
65829
38541
92278
33627
71131
16297
90715
66570
81789
84426
23786
40664
32561
92839
58989
80
87571
43054
34588
42284
63639
21140
70266
71708
66549
50507
31923
51611
94192
91155
26850
50087
72479
27794
59376
79147
21745
80185
46453
55140
18040
78866
74708
5420
28213
24804
47396
80872
61175
85998
91701
81951
48669
89391
6580
6525
53706
80576
43374
6779
14034
14177
47883
13203
39900
99392
41956
69268
73608
10895
44986
77477
94156
89909
99158
96613
54243
11158
61489
3578
2229
85835
81074
52165
93148
9482
77673
79100
95109
57038
14182
72345
30225
81937
96646
49621
4912
86594
16859
11912
54107
11286
47459
61154
19670
65220
85018
12405
86958
47583
56926
49063
34332
19159
73416
82483
44060
31695
19557
69404
81556
86484
30499
98668
71188
5882
60848
70991
54207
54551
77254
76175
13324
23963
21707
59244
14172
58038
82060
50696
31879
43788
48072
83642
3317
86916
98500
96143
58034
205
20173
63220
37019
5909
20206
23626
20607
65005
6303
38487
92416
79796
3462
36815
41772
91228
98372
87567
86303
6401
52836
89890
61379
6327
60676
38163
18548
51767
41789
3164
25446
6615
55346
15333
21887
99940
99104
83090
55393
73676
54804
29117
15882
88544
71099
9766
30647
81412
39301
45180
70413
46908
10769
55776
21094
51829
23953
85780
95509
52227
4168
39347
4242
19942
80509
84841
16823
2763
91714
20151
41542
226
65107
31294
41041
71365
44548
57669
78040
35120
15269
71094
18222
74772
42631
29061
21902
44492
60934
82348
43403
46345
27531
95404
44719
51665
56450
9622
65921
49828
61030
92663
44051
28509
47815
9237
11031
84722
16767
31444
7771
96347
3024
21295
4501
86837
64827
5472
53867
5389
36298
41311
51828
75201
80830
76579
89165
36859
61778
7346
38485
9873
94794
30178
84125
13500
51185
79274
55524
3466
16178
11719
70095
81402
56504
30158
29250
35929
98410
43913
67529
82265
55482
76969
60637
8011
59264
96017
53258
47486
9224
630
77112
15983
54152
44181
38319
80536
66099
76583
33755
51346
88696
36900
11968
6764
43516
39754
80599
31746
15052
24706
93828
39345
58285
55651
36825
64493
24889
2455
9320
54413
85264
110
9539
47259
33083
36770
48103
41097
50524
94586
53894
49002
58602
31337
40116
7573
47750
36014
58624
87476
2680
13983
25868
25219
7425
94926
22012
53067
45897
5841
17413
99530
21372
92742
99284
42444
34897
36125
28729
62686
39156
1360
1735
59172
3170
62720
5969
13208
14128
11521
10274
2531
26130
74447
66034
11418
80495
56800
49372
23733
4569
92414
47505
25387
14370
80860
20666
4257
13844
8217
62461
87356
88962
62773
44282
38714
87709
99639
45711
13208
90769
23232
19095
38590
47219
88603
61645
94185
51910
26327
44549
76828
92382
3811
5037
60697
79355
36425
55809
19375
55337
33268
33181
5350
45301
32220
61414
10332
13182
41958
89276
36872
73027
86224
12775
46015
93217
54068
44933
89117
33633
42261
24711
19182
66197
11139
67401
93839
82737
26452
59158
60131
74122
84142
54353
22663
53293
48197
6824
9058
20265
58869
94377
88622
51137
89704
45998
64986
89898
26050
14935
16668
76255
76450
93651
54402
57290
42732
48547
48534
4007
91982
27096
53602
17589
58671
58994
99426
88048
50056
62281
12246
27328
20882
15787
68369
21396
684
35847
76369
20655
26888
43188
53200
86908
12140
92495
74702
40568
72216
12644
141
73280
85769
3706
78177
42846
26294
98685
94526
6498
65266
67838
4006
13165
90377
71025
41888
15562
71579
830
25670
35388
78544
16188
85136
82015
58182
37326
23583
83695
24569
37592
74229
95094
75143
48311
55944
79100
85611
79411
84628
65982
85783
9578
5328
54952
6883
97278
45430
22745
12648
79308
59889
42071
60681
44052
10931
53316
66610
52748
93694
41616
43107
61802
67487
53608
29439
70981
97121
4795
96208
19561
12400
9856
10158
80782
97858
18149
44962
67890
53068
46726
25148
19371
70867
98286
23147
94106
1
43870
40007
85201
11139
62314
80842
75532
54132
29857
82402
10268
38786
26675
33726
45363
88153
59832
75257
79417
72385
98265
63071
94023
95840
14406
28088
76958
9375
22973
46190
26038
75027
59550
7785
66618
65243
35160
31795
90233
41241
95695
14602
86958
19476
89392
32058
76921
35062
18095
81285
6097
34726
76925
22464
11272
63546
55621
6590
87091
89227
89621
67128
84496
79908
37948
55568
78913
8048
31475
86138
3765
64830
19294
31512
64125
98491
3333
42194
16359
64187
75207
5904
56974
91688
96753
52629
61619
11167
99600
40383
88598
81084
48360
88825
88829
1080
69817
21523
43053
44039
83575
3850
10966
45443
5538
70296
82639
40377
85233
76900
77765
33542
34063
60567
74979
93634
78920
16355
59408
46810
15057
74568
56249
68826
50048
8924
59789
82622
43079
93360
28319
21925
36323
67425
62107
63105
89490
35636
59506
67998
65638
5861
11749
68017
91113
62604
7477
15494
47973
8440
34094
65177
35707
36272
54003
57103
99736
44829
21231
84761
79646
51800
2824
9909
96558
14058
27842
93667
55804
38377
52048
47190
91194
72619
87475
26937
81623
13102
13715
3289
78013
5080
81585
37562
31943
59091
93367
18762
11124
38319
4010
75608
12582
62849
69157
94482
25293
84147
95565
98340
35688
96218
21230
8587
35717
99230
3285
76811
93710
70174
87138
75156
28072
44471
4000
43044
31425
9713
32567
81735
78913
69390
63067
82160
2834
76512
92878
46252
93961
72614
27600
5714
4503
52240
57851
70032
46785
12325
19600
54115
57037
23574
892
67109
95403
19269
11722
53361
89675
48872
20303
51646
86501
27062
99908
96813
53871
19392
50955
71011
53166
10165
63361
99091
98458
50354
53521
24911
11850
77774
13830
45953
98589
46545
24129
53686
90644
95356
40256
84765
69295
44378
73984
13195
76769
40164
42219
38221
71277
77470
64482
16796
64247
20045
54567
73689
20295
88275
88054
6412
97920
18381
29713
13296
43819
2170
26102
75053
71389
28873
97853
32284
2545
19252
55066
76470
37607
77082
12560
34134
29994
55709
12796
17849
5692
16264
64751
3805
263
32724
51386
9962
95711
17875
3786
67429
92041
15091
73877
70765
19392
23996
17442
66573
96985
23537
86296
46023
23462
993
12858
55315
60135
90039
43414
31031
73470
20781
41766
40510
33401
45973
95646
20833
91693
67348
52742
48795
58619
49461
58589
48725
60919
59901
33259
56368
24827
83156
18838
9222
6934
77896
13849
61894
34924
17470
87322
3898
26998
57067
49148
62508
25435
21921
17822
40621
22674
50038
46877
2496
35079
60698
83645
95738
89986
31314
797
57332
67235
58283
88879
30299
19215
17623
33562
84378
6095
57679
53180
75160
67192
89542
92944
83723
95916
26052
93679
61461
53177
61633
71054
32551
73880
58854
10033
64494
39389
82564
12552
77081
29032
39101
41353
49177
22196
63196
53631
10627
5062
9906
34014
22457
31751
10684
80416
95591
64578
52682
1288
80311
54191
49094
91755
42121
1586
92100
79279
1498
48151
93122
58394
50027
38920
91263
42530
22365
21096
21472
12215
5632
70675
62743
8392
60195
55224
28579
5696
53902
74177
30183
96709
63130
64620
12432
66200
49923
51295
64501
9403
15847
4377
85168
19068
78658
30697
36129
35427
95024
40000
73617
98458
30937
60228
6838
27963
9367
31503
24449
21298
55011
2114
6636
99836
83288
35035
68314
98199
78481
32147
71355
93651
13325
41379
47104
47334
1874
12056
18109
24930
54549
38018
74678
74504
12522
99738
81941
24722
90916
66597
8660
27701
6955
12563
76470
96427
44275
19605
34644
99561
16005
42837
85848
61819
16754
73520
70886
92772
61521
43024
57920
41215
89513
80265
76054
46415
90132
3436
65634
94510
15797
26128
21547
58185
24210
94055
43905
20777
54986
5067
70740
50947
19904
73142
80933
33724
49819
94628
99342
64855
83312
2334
483
27376
94637
73656
97139
82089
24306
45047
87949
46678
78885
97987
65418
59126
24145
64247
33047
88607
99347
92885
86256
8439
34380
44994
59130
72945
68911
18143
24714
75894
55723
92922
32718
22898
41790
43777
71942
78685
6355
98860
19789
55300
96956
28912
87803
89875
28075
19651
51481
14203
95481
89662
39288
61910
9098
73617
6269
35057
30337
58717
32292
61170
57675
5225
9710
52961
83730
55153
89134
52507
4270
95524
65338
11491
81121
43298
52239
3018
69490
20472
53077
91181
46550
99965
76715
148
5380
41794
40649
54390
44220
5246
58010
1226
10915
68732
35706
85222
79595
23265
28588
70503
9365
49530
89778
18755
37640
45170
49756
81549
48295
81
88496
25770
44779
80850
41623
28072
46204
5780
52095
24593
20952
73091
99279
88640
39617
13315
24873
16128
36905
430
28050
64923
71025
31362
71076
70970
16273
97098
63971
55469
90907
33453
12634
77934
46886
68996
2894
99133
75739
66286
97488
2641
57585
10650
38416
17127
25555
76353
96449
45765
60219
67460
1613
52704
27410
95316
63578
76759
23582
77231
58207
16328
43739
83329
49849
85911
51676
96533
51129
17387
83332
61695
14646
20296
22863
28970
80895
50008
28002
73987
37466
84118
50631
21171
66964
9628
94705
35069
46180
96934
71945
51848
2649
31659
6777
14105
7283
28051
96923
12278
21625
52683
21505
48181
39483
43196
9799
82276
60542
4982
93353
66434
84458
32468
16797
96625
82699
58488
16739
26689
78917
64514
18608
34622
31131
7053
24166
39629
96698
44090
89807
84117
92859
50344
64287
64015
82923
65889
73491
1760
72162
32105
65639
88960
17561
10336
84340
5450
21203
95620
70730
54995
66457
70360
43719
58061
39750
87477
16070
83635
26608
8829
40750
38871
53678
56194
56163
30636
10529
24636
47645
9038
68068
90571
58566
72496
71471
43345
99030
61793
53266
31571
89191
33780
74805
54802
96654
73482
55834
79701
15864
70027
90989
31754
83845
5226
16417
62079
82006
82927
46173
19098
25656
58991
88548
43433
30694
7925
64187
95726
9895
70701
44946
85378
81246
29936
33200
34053
5584
60215
30765
64949
36108
46266
45940
48314
36963
33004
83179
82828
36917
92672
20700
22485
53864
24456
32933
79777
79916
85543
96165
51348
29534
7441
93292
2619
85670
17880
82477
5706
58346
59279
6810
51222
3902
49317
37146
47524
55774
52956
37736
91588
47963
71779
34246
14842
49869
48595
16643
82311
17240
8379
9697
43312
55214
40908
77831
6761
38005
31631
3210
68752
29401
80216
80080
44358
89796
66212
16704
95822
56424
85565
51334
36002
1894
26173
56571
19527
31925
30671
14763
10212
89176
19165
7293
56596
11074
30845
72958
77041
79571
67197
90859
7725
61993
74689
70644
81524
24376
79821
44548
49896
32721
73377
28962
5530
71320
11426
45555
20089
736
48991
85343
50670
27640
22969
58712
57382
33183
723
50953
90350
48480
40780
89859
44898
44490
4057
55988
64187
17594
44396
52800
77317
99990
33039
77747
38643
55663
61311
99876
7093
8117
10052
42341
96536
55093
46142
63764
67547
44360
44254
24219
62237
93162
85098
4919
82417
28502
53805
27814
60649
76001
44119
54667
57940
3593
20263
1121
53990
17838
34082
67552
86836
6111
19465
85971
44576
37509
54371
30438
34829
88170
27961
39177
82647
13304
83934
17769
81694
96508
44971
55138
88025
78881
55663
75374
7777
66630
53178
76171
930
14769
13190
21298
71099
65268
80040
30701
78187
78039
20800
97620
47385
64164
64473
34006
30284
18392
9093
6871
71456
56339
29164
55996
60251
87200
23047
80524
35267
87858
46995
7075
74663
78300
81661
35341
45486
71596
5830
94620
62814
98393
55512
75560
64610
20111
23545
44204
32720
25883
53175
93951
40118
79522
7425
58396
73452
47918
52052
56486
8724
78233
47914
37752
94642
75025
22680
75575
25889
94200
75072
93903
20433
36881
69028
35763
70278
23914
15249
27714
6389
38919
80825
32694
68432
48905
69392
61387
68086
68758
96982
46490
3182
85018
38693
11702
71049
77877
90044
85856
32439
15825
52006
23818
91725
67665
18873
79774
75122
25872
70264
59447
45338
63135
89152
99994
44362
57327
74482
61702
41592
22660
74024
35138
83535
16874
27279
16410
65446
19336
46379
40182
61902
21477
65646
13401
2995
69834
59257
806
39107
88274
25155
40281
97706
39232
15202
77101
82186
63184
47609
4098
81257
57656
87947
56028
58331
35403
93239
20901
17185
13874
12075
1341
93445
25662
67460
99794
75368
23664
74067
47352
62173
22165
42527
65483
35282
30814
808
71545
38567
5704
19386
70370
99843
61288
30637
54046
21535
9171
52725
57975
52697
39711
82898
54617
6295
12906
62345
86795
52909
71093
53771
14693
76345
93769
92647
23054
87260
70481
65068
33473
68875
63348
52696
52343
24897
43916
11013
98251
68934
34979
3674
63373
35209
49490
55217
7707
11915
23150
80172
9579
13473
14854
68663
71728
8711
55889
41150
91965
42609
21808
43424
77443
46506
5927
75582
65897
7859
24010
89726
4013
13465
77369
98012
12637
34612
95988
55507
31685
50009
81922
89755
6887
59778
938
86613
78762
82735
28824
26684
4616
57405
77079
41534
42171
84485
72097
53951
58504
63278
8989
46873
75826
21003
97840
47855
34089
86075
41802
31004
62854
19789
48270
74628
20367
99403
31562
11423
34958
95208
79227
27922
66109
38337
39657
84506
66826
27310
39969
84752
56118
1451
39523
4245
24837
21544
42955
54976
17968
66564
14175
74775
53791
77834
79335
20623
4546
57201
55538
802
58251
66406
36641
22403
74104
10475
402
95563
29491
83827
4288
80509
67475
65816
73631
61648
26184
7943
26878
99086
62739
51978
17502
27477
64421
57273
59202
48707
35292
95262
77686
58973
57558
70511
38468
82093
13206
27561
99880
965
11435
12890
49599
10507
97243
87013
37242
77631
16480
61420
91517
70246
78015
39118
72354
45285
7129
34358
76430
53607
15876
6684
2784
66066
4763
70095
53013
72095
26817
97501
61666
65763
44277
19105
67743
11929
13447
84706
18393
47709
47375
59802
10125
40339
55748
44472
88996
57641
67946
51056
14140
35886
37558
5062
46666
89834
58113
71328
1077
36772
6428
24731
49519
19249
12646
44645
90374
19793
93100
40703
44887
58950
99097
85726
37728
10641
38734
64308
6720
37178
41544
87386
62352
50870
80988
84145
52408
33265
98194
71596
11813
15776
26358
91567
56730
45211
94184
64992
52803
65977
39394
17124
2256
58368
18315
89516
36460
38070
33934
39474
60954
93
88000
41669
37367
43354
35268
93059
96576
85108
99871
44054
52871
90380
55789
47339
25780
65209
95984
94607
14631
87012
70192
90899
20352
64078
45690
60539
75433
78431
74867
64415
22509
15692
80999
5119
61026
83094
92452
29947
65933
52221
52776
98449
63339
63444
48958
24973
42487
44079
60267
49057
15085
54745
77426
16037
33481
52009
7558
63013
38754
28567
53652
30860
76696
22037
79414
70929
37370
77684
52595
66703
5851
38252
51196
53111
42789
73529
52913
14390
38737
99071
94215
83342
1654
41524
75478
16500
23138
79770
90608
12511
15114
62145
14680
70998
56195
52949
87152
16052
91122
48928
92582
3775
8587
47335
70279
37119
949
47336
52021
19769
99689
79848
13836
24668
41645
77101
68068
94443
77980
99111
39036
409
24037
75526
29478
87996
50625
8063
355
57281
4056
66548
36590
21817
24049
16007
28575
5877
50698
62060
69423
24626
68017
66666
82701
9415
58684
84605
19078
64628
63245
76465
79417
33955
41722
23528
9782
83123
92334
63242
61057
92999
88520
25946
43067
95022
81461
39584
26722
25061
68931
28171
94150
42937
12202
2082
26212
88506
64043
40516
22313
44962
34027
7545
14036
62297
27972
58565
74606
82532
22621
51449
32093
62077
7940
32892
18773
30110
54922
12805
24412
11236
44595
4850
9948
55719
9571
5819
2549
85397
90688
53637
55055
11686
60456
37732
54877
82722
38784
58590
89465
96063
44735
81413
75631
22928
30018
41368
83614
85601
20357
4229
62757
20472
79345
9464
91261
32968
31447
16178
52080
76223
78698
67472
54296
79396
15362
79591
40542
16297
93340
23917
94320
70272
73672
75437
29098
83674
99082
24498
63824
91624
13836
30812
86352
96833
87644
33291
41399
99412
79537
18044
80468
37047
92671
22898
37170
38885
30865
70538
39128
96504
55423
44880
71143
29597
62511
33354
55454
81711
76471
27616
62289
12477
72215
25062
40601
79246
7932
17741
18442
71604
47618
38316
79297
88545
88337
9498
50380
67856
26714
82585
51305
76071
49243
27040
97620
14204
72457
33793
9460
49397
84790
40150
25093
39703
43566
51634
57522
94410
27298
61345
14137
70438
66498
86769
24006
33052
42954
4752
82539
27892
89686
72867
60216
87017
48244
85860
21184
29805
64751
25501
48524
77065
66816
15893
41012
586
26741
65799
26550
62925
50336
83129
42153
35573
2431
65901
145
48104
5699
30899
72317
12981
29081
56876
61745
55539
79709
24941
20683
6872
60784
68922
76887
54050
57127
61530
40456
37251
55414
59266
63757
99274
32488
78448
59844
2482
66549
99723
16579
72228
62149
38192
22882
733
14287
36727
87944
86446
93684
3842
74687
10022
68365
95707
60850
7244
32891
76492
68320
91024
28699
19976
78329
73296
54571
4210
57327
56384
81379
35716
34667
57161
46741
46622
44948
3768
76507
64696
96603
98032
16396
74049
95358
21000
66558
88922
26961
19078
94518
69669
30119
63971
47420
16948
97535
1243
57190
57666
73052
3647
71632
14333
78501
65554
10707
90422
91613
71445
50754
91660
15659
9546
36376
62469
86652
48074
17048
57852
96061
2014
68130
54850
56661
48203
49671
31295
97739
66780
48623
89105
90285
32862
37086
35611
40533
72785
39435
72397
35543
26509
77218
10113
74687
63574
85377
91481
31618
14091
40950
21293
53743
26313
23549
55717
94662
31351
16439
42684
47999
98418
65324
32153
20311
61364
30075
11538
30437
8178
98725
82818
42011
2674
82411
28949
76639
60376
95635
20918
27963
49880
55745
30750
58926
54120
48936
11276
73152
38226
67776
6696
99993
74911
41654
69732
59598
65510
29565
14673
44637
32668
84959
36978
75511
46961
90273
8298
55173
99127
53052
74066
13462
29980
10116
84230
87045
52408
64837
40830
23946
54789
16097
12316
65159
86706
64448
43179
85335
5918
22857
96644
45077
63314
62132
99085
23658
18170
58343
40730
95854
95867
13512
65283
6974
93532
20428
48460
65312
42063
16410
93051
23284
9913
8393
72278
95875
71089
82171
35978
24675
43466
6988
78755
31414
12655
23652
638
9692
67152
36542
82876
1834
64507
19232
55966
52760
14929
7366
19911
71103
80359
50142
67923
28451
70799
50973
27858
9637
25774
4930
18190
99166
63873
81898
13242
20046
75957
5798
78570
99784
95982
18374
11673
29589
54825
74302
17174
4411
45564
41706
86672
82587
62208
5784
14545
25014
92545
69024
17067
14647
70313
36627
90130
17691
65357
83850
64106
21660
99228
88026
59247
1645
27017
49927
27349
92506
7896
34203
12354
14104
37800
40141
54140
56647
6392
38923
38591
79997
36626
84214
46397
1794
51905
10573
85898
79402
58183
38529
17031
57570
59357
43413
18599
29381
23998
39556
7643
76172
13397
5341
26632
59081
95688
47003
62116
49686
76890
1246
19847
33710
68369
19912
91184
87428
84111
97850
22476
18315
22678
24315
84798
76535
37402
26148
90096
33654
66565
85571
28181
70161
2535
23213
74255
52770
43637
15103
45691
17367
58165
6271
17786
65996
88008
91129
59825
45147
60076
98072
44694
24429
95786
33001
38190
84320
68069
41301
23336
16410
9760
35442
54369
1069
92319
14000
12713
47785
72578
77781
89629
45559
87539
86359
24908
28564
88791
8965
78793
66367
65929
35012
44542
62867
1174
73606
7310
75783
3636
57422
60395
43250
31543
59651
28709
64922
81753
37849
39120
14652
38492
45722
65635
10682
89712
31296
92692
28497
24638
12469
47539
16585
72940
28296
82945
61227
91269
8934
96512
81494
53999
65527
24429
64487
4465
47190
25319
83510
25152
11412
61971
24831
76063
23831
47484
88402
99911
35807
64554
8834
43011
46872
25590
39760
33533
4092
77196
70209
58179
50304
19606
25118
24647
76781
28801
4470
78641
93996
86704
31301
89383
93033
59541
47337
38084
29248
87774
73243
92913
70381
30975
93363
7701
47235
13523
49170
37162
1999
86185
9432
90673
65605
27196
92499
93940
94823
48671
90692
21590
7698
80920
58777
36929
48841
74492
1730
13077
87128
84498
45558
23748
82447
82960
72872
44164
38022
61352
31849
41825
13790
3291
63876
29831
31360
39894
55494
17372
2574
88810
82247
19307
33089
60422
65423
11199
58729
46225
21286
4114
7879
17773
61014
31174
31233
82372
53559
8856
55447
48294
5351
67497
2506
14420
30654
22314
3987
31425
9126
30548
90481
94601
97596
43054
64912
42946
82804
70345
45636
23552
79994
60197
71324
45433
70968
43542
47754
89596
2250
52262
28132
39053
96126
10375
86295
31634
96086
92486
30068
72946
63981
53455
39589
32359
84348
33442
7333
92048
1271
66801
10291
72776
62362
3871
33251
7667
59805
40290
76075
64571
19827
77624
16222
76225
81193
33351
52945
43676
71792
59938
98699
90284
43906
44465
17944
74822
51595
46215
86242
88461
87702
60025
20751
43870
42539
81138
53799
92655
41594
72966
15799
50614
88862
42813
82143
14073
77422
70618
46913
82387
47817
88352
27761
50185
11444
68610
37582
36885
86778
74320
44513
2910
36482
49806
18311
91467
77766
80339
81270
52636
92571
22612
88042
29680
2780
93872
21109
24834
87845
78136
92406
80731
33186
1369
5430
84324
22796
56467
22581
64991
87387
54146
95355
17696
34266
48599
75208
24392
22644
66974
78124
24893
58734
73533
98117
45922
94611
10302
2577
47898
96035
55055
40000
60575
40782
11726
83504
52288
2408
15664
91299
64932
14900
3250
79063
12764
51655
89556
76966
62289
24010
76154
26148
69244
92783
40348
78101
56333
78445
3726
20451
54052
31112
4408
70774
89344
55367
64410
87967
23963
29348
36293
60786
80545
39199
81329
14141
95633
20289
96857
46536
75018
91356
88480
53417
10642
95705
37604
94128
94761
45064
56073
71614
97788
98509
55082
99595
54653
6764
80602
8319
95966
43032
32004
97405
72243
20283
68169
2299
35424
21873
57306
41165
38084
55415
14451
96812
21190
31972
70177
72998
98501
98817
47551
92427
33132
41629
793
57109
76065
85568
50509
87849
2452
12320
27790
35912
67183
41654
93739
38281
9971
79719
30916
95348
6575
14707
65393
51855
85257
11322
43931
33301
86852
21832
24778
25508
59483
38677
1692
28377
66635
4722
87807
73859
60369
89687
32963
82318
72448
58787
15644
67323
34670
99890
4243
28670
43146
19364
54153
29771
2752
82897
51658
54512
26457
58043
96554
92882
34338
77300
64614
31138
17904
56189
36071
91601
98844
17802
95177
32214
83911
80352
44224
32601
14863
61397
47350
26509
4634
73708
94571
96105
16724
17297
15939
86348
30401
69472
84872
76882
14802
39769
57226
56080
66366
20479
22007
19494
45622
20582
12210
22818
80001
53411
39973
88345
43115
39438
6604
9343
95245
15491
45631
90717
45138
15008
91045
14352
88307
9229
66223
75222
21617
89054
54955
83210
2510
23699
38005
59515
41457
10986
52679
89917
53414
57657
48425
6966
63489
52651
59144
1067
96109
60390
61420
7386
87931
54127
62003
78464
72319
33111
75269
74738
64323
71000
78945
52532
73194
33155
33150
22966
25910
28073
93789
43715
18923
88342
64604
70413
46685
23409
87491
1127
37316
79453
96543
85618
20371
69111
18213
89515
99001
11262
33485
27394
74517
39189
70962
72493
41737
65669
72507
63166
31292
92012
47843
50619
22950
43064
4728
80912
76796
64212
51304
8451
48174
26325
79206
82487
30606
18569
96001
48575
82689
13129
11014
97958
26886
51435
97730
50934
39014
55342
57143
12307
1490
39542
4073
61667
44856
64499
1972
45985
94962
34986
74204
82779
21302
66001
70879
38700
60529
89170
58343
76739
17074
868
35112
77513
2909
74486
89448
81870
58894
43433
15370
24529
58845
91084
7731
95918
64410
55041
50243
55668
4416
14829
94189
13192
28171
46815
30789
70607
92794
67036
61670
60136
91497
48439
76414
29898
20252
14727
81040
30503
30948
28187
86098
63966
50932
42211
93084
89906
98719
38631
96308
18178
65384
37057
43041
99594
64891
85703
32354
34441
5388
25098
65725
93473
16275
30195
14428
70810
96273
56292
87235
65309
99050
63581
17299
79167
71571
68634
51011
65235
38167
84196
26990
40950
72027
92487
70298
46459
47658
13877
80069
68999
4545
56172
20148
42701
14299
57638
13157
57928
53551
80501
44820
84694
8323
68846
71388
39805
22673
13840
48278
26728
68558
73477
35087
85310
67597
18378
37401
20773
26302
59253
13032
89438
69234
56666
15634
20815
45177
61998
94330
89049
8988
5487
17214
16597
49871
75464
41727
72778
52672
94979
79283
8858
48318
63619
91667
5422
12807
82308
18708
42153
48443
64898
62537
15641
26131
38914
97919
8559
53232
35322
6990
40963
29221
4076
70480
53378
48633
98517
4051
95607
87936
72319
59097
61484
30323
60446
90762
76884
65768
96612
77659
61863
48369
57661
73959
39003
37883
5255
71077
43659
53367
35199
1559
94379
30290
30725
43970
65810
16397
61572
37863
14051
48970
22090
20124
10260
29108
59159
72354
7569
41431
63828
76872
80014
20601
76570
30392
66659
48900
45335
24014
80489
78203
14972
68395
87580
80308
48002
27788
2014
31727
50322
30292
31332
14131
66024
94696
53306
62476
98970
44805
28062
30700
9187
35711
58647
52581
55874
77556
66095
94110
80937
5133
53359
10678
29854
74854
94368
2721
13490
9727
61956
22098
49976
43619
61024
35669
35710
42269
93891
82935
38623
88672
9632
50782
61747
47229
91855
65195
13032
67157
77991
89760
3584
57067
46580
24092
80677
58035
76896
31564
1502
25683
51705
299
89771
35301
97991
219
91644
31304
90739
73998
88002
18018
47956
3317
79661
57819
56727
52734
67264
76012
74716
789
66271
30390
30455
70895
15528
22636
3938
96169
38128
20831
24992
16714
66678
65375
71325
46146
19790
59714
83614
18305
56880
41325
14480
15077
27344
14924
88765
24800
31928
81799
74146
83482
27668
14203
57616
2967
60418
26222
2566
27908
60214
44201
21347
94176
89752
1122
61214
71038
17066
64275
79509
54395
87750
38920
1148
91951
82031
41093
25332
51536
20863
95162
79965
23853
51898
14861
11703
14268
93065
60043
94030
66903
46012
91775
16742
13286
83912
6080
32334
50182
30252
50982
8090
28073
38156
99719
40655
48913
64628
15871
40046
37095
15785
8884
41672
96102
66719
49662
50112
82276
88903
24400
79327
77634
97347
38260
50389
54222
57250
23166
31564
96309
7810
50159
15695
32950
51695
79323
25023
85454
58577
1911
7364
83143
65450
17481
21943
79543
67571
40378
14438
30457
97488
89788
42667
62263
16129
69587
99498
25882
54868
2378
36423
48550
9546
25968
77900
76227
63867
1102
13511
63914
56416
36869
22025
21027
12573
53476
76699
82378
71645
68212
49524
69786
96679
50001
32471
71202
74475
98257
95250
94422
40138
87116
45993
51567
4309
20380
65632
89902
25796
20893
98682
63182
636
82310
51037
17048
63321
83340
95191
72140
4371
58672
53770
33663
21370
48402
7784
66651
64774
15595
90215
5639
71735
60670
67800
79630
48038
4704
50905
13316
10207
73459
27888
93682
70381
66255
7849
69353
5875
67929
69435
22738
43345
86302
31040
31971
8804
66175
98262
43822
33708
63133
13471
71779
93157
25315
27411
27140
97060
56803
21936
94248
45615
96091
5470
60723
91802
46109
4325
45853
52945
43059
76604
75298
2504
44127
24580
55045
34903
85289
87267
26394
51815
42109
91304
65732
13004
8002
76981
7923
84095
88831
72629
64549
87618
39772
56243
56760
91191
47002
53290
36530
32589
20962
37413
31754
69287
53143
22824
19135
72434
50574
61583
81346
54189
94143
19792
86666
70547
64215
39279
21835
52825
34506
10375
17954
78099
43172
84157
30346
71605
97956
35959
76372
78711
88322
33713
12071
75765
81248
99529
13228
8869
71950
43190
7501
3368
64478
76934
43039
99865
78491
51374
8501
80293
72569
63637
70103
3980
73005
95020
73479
22576
45852
51670
8373
83197
43714
58991
12987
81411
11324
60027
42223
95972
20406
52912
42292
91629
46397
23337
58700
44277
92186
14370
86090
86634
46021
27637
39119
5783
3708
35960
61640
14353
61502
90476
4440
41897
14290
87622
98228
76813
80171
59217
72489
4233
51738
48389
59203
52379
20335
42472
36148
55072
80663
20953
41771
79112
88904
11025
21467
58921
65171
93375
73900
43276
75135
5816
27151
62528
74199
43147
80945
20951
77524
72251
64717
83192
47702
93771
89158
37437
23961
17649
73860
95862
97606
47760
7265
87654
56710
50256
52149
61350
83462
6219
66488
95595
65965
97673
37730
72204
89115
5216
96648
8454
98360
96813
20024
10732
84432
56885
51749
92400
86667
36562
55322
54099
9378
55960
19271
73933
77353
70012
25621
6531
75055
75140
3730
26325
67854
26189
89201
42611
42843
83189
46234
41325
31955
67703
88255
86979
83157
96214
41712
61140
77401
92294
90004
31491
82749
50823
14527
54654
30028
37621
63485
75303
53059
11243
76757
22229
33103
27648
28139
62453
37517
96932
50361
45068
61280
47405
57238
34497
33006
70596
3606
24206
86223
95385
46673
74651
73306
27899
56033
62510
90059
85769
34928
4033
30130
46956
84423
73479
99748
90057
40265
90221
80122
94780
37876
61081
63908
14573
21329
49773
45826
95656
93691
71974
38672
81265
59595
6915
28396
4331
24040
98263
56779
76212
2303
40899
27727
93951
18028
60290
98382
98613
98351
1388
44854
96309
4777
92933
36221
56778
40053
11424
28202
36295
26235
11077
14194
20185
21645
84036
75832
60491
66340
92216
50952
94665
24979
95579
39962
55570
405
48653
41137
31866
24398
14244
75208
38680
1722
26719
76498
26020
59240
79654
56792
31467
4477
61513
1250
62113
71239
11966
11700
65554
51633
94017
43416
79940
64770
98716
34822
10208
70174
40853
24070
55874
21623
43838
92991
7710
43226
14289
37696
93926
68428
85506
18141
14709
86795
21099
14753
50686
77257
420
24289
50797
44385
34606
3442
1498
42504
94183
68689
94227
63387
80499
77858
6003
99598
60258
34897
72766
35048
72813
47515
16128
7748
13186
4841
5437
74182
44868
21462
13153
70362
6540
83598
97676
30625
27957
85451
64004
50005
72235
10981
57977
40160
19368
59235
59008
80463
84979
77095
86028
8369
46097
94371
88954
49046
93591
69436
35818
93844
46886
21917
93573
81861
96255
13048
22709
40057
49369
33938
19318
18287
93456
91907
3816
43630
21496
89416
54214
44386
77318
31433
80730
99646
21318
85379
5253
38983
44433
88292
52830
64268
43462
67216
76758
10887
85613
92709
91588
78396
56772
5572
80329
8129
93929
26650
59169
71651
23787
50427
15130
44230
24518
62374
88836
52809
38337
53629
27968
83907
51711
10537
5091
71180
42031
24434
84946
27790
44933
38176
83860
49379
79166
11964
86680
18850
71661
83676
28484
17602
64883
12873
91865
47330
61441
83651
57553
39337
5145
11462
34349
29108
37089
34874
23112
20324
66462
21578
45498
58757
83609
48943
82124
47890
69978
30840
86494
79469
41859
98941
87492
62513
48153
32821
22206
62707
91305
8771
63755
38460
77955
4314
46706
98257
77350
47547
50276
6482
11008
86472
1088
53342
67755
19147
43573
6005
17545
78683
33866
38594
18602
94856
33634
2986
59108
34606
51809
91284
10498
39999
27865
18957
23822
1848
43628
73689
71566
62891
30557
3268
79930
5098
84333
33872
38006
98937
7071
51512
15413
32454
38787
98636
54641
77995
32150
64537
60251
62804
74073
6364
48389
76757
90175
27514
39189
62927
77988
73716
32407
96953
85126
55470
49455
65280
87659
5318
32496
90542
12819
7811
32861
12886
39977
85576
98618
32401
79691
66621
17262
40990
58408
50180
29841
21011
4524
43926
83010
20049
14538
83368
18277
42151
17861
3187
65554
81550
67692
21357
64666
26927
83121
46757
10045
67231
81114
64888
19816
25277
90385
10157
84804
98953
90089
78580
49494
42042
10828
44186
44560
79453
44851
8674
1704
72381
55984
49869
85804
88257
96139
26268
72171
32075
68569
43804
28106
75601
57042
2386
7903
36108
97047
58665
26352
19324
99749
45256
82869
26443
15671
57910
41182
61154
78984
88213
55504
62832
23056
72073
69256
64726
77722
61283
5606
20160
28342
10458
36402
91363
996
5284
3241
33153
78402
60628
31596
92445
83764
97965
48536
78342
6474
14900
92672
12723
64950
16542
41635
73154
29334
98370
99169
51768
7556
39231
69893
38722
94909
78175
65921
33460
95054
36339
8755
17626
90598
40699
87827
7332
10754
884
35504
6238
42742
89851
96662
89962
16985
34845
69980
16440
85961
4541
38318
27122
944
63679
36141
35701
33189
70544
47248
14108
10993
89244
57055
92249
46465
12839
46231
3592
53482
79460
27569
98974
15925
88605
22802
8
99333
6069
59740
60418
25125
83297
48003
89795
11042
72282
69978
90557
60860
86183
91374
11780
71939
87567
52532
52853
15174
49319
94499
59081
21522
37748
47149
32681
26219
6656
8489
74591
8077
46958
39303
61161
92121
15317
21464
32238
57917
2043
17029
91003
33856
53299
51166
48578
59695
77403
63165
6684
33994
96504
14748
47380
33556
21649
56167
27642
99596
40425
44703
81847
71229
13117
81273
82715
63963
70352
80701
43668
83859
33386
69900
62804
22988
57549
81042
25698
76211
72429
91500
45216
62205
72281
81378
31963
53178
39240
18192
51251
69167
52755
74178
53941
7456
61639
60584
15603
40729
45776
31792
39333
67320
11416
36932
23570
66197
37380
21808
39802
87067
70869
90786
94509
41165
74727
76567
78570
81139
68863
7726
35365
66556
6337
93982
66954
63665
21218
87553
57829
7528
17393
98047
8042
56383
82567
27933
89768
2071
41265
76629
37185
1106
94102
5589
89814
34698
85299
20815
89432
7610
56045
26982
29844
57942
19008
1546
2367
32308
72304
98299
47412
39352
80676
92095
61132
54197
17431
88995
46994
35366
5900
6313
67745
70753
45494
77012
97118
60781
76489
6800
1960
54313
92422
17815
60636
81856
71182
68195
1563
44840
72583
80626
65354
44939
90850
88917
63806
24930
3952
83479
14780
17652
26443
30086
77007
43834
44009
41124
88500
9511
75867
55842
66326
56613
25581
77003
72608
52222
24166
87417
49330
58676
54968
42681
32138
93061
73855
55402
92961
82153
14433
88218
91625
99129
86943
21412
95559
19748
62274
56694
31497
78750
76683
31043
49744
82926
89459
52127
23171
34396
90730
64183
70745
35119
57326
23254
13928
41817
32082
84347
15555
74163
39762
31223
50691
34508
28292
84884
88796
56369
57747
65327
28554
79914
62762
81752
27578
6535
26350
58962
24518
55796
2887
66543
62314
623
5481
28318
67169
52052
20468
45733
14836
16580
82553
62825
1265
33462
38094
47561
12065
81187
12905
5253
13423
13131
38109
4814
48222
25909
78362
2056
70097
32993
71479
44459
29396
60682
38264
8358
52378
64656
94205
77611
49874
74476
39310
22248
29651
54027
61432
33175
34313
76875
76238
7655
14923
13139
94943
27205
26720
20968
96291
32971
22639
97154
46054
81250
84154
85074
29175
99029
30274
66331
66681
22786
73182
75367
86419
39733
84661
69872
57755
34771
51953
59961
39743
61022
2982
59321
58866
70469
27276
57154
40924
12096
79841
89095
20646
64255
48203
8373
99367
59029
19357
41708
18574
61367
71547
80688
57038
14267
60535
60818
953
40764
42465
74734
36889
27767
41897
59915
74796
29536
92293
53946
90451
57302
65439
76559
14847
5887
45175
38770
24593
7584
76815
81865
46061
63161
21316
26053
15010
95293
72501
12077
99502
58911
681
79765
28518
53408
53560
95095
59243
20164
9483
45591
90279
39193
54592
58822
93735
55180
84829
69032
63807
53445
35711
26620
26117
64781
15102
43209
70176
28777
92909
18729
35430
28022
60135
74679
33593
23762
95461
37767
96732
83770
57981
46354
3838
33572
78488
46264
95529
7644
49811
85941
87910
57183
13355
8996
55277
13710
73652
30357
59951
93977
52945
42277
3473
52922
43040
77779
77508
11027
6883
28212
21583
74877
10203
99685
27930
82568
43749
124
87447
74222
36265
34813
28164
30242
92121
243
69440
82240
48339
19584
71623
19482
52309
25640
14666
79368
49804
29127
12162
79606
54867
91568
2967
64319
20932
11890
41070
72309
93922
64366
65741
52354
15719
21213
37167
68669
73370
39366
87605
18118
78810
64
40517
64925
10891
21438
42738
96982
65070
90913
46444
67086
85522
10280
17965
54307
39959
21619
8074
645
47899
66947
26745
7267
87389
83767
22450
42101
87291
70872
94525
26218
8084
78418
62779
88680
35920
46460
25674
69373
95075
46223
77319
25412
62496
8224
8517
50141
24451
98
22978
37152
54483
62536
29895
61247
13119
51101
59403
86346
74285
7590
85092
35013
34621
30784
240
89422
86488
75912
31286
24941
32705
51002
24638
79345
74865
88927
6161
99274
26364
97073
74639
44130
42448
23592
70909
28442
62778
41720
76278
94312
59659
74631
37583
8956
59108
37564
16633
30058
64323
79400
66571
5620
97852
25767
29550
40695
78131
92302
42238
33679
76191
47464
14581
14184
8576
39114
34296
27890
22502
19640
18408
93803
42362
31749
26691
7224
95251
30751
98495
25942
84052
89029
84579
14939
20218
17294
43466
87701
29356
14571
66830
43191
32127
98442
17932
46530
83620
98913
52040
36993
61841
6761
69183
62381
93511
85338
96008
58164
18971
50126
80720
7529
19717
65615
46086
66551
36914
57104
77518
80246
20009
65630
81420
52709
55400
3295
94938
33811
90997
56316
42518
31657
24666
83820
82846
59313
47939
5332
63293
84413
3333
98102
51851
80268
97199
8882
56205
49749
2105
78710
29896
86034
86286
48115
88351
28512
22747
66531
96749
40370
78831
26573
27248
1236
18183
35291
15858
2490
26242
17741
98832
14104
13115
74995
73417
75332
16594
83047
99322
69376
19734
37200
98321
66979
77634
25035
93113
17653
66717
68892
80656
72151
57783
80070
24072
96342
62055
31329
99822
99942
44656
82603
49683
45171
59773
38788
22836
4234
30070
90618
45730
24760
72254
25232
27842
55629
43678
4957
22551
20972
92661
67303
25406
91759
6862
13166
15977
66767
58578
26538
58665
12067
27059
76028
91013
11870
69959
50350
52982
16299
84434
35153
14019
89512
54537
59180
35328
4737
28872
29078
66695
56581
93747
33941
99314
38437
31256
1692
56606
99402
54919
59457
69473
24996
69180
59570
76673
17316
57203
64489
20511
70904
68387
51005
54281
54738
87659
62080
99189
24296
49086
29006
67584
32505
21264
89031
14378
62652
78471
39974
20826
78808
77867
67969
76748
92380
3710
90930
70443
34271
82864
8388
17154
17157
72664
38799
64624
67743
21218
24478
73073
40304
99120
89349
87491
77962
22968
93161
29647
61085
88056
62809
95207
28948
18183
54640
44821
42403
93215
30014
88381
85457
54798
98637
58125
50879
44984
94021
79552
50032
3211
79748
23821
84309
98600
2794
6389
59884
37816
21779
20869
48747
28914
95507
5303
56260
8093
1848
74675
39932
75836
31924
12884
54814
37583
82471
31214
41386
40863
1609
60792
77741
11091
66545
40555
68606
15170
77124
83622
20403
8801
30563
30019
2156
41204
77577
13520
53600
12980
26224
16415
27051
77397
3293
21260
91687
53132
74701
97730
49678
46022
82565
95884
69287
17037
12309
47380
42206
30793
10666
2689
67040
79287
69275
85174
86405
80058
55962
6932
33643
32163
81988
70546
61187
36222
1024
27632
70483
73192
74549
3665
25093
56846
83891
99225
88352
35890
92441
39621
14230
37664
27411
21984
72349
54097
87847
59587
2372
46221
63805
63343
43547
11264
96945
65017
52869
76535
29010
93888
68000
47658
1416
79664
37507
16372
48292
85175
82690
81651
95841
72805
21791
22260
87724
24007
73065
79751
52242
56823
15395
44045
64770
22811
55925
40789
54569
24512
80240
30353
35937
56580
87871
37201
5519
72970
90509
41949
93156
84116
96961
7813
92422
87550
64445
9704
35126
4217
91024
33332
18671
61734
23181
66237
94559
70433
32518
96779
58708
16462
73574
10740
31932
978
49326
50495
79996
88474
28991
90888
17151
33027
57053
7302
9364
3996
1695
25848
7342
6002
87048
42663
82081
74115
42877
36185
59622
55522
73373
1190
95504
75095
62304
44822
61280
95204
85829
80530
19623
58289
71175
58485
32033
73157
25197
74436
79432
49563
45920
35019
22286
62670
89071
886
57416
47910
21801
35817
72219
2064
60811
91585
62766
34994
4028
35015
88853
82941
25200
63126
84942
69422
96583
2835
10874
11222
28013
4756
91361
85013
27315
33716
93618
44348
86364
30290
85034
51095
98307
98157
20274
4409
66143
42641
96447
14534
95018
22587
99022
90203
1150
33809
44219
60334
51014
73866
99468
85406
65184
53437
25465
34935
3274
67889
3077
55482
69146
89821
2124
73667
19543
68507
10146
79398
71536
3562
62224
87371
34041
49296
35811
35706
9474
69118
8262
82803
15558
87401
1739
16517
49809
68915
3956
12202
87537
80877
82377
28228
11475
35732
65130
53122
87268
21860
82949
44244
69534
9382
59615
38987
88209
68850
85190
1233
72536
60030
59994
49383
3404
68913
38980
2077
29939
43237
13788
54811
43125
29929
68870
48003
89637
68966
30478
98251
18326
60409
88305
23
47623
11437
54268
94299
9120
78480
13785
7864
51303
92861
32758
87263
183
63844
50295
38964
43571
63483
81924
89944
64612
42577
84724
15837
68277
6716
82710
44639
78756
26199
29897
40585
94767
89395
99549
66302
30996
29800
23196
50105
95084
15897
85190
15187
8290
45825
78841
80979
36856
27049
30638
19453
81681
65180
90083
24542
64229
7858
92617
59878
51602
29105
19367
30994
72771
18566
64103
79907
27685
49478
17122
60724
11190
3436
27737
30537
88448
32715
97369
50310
85255
88044
35175
33547
36413
95297
84908
93926
39284
30819
22082
38586
93136
36994
24766
64444
75794
91367
48474
57280
53895
4547
33052
1257
21691
34632
10033
19553
29583
17018
82671
22109
71990
98793
787
17070
74013
4129
444
54280
94107
56974
97858
66782
6573
78411
22588
77126
75049
39941
4376
56674
64721
2648
60720
72988
58476
55753
54284
89345
98259
92312
54698
26209
76421
49248
72013
61723
67961
73935
2366
42614
74635
3812
82373
76560
70646
80474
55110
14398
40917
31270
12218
61161
11716
91375
13083
20261
64577
65717
27472
36489
83133
47486
45866
49227
59011
92868
14202
91439
89881
26492
40500
7836
32624
33705
28612
87881
4561
86682
57709
68779
39601
75338
33573
7021
92972
63935
849
80920
29991
33382
2784
35932
1264
36776
68788
49669
15450
42268
45425
52529
36733
14432
47942
64059
48476
615
12365
56783
97905
89530
42851
99182
22032
62794
76321
85778
19302
27335
72523
86040
35643
50869
93881
18431
411
74513
3058
85853
13193
81563
83729
57919
31541
38776
44447
59280
2847
50253
56232
73096
91378
79798
5461
23113
96290
25016
57606
24712
24078
85668
49422
12297
6680
50714
97462
80849
95978
16905
67183
91589
96627
93875
31345
29471
35209
28486
4535
60481
17776
49801
67474
49297
4265
47043
50981
68830
44577
7788
82948
70790
80855
69387
93053
1737
25413
81833
94059
17682
74966
54698
89784
19994
89276
41862
49027
71823
12015
89405
27204
29513
42572
26974
92882
797
4574
20077
6808
21644
19275
3521
35699
83104
10536
72924
68273
76798
53350
43190
65602
8507
24962
27801
7511
12565
17334
85481
41170
21488
95293
1238
78536
37091
46897
32785
77911
883
77527
17989
18344
59112
12536
22839
75198
77828
24672
77577
62051
73108
96179
34201
53244
11779
25052
57193
45880
94497
13951
25527
57296
90199
46967
47879
42089
99802
13501
18653
98643
14153
73689
67928
91597
23516
18675
4669
87078
40427
64522
64774
38840
19724
28734
97503
68037
2921
48912
53021
14439
73520
85920
35066
92677
88676
56438
61425
42903
28505
25179
69227
17507
20496
18982
87505
80968
45576
93970
81473
43526
50799
35306
11685
66801
81184
9941
93390
44887
42179
2723
81048
18514
11985
84823
84965
83181
21274
39324
98930
25172
1969
50629
70931
38668
2359
98125
6462
67633
3771
3345
15355
55301
1026
5887
8172
98830
51734
86957
75232
32206
79647
31147
97729
70494
36612
85250
58867
11061
49596
43290
51900
76216
78043
92494
23272
5465
60439
35581
63760
78941
82362
23988
80889
48856
51071
40996
44589
87406
4908
2473
94133
21583
89250
87582
62438
35467
66618
69185
87506
1216
46122
47954
99770
36171
59335
1295
83495
56689
80018
16489
40464
37995
31889
43706
41068
41323
16269
74982
47996
49292
9862
50659
58556
50560
75646
36965
48857
4337
8974
80930
46667
88281
4912
77849
87014
3560
45414
29652
10101
13449
9017
24174
89647
80803
39994
27391
34005
50244
38404
85604
27040
40732
93416
43579
70139
83281
4873
38969
80451
87
91477
45170
39885
65912
93304
40796
63449
27092
59143
55541
81643
81288
80823
85015
78383
87740
78467
25788
31060
1623
12610
89585
95752
45858
59152
66700
46589
70738
13491
67201
84885
29875
9787
71320
95661
9034
95591
95970
18202
57968
40373
23280
5078
48621
59400
94344
25077
47881
18863
30052
39216
97124
62828
18285
96
48949
76924
70218
27985
54250
63807
91362
73160
21079
74034
54767
58683
11999
1832
18238
77225
26171
52172
7444
59491
73706
60122
88813
79191
69121
8630
30073
10869
37269
11186
24698
1617
23586
89737
49431
27909
71123
77148
56131
46706
85661
46990
44551
17855
37597
5400
65234
66974
80860
72773
86388
35488
98592
89019
89579
6838
68917
67337
99056
2749
42370
34701
60612
45752
50427
64607
14611
73871
24468
61448
1267
6453
42151
95922
28157
33435
1297
22560
6839
95516
26953
11724
28129
77455
21151
61652
40944
68268
63512
86123
80968
30159
22835
61192
86603
95817
82229
75980
82218
16231
24482
68562
33363
7018
10589
73771
49034
21040
62330
85400
6186
63055
96324
5765
15003
75062
8264
7734
12230
42566
12371
48384
68595
54325
4228
92373
79054
74643
3701
74456
94436
83444
20889
17901
75460
7281
13121
47997
31553
23329
9088
87646
58623
73677
54281
60730
3870
50469
89760
52932
3101
41031
63637
91296
39429
92386
34196
49648
41650
55922
80850
33332
89480
19578
23795
78949
64363
44588
67143
87137
34467
2440
39889
91199
73576
29921
97811
9648
96947
3752
18068
70107
76720
32446
91362
42101
79271
51482
72704
78967
46741
68085
84225
91470
6163
34112
17662
51893
36187
95631
71867
85044
35316
89621
92704
42668
10930
75622
24615
69752
63312
53412
29564
77001
89502
89244
42062
95581
45833
85523
61916
80323
57292
74217
83690
72023
83656
1757
76620
50780
98349
4151
64908
68992
43347
91203
3247
55313
41431
99323
22883
43550
48987
83112
38171
87695
87985
47914
19151
32957
87825
51365
3033
48770
46152
86304
65737
28786
65532
92399
30500
36285
38969
77389
16155
60485
13049
52702
4758
66055
67315
1701
18099
58476
82388
45982
76755
66555
6293
45256
22976
45081
25364
42987
25950
62286
69464
32912
58147
88855
22666
88077
78168
48366
91793
1773
39696
81602
56771
6913
21058
4142
47102
92988
6611
60200
84763
97558
67921
17341
77211
57204
34338
53449
80155
65983
54580
46487
95637
33767
73349
83717
63109
67039
95734
74221
92715
55523
97516
63974
39449
69061
56628
6443
5619
58041
86314
38478
39806
83260
40403
75513
31837
76923
80200
72436
6769
21376
8494
77618
49313
22916
52772
48378
79125
38692
39858
30751
29655
15194
92904
66289
10486
84676
99141
57432
15386
97098
28666
72196
83753
39836
29618
36568
76648
59546
13803
74161
54738
11083
73210
16130
37112
62845
73350
74935
2779
36470
33181
44996
19982
80866
87036
21890
95739
88036
35636
13894
70360
95247
75549
12832
75898
32119
82399
29952
47929
5027
89708
17348
36146
89879
88555
77344
25726
64801
56342
89201
18635
93590
85008
44321
66923
51516
11383
65015
88314
22175
73775
63055
67008
97629
65750
44083
67113
13944
32009
28691
48227
71309
72206
64770
28479
75085
16829
63220
78909
93683
86064
43516
46519
16558
66322
47614
49163
26919
40564
52461
76719
20720
23511
15501
82354
99210
90473
99901
91371
48242
84429
79898
60054
20832
1204
80012
35333
89685
98883
90910
5700
2191
79136
99991
88523
79114
31377
72247
40559
87410
84403
41576
79068
5311
43918
9791
53115
60538
48235
58253
80555
14311
74638
71646
73090
6647
30296
55594
90912
18208
63402
21541
99861
93901
46363
42560
14263
6120
79845
21648
2043
50305
28632
39020
76190
543
89572
45176
5464
99578
21216
6779
16768
39039
38487
20190
59958
88772
94391
72334
26929
99674
84687
45770
57890
94512
85165
86477
57813
50918
84720
756
16086
90932
59226
2411
49133
28050
72981
61689
76993
5520
1558
52485
26638
13534
1451
71864
87261
55991
38752
54634
85005
11249
44282
47568
90808
28119
6547
39952
40176
42796
83424
32498
87095
53191
36877
68366
29672
39432
87468
20435
89359
10684
11249
49216
42442
254
81626
50216
60402
92563
54108
6917
65831
57797
14523
8100
76248
89974
53298
89878
94502
51710
81609
50969
62713
53980
78305
81177
19922
76816
38446
37240
91672
13502
34328
53965
35426
5966
1973
51904
6444
33664
22432
46540
74677
60357
90806
18646
40276
56189
71938
75794
18335
47871
40674
28434
36774
35822
15383
41736
9514
43015
95828
31551
30826
50991
68910
1423
68709
8514
64285
78849
69814
69062
29001
10184
11711
18042
7688
39246
18907
74606
57618
78901
94563
81974
12198
71825
97749
57822
41732
46909
95997
99465
3171
21932
18826
35208
43890
25149
33082
54306
1901
10989
61545
47488
32002
1155
9133
27052
59184
28249
10846
46509
60969
54182
52040
5983
14662
9878
43725
54890
70107
58078
70287
69351
7506
54708
83791
88186
97964
64823
7717
41857
39826
87375
76640
27657
80905
94610
67330
74495
57904
37623
12788
63980
24100
66049
71319
32778
58819
2986
83651
14970
56087
79536
22068
34643
31764
63653
72444
84842
32801
82368
26390
97511
60371
56505
94325
25080
58996
29487
61273
71609
18537
26764
74988
26303
64266
49320
714
10359
17706
56562
37342
85378
54693
29732
56227
22996
89713
28400
83759
58171
11059
31718
12421
13222
20671
74183
62546
76880
91014
23006
42055
64312
9381
16411
92636
52585
82495
44857
64232
70321
94661
59470
79901
46985
22700
56567
37767
94645
96613
93429
4045
19221
62438
25985
62615
36355
53949
57372
9970
32032
84594
80022
58047
17070
70088
77709
77171
96197
92026
9676
59009
27346
52212
90024
51583
36246
26747
61078
49961
42085
72133
18305
70496
9983
65121
80986
71812
84910
16302
21639
60486
55282
61667
88712
48601
75301
45933
17557
9204
7294
96023
97989
22447
97226
88917
60997
41023
60213
11426
53332
67448
33797
51015
87963
63685
43956
58806
6519
54941
36102
72703
23711
23257
51562
81074
87916
48288
93412
63917
49858
19214
55558
51648
16713
11542
10002
95557
6383
17552
65366
98708
64625
83959
42064
51762
28110
71030
81594
62432
153
17425
78718
35545
73310
39064
79542
83556
44829
36036
77236
56909
34420
10377
92927
64569
34270
72809
11719
95037
20782
89710
78701
28957
26640
4102
87493
68924
36960
34572
64175
22134
10775
99425
44694
82719
72853
28265
95584
72436
77215
60613
76146
57617
59969
56701
9569
15455
45037
73174
25473
6775
84536
33675
85148
54469
74210
28040
22590
16890
34509
14851
17776
91865
29660
23129
36534
75323
6298
26238
92796
86522
92623
99840
87741
9974
46072
83393
48094
12440
84320
24633
27574
42902
94781
26485
53929
24137
39354
25805
30597
45234
6958
41816
1146
98886
87656
10875
95388
74726
9440
62541
62285
39522
76712
32108
76722
87386
60293
58386
95473
9525
9493
13526
56843
57154
13414
14113
83578
83389
25391
22385
48411
96316
36116
39565
2752
82346
87076
40760
74605
27801
22411
16946
34883
70637
45823
31747
98018
35133
99137
39868
13278
91587
25076
53258
21757
13805
65950
84231
53200
19366
1554
719
20580
22786
28397
67285
61951
80476
8209
36530
24874
51238
39518
55603
76457
82925
12848
62744
58872
98426
56299
92633
75022
24654
23417
86259
61435
97795
45473
18174
62683
59569
49033
3330
89238
59322
77785
71438
26159
98189
19753
18642
65391
71999
78754
47889
67929
56860
45435
36866
2396
46556
78246
70999
20870
33023
81503
89969
80178
17785
20497
22190
90761
73868
47467
38013
31177
21983
2081
67600
23114
17642
70627
26516
44930
70228
55748
47038
63007
55082
40856
59897
28343
85704
37016
50907
95942
29453
32728
91535
59203
60222
67193
89455
50036
792
1339
50401
90585
5910
87631
83991
49229
58264
46553
79260
52113
50193
65533
54072
4761
54302
28894
9261
71047
94669
37064
52611
66299
95185
92688
46953
83293
98085
42022
86545
12867
95731
99615
97127
50779
55696
72702
90163
1377
5754
30625
44482
56560
60843
29890
54624
79131
7917
46309
60360
2355
62
12840
36313
92142
81093
83259
1050
16371
92052
84284
56426
89183
77372
16372
64327
75056
21862
88500
63323
75984
77272
36124
79019
17853
28679
61335
970
38332
90161
92985
54936
83930
34930
73684
3009
44251
23573
77131
31897
1720
84638
16238
53075
46695
28669
47388
37847
3266
3505
47146
53278
79358
20054
97830
17817
55942
74897
92933
10669
47569
44876
38362
45708
8926
58690
56227
28538
87156
27479
85174
77810
64969
45108
22324
95847
90977
14405
44280
17497
80873
91212
38864
94469
20107
37309
8895
72479
30625
43784
96468
8639
90172
53594
54027
30715
10050
38456
78811
18681
93095
93069
43189
778
45239
51680
92435
65983
15191
78354
23783
42112
2182
75339
51267
11712
28699
33870
18321
76668
5209
82728
47061
57447
37995
87403
15560
16124
97534
96121
21231
87156
12289
431
52980
4770
17218
61870
84893
19311
20928
17593
73514
87299
53181
45242
88105
84304
42518
54320
7724
33085
32923
17380
48438
69161
40581
28984
29473
48059
95947
14631
31433
27126
17885
36885
32537
50330
8314
32170
69767
41111
22655
69396
23520
52097
28316
33593
3931
9808
2494
24276
86448
8960
63847
42134
4669
57282
81886
72412
55864
89036
85410
34755
49488
81895
99889
49403
56511
2203
98320
69536
65537
56901
73950
99495
56737
64645
58172
82353
44823
53831
89005
57620
59679
16471
77486
90215
37943
58847
48322
2121
29602
14241
40399
3187
41623
39029
70331
93453
35265
75936
6050
20004
79155
47673
21575
49347
17400
24311
97831
24553
67073
95892
19260
77070
10328
78487
87266
37909
40214
92373
72686
53851
6349
84878
6974
45366
43544
9861
49566
49106
87230
774
44780
75504
66849
10518
77993
92659
5003
86898
94354
17482
41365
27834
28095
94637
53779
66114
74757
22832
17156
66877
34164
15426
22809
56763
2227
27983
48081
92753
37721
93203
74668
644
37597
20321
61491
51022
57057
26853
86890
32088
22279
79896
52754
54011
81720
16520
27015
76585
69479
622
52709
25480
63176
11354
55195
20679
5376
85541
64021
40998
93593
32020
82467
57730
73513
10037
80586
97392
19315
63353
41433
87738
16953
5793
45286
45835
99571
2699
47249
12620
83342
67902
79688
1733
90885
25786
62962
95288
20306
99839
91054
79613
22398
48090
85071
96909
37418
62955
57558
37072
61007
51791
78815
3388
42679
84006
67783
15242
71641
44733
28105
56410
34236
40913
35304
16332
71173
82512
90117
28755
23967
68197
22312
36739
20076
11075
38001
54530
18020
91251
23312
86621
10948
23868
40293
7527
55207
67338
84874
21650
92887
59342
95497
12099
56533
25822
87649
5094
30249
33971
18654
35541
40165
35588
23700
75277
15104
57365
30630
78780
39935
29852
1680
11949
14648
82533
82243
62838
30312
85684
8275
47567
87442
45623
16722
4641
77508
73418
76624
31393
8855
85359
65569
22027
94430
56614
86205
84081
45606
84559
55875
41013
15611
94397
42684
65706
7489
86019
33981
85536
92437
47926
87374
71155
97140
96408
14492
37135
16181
46823
14233
98955
82464
38136
73502
46772
91456
5463
44325
37975
61345
36629
962
7146
51857
80172
59634
32478
83311
39975
29424
98848
2454
67767
86165
66202
87809
27014
37325
65202
33805
20196
82100
65344
55128
74915
13478
7057
43551
39629
4484
85537
70772
32508
81675
23685
7683
2454
87327
37776
55481
94596
34112
95324
55027
38868
54813
11749
13162
35528
10831
58437
19265
28059
69516
26570
86051
30185
68203
73510
73454
60858
90230
57376
36118
10382
52225
80962
95351
99816
48435
72527
15520
58812
29394
95662
57716
44966
8146
38789
88582
13318
91634
2175
36368
15940
50350
9127
18332
86545
77457
61753
57240
36100
79288
1399
57638
26149
86019
19449
61505
71897
96809
52855
81165
4230
70267
28634
97670
12216
9812
61218
92278
36856
98231
79546
31118
60425
53425
10531
59667
17434
2630
58847
7415
7624
35584
4020
37933
93993
92958
57041
79854
11007
34206
30164
35911
63263
41742
50441
86358
88503
93813
93559
77500
10152
20422
45674
36575
67373
79027
60856
55285
33545
52283
3778
79336
63560
50815
64782
48270
24574
60866
30001
88273
55979
27050
97258
15689
31353
29398
35072
7359
83016
64547
80673
97399
26421
20360
20614
4910
27911
44857
49203
37204
50285
55012
47285
85716
28859
48476
10868
60308
12670
57601
54412
18150
86418
5910
20119
48363
44936
41534
99110
21193
87675
76699
29652
51238
1774
97407
26713
28638
83467
26877
43659
57288
58927
6915
29124
10141
5800
40112
28822
88682
74818
51965
97202
7353
2287
85183
99928
68855
2445
12717
4159
30762
42266
45473
22009
84685
8432
91977
74874
61150
74664
19923
81811
68714
87048
81452
44416
59224
46483
2073
31718
66371
64539
60874
85856
18517
83996
20008
54692
93653
36454
35909
92295
4764
68190
70167
13088
31316
11979
6262
26092
73912
35095
87044
31993
91739
59772
39501
32814
34817
59865
76892
10160
82871
35918
16696
96375
80420
83293
54974
89091
18521
7766
95390
7152
57506
54257
74392
51046
60153
94183
3811
63081
13274
86732
6423
86177
16607
95782
1224
9011
54572
96414
5970
39194
38180
80491
45393
92785
62913
25016
91737
14508
58567
71830
19640
66703
71788
12541
95121
88464
43497
97013
91146
67680
1130
19119
83339
81530
68008
19912
58366
61988
74411
52467
33386
46259
69539
9713
94864
25911
10654
2642
26598
60361
29962
8085
16682
76695
72961
75590
11654
79601
51296
20516
85255
47563
68296
43284
75781
34906
95008
98965
28154
83247
66734
34155
78157
26505
26031
40532
95488
86257
36464
26381
87897
72150
89558
34066
18583
40644
50824
67348
73311
82024
74530
22060
94313
97141
27895
25491
62303
75253
31307
94993
59812
67342
2754
83872
32984
31097
25466
3816
92173
76563
59295
94428
71841
83779
31837
71936
38438
21165
61039
47080
465
94291
56026
89267
79251
13334
67641
48091
38846
39601
62672
10420
65975
60805
93711
55459
37392
55660
67000
51237
38316
7433
91695
78639
16342
66395
59418
72767
3585
90412
56251
79279
27516
3230
64214
59167
33284
60590
28809
36267
97547
62323
27291
44419
16742
21211
27702
40915
41556
64628
63372
30529
72511
52644
41807
91628
15420
90301
17956
8704
84614
80158
53472
85787
88681
40308
60555
23679
84576
75456
4062
75818
58076
7345
86853
98542
3823
71255
38085
25024
46252
15352
76516
62408
85644
28525
89467
84251
3224
41565
52753
57931
3275
36699
5347
73852
6026
30415
92570
60399
43838
68079
57390
43648
4789
32812
7097
87222
11920
90289
85706
78148
85320
93338
26381
2378
98277
87264
2337
73394
37947
61815
18616
82779
10473
11510
28396
19468
84807
37645
8745
21433
49972
99219
25448
83360
80881
27209
79291
55160
22823
34338
15637
44742
92992
31802
73817
539
42810
84802
63406
75341
83313
18958
91324
49933
21822
62895
65382
46612
49999
83423
79998
70551
77743
83654
23988
72288
35192
28741
63605
84232
39829
15612
37463
84658
85242
88020
89800
41405
65356
97013
14930
62307
76255
61278
49459
84190
28887
64754
47504
99998
16678
54030
24442
51190
29424
11230
33018
90138
32661
36009
92748
32059
96064
96546
80641
75213
11091
87270
23037
47215
78432
49684
93758
87846
42129
23704
49181
37141
26316
72553
43731
22637
12733
33657
20149
46157
59921
88258
30478
98690
2651
25247
60642
7039
30342
79415
82616
12897
73744
91833
80132
32703
11206
76082
79945
33360
56792
97716
59004
87213
24236
99839
54673
43454
78951
34900
65349
11223
9132
26910
81373
4958
7548
20741
21578
37538
67675
3724
63546
65161
68572
29366
5438
79856
18342
90533
18263
59851
862
24232
56546
4086
2828
91729
76519
43735
50518
44866
86129
950
33965
13358
34750
7086
14728
97407
732
85501
13321
71696
29079
65425
87133
26930
49962
35386
21229
18996
35967
74374
16422
34771
35791
13388
17907
8263
48732
94720
79005
54835
60188
87346
52804
5890
18161
7488
23597
19605
79939
43776
47133
31064
63148
66103
93638
87460
44896
41513
76072
54255
78497
53592
73937
54478
39351
83490
34960
92310
3060
40402
65680
38429
22875
91791
25286
84996
87315
94881
76712
47371
42924
91825
45244
21056
84816
4506
66352
60090
88182
4625
61465
26341
45249
28793
34573
21048
56871
52767
78529
53469
28404
5711
82620
94624
7718
94078
83373
32479
82373
11338
561
32433
95504
11464
68902
64506
73877
13931
86605
94403
53178
31359
80929
41322
44628
36342
56385
4525
74887
8010
26623
33350
80426
89656
38058
88859
27225
24169
19228
4758
33653
92897
52812
62247
67446
21352
35359
97272
28336
22904
29851
55241
46412
93049
98299
54556
66715
47598
26859
43082
79527
22621
30359
62375
30566
88623
39389
12864
48883
91151
79469
14128
33741
64332
17251
65846
41425
52450
58447
87328
29034
88870
17520
70077
46785
58577
88404
82553
58145
7087
63175
9409
65639
4820
58107
87454
36730
44113
39517
49739
86371
38513
68442
51085
65122
88229
97045
18153
79033
90225
10694
35859
41786
82616
33110
68022
66194
94530
72216
60736
56319
41803
91770
11278
8125
43487
28069
73325
96980
86849
3744
95293
96516
63707
63218
41627
20568
74456
74850
76443
61947
68451
6168
80060
42328
97186
11700
17815
90669
14351
32003
7980
35075
42633
78102
65057
39635
34801
21797
64361
41411
80591
97669
24500
38861
83971
25517
13317
16516
18179
52810
92338
57173
75912
54602
36752
31580
4444
99185
19027
27156
31090
23681
9451
23326
67200
68052
34809
46257
24544
3439
83014
98986
60606
25269
62620
10109
46925
23966
23804
95731
31331
7911
59
53174
12377
41234
48233
94946
50423
64472
7295
36009
29065
79063
26293
37168
58612
46008
9719
14449
78297
99690
28235
36268
84112
7340
34926
50543
38998
96230
16478
54855
74989
32775
67201
50143
2187
71384
35941
92552
69677
17878
66163
58042
2176
63515
94264
50656
56803
1297
38644
43700
35312
44714
12112
96167
98547
91202
23580
39078
31823
73177
36852
52561
35898
22975
80771
58945
28555
28668
32107
41321
6894
60182
25687
93147
35258
77344
83386
64558
74446
47578
22672
75390
5289
80407
16630
92356
13680
70776
55502
28901
7560
39936
81966
34415
27567
61221
45947
33851
64448
96578
81194
58717
48452
24780
91964
49725
43375
43368
24868
36272
53083
86676
16370
67256
16589
28744
66467
74059
25266
14237
55395
15717
74858
47541
52111
41026
92884
73699
17360
80317
64652
64730
91757
21510
86460
86929
91642
69475
26400
52051
19144
59938
57497
47228
98173
36979
50759
36437
20729
15836
40222
94645
26958
91745
62308
84461
19874
66070
88422
2872
74527
5161
79633
18830
4583
14663
31783
22677
51820
99801
24312
65331
87536
8404
9159
80694
51647
94342
80905
5503
91690
87232
6297
83731
1784
99839
22761
3427
41693
95905
15124
82035
91156
98003
19470
74302
75380
7883
29571
42907
25972
45794
27814
26377
53708
45353
80735
89097
57910
21535
93857
18477
16582
36719
24946
13211
81959
70231
29066
18362
14417
78905
83299
36191
99451
30260
14052
89160
39194
81863
8528
16208
54589
67696
83449
8776
97831
64908
35423
3164
69388
20815
45739
19934
81837
87090
36479
65282
66503
7115
83080
71088
45280
29033
11602
62322
60420
84763
6678
88034
59755
5243
65953
55919
50124
74482
34925
490
10571
27255
45679
66597
61937
87195
23678
91917
16075
9236
70286
61106
53031
78729
89970
42605
92563
6976
8925
23989
99265
60822
82831
9128
61433
85684
6298
66110
38258
31247
44067
98782
13306
39214
26459
41908
51430
74081
39438
44123
6497
13123
89901
93177
52610
58710
77153
8574
45737
76062
60328
44120
17360
55800
43444
38585
82408
43804
92616
55749
85342
33555
20796
98991
65619
31199
92741
27949
36074
97000
96042
99063
56757
79040
38581
15919
17612
35296
63502
51169
60621
44198
96044
80303
12390
47614
33684
9366
45108
43572
41634
3124
47310
92671
89604
52537
63507
99867
16677
31063
46021
62364
31266
22573
5858
33197
83370
59451
45791
24923
11385
43170
30543
87692
8474
92402
74219
18758
71577
65305
11424
37506
26229
64924
65731
62325
88841
66381
14352
75397
98031
59764
48511
74292
3210
18350
66789
28114
43120
63024
35658
97518
50203
18535
76304
54053
69542
17885
25153
65705
78557
72665
23756
61028
64168
65030
78831
84945
18573
88320
45120
30052
75347
52910
99517
58037
48511
38299
81125
82889
11092
49805
99616
98697
63059
60926
66981
19151
5980
99014
46359
30898
70178
26529
46911
11454
45828
2999
43525
75715
66138
67687
83600
65654
5901
18103
83359
89978
9702
19511
97022
59722
24469
79697
97752
39780
24214
34562
63748
42801
82407
94537
66954
81803
77442
87478
28950
87947
55988
96093
21167
18078
8777
78571
41407
282
86344
13342
5337
5148
84529
41119
51250
49292
83029
42757
68398
82783
22829
22822
38092
3628
74296
87429
21301
42749
30298
10997
76002
28709
3825
14639
24535
44098
61484
73598
33882
92077
3737
7227
89339
60561
89212
6306
97252
88394
91774
37202
10887
55081
24561
26111
19001
66125
65686
70662
74066
71791
95668
37406
42059
72379
77084
77714
31888
59163
42853
93798
60718
44383
93178
54675
41370
46065
76199
57216
88789
74031
68812
11748
89741
60315
49178
49442
40646
7104
5961
83501
22068
9289
68481
67409
31818
12773
18088
98735
842
9705
20868
19764
92512
50596
1443
32183
87697
6417
84300
89405
70296
32353
5811
85087
92985
90019
56945
19424
49026
85084
33885
44536
11482
16845
14361
89725
37936
77762
71723
14471
1119
94864
88829
8748
26239
64271
59755
8761
12130
53428
1647
7008
34846
80056
7895
97130
31794
26567
12809
69123
51696
11671
15969
69309
63799
40681
54138
40662
80915
32579
59694
32053
46295
55614
95341
41177
94556
1915
81943
98293
29539
71056
69375
64472
1076
27736
84235
96652
58761
98213
32882
94985
61546
68986
22697
42376
65777
91328
57332
93269
40953
79793
97622
67080
10311
44366
74791
43366
66393
13617
99558
28499
25179
49902
87870
35890
67827
2570
39112
96718
39299
50385
72454
88897
894
59917
54576
67072
22222
53263
12310
76302
70005
92614
38444
84494
41639
2031
61074
57613
98038
38288
72477
99844
61635
40206
49379
66550
50540
2251
42720
42988
10262
91101
22272
7495
78359
41719
34511
45254
34175
17121
24734
17926
80204
35487
85463
57511
81465
64978
61982
60115
92982
73885
42814
62977
85880
30089
58766
8907
71352
98730
38745
93265
76080
58574
41106
95276
88139
75456
62952
87195
3879
54924
12130
9638
75725
31225
66024
70533
27918
11678
32141
44879
77085
13843
71615
31245
64509
69280
99903
47803
828
31840
61380
47025
29460
45367
66902
55555
31792
13577
26934
26694
77859
73052
44664
22062
38677
92403
37711
54996
25333
33672
7032
12914
92066
10106
3576
87861
67684
58471
78136
21477
2649
67093
63582
94745
10307
70653
11063
17106
143
46932
28202
46775
54807
81847
29832
834
77778
30674
26278
83633
91271
99028
48926
76791
98886
88991
89269
4413
68768
68688
98054
39393
12232
1484
67283
10742
43921
48361
42618
14147
80687
49023
70494
70891
85796
13351
92126
88784
89240
44613
35898
83855
57788
93115
28299
99744
13438
13742
8304
89602
97510
55158
4206
93206
43330
28906
14467
7572
75317
56904
51994
59209
12908
77730
93563
71496
42732
63403
85347
17668
25742
87803
73886
36280
88224
13179
23597
11365
29381
49925
20340
77667
17344
94613
39170
94217
35702
62216
78878
37454
90061
20676
71678
21955
16503
13116
17187
60049
11104
47655
85887
27765
73936
93955
20948
31045
54668
99368
55396
28330
76960
73819
33236
29019
1974
10723
78746
60991
99698
59692
28843
39138
2691
19520
26884
18835
32061
65225
19436
45771
7535
56299
55908
75625
72065
55981
11194
62230
74958
45982
43124
29661
99511
58923
40011
20437
4483
54349
86299
86850
59917
25888
91573
3801
8121
50237
22866
55709
69107
66996
47953
55045
45613
10183
3041
69593
8444
64967
19895
60650
22330
99109
98605
29872
29408
3445
15845
73178
44535
10977
18862
13913
31102
56042
9347
68614
4612
83294
38964
40152
51576
47623
89700
94051
39484
21055
54588
20591
22765
63774
93190
31026
85826
16223
41
80024
10397
75679
40934
34469
70366
11898
9184
25439
64618
57024
56411
6090
8155
73766
77266
53697
23422
95446
41315
19016
13844
77828
85711
7062
18295
17503
58558
4135
77794
54281
3289
75796
34913
45273
98146
53362
86443
22853
71588
7046
34669
84721
24415
21312
47371
68295
89842
29715
46222
10458
61212
69097
68823
52741
82615
29867
2964
78800
50009
69071
54775
25724
54385
88301
61790
49081
37417
16217
2024
5715
26037
25443
73493
78960
74687
61331
12022
98281
84662
14421
25722
30344
52008
69963
82713
36245
39479
63445
88726
12475
22577
29563
42054
38626
16004
59869
98392
4032
85157
12308
3079
19907
95625
29254
24155
11228
20657
86675
98030
86071
7813
44910
59736
36066
67381
9010
16886
5964
27093
27888
9886
35144
52137
87982
259
6968
69817
62402
50119
91039
87413
1194
20712
79468
31959
23068
35823
74851
68032
41343
93123
73730
17336
97769
69795
51572
39921
2454
48749
84444
41248
89663
86826
85594
95396
51380
12740
53588
29268
80079
69474
88292
63237
44242
43409
42863
22051
96912
55048
84918
66637
81844
67110
51339
69896
6510
82205
62362
33210
30728
23011
7505
79733
99125
73403
87070
15060
83668
32230
51941
47798
29502
81918
60301
22549
83482
58879
11864
90797
56018
51372
10082
13212
32959
54391
79804
8314
50903
9292
47833
35561
39880
79974
59374
43588
31463
75227
20267
19241
98320
36291
37495
92232
87166
97974
53305
56706
94204
45727
43798
46186
33148
8077
59590
90791
93644
84865
43372
81318
11921
11054
36690
1400
42250
75984
14483
37543
52775
84759
13515
62179
50116
81227
58719
88353
11708
21814
9614
198
21933
20101
97406
45105
58904
51610
49875
41318
47625
27843
7864
40523
74738
75790
37224
40997
19092
64558
19988
79736
89839
69375
37142
38699
51264
76578
97176
94260
8973
24323
3638
70067
25257
51050
91093
89338
77969
64841
25396
15893
19892
85657
67422
88537
49054
95532
32930
57427
68991
47693
5061
55266
97713
18343
8095
49910
20691
91029
71279
14671
64619
88259
54661
73087
75977
1429
55523
89151
1679
72788
95388
63660
13620
26344
71051
94635
26627
31822
1808
94908
83410
53793
49424
43576
3299
55304
62565
96074
15851
82819
64956
72071
82931
34697
90927
74612
76669
80031
91542
82121
55770
16720
98590
2431
70182
10805
24931
48733
19573
35337
90076
30255
78042
11893
28418
99049
19564
79324
24332
78638
80601
73166
75143
1435
22839
90752
44963
99970
26657
65869
83372
31952
7609
70183
37889
93088
7128
58600
85224
18952
20061
48048
34729
59780
19917
71040
19828
82580
29450
29122
22515
15455
83434
3392
63510
89193
51632
41184
68765
63316
32269
96749
63998
10312
39934
16876
86069
58764
56300
83356
77554
32129
59022
12862
75123
76670
34219
22003
45807
94097
45096
8328
44513
68202
12279
6789
57241
39853
46082
41655
17812
4041
79498
7952
16928
51331
29584
14341
34856
18324
2436
83120
27834
11374
30983
30307
62709
63349
54738
27351
60103
51623
72438
1518
82099
89223
36697
23203
8520
11939
71752
85048
54555
43916
21676
82498
30561
19188
66067
77796
94032
38655
32671
64316
65233
95042
99210
96707
73749
35029
24242
6254
14048
71505
24990
24725
85946
22349
8242
7960
67258
65100
5462
60558
52929
77480
18321
24258
20657
77067
47812
12943
61603
72410
15921
64409
21087
40516
40713
6612
85945
16647
20419
42893
93601
91024
98267
343
26148
67576
52476
97255
32774
6140
1481
20813
52152
38530
29350
51180
22005
90063
3217
8216
23475
73002
52189
11096
46148
10532
86321
67497
77360
34214
77839
957
2497
87768
63568
88325
98998
64093
15721
89770
2122
85347
70453
40392
27085
62287
37637
19079
82978
12015
44978
50605
16994
7896
77465
26932
67524
32276
14919
5119
81618
94756
88332
46948
73998
3699
75880
16244
7311
56706
22400
91880
6023
68363
43855
34139
64127
97122
65617
14986
28682
41366
7220
36623
73625
59988
39750
28028
43853
53935
93997
45399
10835
25830
69511
68330
48829
84606
77228
57111
97206
16715
95551
23261
64571
56157
11393
31058
78620
15608
5540
8758
8149
87836
530
82297
52781
20980
52328
38607
76025
37747
82860
4825
66512
83258
6112
75751
23592
45647
96867
34941
69632
98003
35561
46400
33365
55956
81356
17333
44969
17936
11753
80360
83343
12354
19079
57486
53680
81678
58404
77928
2331
10353
68736
58554
63104
39661
15981
41469
3738
79854
12344
50102
48114
61262
64876
23878
80756
92377
63583
14405
80823
81197
13857
6645
90160
55375
66139
15915
73268
84977
49261
36428
93194
45346
17718
90748
96206
30408
35584
46610
50850
83581
69682
74004
54428
52628
76417
44235
87685
11345
82061
49788
73157
14923
48989
85962
59704
98912
42913
69587
19088
22468
7285
7867
4403
10708
99718
55284
15915
79209
49379
43862
99874
60209
29367
22237
57669
374
67671
75673
23057
92380
16747
56016
63958
23789
87361
92215
57222
69136
17786
44005
93139
2251
125
98996
5703
50622
28986
21422
8907
76914
31274
6660
43788
86387
27104
78288
87657
60973
75763
75494
93536
96556
94672
3037
27040
39611
42249
65891
59094
49790
98866
77545
13149
57985
27632
26324
67804
6113
10223
13310
8118
23959
47399
93644
12278
62051
93109
92659
25337
71853
32222
74597
23784
57945
4677
32547
52009
33937
34104
78839
95983
80752
39854
31838
14709
10011
6755
44856
87958
39354
81240
64308
29120
2328
8170
11452
16861
93597
47449
10545
44491
19750
39014
58159
43723
80517
7377
69898
11538
42453
26646
72749
635
37387
75680
49638
29847
3574
78759
10478
34904
22467
7479
17117
97628
47221
60736
61398
20731
43575
51523
44810
93692
27162
42235
72807
92593
52824
67565
11953
84988
30710
68374
44918
79638
74054
51255
36006
39112
69895
91373
98027
3102
22606
95521
90755
62214
42204
52237
25598
1540
77068
14688
15
84352
89529
56208
91563
68233
9401
80713
29087
6772
36824
8223
84293
20033
42691
60049
30332
68005
86267
47636
95570
73243
7013
1769
41725
69106
54753
31061
58069
78672
29863
82305
66289
59231
78655
22227
11227
72103
51339
71210
22293
90347
64833
4361
30772
95266
42331
42785
41524
842
52038
87226
75509
65794
16994
25208
59825
13820
64451
65370
28245
76436
37037
64433
68695
31229
67970
54462
96624
12878
23019
4602
34500
89426
18176
36844
54710
67375
98571
13197
48307
72349
58272
32914
23180
99995
36034
2868
70161
83411
51149
66519
85785
62225
37131
37164
82320
65595
80796
6732
65016
79334
11520
66713
62695
68255
59952
51712
86170
41058
6696
15968
68235
91834
34355
72112
78251
43516
65868
79007
72013
11792
13202
12113
41517
65457
45564
83861
15776
37350
65441
22413
2117
27360
92700
18788
73757
57387
66230
11708
78306
7156
88377
43428
95023
35374
90527
74589
14019
79999
45198
38646
95956
27581
47166
74330
99268
52744
4636
94037
41240
27345
81816
33062
19865
76779
62797
5400
91808
45253
77434
99691
1598
94804
26274
79971
58168
27942
76129
89823
45043
56023
64661
93137
40892
15918
25034
85774
80153
24967
16297
43737
81340
33281
486
61955
63809
15511
3518
85101
12667
39791
94875
97541
57111
5365
32365
41472
89050
31541
1079
32468
62195
4359
39831
65165
16843
49591
73499
38924
13962
44472
93038
10007
16154
82452
55141
85958
86903
45365
82990
54177
34258
20341
31089
16637
95844
4055
22227
33602
38241
66908
79390
98570
74084
9929
27105
97913
84939
36428
57787
23531
68694
36979
74208
78631
41443
1723
99093
55298
95075
44269
81652
75001
41301
50028
26358
34611
13809
32096
87998
90754
29202
85335
31711
87979
80549
3452
84770
64819
6881
66707
57268
1854
25455
82757
40451
95903
35976
42346
61385
92302
40557
19717
7162
24928
98312
16969
57857
75537
5712
97583
19525
61153
47266
1764
26184
77425
96011
52118
71422
3089
82386
91290
74295
66061
95568
84202
62337
74836
22688
20714
24013
58785
28834
4843
30822
49184
65004
49150
16137
7822
56081
36384
1386
62916
73010
58146
91566
11337
20507
18516
33625
29487
493
33792
23468
89983
78088
25173
41208
39589
76302
50173
79448
31532
20213
30405
39311
47792
51829
55560
67302
82740
54360
97657
59755
31263
50965
89838
93159
86594
55178
56450
92129
31161
2121
76761
5175
22472
94393
32282
48174
92913
80237
35328
58542
34046
44461
97820
35411
58647
79865
20613
36242
40609
49423
74755
18901
1870
27820
60829
13684
6724
81788
2388
27953
97475
44155
89382
60928
4052
32804
2480
62779
94036
98497
79407
14194
28925
46646
6111
6249
35273
31137
797
61683
85860
55907
49075
80819
77702
91898
97680
94837
60673
85867
28988
53756
88740
36822
14119
21132
34197
92320
5291
42374
72772
81101
46334
54034
65527
65844
73337
98341
12578
44922
62934
84345
63310
89897
59321
49341
48877
9587
68924
77017
11850
47595
76386
75971
18703
38702
49073
37684
45101
36729
26818
53677
63740
66235
94861
36653
96559
99625
73112
70691
82682
90825
83664
13417
97595
88420
9267
79920
17914
16959
89135
45695
90564
45668
25297
68731
91112
69293
2671
19515
70618
78206
34195
70109
6654
41871
69395
3747
96384
13160
91860
67195
28672
61432
23553
27206
61901
84344
98499
84499
83494
79977
57014
61480
15338
20774
87960
24199
60571
56881
4875
96252
81652
18384
8888
34097
47176
76005
78131
29785
73163
76303
53214
62969
54436
80780
65057
27308
84168
41466
56922
75104
20468
94247
18495
18771
5798
2148
91370
79127
5401
5285
99550
90165
55999
32507
21944
81511
93023
47176
88505
51261
49073
51459
13884
54525
95750
80452
50014
20172
66617
32184
65704
31684
32886
31502
21332
79279
36680
89406
84235
52945
38567
60659
64733
36597
67432
24814
85074
2348
32960
76812
24504
59957
25828
10700
36460
83084
77344
70274
24839
92321
84790
98705
49680
13063
29977
11759
56858
14234
74183
82287
88325
33703
10233
50942
45326
10644
25008
64884
29975
76969
37179
21048
3917
25135
77295
29744
80719
38312
48284
42103
50952
89286
52228
10449
48043
60505
89471
97417
66050
55022
92537
85026
17551
10893
86368
44080
15601
32348
21083
33122
6009
61117
14453
40463
5015
67094
22355
25084
19685
74476
91854
95056
62956
15433
47612
5942
14032
29181
79449
29917
20724
93687
45180
26954
9999
67081
17069
1235
14525
48507
55447
94484
28109
87929
14156
3706
42365
34490
56254
14559
34433
38241
78840
16500
10994
26233
46021
62575
6080
28921
77891
15431
8197
93771
21325
93155
51429
32696
7085
68375
76493
14289
93962
97201
5690
57953
49180
77696
80205
22728
71656
78624
16094
84635
9185
84712
37178
44224
3822
44340
91736
33317
34902
4428
32607
508
50862
98709
58688
74907
97798
82620
14675
83955
65186
91645
69290
88307
32708
12163
38475
31336
45518
98035
67097
98765
20666
86110
8460
3498
53063
12161
42563
19328
65753
42727
98908
29620
75187
6429
58741
7667
65328
74533
81177
37468
90494
71566
74003
38420
39272
82429
8352
61732
14626
68733
93419
46930
60677
37910
78099
19418
52873
58817
50248
92905
80586
58812
38765
80641
12573
86159
31951
48657
11037
90037
17980
89943
48314
89714
12012
7055
67563
31905
61248
76032
80291
38328
12707
79027
19062
41167
73345
88103
57742
86224
14403
98689
46603
80757
95589
46578
14149
88338
34712
77249
41248
69079
2250
44792
46027
16011
81215
34429
36535
94037
65434
83915
68071
78778
41127
37058
3385
95227
34230
57182
5808
48455
98044
38776
84691
61158
4138
88502
7775
41701
49281
40961
75224
31602
35404
30951
7386
94681
74786
10690
81645
42875
71975
20942
22764
7271
51989
15167
12241
9895
69362
37397
93874
84078
91069
45877
10751
65610
30693
18618
38198
93814
17990
45172
87746
65279
27253
63939
36676
4444
14488
79017
35930
77109
14738
2384
97424
11702
59999
86217
96917
31135
17905
38993
5373
53939
9374
45384
77710
77897
31378
21504
94227
48995
63101
61745
34469
73280
9191
34905
8045
24134
76732
55038
31531
32744
530
20040
24583
193
12270
29614
16032
56452
87474
99979
87373
43174
99225
16845
48998
52114
2121
42205
24355
49470
75696
95130
714
92952
99373
38118
90962
21628
9734
43629
38314
90770
57817
2295
76914
881
89069
67025
19009
51718
60854
12848
55310
11981
21634
60817
88298
84578
99704
22259
32664
75986
8921
32951
20123
74501
84309
70771
58439
24465
30742
34919
99968
76590
99016
66047
99367
89201
25368
96654
11609
14881
11948
17524
40120
57039
37314
80100
4224
26349
85999
3893
46809
94407
87495
60725
63812
39543
7216
34305
31271
72910
73304
31798
98733
14365
45417
81242
61744
19497
66264
54608
57887
94802
45376
60417
11460
23909
49577
35924
84858
90382
40839
27661
24082
79265
92984
9425
23389
50199
97098
3771
66208
85535
90706
3744
76794
51695
10264
56366
2796
15318
45966
80787
62314
78355
29763
29511
2724
32385
5368
24756
40506
13660
26234
81713
17609
99942
10654
57364
34398
54775
9392
64763
871
53991
7539
3252
36303
17506
62862
7132
96055
57345
50543
7006
65777
44555
16996
32771
39145
67276
7037
99125
71552
26910
66456
20571
51883
93530
80534
47679
13611
75610
46182
41202
19526
14053
78791
60415
29030
50280
8342
96295
52417
1038
62777
51904
70396
18380
24443
89650
95060
19543
41706
90946
49541
11176
66171
60440
69316
11020
48325
17310
73407
66887
66594
66152
8390
61033
8346
63075
23391
40846
64400
31781
4253
12268
44949
96403
82856
89113
60602
35168
49666
86512
77092
43470
21975
70203
83823
68616
53023
69884
49444
77546
25865
50461
17989
38244
16898
92473
62667
9972
10876
60769
82682
38215
74407
48602
58323
19447
1138
14879
15706
60071
29447
15965
51683
73153
79806
73638
58150
61416
64360
31565
64650
33214
92101
86902
11655
8183
11037
69847
4505
66365
72693
19171
19610
65128
44559
86610
64395
14867
70198
39438
56276
92043
28702
1562
31426
49970
37677
59365
38772
64513
72493
72183
51919
47102
37987
72034
6436
90607
6095
35653
40506
92460
99961
58861
3245
13192
34070
33407
82322
70306
41544
11285
98477
69365
23289
14887
55478
61070
60201
88634
94103
1854
44919
24437
84696
10701
84594
61552
68809
91020
35611
2479
58709
25607
51008
44343
1811
99140
86109
19707
23133
39122
87284
49878
60184
9889
60845
14745
9487
8681
6030
96043
27726
97901
84494
1404
94471
69683
46972
7689
33110
53421
76320
90865
90505
74580
76075
44344
15851
57893
25751
98192
42991
78012
37621
36736
21761
7886
16594
11304
17859
56907
94099
52867
46429
46887
40718
66376
34534
77901
84373
99916
57805
67354
92562
70575
88877
76690
99874
1458
61461
91750
79920
96740
4285
19748
54512
28476
9081
64169
6455
31765
65458
65349
93135
25085
82974
28028
51311
33922
357
97146
13936
58775
585
99878
37076
73062
87306
49951
45408
69969
17483
94272
61750
25637
37531
98224
51724
92064
723
85796
95275
67503
98346
57306
348
93736
42220
576
94388
20395
66691
24071
69891
96757
28360
59579
48427
65896
3004
82668
13234
2008
13747
43965
15293
9434
36784
44256
50442
20843
93281
33208
13303
44405
76224
86872
71438
99618
60075
11625
50659
41377
12286
72702
22914
70068
29013
47837
38656
2355
65609
49627
2595
52893
36477
48305
47325
29109
16396
88467
3630
40762
62114
51132
80218
2590
65878
20216
2763
62211
33371
44610
4233
3009
55342
91208
60973
73933
98421
37405
47686
15314
80424
45803
90883
75099
14209
56597
10049
3218
83931
99956
61430
79918
74770
79004
351
88023
76057
69055
57280
9342
6713
29433
47058
92454
26719
64020
47574
28498
574
87076
71566
29893
19374
70008
85333
25618
6008
35086
20968
8001
83764
26567
21730
21724
60819
51644
61788
64797
98706
91706
87573
31004
81707
37191
36110
32973
51880
76040
96167
18405
42447
83534
11514
6895
41584
10852
81747
33492
71547
59862
62652
47329
35016
11141
20940
81884
84883
96984
41793
90051
62310
43784
47598
35982
28720
53519
29748
21687
13127
77756
17935
19291
55866
76107
40556
73641
23727
40489
73774
89856
44665
65111
38178
62526
46314
98545
58091
30798
60609
60050
20031
51663
29121
36244
9822
6652
9567
95383
82753
50233
72625
74511
64062
2088
86554
52242
67817
6413
44480
18705
5992
1907
3769
54661
59146
80266
7104
26077
2175
71090
66523
51839
98328
7707
89046
30360
76609
48606
9152
42255
89652
10020
55220
84693
47803
51076
8902
23352
10191
1759
78647
210
88457
60927
37098
26756
56118
96299
58602
75126
97154
15016
59114
63773
64147
10225
21962
82269
86925
5993
64519
38124
3935
40981
16349
73686
46524
66303
37607
80594
72260
44442
43330
85701
47643
57568
85100
31718
77624
12024
24431
5848
2267
41127
13526
36887
20952
55300
27326
82455
54179
68738
22844
5944
94397
18667
29504
74963
42544
97364
51194
19820
68173
61642
44557
66976
91988
15347
89359
64970
93457
80600
47798
21427
91897
80960
35330
59313
3250
37980
12133
84413
18955
38448
213
40521
93331
54702
55935
63174
77667
63024
65896
37712
87085
83926
70874
56464
77000
7519
92777
80164
92120
16658
11830
40065
24060
96053
50055
1520
27246
31277
91800
73631
78432
36092
54062
17200
42485
1868
2260
58963
5225
96514
89861
35460
5394
87300
63583
78244
33287
52740
94370
42752
41430
99280
23635
89980
86406
77084
86052
33080
90644
34711
22242
59062
63830
95219
69455
67817
92464
54169
3273
84307
20057
80645
78513
31744
38459
17026
14732
20909
10635
55564
34225
18726
52320
51742
71276
8169
25808
18874
92032
45360
89795
77767
78531
11188
7745
354
90661
75920
26435
39812
55072
96438
94100
86545
41597
3494
50843
42196
60329
20012
95947
97901
56885
76065
90115
29852
48573
56464
20494
51203
73631
52869
75978
977
90567
49951
42181
36716
80762
85138
80836
37820
90438
72809
91229
48396
2409
2092
91098
24344
56385
77655
24701
95368
54916
51318
2225
85835
55997
17151
86438
24111
11620
36704
39995
4810
45459
48220
68621
76169
10841
57239
99986
85817
13694
59264
60294
35263
73228
67487
8619
35969
28730
20779
32838
43090
98948
28690
13787
58024
79330
74330
95471
81977
13764
64971
37994
74316
89771
65527
89749
65076
12703
28513
42113
66323
93848
17157
58303
64440
27729
75924
61059
6230
46499
94419
89549
86054
28987
69199
13184
7415
20176
30352
51485
53969
78554
58388
22301
94347
10407
29155
88059
89187
56422
80103
53797
47934
84456
22884
83272
78495
48046
22532
56333
25841
93493
38099
84887
76759
1351
2970
43300
34210
15032
85138
91496
41537
89602
28122
47407
52983
9069
42011
6352
35541
23768
54107
23147
25187
64847
45082
26420
78919
11661
40978
66640
25448
71700
62375
10901
65700
595
9437
91282
98205
94263
33490
25863
47082
63217
7658
94700
18918
35036
71097
44916
4358
93375
93015
51476
10556
96251
80320
87547
30527
39048
17568
83657
53657
89226
3467
49994
85637
81421
48707
73954
54562
56284
57835
78844
78003
39968
79403
24377
19982
70828
89479
89879
2271
7610
2598
257
27363
40261
83432
23044
66475
86380
4879
51247
74521
82823
32645
85031
96984
84710
19400
34608
81147
23598
51801
23315
73665
66186
58469
64140
51625
14652
97849
95745
84433
10539
3038
40304
65174
63395
23272
91192
59178
80903
8160
35153
94935
18744
9644
40425
19631
94286
51862
44429
31054
5068
92867
8672
57965
24719
8308
33079
52248
62179
69544
90562
51728
87391
70379
50188
2656
55961
78991
63401
65660
1663
20560
23467
75701
93850
2271
33993
1041
83002
65208
96177
71644
99923
84297
28949
97952
12182
93159
58344
60484
83256
87770
25094
50222
48038
3433
90754
75882
66616
67353
42158
50382
84112
40625
24944
59289
81804
1851
29700
43045
2020
69270
40526
53609
14735
73123
78936
99411
45966
66627
65844
99825
23678
40966
44672
58562
61730
25721
75110
42131
84301
59213
64913
55094
59114
27710
42194
56882
75598
1596
66456
72479
43328
51508
25938
15919
4178
11608
36274
85739
66802
2180
98785
13464
63136
30409
19702
94187
72774
51419
74989
43486
83930
17692
23579
29705
52439
39514
44259
39782
58860
60633
37184
23496
19818
39733
1426
70059
73402
11646
9151
16220
65192
69354
17251
69440
79117
20262
61689
61610
74568
33714
62012
67727
42187
75031
6800
51854
5485
87898
68839
75669
45469
37531
73194
29198
251
98272
51222
87140
89347
80903
67560
36334
89284
98228
26495
20083
89027
79319
36441
18829
62674
7273
56521
50906
18208
46503
78343
44252
36475
76019
48895
76387
64356
30029
54394
72986
25244
6780
73803
92651
46103
74895
10981
6571
3653
79814
49865
78626
46871
17730
27607
37177
91138
93995
58888
78420
3703
72631
69566
98788
27822
16970
30978
78270
4529
30098
90380
61855
40526
75160
91887
45828
35590
96558
56676
32291
74337
84161
79158
80762
52819
73547
23551
8811
36211
89237
58627
49846
66709
24788
21536
29777
6033
40301
91531
85837
77941
29445
86301
14117
22854
84987
28505
52317
23347
5600
27416
59804
97696
64978
254
66986
20001
4903
87323
62994
15274
90944
5923
49640
23017
9488
79704
56801
67760
16390
31070
89247
80003
17861
49565
44594
64245
52391
3830
41518
25339
11992
93280
2570
77524
60624
8177
50135
73769
48117
20986
14092
33330
69930
31988
68788
79748
47035
62501
83941
53903
76981
2057
27070
15392
73776
76236
27261
78828
45591
32442
99244
3912
35905
38600
80836
49891
28746
61589
99496
48020
8783
5149
74533
9059
90349
17503
53101
76134
33538
27392
21253
92834
54306
4905
4714
51593
44493
15427
1632
26018
4710
11526
50786
22160
9325
12312
25887
2259
89567
54449
55628
46245
79850
5075
3479
60553
53321
3928
91377
83562
7986
97489
37672
38078
84485
1494
77991
70074
86614
67662
69524
61163
2333
29238
43485
65732
94856
87310
45624
52655
40561
43769
54613
52780
75717
8933
6302
76593
1513
67218
67971
22567
33425
70716
72103
20955
47984
55698
49110
5893
16139
1933
2245
86777
23913
17334
12003
34259
56155
18203
32130
56977
55911
4542
63264
20176
73851
12382
55983
72116
42706
78703
40622
2372
45984
55060
50940
78344
88951
47135
37177
88936
28484
18051
13226
16561
93191
75178
1
38167
46721
38526
74078
82147
92773
7957
15259
22922
51284
3832
97519
83651
61137
72757
28279
58578
79937
80769
63902
24688
49340
68424
14893
50412
85273
7418
53478
78657
62689
28212
59027
13432
72176
39225
84489
97429
12465
18251
38621
37473
71214
60168
36944
6300
59442
80167
12763
25921
14013
11681
15084
74888
27625
41941
48972
57790
21150
53175
71820
88936
16007
90265
73775
35521
60430
77437
74245
45066
46212
94475
37618
29589
98506
65490
72301
29972
78053
18827
33819
63096
17412
67116
76098
86129
11435
83702
83228
61045
48638
46024
96309
24697
49377
49183
96720
30327
42783
11030
2554
41506
4559
81851
41755
13310
25294
28196
57267
74048
80273
87849
14918
90344
17101
8036
37346
8036
91703
45856
96525
28381
56301
3160
99031
21624
38673
53009
45449
65745
64991
43863
66578
15854
19476
56955
658
60095
97568
2612
81247
78006
41681
5907
48923
21190
2117
16369
37648
82773
71663
60746
76560
46297
81675
36243
72551
8773
29878
61491
62929
97061
31198
19311
63271
51133
7057
53446
42445
19203
49623
87266
19286
88469
55501
54565
64486
34145
69621
77089
12270
67166
53229
43580
78014
85394
87356
54578
37356
39136
38716
31431
38141
60633
56455
69906
93795
93757
76199
97928
22808
50807
72292
90347
93606
71250
84977
14940
75376
40166
76298
4181
87664
31673
10822
57150
3883
88264
75598
30616
10539
33104
50337
25471
42926
31218
17274
54422
21903
52258
69445
88170
40078
17147
40490
22353
1779
1843
62015
49722
2854
89080
28470
57929
99690
38728
97788
85309
73266
21565
13839
40877
52176
8545
57174
63658
39942
62938
32718
62767
56669
14813
78783
47090
78824
59353
54176
93954
9840
28753
79081
50421
44500
85778
88211
73687
41354
84269
1148
37725
69883
75376
79876
16224
25649
31026
67814
80475
35825
43706
22347
66659
15175
7895
60675
73469
22491
35750
28627
91878
45541
68614
17862
38713
56338
78674
71287
40434
92569
91073
94345
25688
47186
6348
85808
17689
59496
68011
88721
20184
81005
59570
73290
65764
81873
36534
40168
69304
32521
40579
47314
71677
84345
99304
30573
7255
28231
12988
63838
38321
40201
7685
28764
92420
85152
22828
58722
86010
42968
10415
96004
76501
72848
78259
69661
99212
52074
99382
25907
60929
5712
90524
29489
95745
86889
58537
29493
26842
41217
91034
95276
79717
89831
52544
22089
50994
55389
3065
98173
64242
71625
77600
44028
94618
73106
53257
62819
89396
1161
17858
13165
94602
56834
59334
77539
47838
34421
81724
37631
18012
229
38705
60378
90574
36720
51705
45884
88563
39965
86616
89680
58162
26162
60372
70427
93495
82510
90307
27185
26722
21724
26196
56968
206
299
82565
14453
57259
25470
35635
77476
1086
78426
66791
50554
22463
45105
82009
13888
36957
34627
27748
57939
1519
16653
18593
16730
23490
85282
99184
59397
44808
91565
7873
26556
28926
71472
20468
31444
52439
84421
65347
59955
22121
81904
86347
45696
1843
35408
11695
67280
20948
37043
63721
24146
77654
27734
29597
80463
12320
1168
6022
28281
67185
61607
49744
8510
14328
96645
5036
72494
75001
54256
74559
65381
34602
78620
49608
8892
90716
61192
36457
39296
63199
59308
34645
96373
63276
76855
20263
92268
69967
27723
9465
50143
87501
6048
81002
88201
23882
89760
87341
53072
92350
51457
58165
65617
56655
54413
17772
41083
23120
98739
62215
15837
51012
90388
45756
16059
67835
81192
50778
48049
88122
17205
43860
29702
89385
76347
36354
29410
17303
48518
26515
59344
32783
46174
77417
77194
71022
78279
12128
96448
27273
29925
67587
865
70019
23940
21321
79354
54843
59375
25728
10214
4723
38274
92144
25458
58849
66201
98143
53708
54117
42412
55806
66023
24235
99984
66445
51840
33357
61379
8033
74864
30606
60318
70490
77328
45135
98331
9255
27995
12055
23200
29260
54940
29859
48218
23207
33731
11273
58845
1523
5819
70412
93954
29041
39176
83237
48966
48214
14643
7615
50116
25359
59097
42391
37588
85028
95596
30091
84908
45006
78549
40979
64200
88988
46784
32982
24425
76316
33623
45700
52740
84458
87959
32324
68936
386
58573
7252
71172
38200
10880
12591
18417
92865
45460
2094
55586
20012
81418
90229
86911
59070
83572
72813
63973
18671
23224
6117
13345
22677
68505
99916
98508
69124
69806
70322
61793
58278
82748
14749
14695
16159
77988
1495
66599
84118
954
48799
9914
88495
9216
69599
17786
13213
77282
19406
74527
73223
62799
60747
33721
137
30541
21641
55138
60413
91243
41156
62422
84100
73139
43035
82700
82447
40036
95135
25722
54722
98972
94460
79426
5193
71333
17448
65392
82739
42923
23084
631
10618
81560
31429
41754
46205
35081
23785
86876
1066
46552
38808
72271
7836
15865
75361
5943
12164
8497
59504
97375
59936
5052
64911
40467
72226
92430
74052
80642
46276
72362
98683
50052
22499
28216
65051
26772
45576
72767
74914
27427
81415
18897
70590
29405
4288
26906
95124
94693
64791
22423
21420
41810
98416
32473
70619
58695
72525
3643
83265
32635
22703
51750
5579
45595
69737
57386
10539
31797
48040
66333
53368
82634
76120
86497
97269
3139
69456
49685
20623
39652
6333
14104
96167
48485
5976
85298
15319
35149
47906
87378
45252
89085
6119
76296
88555
26074
3103
92630
39749
73754
15178
36616
74126
82129
51596
16346
76434
38138
47197
3906
95030
47680
72377
10539
33669
83190
74362
35576
13203
10872
29577
96697
96894
18735
25432
16250
71850
28025
73965
16341
27548
98401
30270
46515
38684
99670
37652
25134
63629
29809
51655
74257
93500
85943
36403
22187
33131
75184
82022
6984
23382
11453
24806
80851
13
21502
31918
68931
57550
20261
87973
47035
81012
32194
66447
87640
2448
26020
63456
14557
42243
20628
54978
25476
62582
63860
51890
22319
29825
63621
17944
73960
14852
16310
61065
9753
14121
32760
81582
42569
16853
33302
41546
65169
40499
13098
90413
11776
87610
58883
81416
81712
89392
72177
72548
87095
42371
46539
7570
2822
67459
71105
7785
23586
44712
51672
54732
34565
26830
67993
78656
96214
76470
6358
17062
18201
86571
70011
56630
24449
26805
22484
88156
13601
50979
1861
4679
24744
1977
59201
32289
7324
72865
99138
33583
20119
57566
3394
556
25397
49184
64728
53712
27755
10024
87403
9889
84352
24817
1552
43295
37833
70471
66070
51397
30313
21330
6730
6372
48086
8226
85688
93824
20362
2442
33681
72205
12556
22956
79959
45784
52663
84134
93402
92501
50558
54274
75340
67914
95256
25331
29434
90985
12635
54599
27597
88707
51569
88786
39172
6614
69980
48239
74064
15280
92770
15579
25847
59695
99310
58012
89362
84323
28144
2495
18356
24035
33247
29095
53599
89149
95996
41717
45905
10087
29692
56330
78969
44006
53652
78605
28078
73938
59710
30465
57720
27363
7157
97209
94024
73937
93071
19962
21996
31153
91576
37760
69460
40682
87715
77220
48127
44497
26561
44069
80399
87282
41013
4962
61793
37007
42357
78640
56776
77440
50918
87621
42348
73266
83395
33394
3622
52292
8600
7144
5099
93587
74195
93906
26633
21633
80640
58674
31128
80678
83216
3647
31541
38697
81932
89123
95299
24681
45938
64829
9673
9939
60145
63948
88748
89160
35312
25583
32417
53993
72522
19772
90643
70045
10007
34782
18994
88658
3505
12084
13987
1697
16953
80748
47928
1046
54127
92949
25792
72056
77484
24156
80525
71074
45595
82976
40018
66887
9821
30876
44032
62329
68844
58168
62523
34321
4513
21139
99326
53756
88656
60551
35140
96335
37180
77270
2907
44004
68134
39513
94551
60116
72374
15032
79906
95925
47390
9505
62533
59055
56544
61445
96125
71359
78210
90911
54693
34916
84105
63575
64013
1796
46445
77372
10327
79482
29670
71309
36541
73760
48594
63671
3556
94917
61000
84923
37407
66491
67746
45104
50558
7644
93353
52482
8093
55692
55283
70739
81278
29725
6063
7358
39710
32661
14593
81223
48531
53694
70207
76601
65514
18262
26521
9692
66608
7755
53672
33524
56465
81703
76976
57993
98538
22318
81676
23605
84487
78974
69508
44095
12207
15699
16058
99641
43010
8714
32890
15518
97711
43193
49920
33765
82989
94568
53523
99383
68033
5704
8370
67365
811
69938
30754
35231
82507
64702
47574
89662
27777
77281
34700
29467
61983
35292
5453
19966
4410
32724
62220
23195
95963
75101
87829
26438
14754
25480
21468
81472
81498
51162
90950
86942
13954
94599
37380
63124
95793
7203
34212
67113
90271
92917
53605
75183
4756
21336
70133
98896
22740
57108
15780
88705
42815
22660
35063
42727
33280
392
8036
17216
90621
20737
19726
92453
73223
80612
73247
7977
54069
71224
34351
11542
81453
17741
86284
27323
1598
10086
62596
28953
90496
53032
28056
66933
20549
44048
25542
26282
17722
98373
58003
28263
18919
64849
80675
87725
56929
86444
52650
2628
20826
60782
73194
95151
79450
52745
71676
32005
83439
53784
61346
45769
72314
16440
93400
68505
2786
87361
51453
55422
49032
76447
94138
8574
69680
97270
37303
23133
29190
72188
40363
89031
68783
84304
84812
51843
36818
74469
75856
68057
31709
32996
98711
48868
72197
33784
57561
67714
69052
24112
11453
84580
50362
49810
61591
35714
13646
95936
45249
49690
85060
25085
6905
71170
75405
59624
13512
38163
71210
77410
62774
9152
14330
64840
43237
16050
3336
57210
29874
43177
96148
63546
27080
34914
40374
74057
92269
8472
37837
73520
13792
89913
6157
90007
52491
26657
84322
68786
74297
66696
53160
75278
34345
86629
34686
34986
6438
27626
14504
40861
55109
63501
63488
8097
29722
274
93901
49078
55530
82415
35516
55039
17886
57963
21373
89615
26532
2933
18966
67746
55412
51533
11804
79233
82451
28149
19946
49430
66143
68694
37380
24294
64801
46961
66751
15704
1752
84462
85119
68715
96751
61432
83319
10670
51361
69252
7188
69509
15945
91966
74558
93125
13125
2607
46802
5868
87570
7202
88417
59920
61788
75728
77998
43238
94911
26717
27971
19157
86621
33539
57920
62098
60495
81372
60243
28569
86078
66841
47442
69157
42228
25374
51119
62458
89676
81243
29172
22133
88624
91102
10193
28730
43550
81975
28
79932
39430
58138
29297
89008
38402
11969
89356
37008
24138
41977
58944
94877
92404
32738
72486
55357
73119
33909
81340
21997
92148
56704
20621
23561
53658
34555
65319
37591
2300
84374
67958
54044
59507
90825
92543
11495
88652
42558
71816
72518
12882
77759
75249
81457
64816
95881
46793
20464
88559
2173
2757
14581
72052
49408
27254
51791
21358
35320
52811
37128
38836
87789
73419
8795
84704
69673
71774
72624
72864
92691
66661
17679
87930
36482
98059
88098
96330
62142
37411
57970
13065
83476
52308
89680
52596
61529
68902
74932
3274
96327
92591
87264
10090
96966
97549
44138
6695
77875
75226
44270
12508
110
76604
16029
76880
12959
75232
80896
94987
20602
82843
49611
22421
59249
46347
38699
77304
82057
97777
73098
37654
9074
14531
9454
16965
24994
35402
84555
30752
8151
29719
55659
20747
76799
97236
46636
56990
25438
65763
77678
56136
900
65945
49192
20619
96931
80918
69845
39604
61625
74576
80951
78891
1483
62326
56100
5615
94187
11878
57648
63275
28180
79490
7225
24273
28479
67659
67061
2275
30240
6705
79539
85736
18601
49918
82838
96129
85532
55392
17509
12207
83807
83136
39802
6520
19582
96183
12580
65586
56481
76600
5423
37148
63525
86801
29605
49636
53595
71363
98257
58914
13657
72244
97730
96320
3688
34440
96793
28551
98053
40013
10542
2516
43295
30905
59815
97651
62021
36170
23746
74164
85664
75569
84565
24115
43241
7084
97468
30235
22517
84354
13033
69727
36751
68937
76394
78176
77872
24909
87322
94684
28766
89815
2106
44876
98926
37077
49578
95589
76600
5710
54094
33098
37582
85046
29934
12590
8619
47306
68976
99997
63289
63360
77029
19322
49995
64990
91684
95864
98782
88320
17742
64808
39212
29218
37453
51489
33135
87330
22394
8713
49257
13597
70527
85948
67148
60484
57577
38287
9859
17971
71844
85969
45379
25606
37571
81619
30757
62476
50336
36990
22820
43343
82487
14417
57088
8976
6645
65628
65398
41615
72353
51074
74012
10616
17424
68632
10567
25931
33232
6372
41832
66721
97051
6992
74497
62529
4330
89536
31025
11336
34024
52391
63943
56051
29699
99671
64663
73038
13930
80472
88026
74228
31294
75968
43156
69671
75824
92955
90807
94562
12429
81966
9745
5643
14477
91578
62398
77944
83434
70018
25024
65177
16757
91771
77256
31952
23406
15842
90791
51229
32058
99
22339
94924
91759
13146
98602
91406
23788
75440
18936
59726
67385
89466
63035
58301
96580
66895
34246
27682
27180
7662
85663
8763
86515
49822
15592
64809
37178
50729
59151
69585
72265
20606
60230
51559
92683
67836
23576
15014
61329
97589
74373
77832
29158
59194
55071
19026
83924
53664
19113
56782
61111
52902
66881
67509
53620
46214
57237
35312
99872
41591
70847
57629
45114
86742
39430
52309
35633
97508
26468
43690
10477
14666
54334
37595
88137
30123
87800
35194
43116
92660
35185
78062
14192
18108
94859
96121
18413
71239
46339
5718
87941
9400
15698
32061
17108
60861
81139
77148
9252
76485
60508
18717
54675
40808
80594
51238
89815
9846
89164
10466
30522
69323
90342
11739
29135
58729
27454
20103
94207
82372
59960
5236
36710
85209
88307
64790
6759
98024
8581
31794
61257
85401
60467
95843
37587
63303
8329
28496
61215
63768
52151
52225
35817
7979
76829
82764
75726
73717
66615
75555
77459
72024
22361
52272
51895
38943
23134
91644
10473
97767
45802
2893
2459
58802
41634
18428
30201
12129
29528
75972
79456
80984
9417
74904
66562
58179
65630
77964
16938
53304
69363
13295
97635
73337
22093
77624
49982
43659
68659
42494
37860
79147
66843
36817
7242
62651
5405
528
36787
41634
14178
82457
52000
11530
18563
71649
78424
89909
21181
98040
9360
54068
85893
23501
44677
93976
60984
55291
36630
23032
62587
91835
65167
51206
9775
95007
55363
59116
80004
29351
57782
32404
76743
68673
10572
54642
8428
29428
18480
24174
41842
37016
79517
38088
1499
14485
39140
18064
71607
18055
20791
24148
51525
64182
14124
74784
73821
70208
86445
55067
92501
62002
15484
81159
14914
58456
318
80465
95743
79110
19731
67817
43310
7266
17107
9945
42954
80131
33581
84119
43022
10439
71734
20767
28953
86576
4020
15389
20796
41964
12012
82739
57120
20645
28077
62445
62277
2723
15949
51558
72562
14963
49857
83380
1879
77663
41904
93040
26748
67430
60629
77175
92999
16917
15028
44980
93959
10827
32570
97237
48321
16148
65229
73766
21445
87046
36890
18726
17997
90373
89817
26097
84058
87026
84964
99251
58403
58630
37029
6941
91421
29452
55030
55949
53545
23496
52919
48638
89306
73127
66380
12090
57452
97381
89491
49922
79029
82532
58974
71274
82443
68874
6027
26014
53434
65927
18606
8918
74330
14096
63524
12106
73627
58429
74726
11336
90601
61898
44561
20227
75532
32755
92305
57640
38575
30411
22221
26228
35776
38033
88722
16940
51153
95175
94481
95534
71715
8081
32910
10622
725
64353
48799
50135
34774
99018
41705
93423
31951
85003
39399
55221
9523
2934
70420
81362
32172
33571
4518
28245
92858
92185
74160
53254
41886
87623
24375
5311
8730
51145
74879
66414
14085
22725
46059
8198
20288
56558
72945
18577
59240
2106
17632
776
82922
22935
31007
34134
28803
23963
28205
45697
28330
53056
57311
65373
33245
45629
35491
86746
29036
63580
84562
80694
70318
98068
39039
12366
19679
81930
95596
9792
49177
86715
73042
32984
57463
58612
82693
32076
84458
9173
2489
66469
43825
52858
229
21771
61318
72407
78650
82929
45862
96355
71762
80065
89762
2702
9794
9100
17659
31770
20377
91040
62458
53215
47116
29978
31485
73913
9885
98433
4852
96762
80473
81417
41407
44832
71374
27244
71363
10752
58676
29655
56632
86940
76434
66237
41834
84315
85182
28492
89313
79957
92474
38719
9497
38819
18553
1575
59603
26917
96164
87812
23973
90726
49287
51703
91783
40006
17588
11790
97617
93542
44187
18731
75626
61653
77050
32147
93466
32901
40687
19514
83273
51883
55204
1043
54410
9234
38234
18865
93942
92420
80041
47295
89400
20072
29918
55296
98084
34647
38982
98792
34134
31009
22686
21578
33879
38923
59207
93845
12415
75118
93947
87946
31264
5307
68233
70957
79005
46760
15673
89241
17306
12641
49171
12004
49604
37065
52987
29291
98795
89492
28586
44330
37525
23355
97060
60845
44588
82982
15811
94757
60184
87000
4669
866
27502
62954
75369
17335
85752
57073
43145
87451
4207
39521
47336
62604
50785
39720
19762
41814
35207
27296
74215
66068
75655
16461
18018
42450
43080
95155
24932
40435
65202
27839
79159
45841
50386
91450
25072
79483
6032
84891
59762
65113
92944
70283
52811
63461
7183
78611
43014
53971
56209
76746
90868
31989
105
60579
10875
25247
52864
57639
52064
57558
17418
3770
27106
18657
25210
30776
34099
58976
45025
64107
42872
83186
93315
13199
67444
38381
6118
65706
81060
98188
3618
39918
49528
10942
48430
976
65022
11540
865
90670
38451
33941
84244
40477
6386
48214
32488
65177
10203
46955
63895
1029
42302
8351
97186
5707
60380
30058
86497
71563
55422
33737
42652
44071
23962
16164
99212
90636
20188
27087
70225
6757
52276
29858
42257
33934
48366
1128
44248
37919
52142
89726
15760
75593
40791
77118
91733
95637
23228
3262
96974
35181
3614
8373
41660
80289
4898
42365
74360
43491
13308
29517
73983
29387
67142
44926
34348
54703
90323
79398
25258
2233
62170
31236
13937
15676
54898
91769
89144
18655
1594
2395
98532
45242
27205
18980
96570
71414
99856
88907
27377
20999
41368
43768
6319
88033
73475
29519
13215
95479
60835
4515
10926
65355
22754
95572
70808
11225
30234
26144
90559
84890
74985
75250
17861
66228
1402
90915
76158
54037
89400
32929
85455
66289
17462
1105
95970
35286
61122
57468
98852
61980
65938
26618
6688
61228
73695
51034
89426
38173
86786
192
60661
14662
91068
67112
54554
99548
47752
32187
54389
51457
58805
94119
59864
61111
54137
82304
62514
94984
10850
25772
84458
86725
68111
95951
50577
8702
82192
8047
87420
51724
35317
24528
37765
78731
67677
42562
19791
61685
52015
52144
33545
72597
48823
48787
28795
58200
31190
87536
32110
49812
56533
28767
10727
81044
86057
40922
74898
59160
27250
45060
67494
90556
93814
5634
21713
29993
97858
78567
43065
46758
81767
62570
89674
64929
19920
43750
94619
92565
17780
88160
63657
82056
49534
16222
26263
54455
40340
58390
59943
73045
52312
53360
6625
11865
21808
4215
77320
2422
87004
76045
24624
38281
69490
10289
89693
55519
74842
44703
26157
16064
34948
87506
93614
49632
90301
62690
74340
26958
80033
789
29808
98681
15212
31856
78667
86191
82284
95314
70371
79531
51533
67568
27075
10737
3782
39276
46083
26054
19838
22857
96511
74366
56430
49203
62205
21592
78882
15008
71911
40655
78449
53658
43168
25366
42520
30445
31343
33179
10191
91289
75070
67123
24362
30612
69253
27615
18381
6148
44294
75351
56375
62551
25160
88177
62605
87516
53292
86103
41679
990
35383
91176
8545
68995
83028
54403
12677
71880
22165
52504
94796
23147
75872
81287
88077
88910
97397
68296
97581
94872
50411
19069
95130
18358
22151
66280
42563
15195
50267
65680
67842
82308
24719
73196
18503
73883
56356
85058
35336
66444
47061
25561
84381
23921
14934
77926
6280
69925
95447
28344
22080
269
97645
60028
11078
19256
31201
4810
97261
46617
67515
62708
91564
89499
70900
97163
58433
7968
90497
90136
75078
76100
72396
89600
65181
80228
13350
69667
81965
1965
27272
12880
72770
73121
26932
1956
4064
96463
24387
24038
57069
93881
12177
58369
7963
28745
32678
9543
6384
10803
20661
22172
17191
23901
76522
64118
44558
49025
49343
93197
18303
6940
4143
47259
55997
37185
63577
30595
7419
71225
40209
20011
24378
93689
34515
89217
2051
76986
6287
34226
98567
32571
73669
24994
7580
51914
63253
25719
272
93028
78334
50436
55512
44766
9305
21354
38602
69819
25648
76569
97443
12447
79566
43050
27054
32627
49334
45363
32932
55461
4502
11739
52685
83493
54896
23344
52504
80291
51855
75548
89190
29236
77447
61635
28240
67079
72720
31937
8539
40079
7218
13097
93801
78143
19425
64943
55203
37212
71351
8981
66896
50535
13982
84639
53051
19964
58171
46365
29103
39584
70992
46762
44848
85054
20458
85886
83424
23059
70016
37515
2329
76675
11902
60861
54848
84444
78835
87212
76315
17229
41941
83749
41420
49006
33787
18354
49184
78980
45865
28506
12306
38454
15509
22756
46043
71051
71703
22926
56625
7064
22148
13694
20168
71294
70578
71104
94029
63300
66731
34790
28390
24351
21129
40301
2291
86280
56138
86346
85
80131
53990
26797
78438
20899
71307
28062
31380
74642
29711
37726
68820
89699
78415
6552
90531
4344
15259
42179
55106
73772
3310
41394
89948
48369
88720
80294
54549
9745
45240
51877
33442
11640
67019
54079
3882
44537
70102
49951
89465
51221
24785
71425
70050
88123
65773
12016
74914
86188
74229
33199
40502
39187
44613
57439
32473
94200
96567
32734
55690
57258
41323
71681
38970
95877
16386
62674
76794
59252
16874
68125
50213
20826
65281
28602
61944
27655
19050
65294
49506
58559
51455
59623
14068
84406
78945
40867
46147
85245
90840
13243
5219
41243
37868
30725
28334
1607
42329
88080
20244
81998
10181
19348
30377
43578
68382
39951
68589
38479
334
61540
48167
43036
45163
2661
53215
23590
25399
85857
7117
25324
73588
34327
17154
8533
60781
33388
5205
66182
28574
64574
80245
50050
2254
17441
45890
57286
87207
13178
18842
1965
20093
12884
16003
31718
96701
64267
83050
17802
87465
49513
47020
999
64007
61569
53180
73240
14949
56774
77860
79672
3463
38412
40737
70721
73269
28544
87880
91873
72894
18563
59570
52429
58385
22346
33935
49708
12178
37496
78081
36950
72254
95187
39103
11273
56089
96913
43068
138
62960
34454
45934
30985
36202
15451
7500
44012
58475
14849
46695
7828
8384
92314
28845
66667
67385
72206
15509
53635
74833
35091
3776
31696
50516
62529
89084
33631
2370
39662
89019
86859
54122
17308
38850
86684
82303
3867
53504
8258
42178
91609
75894
71366
24714
75770
54786
9002
32190
96327
81820
12345
21356
80784
57349
44804
83921
74462
91994
31841
34839
56123
66057
15345
85911
16464
12137
11728
21028
87193
82082
12216
82303
60561
26515
64426
10696
29991
8224
75092
23902
38787
13019
12676
92847
65562
75130
93371
87799
70468
78504
19948
25341
65061
95381
53801
36744
43331
1378
57704
98400
33753
490
71805
32563
18205
5933
73103
44077
25726
17080
38235
90146
86927
16052
21623
40974
67931
4443
88727
98158
18676
33750
97538
65160
97157
45908
64701
13537
37762
18026
73921
76114
41
76256
41278
556
19606
99018
13652
31953
15517
19550
20947
1213
67848
35480
11745
87010
10641
29959
78192
54875
87270
65403
83640
9234
25873
69337
72506
42367
30633
19991
70647
28697
60872
60691
47193
85883
82873
63149
91649
78293
26715
72990
15848
11186
26384
71251
20577
23782
19013
22800
38979
24880
340
79396
93424
47437
93419
30083
49227
66764
8893
55850
50321
13083
26198
27318
93786
58608
95982
95762
29925
20232
49257
47938
63790
90036
72915
15896
13998
84940
78635
71365
24628
18076
33249
56221
67327
94920
1128
29365
67048
30942
60471
89823
60857
17883
41839
63360
36238
97477
15882
7062
77927
93527
2693
34701
72297
29638
15792
47214
37373
77352
8634
92332
13869
79583
91712
93429
82865
61082
82173
36829
1103
54235
86952
88108
41349
89871
62760
45506
85766
91098
30203
84200
25983
6681
36902
16272
36181
94944
30222
61946
38489
34368
10633
67701
15192
14127
9457
88673
78891
79036
42740
84403
50647
88770
50101
91495
76896
68579
93298
21420
5423
47033
19621
2489
69926
61179
10166
43217
12602
94824
50161
71959
54510
61772
82381
69489
33139
65482
11871
91058
20451
2026
4553
42811
78829
15476
44399
88534
48611
44910
73619
78216
42912
63855
71350
69881
35442
44621
28828
47072
86312
90294
62925
55591
86810
57432
76563
51473
42123
26210
26429
61508
89196
30718
7884
61536
8456
78751
90608
28620
59242
75807
88028
72593
34068
42502
45525
685
60578
89165
65485
83090
4762
43712
70695
44574
3384
58417
5193
6974
39209
55223
90938
16969
64574
57914
81053
46731
40692
29091
85065
93380
82697
723
74534
87672
92039
72162
36472
11231
62825
19627
26431
48553
56958
43619
77124
45915
36652
89883
41700
46795
13533
9484
39480
78618
19285
58486
38440
16395
27638
53733
62986
44534
62753
52543
79749
44924
28688
96391
66052
97509
87798
44616
94166
95315
34491
43360
91479
54433
27725
1632
88538
5738
68857
75603
30864
43566
28623
5732
35363
53729
11131
90869
31203
81613
97648
31295
71606
13810
92546
39788
5279
2720
84062
88003
95890
61822
28300
95063
30546
50971
36385
65306
94223
68710
15417
21861
14032
35982
18545
70789
43092
58400
98218
65484
18218
77534
2952
41737
2207
33758
70546
71714
51348
22631
72850
29041
65998
74012
94356
31191
78519
51424
93022
61979
91623
60907
18118
6963
57538
17993
98598
87228
74074
2524
32492
45424
83498
22699
60322
60605
18113
1121
28237
60159
19691
94482
86023
53060
28277
42987
35203
55789
76002
54572
55787
80765
64862
25248
15767
82938
1702
74420
2385
11842
76974
79320
84858
99056
13843
15827
61460
15397
80259
48658
42022
65002
78800
78973
31115
98862
88049
62643
34619
58222
5260
55177
14789
64244
74834
43193
73801
5967
26633
7264
14004
3563
18965
42894
44260
45479
35771
95696
65629
50076
46997
20397
85261
16332
17023
92150
88707
83733
91559
30684
66978
64128
24301
58425
81840
47173
25236
36810
88194
7171
58405
50333
61567
50802
71356
50110
34173
32924
37859
74667
96381
65617
9223
81254
39981
99264
13747
31956
94332
76897
5708
2990
20730
74122
65556
69080
20203
38237
37219
14774
22555
89212
21320
11113
70868
31417
59022
64430
81685
50296
41079
93514
62638
49373
50671
67908
98176
29606
53993
85251
83170
65765
5042
41948
25740
38227
86557
34642
86798
44072
81846
75748
3495
11324
80945
68318
66795
1896
81239
21909
62149
65585
84352
40390
5452
32728
13003
97771
99350
55120
600
39350
68097
72286
16085
25824
76065
97796
17420
89281
99323
92513
99836
70698
20957
14823
85050
62384
73743
70451
37242
1914
81574
67178
85907
38094
89949
63491
22458
60350
17323
47995
15793
96336
63720
63768
58885
8934
45760
81538
11042
91027
40043
10882
41759
10223
42875
83189
13209
63930
2396
78035
22299
19046
91030
9247
97531
14574
94767
9991
28868
17679
15334
84580
62022
45920
25448
92960
37090
79850
86355
35315
10648
85097
80683
81869
89753
11942
75144
18744
15711
66892
43515
51377
74230
54349
98304
94975
32132
13442
8554
70917
38438
10881
8631
60523
67242
32119
71278
4333
75124
68248
30724
24800
81139
54905
98788
12262
45780
26518
71193
23489
88166
83497
17126
83743
49191
4515
64187
75624
83746
96842
75590
45627
71866
69809
77167
63395
95367
3001
19890
25722
35901
89888
84599
7946
62163
62933
2147
86278
58813
73834
81599
96863
19433
44008
48317
42436
27399
73145
8442
12665
44796
22539
83531
2785
6664
64153
89910
83784
41752
18944
86974
82745
11465
30529
48241
14315
67478
67022
52726
84025
84799
40873
20294
57897
67203
66205
34019
3720
21152
80330
53996
34392
68793
87547
31402
86289
84098
45639
62971
69924
67385
98992
5545
96557
32877
6611
4151
10094
50792
63591
6422
46776
78083
53010
85933
7519
44792
1718
64693
40983
52905
10172
39815
85518
77994
55751
51271
65163
63010
39665
10291
18065
67974
94344
95462
79979
27656
29689
42756
83025
78865
84769
7912
14401
36676
26262
64172
70523
62439
16720
69341
43078
79658
15165
23518
17455
38710
5902
718
58694
35782
35201
35760
8729
5237
74281
90133
32592
53667
63725
58584
52785
25341
96292
99087
11920
60139
27701
90671
86577
14054
33903
47632
26139
24935
18143
41698
64966
31139
81420
80531
30298
12839
86976
2281
54007
31828
15185
12058
16027
73326
53073
89955
41153
22716
15703
69751
54066
65755
66912
13605
12264
55684
28660
42380
70658
49896
63936
94402
96718
69871
65766
19712
87228
76883
55809
19090
3314
72450
32747
90543
35211
13444
9049
50834
16590
16294
52411
10805
85162
49770
77644
98469
86327
76781
64252
11933
43021
26082
55322
21022
44486
2256
30089
30380
19123
53336
57640
16879
71920
38875
7448
58703
40524
9963
83695
13427
19386
74450
12030
70218
71267
90476
13790
55894
68604
93946
46945
92124
64449
10164
11442
75619
39288
42797
72764
77610
82866
36404
49476
57314
67205
46967
66565
60321
47608
5522
57328
66922
40914
87409
73806
67355
83419
57185
14717
44974
21006
46734
78095
10757
39942
77354
68870
56078
3153
91346
11719
80034
17273
51176
4395
12718
99488
58962
41806
27920
96820
12049
56009
71853
95340
18847
90182
46527
4039
56080
53146
8950
66317
73089
86739
67134
63068
10093
9891
61434
11018
16971
2502
92352
59282
45313
59371
26328
96894
30020
16016
10618
79652
51570
39944
79597
38336
72015
69947
3803
8950
52326
46869
23573
32330
40882
26759
88280
41569
83750
46589
2112
14242
72994
94111
84786
84369
59036
94513
12009
95804
95822
23108
25637
32133
63804
63763
69878
47694
8621
70119
66749
59120
12565
95831
69242
25120
15399
52908
4648
13587
93119
76816
74552
54352
87221
84646
52163
12911
95343
11300
61406
21120
26661
61175
72038
1083
68166
24140
13675
24282
36975
64666
14786
84772
66440
72777
74853
67689
38867
73587
91150
98115
2557
48267
49083
51506
15362
46557
85191
69620
92234
25695
25179
64345
75022
96198
3970
24212
77091
13355
71267
99298
87871
21940
53314
2768
66201
92917
41609
15609
18966
41516
14289
56438
1902
29037
22635
33992
67988
14870
65689
85001
63413
34055
3075
17903
67602
49018
76147
70310
41187
34229
31006
20168
17545
77502
18162
22877
67341
95850
49711
42715
54896
37888
25550
80868
7181
23916
97725
15267
89136
81641
83686
82608
76875
61229
44694
87797
69856
49517
56620
40011
38579
63560
7376
9602
45406
86219
49287
88851
78068
23309
6363
29451
91304
95396
17108
45941
39646
86102
70144
89466
94639
44956
88702
62269
72276
64656
62161
86577
95357
78260
21459
56856
9200
73423
41555
99839
22361
26700
1412
4824
40037
455
49506
3255
36759
68273
26794
39700
26812
55559
29209
53165
5866
78691
8836
66219
71828
11170
27022
51560
4429
26291
84936
76231
11954
35358
33088
43779
27330
1235
22589
96047
79266
14320
49393
66353
36069
3792
61474
68595
33987
20626
30806
35909
48684
9478
33246
69244
76436
44531
19931
36089
78410
23742
13666
25647
90644
49138
29759
36078
47767
78354
80709
63838
10211
77254
67951
18743
92068
60601
64277
20173
92256
65888
40431
19352
74217
17161
2884
41434
52162
17974
214
41341
34518
39466
74555
87149
90802
89371
82323
34605
70984
92583
58212
25616
38507
87983
40013
91558
28772
46950
17688
67330
63106
94228
16579
79138
87230
45881
72265
55087
96406
44796
88875
34695
36703
31123
71188
68690
76858
84799
81300
43824
14373
7897
52300
12006
68841
22290
56256
96236
37394
36675
15796
17712
45854
66400
20707
79125
14510
86457
16195
64993
48796
84211
58282
97619
63011
32027
99252
83564
68437
15054
88486
36250
10285
30459
28462
49980
91312
69378
99622
33875
51961
89944
80484
4143
32592
66864
74686
24215
36669
77848
41756
66097
82453
27590
93941
4402
26676
46541
7615
85312
44465
79242
57511
92082
6820
95624
42565
15605
68839
31831
27216
19499
24273
33208
73994
99798
78954
91948
67136
55749
21889
51116
91523
28929
532
43069
47753
22857
36700
20472
67763
51087
57262
77961
96929
9759
4846
40782
81203
89552
62892
35579
39494
50770
70229
57813
19459
97414
7099
628
54672
58425
42402
1030
21138
5511
31459
35796
93414
28222
49021
3337
17877
93550
94799
43156
17672
32627
23866
5091
63991
13675
53586
29999
62165
23678
95295
73210
34314
77911
38442
92766
80291
93650
53119
13845
99672
70867
68797
35123
469
98292
20605
4718
21126
88312
33418
15047
69472
83158
4977
90556
99566
43350
92293
1354
79580
16098
7972
93825
90222
56833
46979
60632
70630
3036
33053
40888
48240
92442
66098
84326
42525
43119
61906
40740
20613
80625
93406
6512
20669
80183
21669
30832
1734
77169
19344
84435
20737
79127
96790
19750
70762
52487
80693
35496
43752
73611
11522
77003
42441
48016
33348
78221
4394
27147
61439
28531
44955
88962
17756
87977
12985
66174
3501
8063
24079
24321
89828
16801
76802
32029
94749
25375
22821
31765
30988
51035
86271
51000
41727
49979
95057
18303
18480
64229
90847
20305
60774
68141
33509
38770
14795
31963
49437
42829
45976
36474
55137
38233
34343
59718
93755
52967
39992
95385
44410
84016
36934
7481
13101
93526
90445
46219
49764
56574
20932
34910
15658
9293
2478
67070
35412
86111
45744
60774
83386
92022
69398
66775
55842
70521
46560
88137
17106
31828
74589
23782
59718
89395
53402
23756
37255
97230
4816
72804
90918
47434
53656
18326
79668
4765
15092
44287
86430
82402
22208
89013
26505
10520
40754
93509
97817
55134
40370
56511
47555
27620
61919
55395
12436
64323
32984
37692
87474
46502
39950
22190
29083
95834
54298
87579
59486
53813
66945
78206
92870
78166
23003
57791
59532
94824
94059
58661
36540
85627
63750
40171
53801
43272
87425
1235
20781
22724
19188
52329
48057
18648
35267
45476
7839
30983
23579
49314
75674
92227
96007
39992
29279
43703
44477
82771
14181
76563
46988
99196
15799
86196
14840
82027
90530
75029
26685
23628
90436
34910
79739
34089
90135
79887
8077
90889
86274
42479
74002
53815
75186
98868
93688
25820
60913
77976
77576
74359
30245
54153
21444
21570
26174
28151
24465
32160
84670
22512
65826
43441
14876
90565
68889
30289
34837
39755
28514
91247
5039
29832
94953
99657
63865
63464
84015
36825
6674
98686
52853
74055
86295
19935
97684
76776
17847
52160
83978
91143
61334
40407
89716
26725
49768
45150
55751
57022
73003
10721
73082
4722
46969
5757
81884
30290
55306
73103
91883
81759
40074
54522
59742
70134
975
36047
95171
3112
41562
92953
32920
91481
1273
21203
55220
60320
1970
91110
1834
64549
75390
45273
71716
24410
3384
30715
82856
56442
80485
47674
69243
25191
90189
90443
85601
93064
96927
95115
25308
47897
3621
42128
26283
96228
58602
84133
60867
37056
87171
86805
40938
80122
8217
14919
46089
45800
24864
4358
16135
20037
40957
46097
67703
44140
72202
34407
76815
47319
92354
90916
82480
76157
3222
76211
19752
86617
11873
51100
54342
92069
39916
27361
94483
54361
43984
60099
30937
32859
32836
84768
33451
13474
93316
30442
94625
4620
9384
19508
14045
27295
5824
40420
10508
45030
20284
51924
75220
86244
25111
54890
58148
30404
30698
90128
5460
20059
78469
84050
62412
38184
35393
61712
74148
26005
65269
40023
88545
88646
25097
82596
1659
57429
77039
77770
40642
49586
66943
26622
94181
55419
79580
50231
14277
35555
86203
33832
72423
31690
47800
73708
75528
9777
47859
48886
48388
97870
5303
26033
50388
70605
68163
3660
6382
51178
92465
88336
62893
37730
20887
43458
14126
15007
70165
70601
62806
39991
41676
15828
4450
61518
20231
15572
49125
52988
26825
90342
82990
84330
37836
24361
87703
32346
56340
98976
72901
73119
57342
853
5884
60485
60446
9242
62928
37338
30836
53246
69214
84833
5865
68236
1523
50196
45202
95623
59327
31665
29889
88310
32697
54427
46582
65428
98981
9833
67276
56187
15300
31013
90716
72024
91252
36559
72243
15008
25528
19151
30131
55690
72003
90161
32106
51858
72005
55028
72002
65775
17798
13442
7529
80400
34641
3377
16501
30847
28030
64111
59619
58412
23162
99682
21281
20969
11050
64567
61516
75870
90344
15162
91364
29562
45394
99869
75630
56288
95203
9373
30012
85720
30469
76611
54870
33411
35005
2511
74333
582
94767
30801
34211
94306
35461
70743
72406
80980
10922
11580
88428
70013
11217
24107
5951
55406
13692
46486
2387
75803
41228
1654
68694
88707
72625
19300
38107
29457
99368
42785
80712
63348
29416
98190
23838
19097
8068
13339
16720
92220
1516
27156
41799
64674
15399
56624
99590
99122
3929
82345
86511
21743
92670
41498
39878
26630
81755
34343
29535
37686
61973
7131
60144
57946
32693
45094
70242
47361
18825
55926
7002
27840
93766
56523
56066
48267
15301
51011
58244
23315
65483
83272
28702
22311
61313
87390
7793
49065
77632
65560
66842
62832
77560
56876
12118
21298
53073
75903
19454
99956
81910
22989
54138
71163
89067
19395
33375
3020
3971
81595
90614
88257
80600
23564
56679
74341
6401
9917
70109
15931
32581
71080
39105
80991
21330
210
36195
10894
41468
42382
67235
62316
31890
56332
13659
42651
79755
80609
17329
27233
49224
89107
94814
13616
61735
55595
27890
57481
5925
2765
6833
14807
54268
35789
73610
1944
4273
91677
22809
42985
90303
717
56057
4234
64979
72853
80319
82311
21661
38781
99497
22092
68881
97371
66891
68488
90009
69069
2284
44544
85922
81438
51257
65518
46263
53108
7081
11027
59485
20829
54276
62256
62416
82
25444
61173
34209
16303
56898
99784
13605
79679
24006
71439
59738
88810
51128
49393
23366
96500
78067
26562
65001
72419
94831
40237
67704
65517
55038
69836
38294
2897
85082
26483
22932
26595
9424
54462
78161
91110
97410
15882
48645
58847
47035
8966
22018
8165
45733
92125
24660
99525
96854
64333
14040
5037
22597
81145
29330
93218
71074
75724
7236
14766
93851
81559
88930
23702
67245
45850
60397
19325
70721
2551
93745
24564
52165
66762
96456
4820
84757
63418
67308
18671
15815
92941
60072
29095
43621
67135
42808
55013
84184
61650
72006
958
37297
21147
48458
39387
75694
73280
63145
72440
51169
97890
98955
11231
48444
21620
20911
94319
97655
77437
56882
45823
14636
90707
12257
49809
56621
68964
84812
74665
44341
20060
78648
26665
34215
54228
80719
82157
2223
64360
77987
77280
17339
24160
28765
63085
63833
34014
91929
63361
61863
13762
29861
64791
84055
68491
22300
77570
69536
9659
1975
75465
46526
86314
47966
73685
31530
48575
49262
30503
55284
84057
85571
73921
1268
22825
52937
77431
66122
19725
23505
4507
90494
93434
60044
57298
80484
79896
20912
26713
46209
84832
50428
86640
58950
72564
97313
12616
54219
11979
91724
46051
92687
18245
30693
65965
78860
43068
30054
4710
8943
6236
75570
30058
5089
82539
35961
58170
34160
33326
7930
86855
91832
34127
25953
95674
60420
7251
10209
56703
34289
48099
7687
37122
51151
25844
19999
17981
57850
89354
99478
82876
22520
29870
9871
23545
78829
42826
81383
84105
7024
1579
18498
61699
45345
35911
56802
52835
55838
97662
20944
51154
31907
88757
75904
94837
83119
65891
93813
66380
65828
33264
75866
11524
60619
99283
10791
6013
85240
51286
27838
2796
66904
39311
43241
58893
24112
54932
82430
77726
10191
92104
30852
94697
47703
44099
65739
90887
65438
17622
52982
78665
24004
13522
95025
43895
91461
29876
29820
64473
48938
26356
70810
1669
94534
49146
32760
54639
63415
83780
67352
29610
91341
25555
87766
1964
8267
12696
91244
72175
59438
43520
64189
56196
86407
30102
91236
60792
4372
75983
38849
50715
98808
89894
66277
58461
62419
97093
75890
81764
74660
96052
35516
45237
79063
30203
56571
52251
85179
87681
35569
3752
30962
6178
42533
396
10730
9281
60915
67825
37321
98078
96353
78397
56031
75438
57721
4925
95176
99815
60921
95789
70031
34638
25376
37518
4497
4932
23327
76592
4467
7111
68575
42909
99177
46956
89956
13612
85664
16846
56220
34379
47467
17504
91247
61146
66109
14360
4758
4680
79088
89714
88135
16348
82315
52992
25147
79999
23077
17901
14026
60897
84045
92752
12540
95051
46622
82818
17607
11066
97270
41650
750
81751
90411
91276
57181
78912
34933
93838
87788
78316
98800
16539
5534
56587
95529
80747
57776
26643
52041
17197
50476
98740
75931
25415
20002
87649
63412
94228
24139
33492
39940
70213
31563
1591
72963
40576
4881
76579
33636
32341
37291
95662
81761
8514
73845
34022
60341
4885
33554
83307
43171
82741
16978
92541
45172
59803
36003
61090
42954
29875
59663
25702
27591
68620
46570
52971
76037
67204
67948
27729
26418
62244
54537
22441
22768
78727
24521
50425
48144
68240
12768
19906
40904
91132
12044
53901
76099
96417
10472
40909
95338
13822
47028
42248
14547
99508
36489
70139
7500
86239
11465
78559
9594
60175
65630
10189
19715
87437
54208
75871
89547
41809
56092
97476
42801
88134
36927
57568
27671
34599
40496
16537
81764
4331
17316
23206
97604
68754
99568
54251
49035
34250
55383
32230
64137
47363
48805
13539
86794
92561
22980
84222
90634
85825
73134
20830
42469
94077
61230
34692
19572
22556
98025
18062
18155
28534
8227
60218
8768
24831
66206
71429
47077
77769
45841
69754
10018
29228
30901
97780
84134
72677
51760
20742
18196
75266
38901
22751
91401
76425
92856
41649
81924
96217
53356
26029
42819
32235
9508
24190
1492
88066
5360
20075
61655
24624
40655
60813
70465
9138
88375
49048
6633
49004
46055
63100
30565
76280
1005
30746
95554
84544
83519
10912
46009
75823
46126
18886
79315
95820
54809
38747
86134
22459
72475
83438
77516
9860
37463
78955
52431
75986
96152
92930
57538
24134
91957
92870
8447
70293
72170
91110
89453
91939
13481
27105
28530
90818
84738
20345
61541
57296
49126
11517
70841
29636
43124
61298
17229
85785
37886
21256
72978
42780
55564
2628
1570
25828
57985
62142
90279
36720
1812
50966
36937
905
89194
81487
5685
99204
36392
72006
47647
2633
68320
58016
93753
51494
61281
46591
23324
48157
53955
10336
60473
2019
98287
23706
89637
6993
64141
43381
32178
60153
19122
69646
23466
25379
44036
29575
36758
28046
95342
30075
98341
24836
93628
40511
93028
12027
79141
60313
59843
98744
97589
8129
39264
39628
73477
77064
68737
11672
83192
20120
59968
6249
9854
43740
65725
77544
33315
87536
15978
6385
85692
3598
58033
86422
34281
71098
57380
15918
29732
78021
32158
86033
32752
68759
64287
42398
78756
6888
65401
29662
95842
3759
96764
11893
13495
13037
77186
14170
78341
5144
982
12038
27081
33413
86882
76470
83849
62690
14106
24442
21659
53100
5810
89563
34950
94285
678
10535
12585
65421
40429
18320
91923
63045
34083
83530
15192
94879
51872
1523
11706
81670
90668
38946
87009
23857
6863
23946
30545
81909
5594
49380
4850
63079
34725
80473
54995
26968
98755
39045
71465
24044
63319
37192
98534
92878
27029
44237
39560
94810
81059
41842
16674
11126
70678
92472
33492
21849
48531
77724
9682
46051
41047
22600
38329
55688
76799
30851
63080
57523
85693
82634
75049
71895
8767
49208
25057
41612
44391
34441
5209
69237
57985
97935
93665
63684
95202
88264
5180
25601
11729
86456
74798
15642
16111
67997
91552
83666
45201
26227
62841
64211
73716
72040
6744
17243
59201
67261
77603
71710
3587
46967
90148
39904
57254
46686
85823
27634
71554
66137
13759
94246
84338
96610
64196
48795
94292
1726
64804
12808
38360
78842
24283
34790
89451
1983
79541
88783
74885
33319
27406
6716
86603
63674
20959
6871
27685
22580
30710
96914
91366
53976
87753
64776
87983
27570
49071
69151
22294
94836
75162
76154
99280
91112
57290
24789
67034
12846
65881
2119
54966
74269
88913
36182
59575
28124
92105
62944
93685
95205
34820
25170
88428
91907
80443
46288
71107
80653
45254
63312
57761
75500
54072
14750
54924
65488
98876
35979
44071
57548
38941
41099
40148
70783
31163
55136
31438
94806
9757
645
32485
41761
61174
47627
25052
93830
54831
24051
36600
68859
67067
633
67754
28459
40262
91795
89983
11492
38290
81493
53401
20870
28590
54974
60532
11923
3742
42055
46948
32328
26634
30286
9681
43119
55871
45131
75699
68036
10657
16317
42126
55969
4805
21670
99428
51357
84021
74486
89439
90213
42105
8563
18317
56222
40041
46777
28015
3298
28493
70984
71566
1099
44080
40873
32341
71772
21468
49994
54191
30423
52985
25317
67883
69029
22883
36098
14929
29360
63437
89696
26984
62130
99941
61601
42220
13843
90508
8485
80601
10137
18782
22051
56646
78629
76810
13605
52240
20226
80666
37827
75788
9906
77429
9896
15740
75198
81306
73626
61684
10307
93821
81301
43659
45878
4885
79137
73253
30746
14719
91791
29177
31808
35789
5084
68645
91053
64294
99796
26604
21240
7848
36374
25050
57206
13141
41621
85336
83309
55995
44329
46166
6983
73047
52754
85691
59237
57902
43325
78117
32794
81808
17909
74566
1848
29474
85244
63122
33743
47410
98275
59633
47878
8551
6893
59817
22249
37967
27690
99896
21352
77129
81369
5715
60855
75612
15731
6663
67782
40685
41976
5787
56767
6089
32114
63716
29060
43094
3007
5093
93377
21346
69699
47561
66262
8143
27460
61444
47410
46801
7826
22801
59114
45889
92688
77182
18309
45575
692
23004
39069
41130
93216
94398
40002
45428
51938
67996
96999
19380
91856
91590
58721
44055
76697
11110
63114
25350
75250
78862
92053
55549
75212
97199
91602
19535
97603
32028
12035
45966
26944
2003
25314
46100
5055
19584
16006
72157
59270
33782
96907
71808
23513
82682
28250
45391
44450
93444
83803
657
9898
73907
1884
59063
88768
52801
47978
98872
21066
36218
61155
61800
320
98922
79421
60897
23973
6698
24058
97745
357
1608
56435
53718
89021
74196
30184
17080
9975
63088
66743
6491
12217
18117
73655
66249
53949
96303
56384
48522
53709
61296
74322
37966
33069
99049
11438
36099
37468
78469
83470
6135
71223
12726
6271
97126
69063
46815
79107
82242
93859
68777
25711
49282
43094
88838
91104
78782
33376
59735
89116
77910
893
6339
27287
77693
44492
78525
64415
1585
60524
36100
64522
65898
46244
47047
20509
19287
55174
26796
38590
16556
66300
46296
1142
98642
52984
73570
68165
29663
1648
51157
78026
32881
12070
9127
7596
59979
3711
71468
28959
21338
33591
98079
40321
31925
71260
31212
30766
46983
35214
67216
4259
27927
99832
12057
12728
46038
43219
44586
80568
69846
35017
31565
83694
46547
9621
17583
35842
4472
84668
41564
39833
29334
56478
18383
9363
19039
59068
69074
59059
63790
10560
58827
44878
86670
94968
43423
43862
89147
10335
64155
26970
26837
86014
98273
70254
82819
85686
57480
68814
50546
40572
76712
9369
72563
99946
41762
35257
3825
1476
256
61194
16587
76629
1649
46867
84569
37
10640
4954
24425
52177
9728
72206
79159
78687
59424
3143
14959
58078
47549
86597
32942
98059
71576
66884
49276
79824
70204
33916
9737
25859
28714
40164
25192
42725
76379
30752
15232
58848
33346
88910
61676
1503
99907
56167
59348
98911
84899
3236
5793
50845
20775
79593
11285
779
66116
69832
78222
87855
69673
50966
54097
66146
55170
61485
83489
79061
90594
56744
14279
43916
40770
6163
25939
82555
54732
61943
42098
1798
87836
6180
93437
13409
79493
16234
95749
71783
68518
70467
29240
95027
47030
26093
38263
4933
64177
44483
60889
75980
92753
65552
83009
31966
51875
20846
16581
57519
1804
3468
49141
67359
29527
87926
6
63987
51627
56924
83127
67247
73420
82777
81343
57262
18846
95235
35943
61367
18344
45605
61905
19511
50863
87676
74033
72168
61108
27018
47178
26737
2540
22099
42062
34275
36996
45606
41344
80407
49159
30959
77776
75521
42124
20163
48040
14057
15136
71362
6547
19314
81766
17095
42046
54466
49083
21408
85399
59237
16654
7511
6094
18750
3923
82584
34538
17678
65455
52597
97950
19927
2902
26323
52268
82662
57110
16712
10388
31477
78190
58128
69619
46787
73267
23625
75644
55194
40896
41864
50770
10008
61692
14776
6811
4529
64206
29307
68886
31936
99030
48061
7116
92891
55689
41521
75800
1125
54737
34098
96944
58119
62578
93974
77687
47423
47019
53388
53177
96319
32556
62850
14251
99187
87263
22820
22921
33588
20641
34804
49022
30990
70573
16373
68192
87271
75147
14822
65865
61422
50937
75321
33620
55367
13085
93302
67730
70653
48353
18201
38546
40708
69018
88174
65410
88194
6134
42437
44707
78118
80914
70925
59995
2544
22469
76362
17722
85308
15576
5595
6106
72218
85319
55255
72991
39933
41199
18319
80886
40573
63327
53428
19089
42542
38790
16487
84312
97378
57449
8197
42753
4785
1069
18982
79599
58576
17224
88325
63072
66984
28832
25602
84119
89764
26773
94645
35165
98584
70305
28104
44706
87456
72259
11699
46813
18701
76916
13176
82039
72899
87834
13141
93370
97235
17209
44121
3791
73815
95201
19343
17440
80142
9837
49186
70388
99988
27236
40802
94361
55182
23360
37030
61854
69957
8282
81985
83785
40059
57353
40342
44682
42646
24884
42564
87672
26847
75324
24135
47798
69269
30996
30463
61847
53992
31294
14849
54717
40900
53484
38799
45077
45327
49995
68964
17934
36830
30098
51862
72902
32116
36349
36844
77632
76013
93899
16563
69900
71970
36127
93637
37009
73281
1481
78607
26904
90337
53390
87066
55705
18677
9487
7348
76978
61732
65965
38359
74716
94466
55814
86251
703
33062
52188
78694
84783
24193
14682
87180
58622
27407
37397
40950
56937
52804
5335
76709
17872
42976
41785
77874
71204
58492
43759
55944
24004
47225
11733
85774
43773
53820
58148
20721
59324
6169
64508
66854
35370
64335
71184
97966
44553
81957
40546
47108
90943
79828
8411
90133
40164
78930
23527
62478
16796
72767
279
32440
63926
70839
40489
63332
11202
92231
74998
25652
8206
22273
54749
64057
59212
83585
64869
63692
5070
24841
62888
63153
4126
59692
71426
62340
24258
89560
59229
42599
59945
90359
18268
73022
24987
74334
83714
7220
6081
87302
89497
59967
36058
38713
61793
41828
40746
12870
83955
20806
4291
85781
15920
59701
13348
65991
95278
55015
51816
83217
65572
52607
20808
11390
65714
17431
59384
3423
86783
8594
46508
72010
71810
53856
7464
28079
42571
11995
39824
56390
90010
66172
69406
67832
79027
11890
54168
49769
44697
99552
3302
72709
32144
38234
20011
32903
47709
72833
555
42645
94012
24790
14717
21148
8141
2329
63211
72296
19292
29716
99082
4676
53790
84187
73067
54897
68189
49466
84052
79776
69812
44861
57773
86140
83164
73513
83616
21364
45132
84016
76812
49500
29175
26235
50022
33555
9175
34400
83453
43792
34709
63230
37093
13860
4768
12470
45335
54583
72238
23073
4774
4169
31861
26651
663
67713
58633
48063
96985
90001
45269
12960
67842
7311
54201
30013
96360
46948
95021
74205
88577
94479
24802
75599
99642
38421
40010
43586
73536
35484
43804
61118
85196
91925
27589
81806
18747
88728
67209
84411
24993
97197
44072
67126
78231
84295
20946
96523
15794
12375
80541
22894
69508
58636
40850
85673
3902
7656
36006
38880
71330
93101
80192
76644
11632
86911
14813
52774
97101
43169
7539
42047
12404
17993
69838
52086
32045
1282
78193
76603
58569
9038
74299
62968
29398
3627
94382
62057
21820
55565
53384
5934
155
58956
51697
64532
66573
42657
73007
77114
7482
47664
19583
67837
3358
43534
60953
74423
64872
48034
37705
80217
90065
76379
78445
8232
6212
16195
37619
47493
98404
41639
77392
3915
73962
45047
31493
89056
66522
88710
32070
51966
33524
60845
66656
64748
75899
21014
77405
14480
31741
57054
23593
21423
85130
63095
12462
70859
79536
49674
73719
23850
91731
79067
67958
88092
79903
68360
64248
9115
19597
79198
76395
63396
72957
55562
92165
96719
87818
26376
85301
59991
88345
64456
40240
76784
8730
8590
30182
54344
9711
3302
41403
73613
10609
97597
20156
56563
48512
25634
77072
150
62261
3282
13204
97917
45119
90356
61175
13561
46321
12152
59154
52463
10992
52317
74490
87905
40343
57747
22867
62310
1019
25748
38413
54632
20270
87264
16652
92735
77758
54992
39654
34522
56406
99028
50538
36685
13327
73977
55302
56597
78803
16738
18040
86999
35966
12334
26838
72713
63691
93676
49367
85531
27067
81624
12438
49423
69156
32536
34040
37610
77966
9569
48992
99490
4230
6457
28311
54241
43877
55226
77500
70296
14607
54165
75816
24570
67814
48469
4660
30236
59913
56751
21001
77090
97796
38721
88112
21134
91770
43075
32404
16554
89837
23982
22274
12779
91665
33129
15030
75750
99381
90535
5871
39616
71202
61196
83035
9274
37377
95599
48942
9220
47416
84590
2463
40099
62784
49137
83298
21266
82291
22824
68450
37609
90830
26200
38603
56791
32546
79968
72639
95576
32256
88689
21025
1524
69078
75196
30580
96698
15637
45581
62131
25951
58743
81864
37568
5058
1923
2772
27620
82426
40842
93171
50654
35897
51584
220
51110
54561
24539
27698
56068
94995
61824
99080
58211
85407
26183
1397
53972
69923
88782
75033
23690
91556
60846
31974
46269
73799
37189
73939
72335
1128
2926
69549
78633
5558
80522
60184
81290
65297
2794
83507
49498
40373
9469
84164
25414
66663
1235
64591
23214
7247
56070
84352
42706
34326
26077
15468
14984
38924
51203
21253
22487
39608
58564
94991
67309
13311
14587
20562
63183
31361
7928
5801
40700
51396
73845
15401
73584
59036
25371
85240
108
31976
61892
98827
63800
41086
47245
9875
2609
39237
19025
16476
6391
97250
81482
8527
98790
55822
66155
48962
26086
40327
70228
24870
61146
78704
47388
57954
49203
19945
98569
74801
20878
24505
98214
45919
50166
6723
38542
9290
90919
3588
34969
69353
51071
87780
65536
33774
30145
64109
1488
43460
25606
4336
72365
64685
13537
27169
57228
37907
43319
28165
47200
87718
76299
29318
17559
10757
12284
20161
42626
46932
34757
59441
18161
96418
87048
65782
82490
94457
42910
68605
54096
8074
18875
80861
19509
96944
39066
14623
96191
42048
62095
13098
72885
62764
66479
90753
81146
89532
49969
77149
88837
95154
54948
92770
63067
12218
70568
18842
91019
90585
86690
19710
84511
1985
30652
81745
49348
41651
77240
6154
37352
48708
569
46297
32796
87573
40962
24114
81369
44903
30744
33074
79053
42915
83045
22692
94435
35689
29550
35881
11937
62103
10735
11167
47483
12098
30274
88383
50712
7405
28267
68685
81648
79135
5238
77129
22989
28319
29420
16749
58618
68358
1347
65671
90883
63371
25599
68583
95929
66848
82997
63068
16522
10423
66395
62769
44826
36020
73285
33170
33264
14216
98419
40228
15229
14394
52051
36024
84687
93652
78600
40065
45353
51435
75096
8033
58127
58067
80235
54341
56711
39224
82465
4248
81139
31092
35307
90588
43475
26666
19097
10795
64859
29529
15191
51318
2833
10729
61750
96979
53267
68401
9329
26604
12400
51016
24149
66097
37216
67881
53614
1937
57008
86812
22771
83943
74041
30458
41025
81919
70358
21902
78942
81589
6301
92600
90273
67858
71251
15459
5183
29397
31081
57273
53985
57140
91312
20120
77888
2558
14461
87133
49313
22715
19184
92122
63951
95254
70940
95177
63677
88279
74415
24226
84593
91626
10225
86954
68843
41902
98297
56362
50497
53106
513
15146
19761
94830
98737
33425
6241
26351
71299
42096
13571
18169
96980
94677
27747
96203
34501
80870
19207
3640
60203
36488
94683
70662
55447
30157
85829
56820
40937
31120
21171
2605
24848
6044
81864
69056
68528
70090
81432
78872
15630
35813
33408
92708
70546
57734
87527
12083
58267
55532
70481
13524
10073
94834
99883
49906
82603
32714
53306
2811
70938
19042
44808
39386
35617
39229
76299
41453
20447
83124
99837
4872
52394
67033
98648
80647
87542
20117
59392
82626
46121
1997
37174
60510
22312
70811
26105
20424
74341
84668
22465
46882
48922
14165
40152
40763
33289
73565
1271
90831
33139
67690
17905
33491
40404
7415
27773
148
42709
95647
54799
13138
81436
55688
28800
55534
17971
99658
3193
22114
93343
3546
88564
34579
43880
43772
29141
70061
44512
92701
94633
97908
60340
17005
15614
48262
7850
93823
33574
86465
66063
23708
15695
33437
12865
47317
4570
46323
93162
37669
96371
1232
9449
91258
29014
22627
13009
81185
93601
89314
72364
43281
58660
9192
57885
79554
21897
46354
37318
77209
54999
50158
85720
42215
13352
79430
23084
32751
36523
14580
76344
33587
36410
75279
34587
80720
44327
14817
17638
45588
11966
30910
97742
89596
78280
23794
73405
29645
40085
34773
68559
23122
63672
46705
37710
11938
99218
76039
11697
7953
81934
95058
64404
66648
82187
29809
51746
82771
41487
78894
50607
34733
90539
85354
57660
34078
4031
71384
43545
82186
55270
77376
39971
29275
4180
16541
65246
27938
77883
18043
1309
1940
40670
52913
86686
12288
75559
68341
39332
27305
40528
97442
40302
18222
82518
25211
74159
39332
48138
70641
26920
84053
33466
584
21179
23348
94441
79427
54872
94995
70184
56795
350
25845
52097
60766
36233
34185
76485
7719
13458
47557
87352
48212
81289
63421
18356
90356
63011
21816
44791
57527
92913
12350
52511
60664
57081
62581
75924
79161
97416
10380
5355
23332
86640
91990
73595
53700
7647
84558
392
91705
37250
77485
1680
17235
19611
16218
23831
25018
23883
74414
32137
30387
17253
70916
28278
60454
57574
59237
9111
66013
68081
30960
88984
79107
50534
73543
1316
21556
39361
27305
79815
54811
46312
23247
58460
22678
61747
76283
10891
42099
25752
71798
75816
94478
86297
87223
86753
37710
922
1103
74045
80768
48790
41884
98943
3545
31258
30876
13234
15776
52814
93687
87718
53197
19278
80344
52191
12382
60534
79517
416
26459
96659
99520
51751
52945
64146
77866
7477
59489
81611
1604
10121
17366
16247
2953
91984
74454
31803
5561
1487
95555
52540
40932
70401
33067
63097
50548
89587
5880
41602
59037
71618
17581
40534
2192
48332
48129
65765
44189
16414
73117
22776
46699
47316
88667
61605
78653
80246
19311
47797
9853
40518
41911
406
67232
37574
14906
48248
45571
25864
18864
25691
91373
88684
45426
82320
92749
80581
60533
17307
7957
45458
26463
98979
90777
24373
96782
58989
6848
21553
64683
92458
41419
63959
35740
14001
83809
85865
26236
31263
64884
45684
38884
24684
90939
45754
45273
30340
2479
53240
84159
2034
60818
21715
10064
26052
50093
4372
83890
50415
83992
83878
77897
19789
33180
77112
99610
68850
5065
30331
44170
86133
86334
76544
32322
43876
42698
61219
44580
82669
44456
11182
98916
27211
24481
47668
33486
29469
38845
88736
53549
71859
70257
78527
47751
96177
3767
70926
59561
31935
70688
79535
81131
72027
59334
87286
91801
81144
9078
88238
17701
42434
63816
46859
12125
87506
92309
84040
68039
79451
85673
88666
80623
30
96727
86118
75980
45129
21293
30413
39608
86775
55760
12479
12039
5569
34144
98927
12253
28576
1140
7752
51543
99888
51068
82504
17667
85157
46012
4863
42619
28798
56259
53190
85994
99665
81183
60230
45505
87403
29333
59245
87798
82325
72734
61911
30997
8605
23694
75105
11029
73225
99058
64175
16734
34666
95880
45630
71693
83840
83111
74441
93486
54358
4229
27072
60883
25933
17469
67276
66937
3889
64613
69721
11585
23427
36937
82550
85985
24440
45232
760
92776
68877
65379
44995
11313
57851
80128
58658
66622
99947
47454
49233
73552
46474
36656
66727
57461
33372
24128
27534
55989
59970
12889
29901
45319
67230
13936
10556
15310
5247
43688
16308
656
79337
1579
56488
71301
55347
38970
96246
73094
57523
34197
63052
2305
45222
29253
78466
21550
66121
9039
5446
59055
36636
76983
69397
567
45410
32894
70521
41234
52906
15214
41563
18701
51542
60755
58674
5109
77801
60146
81113
11950
42677
87031
44660
91750
59931
94642
43973
78187
78545
39342
34237
8998
87979
28713
65677
82778
15295
67783
50808
26371
7676
91901
80402
49441
14400
31175
837
22878
72842
71492
68224
79691
14412
807
76284
21081
49344
43916
28579
67454
65977
84055
99976
85408
5167
32940
99882
23174
91216
22109
78735
39451
15191
37504
34242
83964
5227
16221
89124
56424
21393
58330
55293
94705
77707
47304
63586
40113
588
94068
78620
13602
38247
12943
82819
51454
76959
19962
99649
70620
16082
68177
24182
8897
93313
87259
20963
52525
61078
36592
16245
92356
76108
54409
73672
45266
58418
12445
20677
36236
16757
30311
54733
29536
19063
19311
96404
36750
20186
67413
76418
52419
11459
65840
84879
69923
14406
29464
87238
2787
15715
67165
36723
1788
48259
35183
88753
1436
93287
39103
91769
23441
78025
27202
61978
31738
68352
2557
60352
58484
31564
124
19231
53167
33274
68479
58175
23324
79173
17925
16609
43522
84353
62580
99685
9611
26408
35388
74424
26463
97096
39437
17388
30770
41265
7609
86638
30542
7022
81580
24611
58642
90284
5910
36228
36340
85657
55470
43747
81532
38180
74005
27997
94309
45088
66714
69725
10753
36144
21649
86185
79065
66251
97364
24042
24522
68622
61932
40501
76718
13813
35699
37366
79061
61476
58616
47457
54010
83844
3749
60595
57892
26569
75878
65265
31360
13853
75331
42581
55791
92727
91020
75440
9890
24852
14418
33164
81753
2269
56668
25846
94104
5672
82015
69714
43572
81363
84664
44078
72136
27664
71373
72232
98435
43711
67696
88343
71547
41373
31118
61485
99068
81957
87592
22740
36933
90228
70403
58048
22328
74736
7384
82772
35267
23543
77807
15438
24622
93031
9214
78530
44269
1651
3278
74769
94239
42584
73735
51692
86500
54447
81904
69139
77646
39210
28774
15324
20719
73778
18355
20676
65652
14496
40240
88857
75241
36921
77856
51991
34849
4636
60728
10539
64362
42515
8160
85833
86684
9226
73419
53265
3713
75427
54855
79387
7235
84068
38977
8846
1918
23448
87563
84923
89767
55407
8898
11637
41440
59773
57471
90667
68376
30169
93142
28286
22038
67052
55334
12824
37380
84613
35034
10413
40655
16817
49353
71650
76678
17865
82560
42161
14247
16758
49974
37454
1006
48174
55935
73199
73695
40060
83259
10356
67843
43044
6485
67201
47925
14989
48769
55368
51568
56374
14009
24697
758
2079
98086
63750
41964
5583
54521
51291
11095
6148
99299
63025
68396
13157
53911
84650
94989
67776
3844
76946
62619
99388
33838
97701
20170
50183
3080
26802
12447
26341
20302
86967
48721
25053
11663
57976
50994
80053
48505
32799
92217
75078
73487
3040
46028
2486
74910
2303
4180
45149
31061
32827
48015
34701
63837
13238
112
5477
28977
24524
24664
21833
25039
48244
43647
65346
93402
31846
50473
21941
96277
75962
10959
54455
53673
12184
70116
8771
99406
98844
94893
54724
79310
92939
25154
75979
91399
18322
66234
29258
64993
6736
75805
76272
72930
41142
46648
23748
51524
39117
85552
90996
4914
49275
63513
17012
95625
45178
47448
81641
17082
92617
4058
45283
96495
28688
61546
91679
87420
62633
7701
43348
75093
59050
39260
90139
8294
57270
7629
29053
13151
44386
27102
99144
42882
1318
72497
32458
27458
30996
27651
40966
28443
15382
77621
56828
7870
24673
28420
64972
56601
90111
67872
99967
20781
46047
23847
31607
77887
12986
89845
71024
99879
23881
80111
71137
13403
72081
30540
36425
67245
66418
25412
6356
66740
43731
66317
69146
26492
43499
13112
53760
1890
55419
51588
48752
2107
31816
26735
95365
78711
61084
37529
5559
51136
78156
27684
27270
72771
64789
30677
37625
53542
69160
12804
14640
63151
75182
24434
97854
92278
50172
35743
74607
74061
16210
42156
85298
5506
54043
10749
92146
64508
60114
61391
25585
71257
85427
10024
24622
7775
37482
17867
65042
7252
76984
34848
88732
69683
65098
31571
98435
30451
41021
21877
24046
87341
27944
96111
68517
69178
11181
53333
64294
12771
98352
87454
92834
88376
40739
30945
86947
63192
94969
53459
37999
27295
46159
50851
99589
55082
31540
15323
73993
98057
87327
74249
86869
90719
76649
51924
26361
53667
72207
85680
32967
60791
67891
78055
18474
97803
82323
36942
40649
2962
76905
15606
40416
21145
32327
87428
63092
51956
47967
61496
13582
58455
38402
92317
10410
47102
68783
50144
89533
16284
18175
60717
78349
27373
56369
52214
995
49015
62993
41670
7931
15147
18405
78460
20984
93770
47932
87718
4199
26098
46416
87511
71102
9567
82841
95571
53325
94179
42080
13238
43105
28650
70058
16136
90270
4575
82436
32335
32428
49357
28627
46339
78005
7770
86023
10523
4873
77495
8333
2633
81093
29021
47335
68652
99091
72712
49538
95133
70918
40518
48687
63068
11973
36208
68557
74454
85906
30416
32195
90040
98046
22636
58849
46369
87901
10891
23571
77974
87227
20300
40288
4910
68938
1743
15382
70585
37959
72187
72926
17035
6865
51464
58413
15861
52480
74719
56913
88251
41024
50756
49350
57533
77923
38464
53098
34592
26386
36166
72507
50717
13972
4555
14377
86019
31327
11403
40826
19064
44238
54052
7511
31126
99456
7739
91244
20774
27724
64340
93193
66745
35761
93940
25964
56176
32549
93274
84268
18
99022
99010
37137
83084
74958
83992
65183
76456
38968
59474
62377
5142
51367
87958
29553
62164
60700
9881
65779
33544
87394
57086
48899
51163
67878
99143
38390
55374
61014
13175
52154
10120
86673
72635
34259
37831
70028
14390
33121
30341
34543
90210
37401
47284
10707
59009
89647
53705
60435
49693
49246
80180
6344
34134
96134
41144
74405
20216
67080
2391
47138
48299
51808
27841
39094
31111
15904
20124
65208
77642
86589
86351
33656
53782
10775
22588
84860
97995
88537
69268
86219
68247
89221
27166
40024
18351
25437
51525
32060
39842
49763
87270
33258
37001
55032
97872
79710
79248
45383
70861
13471
41481
36742
31145
14879
16348
4304
62374
16593
60547
83413
8113
92629
17516
39043
33138
37337
93562
54162
91145
62600
50803
38012
97010
93066
41219
74248
70504
8688
71604
37844
52895
27291
14257
46167
7283
19832
1078
89689
60487
40104
72187
1937
27854
21268
14834
45311
29043
61496
56548
14704
95437
32220
40702
35303
21351
22812
51056
38777
84594
6256
45916
7203
743
73611
5512
18867
23117
68154
31343
81182
49064
32700
96605
45711
617
15360
14935
43382
93303
76281
38118
51829
11420
22265
9074
87558
58547
84339
63860
53095
69070
41485
89925
77960
96432
74596
60549
61004
80686
64069
94343
61734
62568
81184
23556
39300
3001
39735
24827
83757
14508
38452
64941
73572
587
29679
45327
98155
43624
23822
17674
58920
25723
1655
22162
40520
68386
42890
22784
16932
14135
87239
60832
23221
92899
53166
46281
49480
70226
12518
79809
45545
65337
83979
821
41816
59185
16923
30955
73358
16238
63356
18439
70881
65558
82438
67680
90560
69417
88076
55841
81303
15392
30112
19702
50293
43666
14435
92517
38650
90059
7238
25796
10996
37001
14541
99900
93410
895
38862
85417
13088
82656
20981
14787
90613
29680
31343
61402
86220
46148
94936
7837
15685
27653
13920
88342
24133
99298
62038
41215
95044
23671
71456
67532
61312
39422
93769
76121
88372
66436
22408
48447
85955
19206
56191
65978
36778
40746
9791
53941
37179
2177
67705
74141
73853
53579
26631
17817
66956
48070
48580
68863
79618
62180
65663
76077
88791
28910
16016
29259
44841
4403
29273
4321
36644
23755
58175
55609
78733
3247
75516
19498
74905
99977
12317
63306
64765
18591
69773
16243
47761
15229
37393
80692
28592
27247
48333
28165
24135
2295
17665
12725
68786
75152
95045
25084
59229
15602
90682
38710
82414
19758
50310
22566
30086
85935
33243
5302
15797
50845
63878
85313
10977
11286
44511
50081
27256
61069
61329
89196
57874
95064
6284
79059
4416
84089
85982
18266
2142
79705
84195
90915
13792
32342
92476
30743
68319
90837
25024
10926
91766
65251
24285
31232
22828
25504
82036
59877
99373
3194
93412
82180
80801
28921
7387
58060
13191
23761
86843
54723
26384
28266
81875
74088
46357
31045
66498
85032
23082
93239
35690
13203
47438
71125
35965
81003
55715
26118
31898
66020
43030
97379
88697
23124
95016
44265
7960
32094
95178
1918
8150
48141
97644
68586
1592
52673
73063
15765
4524
21956
31180
30852
49402
3922
2292
95405
98145
43124
22414
91171
18655
16874
25349
22932
76026
3254
38644
2452
53574
23072
94492
63127
55200
48452
81745
30785
74387
99140
49585
41352
83358
97513
5375
27704
89975
77139
77328
29235
73108
55720
75708
17331
33292
54607
59680
33351
5404
84798
85967
9041
9855
3172
82483
24994
91677
60138
52555
73078
44433
61536
97943
34771
53303
4933
39517
54299
17638
61675
92777
29258
16991
7959
33684
34959
32027
11397
79334
53309
2030
19862
82121
2511
65220
39682
94784
46004
34475
84829
41002
34835
76142
88434
12631
5802
96854
18173
41728
18811
47364
77924
63524
65483
69189
57724
4196
8994
26444
88788
57588
21154
91872
77614
1717
992
22947
23093
54870
99006
86577
68847
37113
65927
53638
16228
18058
1750
48022
47727
78165
16468
33634
81493
42597
44833
42580
44643
927
67386
28410
33267
34185
37364
97498
78601
74034
58477
68960
90043
16756
33159
62854
18992
93202
30739
4224
72098
8836
94253
96704
79052
61184
11277
57346
40544
59475
72834
3464
65319
91389
81095
44529
99085
48177
93113
98922
17521
25995
22944
8305
52905
86927
57535
23785
7864
17756
18863
63495
27658
32670
13559
79360
73768
25997
1794
16605
47172
17681
92817
85419
89784
91156
98868
48353
30094
67040
52350
19793
17505
98061
1790
49731
75679
14664
17839
86065
33677
98130
25441
49823
88038
58919
17677
32255
92518
29538
26210
39296
21776
75502
26901
58766
61098
38143
14515
50925
62418
4695
18693
59784
58717
84252
41882
40543
52397
52927
9505
36172
69407
6870
52332
7269
29691
53084
95192
94653
16004
68339
35056
84765
34538
37037
12879
7504
20885
35284
49569
92955
68467
48098
40881
37198
55590
29431
98949
1643
88373
97845
2138
48774
43484
19060
97182
33077
80132
80244
96715
43516
90961
63621
59840
92873
50733
41177
93339
91401
54449
99954
30255
88785
74754
92482
69947
49561
68339
83435
64766
10698
82557
45604
38935
30035
92417
35288
65520
53307
90966
84362
93390
40177
83006
5533
29797
893
85124
21765
35023
36220
43068
3056
70290
14813
93424
67244
73896
49102
844
56163
68753
76129
16609
72173
27713
95370
16408
79704
53742
93466
34208
28311
50877
32085
39827
6976
51091
6005
17370
10079
66466
71854
70505
22007
75249
65631
15519
92677
46983
22824
4329
73777
49212
59770
8464
72452
11340
61686
82656
84538
19857
88048
8900
954
31491
84311
85920
97732
94279
49087
56685
89554
89497
18509
12876
94827
35592
82939
36313
65817
93977
25635
35968
12569
8437
56607
17610
94820
8149
41387
5226
23988
55457
42403
13300
10497
62777
98430
56765
94722
38149
42474
66070
10658
30345
51884
27067
86896
19176
27611
37844
86549
1177
70275
92299
20302
86794
70597
26953
64693
79680
37705
60880
4691
91133
32209
62746
53410
3938
80619
54919
78652
86860
37956
93537
41151
31279
70548
44288
96312
58142
10
40859
76864
84160
59644
83615
37838
38134
12464
18205
91252
366
71039
40258
16244
56950
48764
79633
77852
52134
44855
48642
17803
25215
3388
17601
65664
40818
25708
96488
42438
26586
56704
67915
98649
61605
20361
74709
94740
92798
39592
8911
23025
14205
51760
24632
15292
58712
52188
41662
94604
37782
32596
6144
80454
53413
39081
42152
69624
68374
50378
32872
9907
95178
98296
17644
90055
20301
80411
19226
57046
37474
57141
77713
21352
98262
71859
26753
26801
49877
4821
9989
4933
17105
48661
74408
32396
53101
27058
83506
4798
56946
87756
75544
70419
34197
55026
20378
24594
28358
56471
76674
7129
57379
94454
46991
40684
73907
70807
27942
5158
36364
32723
20407
96696
13073
17098
54033
84377
55996
85729
10636
61010
99019
97101
58
91351
1400
69624
6816
43511
49423
31812
36918
50501
56296
97303
81570
6584
47573
4924
24928
74072
42376
47013
62640
29712
191
62071
48302
75439
36585
49934
35430
32174
8352
72244
79956
64730
64228
13926
88973
87732
15180
32111
77060
25158
2397
98243
17549
71895
25681
27732
967
13749
67322
56224
61829
59583
45666
67168
77582
4066
81035
3692
54376
4804
52909
63810
46011
53073
84570
120
92981
34439
81622
86497
38606
36922
45811
81295
17967
2441
37357
62234
35739
41547
64933
19694
89474
58069
75109
44644
52990
68539
15169
32729
27761
65880
12313
24752
38711
48636
67831
66640
7736
12518
22567
44053
14556
48466
14507
11229
39743
53687
60390
31134
34685
54852
91521
12537
12736
49701
21151
31529
88876
23713
38915
38212
5486
46378
18520
67156
5735
41734
69042
28379
76736
11647
44825
83454
48637
82136
94995
88166
83585
83258
99646
58218
93267
67903
93618
69529
78467
41717
46900
52875
73418
10433
57075
6141
47216
32915
79919
14483
38955
94657
29142
35064
67267
89745
72796
80094
36966
16064
97545
70154
84047
62966
13004
58183
16417
70789
42538
55430
64494
96837
205
57012
19402
6944
96091
39511
90955
55893
24295
46505
38208
59673
36054
53949
48030
59626
86066
94664
57556
76655
90877
77813
66614
20001
94432
8271
53618
20228
98966
29695
38894
83668
55110
20027
98250
14232
53848
81492
38907
13391
57458
76976
83240
81258
80243
99407
70302
14681
1994
62681
50923
79124
34607
43077
57625
13467
62194
3683
68982
57384
99607
61166
95951
99294
61027
68857
45159
51577
86227
84851
67861
72002
2254
37286
12885
86246
6916
27353
37182
97568
45628
92871
82915
29524
60997
83199
98610
74774
48277
11691
60507
22202
29270
64942
15388
23255
38720
98762
45836
29612
74598
13981
43594
41982
24457
31450
68841
93297
59592
86161
4958
38956
29656
11107
87406
12279
4817
7412
8242
49821
68933
79231
59497
82590
48759
49329
74136
49540
46321
78342
16730
10345
12633
38728
5030
36995
73706
53685
68310
98656
43603
67682
64115
46671
16176
75125
30424
11006
73202
78137
62319
13094
15556
75275
19683
20129
70202
66297
11757
64569
52063
20712
98171
63595
78669
18967
34577
51676
24611
88330
50123
76872
18262
50525
92138
15994
74835
72364
21413
71763
31585
5413
96793
45032
62765
49642
85575
16865
3587
2090
42984
46608
27197
70697
46312
61931
76422
18453
12456
37703
9834
36710
9501
60463
85080
42330
93213
41732
49873
25375
24305
60079
7437
40778
12161
5729
72658
74946
43411
36779
72655
55647
42422
67123
14139
43989
15718
21206
43732
6945
10543
233
33884
68030
8842
76095
5328
6163
60455
13248
35984
50094
81200
38825
83247
7257
80678
9105
86580
80335
91858
63472
91408
18499
96632
45531
45675
22521
55485
3353
66588
49865
70448
17081
13361
73234
40867
82043
59743
37147
29087
28972
50347
17003
508
70473
94703
98071
98039
69862
35986
54531
88253
43803
29988
11603
69271
77410
82418
96518
14048
30186
67300
37403
43652
6702
71177
22930
81457
66208
37446
68921
82417
49226
91251
55054
66589
18389
80887
29085
35402
66854
20762
71235
97042
99272
22489
88652
31151
48377
90148
65319
95427
32532
47111
16141
66412
16151
36139
63837
86420
59791
95750
36558
40989
19915
99204
30747
77633
13546
66919
30317
41591
79917
83174
6109
98745
86224
86008
94330
62574
1746
13930
62899
6480
70824
492
79424
29429
20208
13705
95104
78362
6910
73067
41861
45910
60300
55653
53135
92508
92755
74368
359
69
60715
52988
71209
1963
36722
29679
65528
72554
50205
40847
82415
92100
33432
54693
29006
64023
41761
39762
40148
7708
83851
21089
30870
86538
8177
54258
61525
37133
70895
71300
14258
90491
81669
90487
61547
65681
13723
6964
48398
57418
5078
63480
41716
43659
77871
46715
85712
74018
2476
1207
68834
77939
46509
39036
19020
23482
2990
57734
53708
8203
39710
85421
33729
14934
50597
8678
56242
87809
75119
8492
95268
8935
25620
43099
60014
21883
91167
65714
56830
4762
5498
21560
78070
26828
9969
20340
21360
87246
69567
25823
41318
75955
4856
30682
81557
82629
95372
26401
7976
68828
62656
4657
95019
73693
99643
10593
9884
92665
51357
18445
29950
70383
70585
60585
31271
62077
74047
70599
51418
56716
3694
69847
92966
41345
99875
30349
73196
46007
65533
9631
61568
72758
39279
27262
57566
84389
34499
33070
86059
57463
81383
19200
78035
24758
28091
52586
51214
26461
36878
85358
79803
39508
39969
91730
99787
13061
48682
24234
25849
25835
59135
43796
43124
47013
52333
23845
44139
9408
57679
56224
97493
54108
19696
41083
63536
16821
73125
85915
33075
21777
89217
59453
27726
99399
42418
59903
63210
37505
97083
78378
78190
62383
98793
51501
10484
29152
53073
25688
24089
61805
38967
57386
89474
69896
46635
60351
64386
15771
6014
26811
78998
62532
21861
40044
64654
10733
351
93631
23394
67465
54434
2326
59709
91706
92113
79967
76257
86599
44817
31001
23396
57582
16744
79233
18965
21586
45798
71517
15514
56874
11061
31616
25622
87732
23590
42586
61837
17677
55253
39178
89499
80340
73104
31148
62377
72801
77247
88916
85616
18025
32547
95364
98342
48440
50384
52505
81164
72664
85009
63304
3459
68245
95618
40058
43020
86278
98327
45945
30862
62362
53085
37385
87891
36229
63569
43259
31195
82801
58647
29219
61750
9444
27000
73456
67945
12730
50866
377
14311
31384
9455
20409
39632
44055
48326
50060
20470
78447
18507
41196
16893
27876
26760
99591
11807
12753
11210
90005
81111
86804
88954
25260
39089
99803
70490
4403
92431
58829
21572
7671
17100
16778
66150
69022
71499
46815
13230
26660
88558
22338
10511
9683
34705
43312
99870
63305
56200
74164
79876
65211
50706
12419
2626
77022
10391
78988
20856
9332
99797
72440
59069
41979
36155
91264
44077
18987
25922
3287
61736
6001
30213
56605
11569
90698
30997
67650
42370
91467
54788
43133
17360
14494
37079
94243
19856
95557
3004
28310
93972
15549
98798
48145
65389
84050
5069
12011
25736
68526
75792
53178
23334
33031
45101
81057
94848
98033
61524
46253
8247
810
17180
66503
74276
2801
46959
24795
22253
46696
17523
84497
25279
44018
73503
92084
24111
74671
30322
89633
2830
68963
28844
31789
37260
27362
71067
40122
42188
90951
13994
21165
84151
83541
75908
89668
75319
15083
83252
98747
792
9699
95502
24282
24086
62210
72542
94114
78470
72379
16987
94834
69391
91651
60143
80836
62423
95555
64466
74420
32262
2496
91476
58943
43788
41538
97543
82132
28683
86034
83195
51342
23368
3739
93096
72213
60237
45673
51611
99569
74278
12339
66706
6644
79975
36753
37267
22998
63680
82949
25251
75894
75535
16255
60953
57010
4812
64173
21413
7158
66495
80769
26628
8181
10162
80353
39423
64264
78315
85670
33567
40014
40568
99566
2784
8593
17687
46444
82308
59007
63570
74697
4422
18671
71522
63546
31149
47964
25783
95014
87247
34191
81837
64820
15049
86056
94269
79008
35051
85348
16399
64014
64968
57511
5739
15521
8448
30481
51838
89845
42853
58455
95460
40371
12017
94758
39537
38787
65000
68779
49091
67189
39702
71736
8808
35129
22780
37129
76505
36017
41359
80113
53390
82161
90388
6700
68084
393
70656
33818
55714
37333
57680
56157
43707
38255
17364
22449
83822
4954
19077
69313
71524
62870
94136
58003
74529
87505
53018
70592
91377
21020
12861
57535
24709
12100
97833
26527
13747
43837
69192
97644
95816
4335
31533
59612
62812
39799
56198
95000
7899
59134
112
10131
14289
30751
86833
75197
55637
93362
71794
90381
87730
95428
39709
24418
62907
65113
97968
4490
65746
99582
3396
28713
601
9905
88860
17057
93744
28680
94752
46735
87186
95424
51311
84835
75724
76828
69165
59036
35876
24560
13353
15803
98166
4931
36043
72939
70959
43208
81721
25133
50824
63042
85497
41444
36198
14278
42993
72920
75424
89237
4559
45587
30589
50222
82663
47664
41505
43748
33361
36326
4293
76962
47065
24590
69765
6085
357
98429
38649
75993
83697
69149
4002
42837
73672
54173
36058
38061
60920
39540
79151
31993
56811
12705
13317
68371
90129
2499
57607
73498
66350
83683
85064
86700
73289
3712
20881
20167
19076
75426
56899
95931
7977
1501
68223
78813
96598
38762
47513
3425
41784
7791
45570
43034
84411
10434
77116
29874
28096
9020
14861
78754
69802
39347
2774
96514
56939
44232
35356
35704
71623
61582
47459
22883
70798
44621
16715
43902
53537
92328
61702
12726
27833
36680
16325
346
30964
70757
61060
5954
93773
72129
73000
86858
54857
18827
58947
87247
30122
23294
59592
98796
36987
52707
28319
38082
92101
49491
86113
13137
13752
10556
96392
16987
18095
74203
22120
42667
83094
22695
83958
79788
65078
20600
98965
52839
43980
40331
52164
66625
65645
68656
54327
98205
61637
1037
88658
30847
13572
37894
65310
5566
85562
69880
54641
20452
52818
23943
94463
12250
57018
96575
80962
84161
72835
21568
50601
22498
51121
26303
25358
89315
1020
66748
17684
64014
12596
15467
35439
87838
37845
85237
34316
37529
70890
38554
40509
97820
63669
41146
31442
17697
66877
6650
85994
50338
80086
11161
85466
53606
76910
7393
6057
63964
64980
83890
53683
59414
82589
13660
7565
30390
29768
88259
54457
54039
86130
70056
97501
76919
78155
89547
2681
37409
29289
427
13188
44169
35051
58403
7378
86998
29028
84408
7143
56677
16696
23400
54954
27476
35033
70711
54084
10536
59320
47339
93451
62919
84469
96923
76247
40407
80407
99725
53605
76951
56801
26926
52371
36136
79185
7392
84025
32577
36387
76904
3227
55200
29095
86157
91769
89716
41245
66110
30800
71853
81804
41880
65255
15383
82233
38485
57949
26267
45049
29760
82042
39884
12824
23282
72334
86328
44524
15613
54578
89692
27928
85656
1646
90007
17781
21393
98458
38653
34332
29101
13091
43524
39815
46089
8133
7726
38535
3709
49472
38281
72187
61040
34723
79668
52350
50875
45135
82870
60969
97969
74116
22013
30564
15568
5199
89809
79307
15359
43649
95800
17261
30859
54592
56858
29339
8070
83493
80088
37966
74146
48812
60382
6029
11343
40255
85608
80282
20539
48782
94825
312
43789
54195
83326
9070
49094
48196
30048
86616
87132
98040
87255
25567
70711
20153
98207
75973
75743
65838
43231
17266
13749
54667
14250
89227
61803
45429
65807
34811
78016
1719
23857
21237
37098
47920
61731
37973
46996
33963
19274
60332
75422
6594
72819
9876
82149
23755
38944
45689
6379
42060
56766
14295
14227
78181
65136
57526
65638
63311
58381
50457
56766
1316
92316
13502
66503
59925
24625
63749
924
10048
82604
95215
40755
52376
8575
54628
22308
49020
95115
37341
80762
75478
71250
70515
30625
98175
25594
7185
919
31547
32304
85575
3519
1552
25394
66147
72254
8556
46064
84855
28245
22235
53545
56853
28658
91104
22953
74679
18816
18569
51372
57732
87024
11140
68607
24707
67913
50425
98458
33984
55142
20833
67484
87474
93661
89228
86951
21027
4537
95878
76351
80865
4243
87199
71272
64726
58629
36092
73985
86612
34806
25033
90181
39615
31156
63136
94883
99693
36228
22439
43221
14291
76074
49909
50845
67121
59691
56630
1173
29533
12413
85620
43074
30998
2051
80331
47538
81227
64278
70654
70650
64216
63363
30284
61433
29442
61913
785
31691
7862
76478
42671
72152
9520
26444
71803
40665
3951
65501
93529
51715
28641
27292
81449
55975
21178
86303
52966
19760
78005
8868
52916
99053
9874
29840
34350
64643
26144
97
30573
90029
99362
62211
89040
14211
84182
35633
14977
14165
12507
14166
97486
57612
90789
3574
36087
82844
5767
20045
30912
2256
35434
36760
89310
80777
44399
11115
87060
39394
26580
44733
38310
3859
17775
1403
33416
49543
43742
51484
51161
34108
56643
94988
55382
73148
23080
60745
31964
96519
83780
41961
86998
16094
44709
65410
24626
72562
31664
20999
39155
56310
78130
69210
79899
95518
46985
43814
18034
68484
95305
40936
97262
55943
74231
61010
97156
18206
3629
88768
21184
98359
79594
78373
40483
93677
27220
37891
25050
77398
12314
42298
72698
32674
99504
82911
95518
89699
45866
3416
37997
49623
93999
43472
38033
94229
95311
58236
95022
89696
5614
16756
66814
75457
496
13697
99833
39421
58588
46675
26391
31166
2543
85018
72446
67711
51154
38491
38043
71791
63463
77659
72522
81997
69607
3329
97536
29483
55408
29262
66275
83390
91216
99882
98145
59849
70594
65440
54342
14819
4937
53202
55657
69560
32970
10589
84878
1906
2804
1194
41193
81992
25532
93422
2956
3055
8142
52139
76499
46523
53402
42694
3349
18696
93228
21021
49024
31432
35916
10892
67228
1804
23185
77124
80801
29508
52694
42410
64460
85064
87692
61048
96313
80435
27796
24557
80524
1198
75208
17409
8071
37993
43929
70032
23852
37504
23656
9125
51458
74976
71861
9258
8904
58978
78143
92971
92788
76345
29089
35339
24920
46890
84854
59310
8171
92422
76914
85387
1922
70141
80964
9384
55264
38116
35322
53708
9487
29192
77926
28831
39396
88526
26420
96317
17666
63587
98791
48933
14568
382
84062
22291
61862
31087
77924
88139
91319
76327
34339
45501
77617
93850
60344
45927
30060
84255
62549
79112
80561
52782
8345
90674
51755
57377
97492
68590
80005
76049
37591
35707
17769
98731
76520
90328
922
79804
33255
79913
52010
8214
73185
83722
83043
50950
37511
98346
88063
49043
57318
67697
89046
6576
85460
65502
28802
82869
34559
29928
96497
1310
92652
97699
46650
43267
57151
7631
18078
70872
12075
96946
87576
82570
4391
3944
11064
39234
26022
13826
75539
60604
7128
36926
56858
58462
80801
30622
91738
76119
31977
64848
6592
89191
10746
43905
16231
22303
46484
71986
71594
43191
143
91873
50303
59153
39403
14097
1189
12771
56544
89651
48822
87977
11258
35944
83835
78072
86555
67351
3211
97133
53413
81090
18894
95759
9543
50270
39170
81145
96112
20629
84927
8498
48668
38065
9423
22383
48005
11718
77941
20157
72434
35038
25763
10371
3997
69999
73264
63626
41148
78602
72270
54011
96248
98690
28396
40032
41965
14027
17859
93512
42773
10791
10986
8084
54416
54293
85257
48488
25379
68297
35107
82585
13337
70042
31816
34103
21804
36905
33779
47300
28441
92601
19917
77730
98725
40029
99229
96556
43065
37576
54667
14749
70229
88215
49499
91640
4178
60650
38391
23620
31805
17248
49463
22575
72840
89704
40371
23825
67504
50100
75218
94976
49129
40353
4755
90710
9507
75994
63616
52709
49715
44821
54902
99533
30086
59525
51937
21287
61253
52272
42090
5566
28161
87632
85804
75511
174
83875
91687
7505
29627
25291
2901
70796
24434
84545
24804
91950
76283
75216
80937
10923
97053
53195
92192
27833
98018
76670
48403
28920
82085
25237
97516
39471
58523
24588
5249
19937
69020
28777
55823
9515
11497
99091
70554
77392
90839
76333
11021
17556
63683
55201
86113
39917
30231
85156
80419
81468
55277
55747
85012
21263
89129
36556
25037
45531
30081
97861
62921
97769
86067
22525
72729
4932
87671
50911
98933
88963
72398
39007
53798
91768
57616
91132
46535
39691
43370
44701
71205
9603
35407
94413
87728
42295
91528
70148
69570
87768
87965
4072
73067
98176
17775
47965
21051
48219
62525
57459
40800
48563
5824
99620
43281
22554
64636
74061
37338
67524
63332
266
71756
77090
62998
18571
81517
37474
58815
81496
26222
51852
27065
18554
95180
17200
52058
61241
49832
8338
91179
55065
81343
4221
93607
8310
49028
54376
28127
56832
75076
73965
16319
67162
71638
24687
35643
35506
65972
1620
13963
42374
8450
41591
91923
13187
59396
8386
40509
63230
3385
38733
33059
51681
62184
53823
14314
4223
14169
90297
56326
10171
77881
92743
37318
92418
93953
23280
63364
22792
54734
68443
90717
63793
59102
57588
1875
16083
134
24533
82354
92307
72992
492
86016
79650
95500
80385
2608
56162
90673
48914
27355
33688
97623
4261
70128
91763
50704
85071
88349
33420
5380
26135
40540
39749
87800
98522
10893
78440
42667
54664
91278
60550
88463
52819
18689
93723
65534
86602
10677
71536
17759
20078
89901
72874
16158
95295
66729
91687
9502
65848
29462
68922
99873
72081
88005
3415
57915
33354
6071
45306
77010
68991
46570
46320
83579
72719
47491
72948
76844
14292
94233
97086
39480
42528
34441
31831
70033
28016
38912
98136
15611
98758
64137
53109
34807
55866
67576
92914
21912
31510
28502
66999
43415
23141
70199
94031
95046
70062
57562
90103
60075
23681
17097
80320
26894
90265
21387
4570
13481
63503
45663
26400
1521
10712
36281
71544
96560
25248
75665
34443
51745
89603
33190
75607
11659
46027
16192
67471
37288
30816
21639
79462
38031
89690
71856
26211
60420
6055
87140
93296
95028
61021
57053
16339
3727
25948
28901
29153
99742
94141
92056
2706
89372
70616
4852
6789
53992
3864
49443
99896
54794
56841
29631
75181
28651
22680
99108
33324
18004
97187
48707
2941
66132
24130
71431
79947
37952
98138
16773
62996
91252
96829
61077
63735
23995
32411
85179
42226
31848
73743
59864
22495
38578
44064
51923
55739
38008
43619
84158
65146
52210
84538
93293
7799
87251
4369
79950
33988
71068
80863
6408
67161
73795
18626
60266
91521
32892
10623
45232
96009
86886
28046
19250
75012
89108
89139
25018
78428
45286
96222
86928
80912
29945
8810
35048
63325
90617
8272
10283
19199
43786
13550
50380
90342
11044
26768
33895
30221
90832
32050
18812
80961
90075
52320
91831
14626
64453
15765
16203
71902
29547
80224
27560
75454
36707
66392
52267
83469
67514
51473
33369
64409
17170
11041
2793
96648
44410
85612
20578
17491
12648
41726
33027
44226
41795
62007
60268
63129
44785
47932
25563
21675
98847
96914
37678
36368
55383
3558
96707
38310
64570
59916
82719
4855
54543
93028
84466
35304
47250
34363
91440
27510
79106
98144
6167
48718
62098
74934
69693
68342
87990
70791
58526
73949
63878
71979
82946
17915
46303
62113
13842
36388
5703
76754
62749
4856
74037
25211
24547
94103
46166
2055
91666
92540
97800
64884
91820
79490
9583
66676
78523
24330
34791
82051
40781
73929
2729
28057
47234
1666
82114
23086
93921
93506
34175
8350
22912
58139
81794
94935
18020
92221
74807
18619
92991
50179
4162
62223
52534
20621
53663
69690
36021
90809
41057
74772
22378
90415
88468
63066
24406
32084
6206
65786
88899
52747
42020
73063
56132
33394
40367
89495
34741
89884
57846
76573
67145
28720
44596
39693
80867
79697
32500
18660
56635
52469
45440
38874
74310
74668
80779
65761
52093
75265
59858
25907
3581
50555
54556
53560
92866
98684
75349
56058
37393
73968
67163
8271
49355
39612
85408
7378
56461
56809
49031
39258
20374
49364
8751
21966
88673
36459
87660
83198
10885
15140
45944
30939
74587
19264
70187
37210
90309
27576
71089
41148
33469
32631
35726
76623
18483
63459
13814
13604
9205
24036
38305
6190
73749
93249
15716
82720
72484
63925
79247
23738
9570
65728
189
47182
36143
4600
67033
42423
95662
99967
72189
19157
49120
46293
94332
22783
42222
97594
61237
2222
8047
99747
61511
92951
97802
22158
71663
6608
75046
86857
42649
22096
25426
12942
36600
82066
36678
58960
62206
37664
19588
74444
43861
13571
61332
42916
92309
51806
85846
21889
47764
59697
46005
57004
4883
66351
43198
47321
72042
46631
34736
39978
12444
20629
92839
11289
74015
32402
43180
27765
62236
65842
71327
61733
57095
57831
25108
13230
68731
99872
88259
4012
10689
8900
37780
7011
53172
11220
41457
26647
46560
74237
69212
7870
52925
87280
55452
34226
43617
77907
89760
48518
60604
53362
12074
47566
38431
7144
12721
70081
57172
75135
19045
27826
811
95567
49430
88602
46754
14161
21378
15078
98647
35008
59844
777
91134
6132
50553
117
9002
96433
13282
60634
87987
77623
94681
61322
23324
66556
63265
3544
99803
882
2110
82294
78092
52215
15231
80012
2725
87216
35566
75619
14216
16990
75503
48724
8116
43742
91751
61193
84152
22608
27807
10498
9449
30664
13252
85857
16843
38887
54448
11740
73795
60452
88211
67570
10281
98168
32057
91921
62461
75269
81024
82803
85812
28760
35042
86744
16934
15348
35033
30784
77954
9362
28002
82843
84887
53215
98944
74236
70092
78860
50349
49012
81583
97381
55271
38783
45236
78052
48200
41274
41663
45063
69997
8550
21718
29369
56419
13936
31721
40387
89234
31561
24196
36772
29490
64194
74056
56437
54539
92637
26466
86218
49024
54199
8167
99980
83982
83988
60836
10390
95337
40198
99248
54101
29732
59793
65324
80596
27856
62615
53859
69955
73060
38943
59510
27166
35662
56222
1110
57500
50506
82699
83606
90872
97794
4555
21502
52551
81304
39438
81760
17096
39744
34013
61848
10458
35402
58716
95622
73416
47105
79526
44871
56340
76815
64523
15358
88030
7547
70203
12457
3108
69280
46984
89559
75576
12320
18655
55436
28899
56321
75564
15246
1772
49668
80411
65668
23188
81195
43518
12789
96829
14459
35993
13675
26744
85942
46706
59867
38609
10836
48723
15879
74535
60962
88456
93319
66171
82577
31182
16944
69177
92331
11151
81771
34520
39866
68981
16649
60986
22855
95144
3439
24932
63418
3138
63902
1871
94474
1130
63858
11891
97220
11864
55098
15684
34581
58483
53791
69767
5388
36243
73221
64970
21417
79404
41253
16056
39730
97695
15735
26589
90338
98022
15357
11242
10529
72790
18179
82286
81141
43187
46222
50900
65514
38056
81322
63336
69864
64053
16924
85779
75707
39274
51928
78936
43393
78144
13753
80426
95439
58640
8163
77837
68978
11347
89667
10999
97762
22440
18287
54294
85538
64349
59870
29511
64089
26044
94898
7988
58899
40577
64565
12455
15641
15065
2380
32324
29150
96742
57238
10983
3462
32344
42672
76681
41005
91547
49482
82140
49190
30192
51325
24128
49005
96349
79434
81442
14624
52335
94420
42802
17425
53692
83738
74794
97760
22203
75181
85827
40328
134
89632
708
90541
47175
58159
71584
51082
59183
36346
9946
37285
51389
45379
22337
25291
97843
24953
86679
60411
28800
32640
3893
65694
61093
46562
78692
51927
76726
43373
32236
81849
36754
71098
62919
12928
26150
83858
61334
2754
40601
9068
50499
9190
27580
56537
14585
33782
91140
32506
68892
54699
15909
64616
31975
39509
3862
68876
94408
35009
68343
72577
40980
70937
74378
69599
41604
88704
54446
58217
87494
48199
32158
18617
53797
75307
77764
34171
28691
11940
93041
86330
12896
11364
93966
98217
7889
67054
22586
24061
4746
5603
28192
88819
26238
75465
49595
44195
8901
64236
88619
2842
36103
93740
3189
12567
22551
89536
60397
66234
28499
74374
1829
33051
78279
29517
7404
80304
57261
17098
764
9446
46336
12764
25215
41199
84534
70512
92295
75784
94778
40205
87332
462
47718
93333
81878
39589
12366
26681
42375
22942
98556
56959
87121
48851
33533
59883
47813
11870
51084
49775
94532
99813
1984
46134
50523
85764
23125
17804
5680
41747
84759
46730
12651
83912
7428
60616
14036
45659
45018
23292
90025
89380
95573
2166
19861
26114
4634
46330
90743
38418
13670
86897
70395
61546
64864
342
9454
66054
6956
94585
55372
21845
13354
33594
32003
58792
89211
60858
10181
38759
28881
86834
29842
97948
8692
66468
64970
84754
86052
60005
26269
49214
30688
12912
71080
738
77562
37530
30705
90145
21283
75749
89539
1771
77193
40483
77200
66126
40292
69854
58318
61058
92742
29779
42164
55122
78623
82782
88031
81026
39253
72887
95263
26154
39139
80552
81617
89134
50668
34312
51899
5487
73365
8553
95814
91907
30790
21075
28157
94949
49389
30040
23565
98913
60619
66496
28494
1203
28386
11985
38182
4972
63635
32484
77720
62262
42984
40872
30012
33022
30697
44313
67747
16946
42360
78419
20316
31156
87282
23959
64284
89842
10077
33881
55031
38129
56147
62935
7279
42266
58682
24638
18659
40155
41168
16503
54866
94797
11147
90928
33804
31829
27129
87800
68992
64427
18089
65973
17386
79794
60870
43540
64892
51984
33583
54137
47013
31109
85606
6258
26062
53857
27945
68115
47425
2507
53559
81893
11793
85662
74656
38575
40765
28924
37409
4369
20064
50082
15761
32902
37919
40114
85859
92697
63957
1223
90522
84872
92627
94565
28792
26135
60362
84744
12132
67341
40076
60826
79550
3859
10088
24769
97569
97257
89564
86095
37833
18613
16734
8557
63462
42909
54855
26334
88198
27700
71484
98663
44845
59751
42668
33739
33193
84976
28088
73667
26701
33477
34641
42696
60031
77764
61281
32696
30010
85034
77014
20659
19261
28174
73339
83056
38481
56091
27471
59910
96305
53677
49733
77269
69623
10207
54341
72212
33835
70064
71
33677
48381
85698
45376
57446
98968
56148
55984
93297
40893
41675
81174
50550
12124
57570
33970
53507
51454
63776
4143
80594
86900
4187
89963
14587
69549
33872
16617
95705
79012
96419
74127
25749
99526
76043
51212
40536
32350
92110
59016
58140
35854
52465
31830
39768
47286
24397
21726
559
5624
45781
86194
66676
34724
14770
43830
94813
39130
99508
38366
37462
56048
55523
87107
84758
66725
7300
81966
54670
90821
46788
43527
17332
69293
29430
46179
69287
99506
53727
76150
53601
66800
18810
63597
44021
19221
71435
71816
99495
52524
50702
59273
95398
40823
31673
81916
49239
83377
96692
65461
8810
21215
2588
82663
66478
44777
95082
1839
49663
35183
93883
55054
51651
76640
74729
10347
91538
15621
21672
46439
73723
96238
61934
19502
2362
45105
288
92344
22378
4920
17185
57270
84935
74763
73536
77084
1198
67681
7769
12851
69732
4460
2542
87325
9644
60507
22713
6461
57593
9055
31631
94437
89158
18650
1043
71172
52770
81222
63051
12656
7272
87841
99266
18885
19502
48968
79336
75332
18799
55978
29880
1092
36027
41183
92555
46610
54142
71716
78121
57270
71306
21981
14972
79223
53034
48404
58375
82061
57433
45948
20554
60900
64709
47085
83435
54513
61232
72614
43573
64445
37033
93236
79871
16518
93019
94681
20398
37915
23679
94569
53797
25736
88618
7392
81175
25131
85121
99588
58967
97638
73090
7484
71192
73305
39970
91738
75819
51250
77560
34662
59296
95179
80092
60606
13062
74682
