27886
11175
50179
65009
54547
44319
94340
14121
94843
56978
89747
50807
6065
13151
17625
30625
35402
40161
46292
18941
89626
13059
75526
97467
82255
4975
80656
49585
5063
11079
37431
41112
19886
85576
9650
90848
61532
72971
95254
59663
5296
96076
85653
66908
62601
5780
25903
67837
59203
41058
69099
6511
69936
99745
80348
78867
11463
88858
10846
4911
63780
29339
91319
86880
31880
23428
47244
43703
4977
53912
30713
97656
286
3701
53860
59236
8140
88127
61508
56001
28021
92290
38157
1447
10898
34424
61675
45644
33206
78632
73944
6092
16722
85831
50976
93303
32032
48326
65144
91493
70739
24389
67220
47521
8645
3490
13534
79108
25988
8183
53755
38821
53845
38471
79827
63670
18643
83619
18167
74439
30292
82662
29823
83515
21256
5110
9375
92396
39991
52376
31929
32310
34003
93787
30246
90171
95675
436
77609
75099
31036
99282
19594
42035
6727
51392
97140
22976
36491
14887
78487
67105
8938
1070
33492
95986
88039
55641
22085
27606
71394
476
47574
27874
54134
11457
70519
58385
60644
25514
72969
14913
47209
46476
39423
75037
70880
85798
13980
98870
87737
74614
8533
74223
7078
93530
44051
35635
59965
47677
30358
2884
3959
68420
6959
27055
90429
88173
19616
54076
14856
63948
91842
74156
80237
82055
80305
99896
70741
9419
62499
95045
63904
76587
74796
4528
58966
77958
97645
87512
25738
84047
17417
39866
88112
33753
22886
74727
48267
37907
7070
13710
93478
46447
48734
26496
91666
10812
43659
26948
27638
90999
6671
21380
29460
17859
24757
73786
42188
8156
30470
36782
56022
58883
22198
10525
56124
67556
11685
81889
81803
75332
83728
46254
25036
27327
12233
73454
22716
75466
62521
99724
62891
8498
57230
71290
66138
84296
96157
68416
53188
74032
83487
43228
91925
49280
55987
89257
50887
51800
4244
10510
82340
2874
4825
12613
95216
4864
80814
42921
72981
83526
98260
75401
38695
41951
91059
93755
41919
38094
75454
36182
25306
80231
24123
66583
21807
60356
23265
99597
45263
41835
51380
57837
46839
98936
23148
85327
37107
45863
7819
83425
55831
42934
91922
56567
11699
97124
89675
52159
41928
86200
3329
3053
86032
98907
94606
38543
47173
64151
62748
78751
75921
39327
91975
71365
4776
59679
68723
68049
94627
80504
1411
24528
67364
3285
39408
69661
79651
19062
28198
84499
57549
8090
13151
87893
87265
60417
9440
14031
76574
50566
16718
93905
8080
43261
61697
21862
39634
26138
34449
7772
10485
14631
18003
63271
94323
81442
62392
33853
96563
17844
17329
79694
9214
44859
21836
80935
28971
8652
42859
14180
94655
12036
67780
68552
60731
8209
19846
64168
14994
52532
33810
21029
828
21597
86579
7376
83957
73034
23447
97776
49879
13722
84215
88157
75800
99686
77725
62354
56152
47591
97113
57124
24088
39410
52048
19006
17855
79416
88573
43169
15993
57937
31506
39962
61411
11870
87068
27204
84421
12704
94982
50255
9806
96082
85777
62502
68301
95145
80942
78281
15309
69427
96397
57951
35990
11043
78050
81031
76716
42830
62402
72800
96869
21309
89842
9188
62171
90579
51170
95511
79840
54793
95718
17544
47743
14147
50163
65159
59847
34055
71566
13540
97289
14179
76396
11000
50579
85094
92455
42872
17723
56280
63672
33530
49776
16474
83941
47494
59347
98382
34736
19125
55699
66553
79662
93256
38274
8391
78337
10234
81999
68376
69529
5021
99735
39191
87578
46626
99035
33515
39785
82423
23304
84186
78970
22919
65683
18747
1916
45744
29804
17740
91027
76625
77408
45164
22223
94956
86097
67775
92245
81771
76231
49759
49715
30471
35597
61572
63017
70091
87924
14728
97422
54431
69227
96348
73390
54872
99369
21926
59087
36768
82740
60766
99644
55783
34193
82500
18413
39362
34695
1058
47755
88370
35579
57092
97453
40471
28142
95320
94967
47953
90495
28371
97726
95372
86700
82994
53369
74814
89328
13312
99060
60544
4636
69898
7543
77857
1131
11390
35344
89130
56895
69210
30083
9189
62537
71990
96653
34489
27799
87009
22696
76316
25024
6305
45748
20823
46542
92972
93157
8632
85669
1368
99205
5278
77262
90308
73734
78483
71216
35832
99369
13121
43002
35343
81509
55349
23548
55717
90603
93052
99718
45806
83857
52522
52957
19718
1946
53042
81404
49094
46864
42104
40241
57218
73403
91903
29445
95427
69359
75180
28485
63088
30420
43283
53008
88088
97159
99808
79069
12361
36411
83891
86258
22565
74718
5502
83188
68890
80914
61228
68971
45208
51314
64684
97704
64808
23105
34736
5528
58287
69940
18715
9691
91556
62026
38551
5004
36579
5455
24764
42058
9971
94204
62223
38124
65245
66423
43797
16266
2467
7673
84785
98414
41856
31875
86689
41238
66345
44470
47682
23945
63525
43464
84917
99460
30189
27227
34958
86506
39401
79037
20556
2428
41133
34164
39238
82138
24494
36483
77252
9303
54530
73825
71179
62318
44955
48584
45312
86146
99331
69907
28137
60761
73232
43010
28914
12666
25113
287
29822
40251
92451
82769
29804
57194
9959
63424
2276
87390
1523
37023
10775
30620
20380
16993
56229
16863
40350
62154
49415
90410
4921
1311
58596
64723
56703
95604
38920
60366
12009
74094
40450
24943
96487
12945
25267
15258
4543
97743
1198
63003
19467
61288
53185
39896
86126
80073
73653
42854
2357
67393
89216
82752
16210
67758
95247
92804
42456
22236
74861
9921
83
18873
20280
74659
70343
70950
51972
67809
43256
70612
71143
10496
46037
93112
51784
83031
2381
53453
45783
86599
77063
21675
34770
76232
77103
38758
93656
35315
53902
85291
28117
12508
35619
97251
67118
37875
13478
76667
27346
61233
14305
46290
33481
95409
40306
80168
40605
79540
43262
90239
8530
17369
60180
75217
77483
40544
67778
66926
35606
9014
66335
98953
79542
35399
90817
67426
51191
81569
64374
77686
78113
82689
68571
7402
28898
16979
82287
1562
94068
77445
54616
41842
45766
34344
69952
33617
11684
59867
59606
33239
22588
20714
12992
63000
49705
20752
99842
71702
31010
60013
77813
34020
20192
5334
38025
18549
29484
25704
6134
17954
58078
98857
66124
52852
69215
28226
11484
85395
32176
94367
79983
55341
71325
63356
33237
65872
70806
72737
70551
13115
77922
69706
11290
76702
1570
63486
12990
80265
37951
70476
46753
86904
61119
23248
74047
90042
20054
50738
96380
10478
90069
27517
94619
27662
11359
74814
50157
10101
8625
28828
47029
66100
43777
50298
97112
35629
16830
67467
59856
97122
12368
45706
97031
70039
73499
33842
99661
28505
57879
11540
50073
83731
32694
59832
47970
38122
29972
21301
49773
99113
9355
70427
47953
85452
22652
25927
46737
4028
51278
86130
7508
14624
88282
25836
70483
58628
56239
43959
89635
28997
92569
47168
58847
75967
74050
6480
79491
12868
38777
72904
42225
68596
35866
37616
60977
10793
19366
87526
79662
97460
36777
59545
44273
51732
83356
88404
96875
36362
82488
17897
9325
99324
33590
52397
67325
90562
39869
69415
97486
64481
61290
21493
66434
96796
8911
41676
79055
71866
78501
29309
93015
64340
77642
84608
65877
15772
72704
76332
33100
79605
86032
41355
5943
84821
63495
7848
61391
93628
69647
49164
69774
66145
40019
81437
65976
24987
90408
20102
29753
57922
31063
94905
3598
42424
66855
7547
24260
19038
66584
78720
5772
66770
79273
60047
90417
5692
35921
95986
87462
13615
78899
2150
41877
94453
23260
90530
68345
10405
34598
80080
29988
81962
18051
97334
46687
71482
12022
79092
39926
72394
93879
38221
8219
67481
88320
11013
43326
59802
21613
53075
29979
14932
72124
66509
18651
48794
14578
1785
79078
79207
15384
3641
10339
36427
952
91648
23552
81335
52990
26136
63278
31795
49014
95701
62699
70520
25718
85752
99366
53794
66190
34040
69174
79045
55639
39062
76524
2500
18569
41236
11844
99657
19710
78692
3069
5345
23311
98573
17462
76550
78863
72528
53807
39999
71248
34867
34054
12600
63820
55625
99322
7885
94891
48554
36271
65897
17781
63685
87607
46297
80262
42662
64852
94959
50409
87563
18781
44054
28358
73448
58242
16279
93729
20427
47062
34402
99783
38747
33535
23251
18834
1690
86704
40685
55200
84211
21733
46207
28556
95014
52063
87971
84349
9294
80174
30788
52828
11584
32989
52443
97592
62519
10256
60722
59431
38109
74535
51368
61952
16937
33243
93438
74503
84085
2204
42583
20189
34133
79439
90398
9325
7074
4072
91153
58571
26357
94662
31188
36387
43856
99344
563
74941
57661
36230
9254
28323
15156
85072
13590
2892
25050
10414
72287
64223
81794
86737
80958
38571
44953
98410
13277
15307
48106
88133
88879
23830
44474
60204
70732
52476
37451
82254
69947
95259
54751
57981
77818
39553
64022
9321
81101
34572
98283
84392
57359
12428
12368
34317
69832
77251
63286
77391
38332
90861
22104
23746
62788
6600
16507
87089
81831
4079
87512
77924
18885
555
91102
84895
99392
93580
34157
67738
35080
87739
90125
73539
85592
1544
45973
13839
93770
13832
65860
97803
21112
20845
28778
40894
54158
31052
36053
639
11638
82890
45138
20484
63290
18133
64060
67610
1267
2493
53146
38029
73758
23428
54411
27934
41193
10255
81400
66193
51014
72280
40219
41896
81887
71561
93624
44152
70504
85638
54288
74432
52210
9872
52053
93243
75934
69028
81280
52269
97684
96190
3233
57996
12703
98444
15771
93825
55800
33428
20651
20046
29036
4010
10860
56206
11791
30879
53623
97097
71725
42654
26901
56442
3073
65435
44107
25859
75769
36688
80910
7255
48896
51049
17824
86448
24023
97471
92282
791
20766
9983
50716
78387
28634
63084
72042
10953
67392
39933
8916
82050
83776
63906
53523
47763
28629
58389
98747
20188
41923
14081
34434
47050
33763
96174
65884
78216
67575
48921
82185
94308
9119
64064
76968
92816
92426
62475
63237
14319
54337
61084
90528
82099
88779
54838
95182
65130
25632
54208
2517
63285
73907
96903
58295
72318
64381
22837
48016
19024
4651
22073
94649
58876
12214
17968
968
67367
19697
66100
67926
58048
86997
5229
52446
2185
76565
80754
69036
19701
49899
90180
39909
89858
73090
45828
88045
12420
16242
62548
18282
94817
64947
41961
65386
61121
21968
14479
45335
95197
52733
59984
83215
55655
85019
14576
52363
29555
8396
95032
67044
63254
96995
55620
90217
29033
74483
99670
81836
16249
47227
75473
89103
69639
26761
38922
57646
88404
22891
9762
82798
97289
10751
30595
83338
28870
2059
23811
39063
19748
98305
84842
9690
50182
10611
26939
36558
99104
90854
81991
52056
78091
20373
14935
40467
13731
50515
27828
20234
7724
1788
1616
13704
98382
57198
92258
89973
73447
3144
84763
13861
24049
60187
2833
82548
13922
48654
46092
53090
81653
17312
51288
26279
4615
27195
19901
2327
77596
43708
25558
14551
85573
32686
92676
93032
83243
50850
95914
94677
42454
32312
12194
29565
69083
23195
24687
71861
8489
32614
41347
4426
30032
1134
12470
24156
60998
61020
76059
54685
67860
76695
7324
31262
50664
64747
9775
58309
27823
26605
16038
70941
317
88594
52165
3106
99030
2704
54777
33393
67450
88302
86177
67587
98478
6561
44837
15199
11409
95160
95908
74022
61840
38494
27221
31001
36729
4823
42862
90127
40644
98834
37524
42043
66444
29338
27594
5274
46699
29207
67347
95498
30649
61875
26773
28347
68535
96409
50577
23118
78894
9749
24482
46999
63217
60195
32468
97542
58062
31194
69411
25823
71621
5185
71405
3676
16578
65773
55315
91633
30886
40038
12962
40820
31435
82291
79652
64123
43342
1913
69248
98699
75087
31972
67503
27774
19339
62482
9013
99177
96012
70233
62114
6363
81477
72045
94738
53684
85236
58469
85917
44436
14382
1658
81588
43304
5698
73871
42160
78581
74627
10344
90310
74340
51201
20931
5235
59323
19701
16588
98384
60798
75358
67817
80400
31533
87963
23907
88568
67526
88992
94280
94356
46854
85442
1693
48704
79122
42990
68797
66858
763
69271
13733
49924
44703
61635
71760
86051
85648
41460
26266
34154
93218
6804
96293
12414
58310
93930
22571
14595
42442
88469
47896
99741
4268
50993
62313
30763
12561
85686
8193
20358
17679
1709
87589
71410
23946
28563
15235
66198
77908
1988
93891
13693
85856
67538
19845
79067
98750
83420
8227
99145
62368
52050
76076
53883
63468
69717
4080
21331
71978
67669
43878
36545
29791
37070
80141
43108
6378
99285
8199
21950
29995
46243
61252
7166
54541
55308
17292
34174
96814
27851
26921
43565
54566
13074
21019
14266
65516
10290
4019
56075
82750
87527
54811
45662
58928
6644
54345
19763
25757
70715
33629
17582
29171
68022
15757
12353
64509
55813
89988
92194
71681
64066
67005
2371
14875
12991
49720
38917
45926
20427
60113
16241
19881
17175
5532
72507
89059
23008
93931
26812
29027
95891
2309
37495
2911
35704
61635
71365
71857
61296
97737
65951
74400
11705
74538
64053
89423
8821
24013
47816
30537
57290
70775
38941
11665
90507
42339
56626
17835
63271
37906
64355
31284
11858
2859
36574
89044
61062
49358
71053
32401
36947
12096
8285
27267
34862
70441
13776
88026
15323
43146
34478
2813
12689
85431
56305
85689
96041
3642
19986
34228
36184
74147
65523
10981
1529
1608
35440
41377
28302
34011
96085
53624
67978
87613
59052
94767
45174
59020
27340
66921
85511
84857
17521
68986
11256
70805
51745
68834
74591
4305
74627
3815
46584
52726
61608
11287
38224
51783
5773
85140
45482
45960
40581
37017
62677
7319
85510
46281
20958
87541
71279
46524
95164
97717
20990
70645
6282
53638
87182
23876
93521
41643
73326
65411
42464
39773
76199
26910
85631
78021
21152
25934
79928
95436
69882
68284
12157
25708
20700
93336
73918
2645
37805
35053
58057
4352
67153
93973
62917
51541
166
44164
33396
7720
69121
50204
96236
26654
65735
48937
35094
29830
37340
63351
71939
21738
4177
88126
77687
41212
20871
67194
18360
27608
30324
99753
21490
50862
44055
35991
648
36264
94506
72986
87440
16048
41572
49099
82066
86638
6083
25920
29778
170
52170
12231
54851
89445
55174
17742
54165
56998
28343
54517
32953
74446
73401
73066
95938
4727
54964
14943
78760
4798
41411
43412
42992
51421
37734
1252
62180
85932
84556
95584
68178
50087
75731
96744
31653
1318
54369
69999
29049
19600
20246
42337
85737
93418
10738
52077
44098
83279
99103
50389
23202
67048
83380
33904
33436
1037
25799
78595
74969
77658
16344
80483
84349
61677
15835
75431
54284
96352
38227
39066
43708
8685
62739
20991
81177
87070
98839
15828
51831
63319
94793
46429
28211
7915
41174
31545
62305
68960
11210
95756
81551
74915
2079
40659
26356
88230
56256
50876
92895
1909
27333
25996
76551
92912
93709
95006
69515
25602
58877
19062
59927
32766
39162
51749
61186
62681
82950
69632
68451
77844
36405
70547
90530
9946
61227
67286
46991
12809
73672
52025
27684
91222
42255
58264
77461
80172
67698
43527
40107
26573
81455
8391
948
34913
55162
28107
69790
85315
60860
66430
77690
92897
57274
26724
162
70367
41581
11059
71434
9767
64471
19852
79185
49151
71121
59494
53942
62970
29646
55685
67576
27133
4660
50502
52338
25573
12305
17361
625
71364
13725
76444
85354
37418
65980
51921
55673
80198
60448
61992
10103
58224
27172
80105
91427
76192
64926
11554
15755
73378
97244
22701
86658
13129
31792
68389
54011
17495
96412
72478
80683
70232
53767
35791
57455
72536
22126
25847
42095
71720
5836
18453
46315
43187
86529
85438
70029
68675
77937
3754
41879
73350
8596
33075
12455
26843
61571
99459
97581
99393
69110
81230
10749
60959
45266
1970
86649
43721
82906
50918
71579
50707
99855
38518
36345
8026
16053
25535
50507
91315
32700
2098
62183
32271
14500
73457
45935
14159
46422
6603
79889
59752
70835
46537
63350
6284
27982
56480
12665
66872
11647
55989
13404
37192
39532
149
19373
10727
80186
54898
44434
62522
94225
72604
42264
67777
31685
22898
37127
79687
35914
64458
47865
244
38318
66868
70133
81988
67665
86329
24702
38479
34006
70922
12838
55602
41111
24929
49769
8539
26007
75845
93970
33792
95272
26231
25409
46695
90941
93065
79482
64602
96572
23296
31837
22521
84641
13956
49133
22294
24285
30967
74957
56363
34182
79316
13378
10163
86573
12870
14506
49472
45641
59570
66680
54278
10956
34165
58082
33022
24831
7165
8729
22257
99984
13723
481
65987
18687
61909
63266
89069
14457
64406
28939
88382
56168
65272
61782
22102
43154
54039
62079
83961
17499
9825
76712
92315
13222
55746
67214
45384
65353
37364
64892
34714
51392
98549
54683
97058
52609
84525
47225
12233
75322
64939
64735
63017
9163
84410
8048
95027
50078
47806
51745
28527
20232
37317
55540
17576
49646
74340
90765
87245
7611
38668
60771
66125
18903
50731
91049
41886
60715
86425
25907
8557
94977
74237
84813
34152
89857
41027
84583
3951
14791
92527
93593
64083
11911
71207
84078
99945
78463
51040
44667
16577
36478
17498
19763
35909
34102
48321
14684
52588
72707
72310
33898
29655
39228
64172
1810
79491
96569
71039
82798
12392
82384
5877
51347
10383
72249
15493
8035
76912
91145
17488
72881
45033
8934
31418
17844
1517
65103
63071
10495
63071
63054
68540
48560
70481
47340
89744
99242
9034
75444
92482
97706
84455
41684
36125
96339
78919
36122
22379
20921
41011
73641
57540
77311
1784
25684
75427
17350
89668
38887
31619
92441
43319
50470
75964
63780
7233
90191
15442
66523
3138
12303
7469
32367
24108
3758
391
52899
94487
22768
42928
7228
53163
11184
28850
56317
21286
9919
97632
35107
72632
5681
50459
21633
36820
73356
65832
97656
54334
17901
51714
22503
775
52036
94958
8318
22604
87956
32712
28905
92498
72759
14935
39703
51404
22394
467
95257
31417
94702
20288
30675
25408
59733
92034
15638
74671
18249
89878
45819
20537
94303
96353
36453
95686
6262
67210
40651
39248
84199
32527
68778
74529
55355
69332
52188
38467
2355
22835
6221
31866
63708
64054
56332
13068
36096
34778
13056
74321
67795
98390
93591
61075
6861
66174
47652
30577
92377
32797
96049
51427
65546
17555
81034
16333
59835
98930
38057
48158
49415
63535
8387
33641
23420
89207
66106
84717
37565
62739
25846
79944
13679
68147
96725
18397
57372
4605
4345
73207
31605
52945
44964
2341
46028
81637
65605
39742
47423
79935
47881
4830
16633
13413
59538
49150
19535
79597
49086
79913
48005
35157
38963
60952
45176
42120
71900
94720
25792
41549
19755
60693
60512
61472
5
3748
1903
93885
38123
92767
69855
51297
26531
51338
20270
16178
25508
21923
94966
11617
2444
83333
17599
7672
77123
86941
69902
50505
63472
44620
4365
380
9933
34904
10351
26990
21656
31790
27109
91847
47619
73569
66548
21327
29453
54900
10392
43456
49187
85206
74539
16624
41673
23051
35146
75256
94896
32159
48350
85684
80095
15698
7468
68867
86182
30618
78401
35513
81402
65822
80873
23992
69881
87879
25558
88198
44909
97752
44182
34396
18239
90322
47085
40334
34653
81278
56564
98892
58284
74577
72159
62950
77774
39793
28867
98631
2123
78912
70224
17209
27225
69033
80072
53779
29879
66792
32759
82234
73889
76519
11260
64635
32876
73000
42327
2187
38512
91707
88158
24200
5567
19558
34567
19193
24530
22867
81637
89901
23168
11497
18085
61199
84274
27154
72202
51015
25615
20207
58050
79844
38770
90292
41194
24355
6331
64235
42818
16457
78000
26133
13333
23726
8251
67249
46834
54547
98031
32950
46353
25205
56361
21851
23126
84234
70208
82978
95028
82116
5635
5287
20836
24644
49356
18726
23413
18300
75792
54150
73487
26518
44376
3346
59441
9687
21921
93449
55335
74629
39545
20949
63492
21023
55931
66863
82671
73100
88755
50418
31467
1152
306
23807
15985
54175
80996
68392
67540
28203
52256
56301
89887
34071
6795
24509
97540
85323
41765
64932
22666
43595
58363
86403
31582
30566
28868
70653
47080
51956
13160
7307
73111
81083
57502
47433
54087
79018
41967
64446
49452
87726
99110
76751
83383
40674
92224
6672
65570
62855
47341
37982
19608
42086
29393
88268
20415
95221
19647
98657
42713
37371
22313
97469
50935
57760
97872
36396
16504
83996
66438
12676
19697
11554
83336
32113
92928
52133
70387
84922
41448
57966
82082
50253
98285
26802
40633
97238
10766
99292
33353
91140
55491
23065
88415
63220
39345
12143
64883
22063
67992
89275
16794
93942
54572
27999
48694
95949
38338
960
17178
47755
34376
94240
47712
2894
39941
44075
6882
8369
14949
14062
51255
57155
36924
78006
3440
7302
21476
95929
509
41099
7828
32859
74276
97578
51734
60541
69571
69967
2818
72592
48775
89052
55988
17888
64063
96330
49073
94350
44658
64572
25371
85553
21314
59053
53216
39218
14499
87775
21396
67719
26352
61628
14593
44770
53227
42315
60997
70583
58487
54793
92237
88627
59321
95190
97967
36593
96799
68244
30991
15460
85421
53252
3469
78811
22020
36673
48877
10992
23379
95327
26156
51651
44980
18192
84526
48594
30233
80643
20462
37535
41734
38350
94097
58480
41677
68803
18155
7703
97019
93343
75215
49854
17620
8710
87553
91980
77337
52291
51318
95415
10815
50801
25351
9069
44929
9688
89916
61464
81675
46775
65484
64813
16907
79701
65416
19743
55956
12166
23067
20741
30685
83368
68265
40959
27822
72058
38537
64639
263
66794
41572
93714
60046
19118
42045
48341
51676
80690
27319
71974
98589
91672
94548
7220
29381
47627
22936
20265
52666
60571
9286
3723
1244
21862
63589
3563
70829
13290
5193
38049
6219
98968
17255
79319
38208
45544
52141
70660
24226
27540
27344
91154
62785
94422
83187
50933
15541
51419
38826
39989
85632
94282
80056
42972
82083
72446
98692
44831
4606
66880
33180
48045
23861
54122
23675
6084
3214
56612
89086
36613
91524
19696
28588
11892
33780
2512
77001
70531
56052
30186
31511
80698
38550
8579
53736
54557
93798
58162
60391
97192
49623
5971
42331
30344
69056
97092
50329
82537
65843
41566
60454
32241
89368
62804
49329
23662
58990
8746
79812
79751
36998
23869
85756
87275
35720
79768
79276
72948
21747
32802
32220
50383
85922
58156
97529
57970
87053
34530
54683
76983
86491
11077
65272
85760
73132
82512
5884
59240
9355
99107
59523
38071
2487
73487
26160
75728
23193
96115
49558
5776
19419
85026
21742
50436
8952
30644
12115
59205
16079
87060
51000
97368
97015
61126
53036
10386
37057
30494
25584
17409
55463
17925
98228
59268
51916
5159
89225
97789
90053
25740
82789
10631
30182
98334
13290
24095
41605
39400
6056
79396
67566
24633
84465
54134
93169
97804
51654
21560
79080
3741
37646
78461
97669
14595
84106
98376
16711
36860
2824
63022
38701
17808
42432
66401
210
1022
50678
47391
1597
27461
31315
23316
74662
24594
61993
43583
10175
50800
36974
62790
77426
90623
47025
88617
60900
9503
56194
96668
86669
68037
55477
2439
84402
41866
20847
10850
44053
92927
93488
7974
65932
83282
30759
77629
47396
21862
75491
39842
69125
50226
40836
97689
13439
64889
73801
38973
85859
14340
63791
31050
64629
79381
68621
62318
87010
38917
8202
86490
4895
48315
30270
5621
4728
95712
45304
64344
77338
73645
89990
51539
68784
70681
74435
72068
76310
19182
82794
90407
86996
1352
64864
94005
12197
34152
57257
36682
51691
72173
44212
2404
38711
41473
12283
24135
98543
4387
82939
62884
80535
98162
57188
12200
18049
87088
84674
94785
38017
60943
56714
37106
25451
95043
48945
69229
57548
64425
97512
59115
96622
60955
5480
59340
63023
92116
70346
97998
75795
20292
21228
58777
51928
21875
96084
44417
75252
71714
54688
93465
76507
70598
90563
16730
13806
76778
19827
9798
84657
63604
61249
46145
12573
21206
74922
6658
78861
4249
26472
80292
80686
67920
4665
52181
58239
85509
61869
89774
33361
42816
16705
92508
30364
85205
24651
78403
40866
97532
29724
73948
15677
58569
96435
80314
68755
12128
79588
32326
71650
42860
81285
40947
30191
68005
9417
52610
18225
54725
44292
91289
48558
36867
69046
65445
67119
88664
75980
9340
13441
15087
95887
13412
45168
43370
70953
66541
86063
52832
85776
84096
64772
35004
26528
14876
48704
13135
18929
43379
6072
92079
34101
86297
19628
96190
58432
87276
36437
15828
15771
83472
11938
13813
60012
53115
80101
8863
56532
80966
9016
77654
51446
50547
25259
96901
74347
16883
58103
36700
44137
48587
36404
97724
69211
92635
80086
26838
65736
47895
67284
46647
36182
62919
33059
42370
66195
88022
68775
64846
36267
49708
77398
42970
13410
45998
61000
2843
14256
11520
15156
11965
84777
33244
54627
80118
40322
19563
26677
2653
41241
68716
20007
52845
8737
86849
2188
63088
94227
92814
65988
88249
60393
41052
85141
76114
16366
44201
42793
71720
94876
92566
1800
41883
79634
43935
62041
26716
17768
20420
88074
51393
96284
42922
70506
73182
57880
93407
66557
47577
94572
33446
50478
57626
60826
75029
40770
45262
15663
9296
71921
74488
40727
52143
70107
57997
22102
78334
3159
12478
55395
36152
13105
97568
15648
38541
50401
31636
3729
82866
33421
93717
30803
77446
60622
51195
67134
69215
63552
20169
13207
33515
85913
56150
40296
78211
89382
93862
12638
88411
72169
42409
59119
18873
54290
52650
87666
34252
41283
36
40858
13909
34399
80663
49578
89504
40356
13744
23502
43967
69981
34846
17182
17276
75211
84155
98080
40683
36293
52979
29543
75576
98162
97129
51379
74670
6230
59961
56132
26657
77155
69039
12303
80473
33115
12739
54433
33257
40697
82899
89924
5933
48629
17730
28302
71548
898
11116
3821
40858
6411
22899
99864
29854
53003
10943
1878
71032
73916
34128
10913
36487
13168
1308
5518
19938
39822
50811
2333
65412
36123
83185
93968
99252
48902
65212
9913
56644
14220
77838
75644
29111
28235
8166
57035
55635
64715
12951
9185
46762
12178
43659
2893
29036
67265
8795
13222
63969
18065
77046
46596
39062
3254
97692
22224
54167
60244
25795
5664
13578
56541
50460
74807
88287
24590
2113
83624
35321
55908
76138
44065
13427
90674
80151
62780
92956
65639
80384
59550
19696
5705
47369
59900
43920
93606
27883
16451
29038
6468
1741
1979
37653
38167
22674
38291
11046
44916
75118
86711
22530
13641
11659
93765
71343
55492
3422
84863
37468
60815
71826
18160
68444
86041
2654
57888
91453
56726
89258
72583
11991
75847
89007
75049
3853
49412
87233
80342
80146
42274
90317
28911
72425
30649
30184
50384
92920
92340
16236
64751
20272
46455
101
10623
56031
58710
1074
90977
25989
69983
81411
28591
33059
29197
29564
97459
53764
71305
48359
64005
75534
66712
18848
53711
63196
20646
95373
50985
63114
67532
58162
18122
35767
15454
12207
99108
46649
57023
86582
55063
37280
93370
69705
9505
82107
26005
55561
97183
73601
66766
63877
50085
66502
27265
77557
84446
37477
43656
40677
51298
78356
68262
32818
91161
17684
77769
15454
34778
1272
7605
85741
214
13390
46390
50720
98294
73690
26573
20175
96213
26536
78161
61253
84562
14119
31856
65484
69559
84012
26472
50470
3205
62643
88681
28592
51482
75309
97980
76067
77062
98154
48030
68619
581
56531
79304
99728
75684
72439
8043
79341
74478
49954
5011
34446
1531
58209
59678
72
97717
46690
74519
2205
83063
79290
91958
50190
65559
18465
51800
87027
86404
62703
8508
14364
83454
97704
57528
46366
88079
63596
70651
61793
65016
1935
30464
80224
50834
89850
31879
94085
7564
14901
79094
75702
6177
67412
61105
62616
86978
19022
6872
74668
53324
20386
68506
68070
91450
8370
42841
73842
9441
40547
4420
65760
5023
7220
63191
22346
2312
47976
92890
6572
54298
3035
22497
91941
81370
94757
20642
84334
67558
35627
65594
89810
23743
14159
40832
82559
60187
71597
81811
46342
70890
17911
358
97645
75315
1424
22514
56116
65049
74038
26405
34588
29427
77603
21769
17593
57986
82717
75843
21511
3426
38891
43538
85112
37754
21956
71635
25630
25860
99768
28653
55016
55047
81010
82358
65567
59884
68723
54556
70809
54954
11203
8455
52870
57657
34836
6347
9341
80664
19239
54108
51575
6611
82454
14249
79216
52720
53475
15389
63542
13934
14003
11014
33402
44472
67089
93224
68331
35519
95086
78223
14210
35479
54003
11123
27164
99908
6312
61355
86211
57257
20623
35143
34678
88038
68662
41202
81347
21487
58815
41008
42482
55075
3427
88997
52442
85369
60936
75277
26129
16454
96545
3585
79215
35366
11300
55763
57634
19927
25251
892
97932
72931
70082
40126
31951
36057
93518
3922
15287
18307
28436
72790
7637
43443
3657
55956
10247
43483
69293
43528
94097
67290
8540
41703
10964
87986
22768
20407
33937
56186
65194
36283
75776
99083
27634
41980
62601
35736
82051
9529
46832
56912
38059
80514
49126
14237
86304
39560
81502
85313
97222
24002
6775
19286
98654
43169
60889
32704
16468
14210
92982
88571
24933
90727
25756
66122
7502
44911
14522
11668
97426
91825
88948
95354
2735
68666
62699
64614
4399
39102
74694
47911
52162
6939
27919
73785
50848
12075
44497
75352
66397
81343
60598
48314
84533
10271
98550
48946
6230
88700
45823
71350
71822
5907
19212
68734
1526
45455
30546
84609
44299
19464
40743
29019
8840
8181
18085
96485
33255
18097
21643
12581
43463
76590
10810
50861
44083
65111
23285
99283
10858
21630
54949
28026
69099
5826
13790
72391
98581
53658
96202
40538
50742
30144
19004
78896
43963
18637
54286
32099
56039
26066
41182
25367
42574
46674
21005
8846
6554
72083
4767
33578
64133
96573
59905
25627
89811
70819
23583
54490
32015
40221
9202
77987
53590
87102
16848
53954
95912
6062
41213
30901
27791
82527
46881
65656
53878
34025
76969
76664
92220
80408
38038
4988
65732
49948
96570
100
14879
87730
69640
76272
6461
58860
64316
62971
4826
27029
89097
33561
49038
89204
80469
11568
85305
31202
45143
85085
14799
41318
75284
55817
77332
10214
99715
74783
61544
27193
92771
72596
27971
46706
22131
88933
44650
54246
8821
89757
21631
18940
69155
26034
31778
78371
74539
12936
39178
10066
83095
91903
8325
76724
38406
88361
40496
3154
70425
35717
76004
27666
3952
73740
24919
68434
78287
51658
8990
86597
63877
68964
89317
3017
73988
21508
81200
28464
65592
64222
77884
5110
76566
94026
38170
60242
29798
43510
52717
83882
20147
81620
79140
55586
72175
68007
80911
75441
54225
54027
85450
59149
77362
55080
86578
3144
75928
26334
40809
21144
7603
53214
24663
20323
70896
10160
47868
1562
91735
33803
25539
47558
53406
8997
41694
56718
94208
45579
21838
54261
52
37976
15399
85442
12794
32708
75152
3731
13091
85585
85481
69732
22377
16544
13851
43530
46166
52630
70489
7193
91876
89510
41064
98141
85771
48445
78571
10445
2627
57668
92502
39814
4212
62212
80070
571
44987
75347
69631
34183
34843
76062
57899
52965
61887
23745
64800
74346
26207
79983
49081
74675
59842
74069
17564
18898
80582
66279
5306
47010
40528
46014
90889
38795
88646
47440
789
38340
32134
86288
90180
17872
73843
25923
73697
2799
54054
8832
4762
74299
88116
92562
99854
25948
84357
31278
17324
53602
64728
27005
16525
89451
13764
89656
36674
67304
62993
76921
77784
18416
88172
50921
43512
94999
90639
30896
50084
24927
97035
53163
32088
45851
77391
1018
8495
24208
86143
75783
79016
85330
31742
62582
85839
32388
19143
91246
4066
45191
96413
771
75949
64220
40844
28082
56102
43357
48420
49155
77497
65506
32244
41266
42638
60805
53711
52323
37365
91268
13606
59334
96986
60104
54579
4240
17299
4829
69025
84281
77325
45041
96257
89596
51461
37323
9527
10398
61015
450
43511
32898
71560
97520
43837
91520
16873
3319
43829
34498
64792
53534
55843
14346
95360
24161
30597
7429
95393
75111
20575
98489
25871
9863
62583
18381
11945
8902
10872
47703
76028
8856
51917
63960
4274
77494
42927
12241
35323
96576
64491
75221
83652
57277
33870
63564
48170
61008
80462
55886
57664
61042
9377
29209
77381
69579
62750
69058
75251
39206
44060
85605
87489
915
73979
95562
6101
17633
82106
24947
20081
95
4230
9618
74516
65276
8213
62579
67396
30659
93369
36319
10591
23634
71385
28161
62289
13347
31098
99389
14646
85514
81930
37131
27738
31684
94751
16129
84960
77119
93879
46942
55594
83700
35315
4370
90625
21168
59524
20450
39696
57190
99409
48015
80753
28993
95711
16296
40140
4834
78652
80524
76624
7438
73795
25942
53054
66832
35338
68701
60503
73702
81375
65268
15941
41834
9410
37584
17265
45
16756
99056
98188
28889
60958
83448
47943
78156
8627
45760
29869
98800
37869
43572
65494
83729
45939
16261
47213
24316
87978
84277
45409
54952
88683
49679
8273
10395
28779
19492
6123
91387
70061
2403
81733
84462
77176
77227
12435
12171
64384
86471
65441
71217
87159
31074
29293
27391
90141
17161
22770
20671
39279
73823
65727
26509
2522
77624
82087
94899
69315
38211
76665
53737
55388
86960
22777
18526
93895
26268
69063
19443
58991
97414
95133
87176
84402
70930
77247
87340
27232
93097
55309
99648
19457
31826
99654
92579
39742
35487
17462
38775
73069
82389
85537
31105
15734
25594
37452
9779
23740
41956
21177
25173
16301
53831
85393
9093
23465
53666
37743
60189
72263
85430
90819
14540
9391
52781
90871
30853
80205
42986
67200
96579
36915
92279
50942
25201
68440
59735
34260
26833
78639
42645
90524
24653
57766
17705
42444
52389
18453
99959
16745
53825
57494
4498
26660
86578
23228
27266
18493
71279
80401
33394
98172
7833
42417
35602
99319
46976
24373
63403
88040
55721
91506
69172
32512
32581
63350
78463
61016
51118
30735
72858
71620
17840
2627
7198
55433
49093
59919
14568
40498
32692
27134
44801
58809
85907
57902
24110
50690
64909
44732
88203
77172
12056
54358
63736
78820
76820
53103
30718
12153
97518
16203
78451
2126
43671
78618
65328
40460
50192
1078
2865
95960
56486
65836
25646
25486
11039
96626
33467
86079
79481
1006
55208
45094
24905
88834
47196
25132
28267
60118
48368
30726
4566
67417
80043
61998
63807
58989
49711
93215
15999
3085
21387
97413
87189
46771
14070
38648
98527
22241
21814
35117
35814
16946
38051
72196
13141
90630
90516
30295
25769
18871
17113
14829
15253
72429
35412
65594
99206
44588
2638
3397
71067
59729
47087
5308
34852
75603
34456
63088
93818
19584
92740
87448
71413
26751
86113
72035
35273
40575
88781
67831
70579
6308
90408
40768
38383
51759
89940
65023
56332
49415
14107
59792
31109
51951
62053
66118
43342
8350
32505
20349
86127
54860
26867
5602
57196
76317
91744
85814
34221
53087
38504
26023
75636
89639
65377
50457
68543
45299
9581
3421
78407
25178
56747
85866
8722
16752
23073
67668
83344
81388
34834
41234
67038
94392
55131
86367
4494
40572
55342
80436
25589
93213
10310
8085
78473
49096
88502
14797
55144
29051
33948
11285
6600
78456
84144
92699
45611
22934
19669
36939
68339
98829
57857
14635
71349
59566
38359
64943
76734
92833
97521
29640
26994
24631
89711
9264
90788
47590
6099
49723
26522
6727
19529
27702
13571
69858
96278
42727
45229
43708
72433
51349
12390
41135
60344
35115
69763
87333
56022
96422
83330
69956
25536
12032
50317
71510
18208
35353
7860
93833
26703
49314
28604
98871
18716
85679
43489
28084
80998
48811
39012
87754
6514
87207
80569
83600
58880
64431
73434
51678
96621
44822
68109
58850
87579
53617
83584
42673
73017
86069
72379
55895
48848
51126
3177
52459
41238
51091
6678
87963
22948
92385
31434
60218
32862
22130
13359
19879
55707
98577
78973
23367
53668
45646
55695
90171
25975
49334
31666
86292
8444
7269
17217
25702
95732
41870
65473
45848
83552
46183
42350
99677
45783
28314
53384
30978
99104
96656
79353
11352
64
32456
40156
71925
96465
89524
3486
51841
32989
6990
32650
38695
25587
62367
36786
29341
38806
9348
57338
23285
19424
83933
75894
31814
86181
89854
44813
65446
26957
32730
11918
93990
18104
64555
822
53267
69486
53359
83346
18007
26878
74620
56078
81160
95408
89288
96580
37449
26914
46506
59363
64036
36215
64982
84385
91311
89781
50369
40428
20031
9783
28748
84652
96670
4787
34163
54240
82835
98943
43746
29339
39335
3678
55114
463
48487
6376
36657
22407
56184
71803
9320
34502
68710
89307
73034
24688
73091
1196
18881
15794
2708
33171
7713
19144
28994
32821
31058
69032
97718
40284
53108
2254
54015
60884
71068
13985
76758
86376
83846
70170
15175
34899
87110
76183
27875
44490
47344
80784
44730
54248
79674
35708
21163
15546
78010
12174
62148
64703
40705
49116
88649
42627
27903
22566
46541
87926
99219
30685
2327
89759
76124
9458
3205
2873
13177
76363
28778
74256
53659
21648
19857
21808
97643
1050
38005
24396
69846
75371
4625
39345
87715
65600
46745
43705
31076
25442
32833
4460
94196
25031
20056
85309
29485
25306
59102
61914
3624
94930
17277
66031
1456
78162
71697
97008
71513
74148
39350
18504
98461
10388
25504
45906
60854
95198
8223
30926
20662
87699
4344
24435
58263
1911
80822
10271
22434
73990
16994
40721
2418
92592
45991
19614
54622
93368
42179
82074
14339
56920
54196
81587
4864
7287
5728
93048
33796
7753
62923
86531
42553
69221
61973
96161
9474
96368
71572
56644
2801
69690
57406
62622
70404
86659
81422
29815
41930
4435
23197
69572
44885
70118
61796
18507
18870
48809
16815
3786
33747
66873
19110
84058
60796
16639
69506
38974
6891
74465
83813
14672
43407
47330
16917
76922
44132
15219
50696
6645
69466
69491
78328
4491
23924
565
40169
1825
66757
535
93610
23158
7530
32249
53175
42816
7532
95666
87363
77410
30572
32993
24997
25395
62407
33665
72949
70476
12716
64828
28320
13076
33763
61445
59602
29418
81497
88056
62012
68273
60591
64006
20400
89821
54881
55730
15810
31661
50559
43137
21335
45296
79547
8234
28955
82566
80315
75873
9963
7491
32372
6389
11136
76278
63134
50700
59827
6938
98644
48876
8961
79511
92090
47169
9140
59102
92589
93789
26296
52304
59293
58542
85466
36923
11887
79761
35488
18922
30853
46461
23226
8856
99764
84951
14496
70694
22994
70559
58708
4332
23604
55388
6061
87562
25885
2679
62264
1474
15484
75116
67933
16599
48993
41330
81758
29187
78594
11692
94285
49175
78155
88401
57179
18637
60513
41681
98409
76146
32767
39459
24202
68596
27831
21545
46117
6149
92810
59816
91227
67625
27166
54656
57517
60690
5112
3854
59345
93900
31083
23049
23556
5468
30466
46149
57532
5477
5239
38492
4317
43488
4555
27417
18502
18563
45312
33692
60729
39329
51704
81732
3018
33660
21052
4310
28216
11512
3200
88908
39667
82811
5851
2869
40693
53273
3386
9379
22570
94541
15170
34816
29961
42452
74714
42398
833
70719
11931
72737
14681
77845
47
7984
33189
8739
39822
98600
14285
57498
99522
31674
27021
40217
58888
61855
12678
52735
90808
77388
29676
26003
3474
51622
84366
26480
41265
90635
60233
49778
71624
83786
25913
98440
34900
87934
55765
5211
74552
38695
16610
12206
64499
67201
99012
75864
69200
146
22211
48253
25650
59540
32628
7050
66344
23027
16433
12449
63788
66001
55248
5939
80999
31104
61599
72167
11013
96779
32205
17601
9614
74
14653
72695
78610
29605
68055
70244
94323
20499
91731
52673
95923
62609
75046
17
38721
41533
91064
2503
55162
21478
30695
6950
20171
19814
40901
43772
26844
23512
48278
55267
96054
66227
35972
99939
41711
15245
14051
25538
97464
17735
66993
50
50859
29974
15592
98272
42055
3870
75281
68335
49583
48633
20845
47322
26180
26473
30919
63245
32434
52937
28119
3500
67351
2099
43147
90049
89824
69571
18903
15269
3482
42722
92694
11829
61285
32458
25524
65297
99377
32237
89811
89130
80137
40608
39389
91409
25593
85637
20954
20978
78894
1505
94697
90234
51177
1778
21997
89827
96106
98997
49020
31288
33853
54936
5477
19643
58944
26319
94385
47785
90039
21278
96073
42194
84209
42137
84239
82972
84313
2060
8246
60713
98581
7958
91653
22430
16467
2171
45787
84645
73727
60371
25650
64870
17894
18328
3623
31384
6591
55273
75314
61635
98542
86194
52946
43300
7630
36791
12038
75994
74812
93384
61291
53268
5891
7451
45324
61690
13905
51881
51535
18049
96799
50788
53201
75631
90865
28827
74756
27865
48587
55469
71617
35950
38197
3105
70753
12076
50123
86412
24222
67213
95392
25532
24425
62741
70716
70216
12882
36542
3680
28792
67003
51297
57209
14306
10312
19202
16696
1116
30201
44504
54471
19263
92672
50954
29234
67617
46245
67273
69356
8520
26855
42577
33496
20641
30500
55547
3565
29005
61958
3316
42042
67349
27835
89815
82454
44669
96589
83611
51531
64641
61298
63101
89737
62193
99095
1924
12081
86322
43650
75263
46946
40709
5670
89923
96538
53074
91526
55781
41151
1386
8523
53887
68977
24509
54592
90215
91489
94370
78787
52926
84082
25841
35954
38220
38180
68691
88555
53987
25269
36518
40919
12124
18668
20625
64746
56002
10954
4264
33586
7174
22301
38289
57091
61109
27090
59837
79650
27818
34370
10272
69985
64471
11295
14225
30534
65669
7075
57970
70878
44188
53664
86213
51848
9465
49740
65821
64720
2373
75410
80335
59302
85649
1061
77048
22038
80432
58169
52975
8347
4589
41388
46032
33499
96373
96627
27234
34849
65499
84885
81663
70119
50558
57143
172
30909
23145
1567
7288
72913
56032
44697
41533
67649
83475
41796
23985
57039
78135
1299
72477
93114
68092
7688
13766
87843
69142
52607
70277
59290
61691
447
38780
32076
8888
68947
52268
76160
9758
77249
83140
44670
36059
62026
58604
27159
69680
20977
34656
1311
25178
2332
61504
69911
71385
84713
31703
17677
25181
16393
22057
34038
20791
19017
11632
77097
76621
1769
22236
55184
96272
704
80098
93440
99510
53058
74039
39728
72478
36727
87809
75431
44742
32359
63555
22180
34037
48641
70607
68334
1121
87909
53758
24095
95197
87619
82169
41117
97988
37978
64832
7437
36137
12055
81998
9489
18749
33061
54448
75669
43654
9344
71080
7778
82646
3693
20425
2224
81170
13558
81066
61269
2487
68787
13962
36271
79696
97740
29693
38546
43965
21785
79903
86639
7582
40873
6298
82918
21228
22494
52164
56725
76927
98324
53361
34820
86322
67468
37668
64998
91308
91482
65738
35607
66938
4623
35253
10316
91605
60749
69375
4773
34172
53709
31661
53777
84669
37415
34747
84580
32366
34155
39134
49696
69241
32542
75182
15146
69019
88777
34658
4230
20416
71424
27322
74659
10978
64484
54631
70038
71666
72221
52320
40330
58581
97348
15395
27178
63215
28191
22013
82242
89481
18153
53929
9967
60421
63188
28394
106
43037
74737
81776
76855
86853
87765
54530
97401
28021
39678
1770
78404
3736
73249
74250
85518
39006
99232
47586
27672
16225
71973
74800
86148
1069
89449
50142
90779
59654
3926
46808
54475
44615
90306
45582
7499
5059
42777
93918
89970
49969
89162
1369
80379
14323
55413
57286
72729
15953
67443
61188
48124
45504
64564
9251
40729
91878
2589
93843
94119
93181
1435
94658
6769
11911
31040
81423
61948
85473
93691
34875
86934
56413
6292
31416
26409
92148
77165
151
92350
56935
44837
62153
7414
89553
31691
91927
5632
84698
83156
10300
64801
20713
19981
21560
79265
91699
47939
91852
2284
301
11610
89067
38066
33036
41277
59291
78970
90320
17845
71721
97863
6125
172
39105
89749
67048
22918
22859
77312
64734
98895
90666
90961
87211
33664
65226
15800
95855
30965
92490
91462
5390
17616
64067
57449
51483
99843
51499
15066
95358
32408
32891
17027
41579
26357
6481
16959
75531
70000
23635
8871
30345
54719
89230
57147
74856
93965
62505
20739
57178
91602
67074
49899
10676
49687
12351
34817
62472
62934
78868
75517
40764
12276
71320
34422
40090
6831
49912
54787
6893
35977
29133
43351
7533
16401
48567
49666
48751
21756
22841
98123
60943
54732
98480
10541
1487
87753
67625
54832
99635
20941
32305
92613
80905
1877
17529
80486
78753
14395
56635
34346
8686
49639
75536
70100
85805
33331
18440
21683
37159
32734
87753
87100
61402
70664
84001
22091
36396
90023
23924
54485
47219
94567
59560
77605
83875
9961
23038
69910
33381
41553
20850
5734
82583
1273
46240
82769
55798
53130
75955
98455
16788
36082
73891
52144
27829
41615
7192
40939
67922
63387
54192
72895
11050
83179
65218
34767
65855
67627
57010
65128
94066
96002
1288
64540
37667
53280
47194
24612
58561
80778
14829
87922
13174
17446
93573
94502
2785
52662
78186
35801
831
30775
14188
87637
19352
24120
79132
96323
3626
1542
63431
43673
37752
28766
37987
20017
14687
24106
63861
52133
24703
86332
70951
20016
81457
30716
48721
53340
49319
33415
49397
20715
41527
85188
48996
50265
93461
87377
70044
5048
95717
38404
79004
73245
39042
83185
84493
5987
80000
25292
90051
40695
98765
13133
89117
46471
83706
33865
69731
54437
86930
37157
40002
71782
96934
72901
62522
89640
63564
51145
64615
3887
68096
73628
3817
73388
91604
96707
32657
48505
80120
59008
11673
42119
71515
43523
25923
40865
51437
15852
15852
25295
82715
30969
27084
71491
44319
49224
46732
87798
20250
59984
45947
27918
2981
11186
69385
19234
35356
64951
70772
40900
38763
31570
90641
58774
31357
59548
47897
4743
89261
25599
16858
53252
22027
26352
74913
37407
61076
65108
6610
33779
19854
90295
50616
55936
81383
48064
41010
38240
6025
95064
33962
15837
21676
60177
78752
63006
27264
65783
61419
56074
84821
99564
6472
67092
90748
20711
48199
54868
23427
55590
5444
57636
7880
44467
80366
16602
56357
91931
42100
97971
62376
72830
5445
96596
71557
41187
49725
48252
42990
32248
23153
11785
13934
39340
32831
81207
18373
49521
50850
68411
64289
63817
51008
35814
82763
43271
8418
93869
52497
66965
12383
1399
67581
42493
77737
41097
51379
77191
47890
59538
68707
15861
55994
33877
14524
21614
14473
9640
936
34750
26348
64865
73009
11119
26048
70488
83889
65986
80487
79706
23351
17621
59657
151
36096
36068
27306
53996
13336
46340
6520
26134
54907
3404
61931
95981
46198
98625
29409
40676
45747
4414
41322
26906
8631
95329
93908
65449
29752
73793
31579
39524
22996
54913
84622
53333
32526
511
3149
12948
38014
17194
70666
32547
73704
57630
43885
841
19620
24933
75849
30540
81849
80394
54935
7883
19449
8004
70163
96929
31841
95969
34109
44481
93477
5121
79926
17774
45081
26893
5563
27363
38417
77570
78696
31731
24491
83195
7431
92870
5927
36938
84659
36738
82031
84167
21265
38988
75636
71139
82685
65752
25723
81705
18953
74543
37343
3149
75692
18174
77825
13118
55374
83110
26580
48668
39154
18754
65515
41898
43510
43835
22669
12890
73461
32864
86908
29714
43806
33255
22541
22700
39279
29773
89969
19782
16196
44901
49490
26826
52791
45270
94770
5767
25182
70934
46667
90293
18489
83237
37376
81896
87924
64002
35333
16955
54433
592
67263
54982
46347
47052
71402
81029
60516
53374
11319
32324
32553
1779
18746
84151
3611
90417
51383
45276
16387
47879
83380
59184
86150
68433
7521
54402
22462
69270
49571
87672
8782
81291
86240
77379
98364
63137
54901
48254
9637
91833
32111
52055
67068
4168
1090
98381
6439
2653
64863
73434
52630
93090
50453
59925
61037
7667
49205
25446
45487
63181
53423
73498
51117
73160
5244
95730
10018
40626
72181
37171
54256
86986
32339
48566
46595
42717
41669
31345
87622
30014
11364
16183
41817
72856
19440
84357
8809
36832
80831
81484
3608
78776
92439
22848
8311
11541
20052
53461
52586
27657
86648
3098
65055
32057
79648
99361
60302
3443
29078
86206
34855
5306
55068
91519
2726
51466
74115
80334
60413
46951
28687
56632
61046
6054
21820
84163
19785
33696
95268
77348
78751
41800
10056
79712
39532
32884
51568
67168
70695
42473
61027
66979
76844
45917
56469
8205
68555
80824
25842
95669
8281
82876
27839
39153
5969
28820
46970
61034
57411
90424
50979
65775
4371
34736
87982
94974
97318
97123
1620
39906
49303
66878
67310
60678
78619
82377
23022
44158
7356
96008
29621
81758
89254
78567
82646
54771
4695
13967
94108
10884
39021
12121
755
4857
26453
51409
80630
26140
13730
30843
45853
93707
5513
55345
66630
5811
95706
63554
96139
48369
38777
20234
11641
57877
80051
74322
76347
63968
6596
99411
94088
78093
38695
5123
378
28667
69430
34630
70492
75229
88755
64109
78109
82272
45274
9699
56222
82355
72161
67668
59659
15696
75734
22346
22880
67367
24582
90343
39220
72275
33891
80344
20801
65295
44169
24514
28106
90615
45979
53672
29057
72359
14868
48491
43711
76320
7680
68728
84053
63897
49076
99783
2430
97789
96549
85004
14393
90802
27263
29923
77293
73965
66872
32176
14858
80993
65884
70729
51793
93434
33689
44511
53179
60433
33665
3714
30883
96831
78058
29141
7634
68936
90264
46321
72618
1894
46989
78208
62119
56000
53836
16542
36074
57338
70546
79781
5858
84673
40650
85619
9472
98567
4737
91328
85620
98520
63187
52007
27469
82441
70226
72531
87648
97534
82348
28185
73358
72701
73140
43092
40425
78411
44020
5128
81319
40725
53251
52788
65889
30748
45648
68944
58807
33696
52714
38826
34963
36204
42626
34301
93893
88704
34723
26368
33271
27264
41225
70290
35215
86440
8417
76458
73395
51907
52805
93885
69362
68103
43071
12736
13819
2730
74174
92825
22470
50005
85322
7791
3201
93280
62233
98502
85721
87777
86521
79641
72878
7380
79979
70039
82904
18680
82460
56586
54126
96309
28735
81638
97139
40228
6273
6904
60668
50685
69253
36796
17117
70503
76744
88097
26184
12191
3693
42931
40224
41602
88900
67431
92990
88785
13415
36669
21177
26087
4352
40042
46235
63494
4848
25545
64419
28851
71587
2859
69456
67474
29155
73838
58299
26849
73800
61
77261
73313
47488
57808
24246
54297
63202
64551
9887
50518
85931
96796
65679
42276
53556
14696
20538
4379
2776
41382
77443
91529
86902
51835
2003
50351
74081
84543
29946
58816
86782
69005
34217
60899
60833
28200
91575
73840
63342
4718
75617
6984
27112
24914
20820
20576
74410
84871
3883
49856
63431
51068
17421
6063
68225
87131
61274
49390
56286
33801
26894
75510
96562
53368
8454
18626
34794
54761
94137
52352
7653
3311
32242
89484
6790
56594
45732
15334
57579
82203
66676
50538
83597
86805
52614
30786
88576
83268
47516
67190
93718
65730
66250
90058
78881
10515
28518
48860
35587
74740
15936
20210
27104
82981
56856
1893
21456
50571
44649
20255
89256
80426
94419
36681
60101
28816
95499
8183
32955
65272
73916
92459
3636
82726
72787
85797
58252
17854
99133
45504
13843
19862
13146
33707
21260
22248
21821
77052
70582
262
11460
24921
21938
58515
71024
19952
27269
90940
20423
79449
23980
86166
44551
60899
82643
34837
25782
66265
60364
92730
52886
5870
736
49972
53476
47571
43094
4675
3303
71894
40283
69002
2489
87855
66067
49793
51861
21891
99391
68451
98506
7201
92680
21008
62723
2879
42871
53437
91558
62365
72185
60258
93813
69927
20972
64264
92774
98427
64666
49015
75004
36761
64808
98092
98382
24160
906
56707
57586
27156
54620
8044
59366
40233
25801
50888
76928
92594
36398
81311
6419
18486
4216
81476
31336
49754
9557
52105
60987
9371
93538
21134
89919
65834
49087
36397
86867
83573
13493
87128
1942
32455
94321
21
61684
20983
99648
3632
71406
8418
34400
7587
96299
34190
67474
46664
39406
34718
66780
24642
89718
93
46989
29109
54568
14603
80237
22505
96352
66322
35661
60345
25972
23943
55019
63621
71517
11141
22821
34839
5127
4400
50100
14502
10906
24859
2288
81121
39558
27226
47098
77449
93275
4617
24104
78214
97473
76628
51403
14012
54566
84704
33133
88189
73861
90322
92174
74326
68620
1233
72210
52536
77079
19747
35293
31285
17970
83265
52077
50711
92778
52362
4675
81337
33038
66285
9885
11736
49496
46877
4236
40282
19495
99767
80732
27021
69295
34408
40820
29966
32507
70354
90861
17720
11388
45631
49936
81089
32706
11989
99589
77589
91379
38401
59228
70512
27781
51014
64116
93707
43615
30079
93854
83822
79540
46125
23283
46480
71191
5645
36283
86898
27522
73314
81681
44322
47221
80646
20337
41487
44644
96425
6042
71498
61877
71621
98441
47405
29614
39322
24977
39923
57515
48741
21824
3210
50637
66332
96614
78647
77770
89339
49135
38375
36204
85669
95713
98041
67447
19622
22682
80345
2001
49587
98361
76079
59063
58465
78202
93360
85302
82782
24190
53189
53866
77071
72461
81607
49260
69458
63636
39246
44766
6563
86231
94663
67715
27628
65742
99302
47438
45896
57133
84191
78124
14769
7031
5900
91194
10854
5026
56910
46324
59288
65003
13562
29497
29983
48399
43228
79327
83230
46905
9966
60754
50063
60356
11385
78348
40370
92747
31397
95936
42562
73574
22362
23975
77335
39214
55738
29835
45491
68547
13326
1001
4002
19530
79072
31953
3156
60040
80588
92135
93524
395
9644
81957
60058
68004
4653
93713
73111
34014
57100
17919
49099
13995
60602
75537
58772
42027
96644
73357
17646
24443
5761
87652
79776
21381
71147
80527
15742
93990
83036
22156
60294
14241
524
38607
62536
29120
11257
95698
76803
72194
75294
34050
96468
95025
10298
47998
70132
59540
15050
63876
41005
61333
96873
39478
30687
69026
17892
75990
1307
87625
46801
54727
25783
74739
43750
68517
17017
73653
13238
85285
98878
70157
67718
70444
52331
29726
30805
22858
18070
44360
72157
6415
50536
69324
54418
97012
49956
69713
86853
57209
93688
69849
27040
5667
9612
24592
31394
37741
7228
7010
92823
86329
27825
47094
30281
66793
24890
49623
22321
15527
97317
38671
79582
38587
86844
5957
54430
76173
9554
62194
72716
96212
82590
2630
36326
33095
4840
98234
34952
76344
18547
85774
81413
55285
60081
12445
16899
39498
18787
71558
89904
52790
87538
37489
65697
10708
51756
81571
72897
1849
20060
70468
89016
86581
13940
44793
36124
70845
78284
51452
35292
69714
19528
53448
71483
31209
94149
88953
44122
60751
40982
94214
67038
7645
44986
42265
59095
82468
5750
57898
56824
43203
57317
35404
21156
10594
69672
16339
59677
18154
15682
75477
3187
18210
26217
79631
10879
50009
48683
61974
20878
65954
61616
75631
67187
37479
75309
32218
85598
4791
96394
16263
18769
34266
98720
66943
30940
89410
91083
1678
68086
34979
63432
86592
61585
99218
43284
83757
40424
22734
95684
67401
81043
30907
76486
74386
79052
22095
41276
61205
87973
4875
2094
74723
10377
80837
46042
83080
15606
79817
89956
66255
73681
95731
47242
43665
80194
53476
38988
5142
39560
26248
10889
9702
42993
10167
76790
48101
46446
30108
25118
92895
82733
62741
6865
71531
50596
37734
51236
46929
33087
73653
87769
63555
29030
76669
98994
73760
10097
16746
88952
3306
37220
82783
71351
38400
85498
80356
63303
691
9897
8578
40423
54641
53341
16770
61305
78236
26553
78626
75697
68048
46829
14993
45669
23996
88971
61426
87523
27788
6838
93137
6596
66604
43547
19011
40059
11065
25441
53058
23618
2944
11370
31855
42622
64142
15440
67074
17916
3760
55881
57980
36880
1571
81447
44780
62031
37546
16800
16555
83929
40630
86932
16454
35486
82713
24354
74675
37099
73011
24898
94392
2596
73812
31094
90159
58269
23183
32702
81773
5468
79736
18620
12635
26222
67132
46238
11328
36039
70369
71703
79521
35475
9928
56454
6240
39088
91514
65273
6116
93819
59325
25865
30140
58069
13585
70826
37552
78962
28273
33767
89128
35885
60350
63554
98995
91748
96541
93347
57892
99615
59265
48660
17590
12599
52796
15178
47152
42565
25551
43107
78297
80507
89289
60
27834
63956
25340
10861
91966
48821
94885
40415
68756
93011
60625
85122
393
34181
6694
62318
73840
93603
24740
55167
79719
54542
43361
61064
93517
39020
69187
23178
70122
57922
62511
49427
8954
25889
5593
61971
65551
36559
32118
72439
40232
49706
26879
2094
67847
97943
28530
93028
57993
1605
80810
90691
38792
1658
43826
35558
88505
24694
4095
99891
27483
41627
64164
5947
17002
19148
85374
80478
26734
30126
32790
34930
97359
89638
12918
35577
27023
19481
15771
36955
30664
82004
15699
92139
4260
27504
59520
51301
42823
69725
49916
77860
90251
63449
58643
53054
96396
10053
79670
26745
64776
88829
18489
26690
5989
67154
48223
86573
13841
50700
68094
29887
84140
85882
90284
78840
5358
84680
58683
38146
95400
74773
94405
14453
28510
58185
74445
65357
76776
54535
17524
20243
71984
74478
70472
78299
1574
56902
90704
68717
23546
96059
57083
50619
47167
64876
53701
14189
16770
7224
65059
30514
79113
46040
61260
25978
27981
96676
21049
27573
66575
47372
40995
15009
80379
97578
2715
96365
68043
36664
5259
97640
5406
78000
81427
40891
76980
81890
66664
20042
94412
11457
8289
70984
5078
91354
33704
17704
66958
62705
518
27034
58947
78397
59657
12543
20254
54062
85026
72006
93505
52032
34678
40599
13273
98113
47994
23972
26533
80582
58212
25626
56382
45840
82663
63857
44852
78606
99123
6239
14819
26420
90411
51733
65951
97214
84146
45178
2326
55439
24244
29409
59071
7691
32589
18572
77747
19759
60667
60372
2942
65408
34665
7701
29117
27980
36447
98318
67870
98226
38367
45864
16535
83943
74515
41621
59355
80858
13103
25983
48249
79605
42781
99636
66263
82859
18180
79807
10796
5767
40926
21523
46834
10980
45136
93127
1259
38875
93194
54582
99761
84403
61421
43398
67489
84639
77077
19004
18329
76107
25870
58978
2238
97267
3436
53542
25438
2690
78169
61725
62263
72927
84001
80902
63154
31340
27585
5050
32961
24799
94995
33392
40134
3571
68461
64696
23371
97933
86028
18150
44053
87615
92043
25112
79969
31196
58311
84468
23987
25015
36732
60790
70125
7052
88451
11895
2863
70889
10394
36930
38514
51042
18739
17096
96978
76947
93618
92121
26858
60686
37107
74304
99071
85696
54541
12147
99696
99862
12041
93591
74312
9448
74877
10989
19622
91672
38570
86396
74083
20366
34501
55856
27410
40270
15240
38358
87148
16035
32773
43047
12900
41372
25832
33449
35537
27381
32552
49560
37815
94795
25869
24561
98581
52800
156
79588
18784
42679
33041
4161
37625
32581
244
75537
34931
83507
14708
91725
79120
38455
55274
37084
55640
15759
77815
7211
88422
86367
54733
81614
32664
20003
36432
18650
13835
4562
8784
72673
68894
81765
2636
84243
40988
77771
68439
54964
38882
17647
5805
65758
37601
78627
31674
89526
51496
65885
99743
41590
78100
92461
92192
91391
57083
59079
7325
10087
54907
60184
12737
10965
24240
16544
54149
35150
33717
6219
85050
72130
91040
60726
49226
54198
17377
46733
96245
86074
22794
41984
15966
77663
93157
47000
81625
59226
11071
78489
85781
97165
30141
5978
26709
10752
92160
39938
58943
82409
50311
5437
11820
27300
74614
14637
80685
8356
44328
99015
43743
25803
34787
18656
5119
74842
45164
26622
64216
373
33044
40839
26847
8431
72043
25400
74771
49652
48642
91236
86185
55102
93264
53838
83426
96674
79459
59652
83394
7429
88358
27021
89975
23697
3104
61313
63653
22155
65811
96106
59180
28629
53221
49052
46596
47762
92428
60077
86468
81101
35731
61945
14490
33127
35778
82924
2573
62402
63624
72273
42491
92627
33264
58542
7484
51847
26838
69003
37514
14450
64619
18503
6381
24834
1869
42530
21774
46684
88330
95142
37018
67779
86234
15661
40786
78618
13663
27506
65463
39857
84881
41782
64295
35725
35963
45083
31580
94275
85909
64467
15421
73353
65412
57444
30380
61924
52176
2678
36981
28500
33474
33464
24049
62927
19369
92859
82430
55615
73593
31012
5219
49458
33395
49511
27187
52786
83977
30183
64438
39301
10182
46374
29351
59843
66331
92556
20366
69261
46419
54249
55152
77054
63709
82655
1229
33347
84992
35501
3568
79689
393
66229
43404
69736
11184
14081
21085
78056
26314
23828
62347
68856
91690
66173
87582
26781
89622
28989
55223
6789
59934
92546
78475
153
88751
85640
75516
59621
98779
96101
64250
62870
76034
52025
57977
59062
7654
29109
28322
98313
22561
94922
56783
58056
65980
58233
88536
49577
92101
48659
7265
61266
1791
32195
4255
68434
98261
14985
19655
39682
70613
418
51939
66540
16811
30860
41987
44140
50158
50805
96070
15846
9160
96818
20166
4997
74539
777
56909
80851
5968
62461
73249
9918
53620
19923
99743
82742
35557
81171
38297
63936
57479
30141
55895
98399
14861
10526
17392
43853
82527
80615
25523
98938
67237
97605
32762
76322
21875
893
92939
82536
31374
83681
85340
57161
27900
53116
1277
3966
68630
31875
4242
21845
20751
110
8487
7716
15164
18631
64356
47897
96896
67116
90942
9863
51361
90191
29054
61599
99476
91349
65496
20973
21287
61008
37241
69071
26444
53884
80425
46754
68455
59928
29260
65454
35537
25899
47203
7337
65184
28203
13118
87827
39336
98440
97711
51092
57345
29413
72144
65209
52570
68802
73632
83241
9405
66207
7763
32243
35094
48716
86162
19964
82975
48875
69372
73087
10090
55224
49251
74368
21251
78484
94094
63484
50819
78330
89135
77455
77616
32681
2884
74539
77090
84778
10194
22915
11487
17546
88049
77006
59599
13388
17225
98620
29717
50774
20161
9043
19557
83545
47514
98828
29488
72507
86934
65261
35737
75364
88297
47649
58821
10468
26831
17783
43680
11540
62020
17606
75007
71296
72576
87643
80058
80789
50638
3337
5132
41654
9300
54310
90619
18840
56575
32781
90550
38870
3893
61228
51762
93785
68559
34438
38467
20761
25011
50612
12745
46294
2065
69853
22177
38288
34198
56079
41069
55379
98881
14836
93818
71876
87610
15122
74657
60472
13475
74509
99055
37276
88552
15839
92028
21341
28771
86554
30530
31848
39030
77425
78989
66574
46323
63043
302
15577
600
43588
36523
74294
46853
15201
87988
30940
6776
61887
9095
34524
86390
23574
69287
36556
37337
90780
82329
46126
13621
44554
25279
11082
37282
58912
5448
1903
48236
76888
34490
36299
61351
17636
12986
95913
92033
52226
9237
97618
98627
71395
38984
99076
99818
78220
18243
93224
92431
63168
53650
34759
85334
42387
55919
50312
31774
32455
39513
60283
51737
7958
97947
49941
58121
16223
67954
9804
19127
35328
18819
36907
80762
82197
89858
96888
30089
89373
23724
2082
50464
30542
9822
88985
62631
53677
27920
79068
79509
16551
83065
53319
67086
61047
90881
6867
45303
62794
56949
21670
21533
26220
64652
35037
14512
11343
49259
21086
43355
26302
20295
71169
72222
45116
92733
2152
15352
65649
86607
34922
2085
61119
6362
71515
56341
68985
54156
32826
87605
78426
62642
7929
92630
3585
89044
78277
68527
59846
37563
64276
27276
26568
11456
63875
51781
53561
16222
97224
19073
41687
65848
58217
63456
17584
83681
1446
68077
12918
157
1411
11352
13534
10233
96444
32277
80310
41822
48115
78417
52106
32273
64512
54313
7669
75635
93144
14684
56935
78841
4626
93357
19890
26098
22709
10541
60309
53088
99686
74336
73490
84368
98325
59300
64493
26068
73930
6522
41373
34219
31651
43331
93300
61275
80496
97035
58348
95421
37462
59894
12617
3737
16265
63367
63529
38445
84014
72354
41086
78626
61759
78841
44183
6263
8160
2473
76819
28417
731
63233
62153
31855
26699
57353
65106
2774
38322
70881
20508
3520
8458
77489
57105
29795
19802
84408
61067
15491
74104
29319
98876
11327
15957
5950
64618
4981
76634
61113
44576
58446
23106
13389
59177
83009
87999
50718
7481
8195
7442
38464
34883
47941
4414
85433
48373
9165
45548
95518
17970
28232
58907
59971
70923
74069
95873
97509
49313
34564
12237
13052
54835
29722
3128
15123
67852
55021
23795
8281
60098
59627
89581
54803
33556
70804
45725
2581
12188
4940
72864
14834
80241
67199
89845
64022
87891
8743
10443
47574
37340
26675
4437
53472
52821
14915
97279
13317
61186
31471
19606
66769
96853
5142
63010
2214
77278
68965
604
15445
7791
43116
4313
47644
99948
55541
45021
9826
82408
73561
82542
25838
32646
20070
99009
43655
2794
75872
56164
697
71144
76689
29069
15975
27290
92993
84795
28015
74514
39148
23608
50519
88738
31594
75091
98748
78717
53752
20972
34009
87030
45639
20281
61539
5950
76727
20009
74469
41175
43572
38536
24213
71068
20690
68142
91421
98282
7130
73703
33408
47751
78168
45627
27838
72053
32332
10212
32040
80592
68393
44516
95762
53440
16626
56364
16315
28942
3314
38574
15556
96175
9201
2872
12622
60343
88320
92518
10020
41573
33786
29366
86452
1347
36440
29345
36515
96354
44831
52102
42449
71282
1843
62830
61310
59076
28953
35806
96336
74857
24043
43905
4586
19483
98504
50313
38320
66559
89365
31353
5410
1655
13788
10949
51786
92939
87059
30749
2177
96696
68778
71748
79372
10399
90815
99381
75063
58399
36842
53704
45052
26536
65422
19323
84410
4423
32386
53211
38226
93077
11536
44591
76380
36084
18155
30498
74472
91631
61607
10415
22400
9062
51108
66700
93029
64518
89909
9337
31324
99155
60443
12337
10573
61896
28856
32307
77702
79852
44118
60418
71773
82909
16073
33451
18070
24789
29863
57480
98187
2053
73942
78496
65103
97978
41595
3300
73103
57034
43291
16654
87545
26348
19686
64127
86695
3416
95207
92487
92003
14767
32651
16823
59485
37231
91393
3851
10252
7226
2991
22834
14682
57881
89576
84004
48302
55073
95848
41083
4924
42906
7207
13643
21632
10174
56427
4787
82968
59835
1894
11119
87057
78076
83255
60257
68854
29261
29637
63776
51882
31117
8406
77863
90708
92838
36817
19908
35046
13356
79588
90524
6208
12418
88153
16062
81527
13095
61618
88837
43959
24014
8054
30549
58293
3445
18868
36990
35559
13874
88974
75987
81979
25647
75440
37680
89924
33218
61587
17136
6164
19030
7226
77561
92501
89627
74884
32824
47215
71981
49836
16425
9478
64929
50881
38342
73490
11093
55841
19967
93945
69737
43680
98564
4303
57780
72754
75636
68445
40536
88771
82980
28288
41251
17638
62768
94904
28515
68716
9619
15437
82654
82548
26923
51670
22343
73192
77188
46996
58557
96835
55005
91582
35635
53698
51407
76094
71278
9366
28148
44318
19767
19190
8026
20296
34280
5144
59171
81727
30438
94531
87000
61165
32133
38279
59327
2607
36652
84574
70451
2054
17387
87720
31846
66747
97772
69090
34717
29906
39520
31375
44640
43184
8041
35519
86350
33342
24881
91203
56406
17081
6315
5555
10709
36192
43854
59165
88218
93233
88901
57850
55832
13246
73818
17709
41367
14106
6595
22915
72507
78432
56937
98844
14305
96896
23233
72230
76450
98402
56921
48223
80395
67775
89211
15960
75164
5130
72220
10076
72269
49494
72591
72190
81103
844
20845
28848
18190
71565
24915
62846
1011
51498
67779
75791
55879
32901
5383
77955
85595
77971
31153
97951
84661
29282
4664
70694
91230
21871
11721
97483
89102
11824
6526
65302
12712
79656
63089
48407
21960
97656
6499
53049
66748
63595
72652
46284
95976
25769
76809
16101
77760
79422
55301
26551
24300
34496
57006
66555
19494
54936
1219
26433
19507
87534
73542
6524
41185
87148
7335
29480
62150
27588
21883
27835
86116
31379
89792
73367
10176
81735
93809
3730
20233
38797
91517
82100
28314
88518
16247
54210
31227
20492
44125
77088
1338
77207
5414
51997
34069
39285
91337
32135
17214
19547
95683
30271
61742
28201
87931
12086
39096
86504
78163
33214
21717
7132
45732
37874
39946
76647
35549
73342
84356
75277
13867
33563
21222
41797
52320
86185
15561
62561
99898
41090
78325
42755
5923
90090
99878
71021
53083
26490
62933
81607
64006
51960
12007
41943
46770
89090
56252
85818
16186
93472
34335
51157
97169
99084
19893
47796
13444
94393
70835
25350
32177
89756
55406
89772
80745
85967
14496
90689
5783
81322
9655
76746
40946
29851
97227
92836
24434
57379
7797
28496
34624
684
72439
35439
50324
55067
13892
32884
51872
255
78154
47177
67600
14408
3375
41767
4002
93778
62587
37318
1365
10393
93647
54115
73478
18931
1138
30848
76949
78659
26248
99922
50853
52879
75400
33498
36765
17666
3361
21153
31998
29225
86472
36615
16802
20462
94909
13860
44409
65477
45615
8487
96684
72338
98314
60098
46120
80304
79170
78224
67463
10731
70153
9152
48470
26105
1292
61326
42625
51308
94056
72509
18808
25167
48593
10065
63681
27187
8263
92640
31730
38833
42211
95740
98900
18411
16258
36667
58287
92325
48574
60000
15655
61836
9903
30782
58090
99832
18057
290
43427
4163
16949
51081
9936
46839
52906
25663
81341
42682
31926
50994
44156
92646
54005
73223
19558
71310
11769
69955
8046
79840
54516
64609
40066
59264
18066
37887
24437
85726
48737
33536
50470
38851
40961
6105
95161
29947
61610
44019
26574
63588
2932
53509
57547
99095
22470
28002
96634
81463
52181
77491
65481
48847
12612
39944
85637
91772
29705
70955
78374
68802
36197
46723
72704
55093
51875
51297
28203
64641
78631
99837
76413
76846
83877
85788
7946
89910
73161
73504
75785
83741
88943
67875
8484
90072
33610
58785
59971
1120
935
18154
44343
78605
27868
73937
35130
62631
4587
5787
50797
68349
98248
88370
56549
59432
15596
23625
10988
83966
86704
98725
78455
27815
24405
67158
12859
33866
3875
9192
17441
23322
1351
65634
54885
67535
7700
62405
46250
52874
58246
43848
70904
60561
32028
19612
8797
39806
6019
51598
98576
65794
22753
58391
65585
10991
64268
75778
51405
69045
92336
53918
58621
99094
31922
75082
23166
56968
90655
75129
93539
26565
28029
43079
67191
45608
6214
56605
21905
75916
26629
17239
84281
10500
4687
85399
52077
70733
57840
45580
61517
42378
14181
68839
95307
35149
23310
34576
78711
44246
98804
20970
44498
2334
80390
73912
19859
22831
46949
35981
19321
666
66460
42988
11414
61757
95974
90738
13471
92280
46288
33228
67043
87864
49109
91758
83159
61505
96998
8741
86207
61095
73129
28267
22495
6983
71836
5772
2572
51523
74190
27350
82028
45482
85325
97278
32675
1721
1179
53702
3873
46381
1339
11171
78985
39576
20683
72500
31194
92997
47575
60229
35391
26589
13402
76971
86580
99301
45054
50709
93119
26006
67857
20910
27335
22352
53721
43670
63087
69765
55784
22127
5034
66460
24570
38958
47751
79692
28482
36206
78916
94595
2160
312
64580
47216
18717
18413
80561
90116
16781
14165
86043
92250
26931
94865
3405
3814
21363
15822
48159
95927
17025
9075
89932
38424
96646
17683
47123
18689
35811
75427
92003
99766
20743
78419
60010
74505
68375
35819
8662
23475
98740
6521
90491
52879
94387
74161
51704
74577
5121
28042
56538
8480
79948
46260
61982
42748
70719
19759
16436
42227
25958
10151
31600
27157
27544
60914
45369
37484
19558
67579
179
49800
10693
47426
66089
1653
29157
5426
97609
811
75008
69446
24201
83822
8024
66504
23676
65584
88144
37806
65660
66480
59508
47076
30209
37734
5095
56162
66227
24125
92820
17080
91326
41726
91378
54800
75101
40257
73889
29692
40832
60715
15641
47506
84662
41338
61519
28810
26597
81356
44354
48224
67059
58487
12732
19487
14240
93434
16438
22814
9796
22349
5357
91125
38050
72023
44000
90178
48130
34651
7063
15319
14088
27083
94380
2563
3989
91427
37191
93233
94344
63574
7558
77202
47077
90937
81150
38292
15368
51716
6181
59621
39025
41860
88494
13220
56941
83264
7305
86339
83275
33224
98551
43873
39046
22924
44679
61184
34663
27418
2498
5894
79737
73963
73385
27646
74046
89091
93877
18982
10479
21602
20288
23898
95360
70776
34108
5513
71035
83129
60994
79604
64959
50269
12930
45004
78756
42406
81452
57931
91249
83413
56787
78492
80961
99360
5495
31331
8997
1661
9866
86580
3617
41188
31796
71628
4526
66533
89947
94168
38936
19676
82887
16688
43921
34804
20154
53084
29755
63126
27694
41310
15864
90895
93000
59592
14248
92325
80902
69370
30306
84916
62995
87730
44040
62569
12096
67963
82549
75349
35944
86895
93704
15817
18129
61842
28347
95987
2618
25240
42413
81012
90847
59241
92934
53596
72930
41158
62641
12058
71381
4799
50631
29247
90772
63003
64768
38284
98450
77017
34543
51386
96903
72112
65128
65039
73321
68807
27966
21669
47360
2233
58154
87099
20270
93531
24740
20850
36029
85071
65415
75122
56521
3936
34603
13489
2627
76804
33122
12978
18764
65100
14621
69434
62282
30194
11768
4554
70381
25869
69254
98156
78065
44708
45556
33542
3994
4631
56109
76283
2402
18781
64144
91713
48104
12026
40849
86244
80805
97423
78447
75474
44520
13651
10758
81960
74173
81675
2931
52286
98520
50004
62251
66871
14375
44564
78178
26218
10182
10939
36019
11128
78736
22212
90349
23789
74583
34215
32337
91468
48319
7471
74561
63353
59642
79899
25834
25703
62992
59775
21704
21040
62823
74100
59975
31709
62843
50598
52974
75913
5199
36233
95085
11544
1849
88820
33277
30809
88655
88345
83329
29763
93697
59593
98475
34471
6662
86076
85841
17205
21088
37098
41640
92539
85412
31998
33358
28176
22071
91075
75952
25813
96750
9193
32890
23922
51086
7094
44250
61862
56749
2270
37499
71889
21544
30279
29834
17932
14495
99487
40759
17652
87062
69094
71529
31964
80755
38256
37789
27090
18408
61082
96596
80821
63434
23043
84929
15876
24736
19421
84336
25976
895
17350
46642
18655
21772
46351
81626
84719
58892
67862
4897
61452
86248
70232
77092
54781
10157
6045
88627
39024
9398
32983
3042
97339
51213
30235
78352
20713
46121
43546
36433
83050
35964
42340
89658
48775
15804
83525
41153
59677
10012
46883
34590
50546
7461
5727
69406
31473
13091
23215
16529
38700
75159
51547
33529
99999
72665
43671
33989
41426
3255
35324
29558
84247
67459
76273
53279
32363
48824
40443
38814
97785
54668
69496
99472
57359
32684
38291
13346
23338
60843
91928
4149
68607
32090
33273
52992
94174
84000
79495
52931
49880
26500
27170
71672
27937
90567
2029
95434
14126
97391
84510
5445
62690
29002
55114
91619
45476
6227
8772
57349
13507
47789
51098
67083
6691
95848
68561
94779
5093
78883
29203
38171
3574
85565
83247
79616
94275
27190
1027
93398
96969
46444
3130
64007
69708
33225
26277
15161
97401
58548
91157
14253
63361
87713
74788
53440
42589
99358
27466
52825
83008
65330
91197
64976
49052
30433
4171
29672
79079
50526
78967
95828
35884
66798
66009
36358
13526
20078
61606
59862
50496
59937
54298
84153
72306
7537
26451
2513
68073
85437
7180
4580
22498
9370
52087
18124
32246
36138
4573
44994
5356
31647
51496
38476
36408
54765
28284
47132
22754
51182
70766
60648
16640
17687
64401
66408
18683
73923
68686
57424
98017
51161
37801
76222
17216
385
45164
56628
80459
82321
34836
8092
44249
99033
99603
36421
58600
96115
59232
6796
88339
88863
30957
41637
56488
29323
76638
59276
80891
87865
39338
74341
40861
99121
25903
41232
41797
84864
53785
81671
83041
50082
73120
66886
94987
94025
53808
95103
66035
39202
93848
33970
96494
48192
48674
41624
32446
92924
2176
84952
27819
84635
94690
58158
55843
22809
76727
45843
92444
41073
44109
20628
4243
33910
43670
14708
69522
98454
9804
27141
82352
89804
51407
15350
21473
42001
62773
91655
29688
1085
31257
49908
37179
11254
6777
74808
61841
85758
41046
50567
92998
53220
65067
53385
76911
85520
19561
26679
44835
48574
1230
20498
95933
95382
19843
44772
96963
87607
34612
82700
21958
24220
81166
66286
64028
65675
35587
66820
25452
8041
50589
53462
82748
35957
31165
58108
19864
36043
72071
6043
20499
81591
54531
58525
42128
51069
58960
83720
34017
17719
30360
60360
33562
25656
15507
35503
18141
24315
53760
96196
92481
73306
76849
31714
33954
58739
73997
20731
95258
4333
79830
92475
64152
82445
42564
72188
21055
84628
60699
56097
10554
36148
37190
32101
94148
4068
68558
93769
70263
7908
67684
62693
51666
5973
73306
21018
67537
42725
53122
16985
28922
48351
81225
68926
52059
26763
89837
64228
93103
2087
90479
46094
2370
58177
37852
55890
85044
2282
5919
45194
8743
11265
94051
26219
81684
4464
18040
57833
47284
1244
26007
14134
29327
91899
9345
92673
60585
73710
46001
89296
1924
45557
84312
17360
5967
93221
72798
71714
66178
72941
94900
93024
56762
64769
25020
2892
965
91377
90788
45313
38656
46502
57239
87023
61186
6718
79463
67730
86882
65257
81694
77151
1486
61372
96405
9324
4392
87542
20388
66297
82650
13682
84
55453
31747
18461
30780
72309
57521
76326
9623
84152
55989
22740
63620
60445
20907
5009
74774
64569
13276
51915
946
34646
76132
31808
62091
32382
32501
43827
97541
8547
99265
52692
43071
12738
27503
15834
62497
49855
92013
9110
79151
83394
91368
77305
36014
44100
76585
82926
27757
62536
87135
2328
19520
14381
68921
92309
66535
28215
24340
24214
92445
20045
67710
74581
90243
6426
15747
26660
41540
50189
62190
1283
7933
55810
70559
47654
88370
28572
89544
44353
16817
17483
63484
15471
31229
69991
9595
76283
42965
80398
16602
21066
41923
83650
36
3539
25382
96611
93072
45635
58377
7827
80797
78321
69169
50060
17402
48613
59491
25614
57181
82833
28983
87761
72410
81442
65207
99125
88485
79802
12694
72260
4638
81504
51369
43281
87498
62261
34309
55218
34375
74948
49908
49786
65881
46459
78412
20077
32834
76413
80702
66530
31173
47039
87608
74354
70296
76898
41117
7718
69599
42703
95858
2503
8812
52888
7258
28493
54505
65416
23673
32781
58233
56109
73016
50618
57267
14711
38354
28815
68858
11171
32886
65017
8190
80390
52780
90444
63791
3652
55197
1861
80930
62667
77125
34723
92887
2557
55819
11413
10506
13947
57291
8690
68209
26920
74488
59345
40162
83181
27609
68158
48777
3364
58169
48493
94456
4164
96285
33444
52788
93083
17547
75354
31735
70737
15173
81423
16426
93819
22645
55088
5549
51490
38982
31952
68440
11682
27090
33120
82741
71375
42764
38444
47438
41680
98260
40237
47966
37499
35357
85050
67970
16846
10102
35034
94565
19602
59719
52224
43327
26186
77264
86080
50364
51245
45497
9008
42404
2479
20431
88108
33718
71493
93621
13406
90022
32935
30640
35516
90964
46823
71165
18614
79784
65840
26226
43479
38668
66808
20694
88970
92436
17647
90756
15423
78936
20897
44473
16374
53110
60944
53118
49672
98028
41750
62505
88658
75335
83223
83899
68047
64132
18098
2630
61491
40092
24251
79054
37788
45176
7661
87922
51226
22854
906
83961
76406
10176
98560
87734
72019
31391
20286
95026
95137
28445
33580
3500
98562
80432
12647
13693
85764
55761
858
18486
14911
36918
28883
19547
48296
70218
98427
59176
59296
53394
11588
9657
44829
79617
59746
35496
64834
23676
90103
15023
49349
80457
2962
84199
67112
20731
29647
13878
53083
66985
25421
75121
32571
44218
10968
3018
89224
76794
11014
80096
65623
20414
30848
72458
20627
71275
57494
99941
29983
64686
41535
78846
3710
24317
57221
10757
84494
72820
41558
48663
78059
40289
96029
1782
39706
86341
72389
50509
89041
50613
57612
37518
46762
53544
58934
56993
11279
74201
33885
21615
72301
35189
15082
15914
65449
33242
30683
24169
13374
78688
79270
44852
13422
68370
51359
7377
78921
22098
38378
95095
72572
93181
63052
71830
4014
90902
63318
79286
11541
94869
71401
53001
6772
51510
1282
79520
52052
17356
2468
97393
84949
3304
78595
92159
18024
93297
96200
20202
9364
88928
78802
90573
12630
79416
66726
98202
31780
14743
75247
87666
85695
11746
54439
48786
20972
31040
59632
24280
96022
58603
68949
21342
21543
55252
86858
23465
61472
13114
15733
95469
91344
81870
51684
66157
15695
11437
78338
62258
24538
88477
23820
47271
46593
36486
7979
1492
84004
55860
11249
93566
14865
92614
95538
23323
59147
42241
22409
92311
42707
11155
68712
28399
81055
50951
26460
41681
9845
93398
29677
67167
31618
80117
13080
32637
49220
1511
48330
31731
99878
87441
9092
3908
15238
91637
16016
36496
15137
20324
77097
79047
34314
48847
22847
52802
89321
54675
70420
16790
84370
86746
80605
88705
67436
85716
62604
81144
54857
74276
29301
50349
39137
13579
60020
36707
41499
53249
2443
42437
20858
72967
57446
87960
44005
95083
44773
53407
23037
53449
56181
3789
47598
81647
16372
39148
28652
50720
93215
77010
87972
82676
44318
69214
69962
53676
36070
19326
11725
44293
62602
3367
23196
65811
96700
7620
27706
67722
64488
91248
20644
41800
27780
53926
27726
57158
92997
64798
38622
56329
28845
79964
39570
19555
16640
33890
23109
15853
25082
5007
51161
41574
49977
97509
73530
91365
43668
86338
66484
53980
31491
72703
46130
37792
79818
82122
38520
32353
78688
34916
7049
74835
57901
59170
67719
54577
77618
74635
47601
49401
58522
57992
36564
43896
38352
4723
35621
53148
23473
15777
512
74577
20364
55860
24471
92085
5442
69443
83259
5910
78793
73555
95538
20045
79846
97956
49341
23555
79113
19169
43694
36922
50444
4225
89747
30623
69091
88764
13610
46448
91457
32566
41390
66715
5426
55705
39844
4801
87368
44702
66473
36618
64526
84136
77327
77207
41650
8642
48116
50740
43510
97075
57884
10063
66166
24030
40989
98729
91268
63507
44696
75000
88899
69214
55686
74263
68615
47021
10541
765
21081
39460
8258
53066
46537
31754
8028
73158
55142
68448
29393
14793
71526
42523
31231
83317
30480
31789
94504
80457
5667
17060
69371
89955
44625
65223
72380
20751
42138
66492
66525
7303
47070
91539
24164
47351
6091
85811
31115
31020
63836
90326
56785
43786
5858
7914
34010
62012
38424
79037
8067
11442
92934
38376
77848
72691
72730
32224
62988
43491
78006
93490
51817
50584
27119
85372
37828
44150
4579
45668
47092
9878
83242
12209
58776
22831
97967
10676
38759
57821
39303
48426
12316
25210
51717
23527
41610
78815
90261
2975
84186
96679
3657
4100
53455
81091
67652
47472
69627
96816
15682
38846
4050
24497
29689
60083
66556
26707
77988
28727
21448
79045
17319
38922
64279
86516
60340
2994
70615
52984
20627
14195
9099
32519
43449
18893
838
89270
73646
12855
6979
62525
64163
80709
63878
77480
61522
14238
74192
55448
49234
38154
41642
48463
43633
20007
21545
97929
24227
59189
60816
71337
58067
84073
90174
29456
95062
70162
56897
80477
97808
94997
88525
95749
42826
13098
24463
36717
1285
56910
10702
19722
16047
62095
80804
28473
31601
71561
35457
88906
11257
97860
65321
87571
56929
61383
63926
92148
34336
10927
65572
53986
33210
24677
40891
36940
9443
47191
30491
11828
6912
26286
45255
70355
52787
34579
38785
10959
67773
81642
22199
61061
16505
50545
99903
47503
27809
88505
13586
12447
54580
18605
24400
42322
2836
19375
75173
82184
78541
43424
29274
49389
22653
29902
234
11654
87017
73967
44099
70281
17897
24342
35498
61553
14577
59289
12090
24575
96683
46402
31386
5673
67197
88176
6334
9034
8895
57818
2135
39340
65136
99511
82462
38264
10953
13330
11726
64730
58656
60634
12491
84658
83623
29529
67827
93236
3209
39181
97400
48981
26927
73574
35329
59929
65737
2451
14514
84778
58738
58919
72015
64431
34475
44243
57667
62351
41057
29965
85762
64874
56481
57414
5829
14847
70885
81083
28294
55894
17530
4126
32286
66591
22987
60670
20205
21808
91502
64580
65959
17381
95679
69415
88420
61738
58634
80453
33833
89318
42699
41472
84376
8234
19358
67056
57909
50577
69619
62858
87894
61264
98157
19048
4551
27112
93963
81466
4432
99108
43026
33068
35106
9127
6073
80812
28572
69953
73966
61092
93360
18914
17490
33329
32671
93545
49678
37130
26421
63626
75248
53006
91673
85869
57941
8075
25318
73418
13058
13785
97748
25926
32759
57806
17018
27692
57806
87225
56515
72786
79041
75039
46708
7886
44759
10743
22608
32958
92436
24575
94079
4247
16544
71304
73868
27854
88535
46259
76761
74103
29584
60063
5464
25567
71422
48234
68069
50872
82465
34389
42893
90299
50668
42718
6663
72853
38465
45418
11956
54215
63196
59011
96152
65572
12569
70473
39040
28742
17124
64987
3735
33962
52181
46154
57930
17053
92581
82864
1182
18892
93616
91313
33060
6920
21991
68303
71121
50128
61398
44740
10284
43655
5546
13968
72428
39205
45263
78135
56268
18209
64086
41961
44655
71214
23172
25133
88774
55957
82740
94108
59707
39400
16276
18471
64766
83607
71393
15646
14296
57733
4805
89444
41322
9197
30731
90596
59195
32577
96862
16297
68595
55299
8057
69452
37840
57162
87393
38948
17089
24009
79458
30033
37353
5169
55115
32569
44029
34776
60207
42675
66367
38736
83466
71651
24927
2082
55283
21085
19590
497
42732
27128
24947
65123
8054
5124
73665
88692
87569
79576
32873
49415
5980
20954
44940
36258
67060
8157
2572
40459
57082
52979
92837
2895
99875
84813
22450
70745
66532
67417
64048
54208
6533
65792
27475
17886
81464
59200
94841
81711
14039
72899
99319
28140
48258
12237
35394
20651
77991
50408
20155
62864
15698
18941
3816
89613
64122
8357
37355
26349
8186
68245
28749
90979
41259
5469
23639
47591
6081
20103
97354
68645
81419
51311
56583
52340
95753
70987
19088
93787
72309
23691
67847
86737
30101
99661
7737
40106
72291
97325
41769
419
98682
6298
80858
94385
67670
78739
88695
20208
62848
20178
96045
88589
66936
48300
75511
63729
5032
50234
18883
16506
39028
23863
32505
66691
10748
90327
39310
77507
24679
3474
25882
37214
59156
16353
75676
57942
21310
10246
5240
52977
37779
94272
87132
46835
83517
34107
3418
76993
18557
47350
75854
50940
81868
37037
86326
81404
22014
73415
77672
12937
43972
87428
13069
2265
83389
86578
72318
54372
28397
19417
36077
35728
12876
82380
39251
97313
15762
98369
27397
4223
3093
51910
81515
26705
63316
36719
3551
73298
76221
28937
75655
9377
35403
10700
4085
66824
25259
7232
31133
65994
45644
91269
10139
20378
41561
22227
20339
72745
18888
12781
3940
39869
77387
23244
77584
69257
34623
99362
64628
46220
98746
81986
33188
47258
4700
95540
23404
35030
74690
54480
56049
33339
62732
16043
33159
96456
83548
27054
60769
12429
81007
49796
44148
38949
7228
81634
48936
7932
135
95871
50850
48530
64953
38121
29234
78023
24187
20187
14061
21001
55826
94868
67606
82023
74644
20284
97191
90510
14395
96077
41970
64850
74333
90990
79389
37971
72239
38309
11598
22398
58964
4800
17598
89176
7217
58414
82511
65712
63345
14637
92629
75816
19786
94174
49113
89441
14260
88879
74322
56637
92226
10208
66386
60575
10464
41634
2720
41452
26589
43971
7211
3317
73545
20460
8941
99186
38273
84928
18566
38487
19640
9977
84998
28345
43719
58060
21712
12067
86452
4759
88808
26548
14986
88029
93402
13961
18208
57234
25846
15041
50896
84676
6114
42002
93498
4563
92528
10253
47118
10653
70859
72940
49934
37920
47010
97097
92982
80735
36411
5676
34097
4077
41704
80094
73574
60064
32276
91948
5317
97400
35373
16092
83127
14125
94942
23178
9192
71471
14413
48662
5074
51314
9711
6592
12334
25101
2091
28974
16341
12544
7924
19861
51543
10268
15133
85748
95224
55832
15655
84646
72977
32071
86912
3590
9043
29433
27717
48248
16918
59933
1135
93552
58580
98301
54787
84372
54865
17112
11576
40366
11952
31139
77604
84639
84381
28809
25953
68128
15428
53593
74665
69374
20817
75330
99238
90854
82253
9775
90561
1411
78408
39303
14345
50913
46736
90764
96548
51666
91558
95670
36345
23384
42922
19533
60731
53595
74823
17358
85610
62441
92586
51026
4576
40883
73115
33012
85821
74076
45950
93412
99984
76778
78629
71634
39051
79999
20651
99682
18119
63115
47286
38872
5178
21154
21676
32378
294
96778
45294
77725
31984
73803
82604
36910
26195
25829
48773
34744
67634
9477
5196
42820
82310
6296
11432
87828
51766
643
46080
99820
84599
61911
21967
57870
21573
4008
7546
87213
12286
16625
66072
82269
67462
98176
86085
18562
43639
62408
68994
90739
90927
90540
54603
58455
31968
30616
41289
60829
91996
7676
82090
91641
5239
65455
44517
71142
83247
87497
17244
10111
82105
12943
55734
3384
25
74111
70226
23083
6275
70679
12663
60904
40294
70747
71174
9892
36045
81620
31796
13728
71859
87336
10878
10339
95576
54861
81756
82067
49796
11028
25664
47650
56756
32488
27433
73490
68583
86987
30104
33755
85375
23343
20704
32612
84958
10541
49860
16748
11228
22197
12306
16501
63278
76460
11247
72266
46073
38417
89103
77103
76794
51695
68971
70591
19148
46864
47850
11684
6602
91376
29394
14084
93059
70723
46352
3944
72518
34871
90400
35594
34699
29718
118
49909
14646
23224
718
78289
23002
81241
15426
50742
49322
43222
69616
31778
4386
50102
84207
66025
96629
4236
92668
42915
69245
85090
81781
45819
19613
16954
99012
47285
3697
59177
13981
28207
80211
7871
78849
10854
54947
66562
19020
97554
3605
13721
77433
68424
96901
92845
18910
68613
48319
75593
517
16448
7001
59515
5541
32909
2363
88309
73115
90967
74926
2198
75667
96968
91916
38155
80273
95930
48939
29991
53783
74518
82270
37170
59479
20326
71038
36451
29110
57102
90213
39891
77806
29749
95671
42855
4013
54522
74279
66668
4608
51728
90020
6366
77919
85143
6690
24849
87835
28478
35664
25523
85134
24574
29790
23091
17011
69310
21521
43252
84276
51633
85280
36767
6684
78850
52010
53693
96650
49576
88534
28077
38214
58059
44230
61746
36184
87725
37848
62437
27984
98417
47152
41772
99306
57344
49247
49717
71936
47937
68095
10658
39802
66580
46241
486
34129
25081
8870
94947
20483
92380
86553
92016
77799
17602
14308
43388
66529
88986
56303
27823
55692
43767
61560
22579
89323
70584
72897
12289
69472
88613
44026
14627
60144
98184
22423
79843
87536
81661
36486
15552
78730
7126
85182
5286
19867
33708
34242
35000
94277
18155
94111
25880
20177
25314
48297
24817
91863
63982
71761
53561
47931
90494
2947
79903
11002
56405
14052
54176
36569
11911
99849
95181
17411
95
77228
77077
20738
73855
62137
10052
33197
12519
52212
2795
21867
53142
12281
15281
80266
8907
99597
13454
54209
333
98941
2243
40960
78607
70620
45166
62474
93474
68531
29419
71412
64341
54774
79015
16888
17176
6558
90845
72583
21333
2051
98405
98959
3959
89575
84716
99846
91656
80670
9859
41399
23255
58563
5156
69916
50456
59028
76396
1025
91429
37479
34839
10751
83495
39665
36725
5873
42174
54497
39055
18546
44094
54614
75924
43043
2561
17722
29031
72732
46312
25778
27963
45096
21640
31532
98855
18496
42542
75624
1024
22002
23218
30032
41402
91964
10014
36123
90987
99721
52994
21658
98956
77008
11781
34055
95435
4350
11187
81232
21092
6587
18685
72164
18305
47225
73277
4042
74516
97354
6616
49892
52169
4844
89700
90064
38150
77956
42823
293
6277
69547
74455
94569
52701
99036
62869
20824
15025
67409
45188
91576
12017
97258
99040
23581
28630
78660
94603
28256
33142
96548
26969
21637
42331
54962
80836
56953
17274
78180
13700
21097
63886
41388
9997
7984
34534
47878
32595
24689
19398
70364
78387
35808
29837
336
92020
36377
58632
34480
23279
10334
36214
77708
41057
29492
24652
60599
90902
59423
62194
71410
30044
44167
89197
21864
50081
76300
99026
12084
7790
18638
96196
18169
30599
68495
22434
67469
76179
2802
18162
81793
28061
65869
48509
88675
87211
33439
72971
24851
49840
47193
1018
66876
69557
96866
92993
33006
81217
1310
23805
63963
30067
88556
30029
55301
69946
32371
82163
40862
29808
35852
18252
94250
86160
77463
71938
17166
73517
6526
6193
24391
22949
49430
99985
72490
14105
20764
23359
64067
88893
51301
94470
39368
47944
59517
60370
15050
94791
82231
50064
94846
28051
16093
82491
6557
69013
61008
56504
34691
13284
73035
42518
68733
18400
54448
95150
94322
28347
44184
87107
20475
60676
82750
20635
801
52154
5729
27527
93457
37017
74941
43381
89303
75839
16793
84409
62898
68946
14208
18526
18647
20967
75624
23522
38869
80065
46835
9990
17977
81861
23991
91589
79050
89567
58702
59236
80572
25749
40299
10626
10834
6481
76919
33339
53381
62519
57314
41366
35243
23267
13553
88928
11268
43444
60135
56826
15993
5101
82269
7543
4851
77768
5009
69717
57894
41927
52488
68744
51377
5344
28884
70267
13532
29826
7364
96126
8860
23487
47625
15685
27261
36836
72971
92011
31809
88118
22623
75544
15110
56557
63611
76886
34649
93870
12969
42200
20878
99046
25053
4262
61323
94494
91506
93998
49924
60674
96535
59940
57009
84676
33086
24589
99150
2370
5666
19625
6011
77171
51902
48653
54883
54779
32060
68255
36616
70186
77059
46144
58787
60765
82520
15851
24524
69433
87440
52842
95457
31714
62091
91097
53514
333
81133
90131
52125
53497
42064
32803
75695
30518
79104
88301
79980
13268
84961
80439
68054
52618
79154
3318
80710
48399
54210
9576
51688
57708
90443
49128
91561
41099
19300
11804
44434
2037
98410
26477
41411
98181
92542
77598
37796
98996
6736
20845
44551
92923
64381
97058
18025
26588
8509
70390
77431
10451
79195
87526
20656
80375
48239
73571
28904
3808
66136
4343
74645
21315
36569
62807
84891
29628
47131
46775
74622
79443
19378
57972
37886
41293
72454
69897
69771
94352
81096
75246
43151
38841
89726
83260
73195
15308
66454
68962
56569
22774
34386
17833
47680
48891
7236
45097
39552
51439
26035
3831
59065
68687
53473
6716
97479
96891
6304
81121
6916
73182
29098
64369
96967
45838
64880
16496
13524
62850
59
847
49822
85560
39805
46190
96359
24719
34206
7986
39059
87119
73236
66917
80181
50601
21357
80358
57919
2997
15575
16288
49393
30946
63278
78130
53417
83031
52767
81354
51474
55360
84345
9655
21354
57284
60886
92013
70515
72416
60677
28232
83565
41366
79180
38026
20245
50034
77082
90936
25582
45045
72718
83590
89597
97519
71296
17006
68337
15820
93409
98977
44976
87392
22611
59607
7141
33474
31241
21427
82313
42491
4119
69251
75747
72117
54922
83011
18730
53159
18440
21170
44464
19318
96276
32726
92020
57681
20356
17740
61670
79620
24620
1293
48680
32458
38931
45472
9038
93551
61612
30813
84443
15826
43695
22707
95513
86030
14355
97388
2616
55122
96757
11884
71088
60442
71475
19157
76670
9653
11089
61669
82117
64019
94687
86550
44391
55816
24935
87906
59418
50109
27476
75451
79644
57876
98971
51282
4737
95387
82155
48032
75894
27688
42949
5427
88342
2511
16775
45869
42413
41289
95668
67286
34791
43229
16808
44116
30634
28457
25256
11876
90997
34630
14978
60318
71793
30093
50065
96629
35293
36862
79774
30646
12633
45305
70181
49646
14093
8662
85349
88635
73759
14750
78289
70174
8173
83070
58921
44502
17665
14948
90234
26295
87301
99403
38036
8052
81262
81227
71507
9162
18318
25385
11412
69685
55942
67749
33180
11527
27818
47260
84576
81651
73181
9381
61550
35619
83295
32470
31710
41736
86905
81783
1612
25485
52228
51267
93594
71778
59053
43461
95500
68741
32518
63498
8985
8459
81331
1714
8274
17965
41712
21850
16077
24063
72053
9436
52020
33360
93909
60484
36467
11839
7723
55409
97453
61793
90516
33344
12669
35312
87932
13641
96392
20828
11196
59006
77265
58096
52175
45503
86906
81674
21260
46535
85353
14832
49731
73707
80346
12057
12419
86290
91679
55610
38029
87310
34824
90968
21098
40275
47370
99554
36503
90218
66889
341
60508
82004
37684
44869
9756
13825
36799
87861
47022
5686
71153
5356
96470
81622
98677
59370
90650
54886
66811
31010
71370
39922
17767
95584
19426
64464
99171
86479
57950
45590
43227
49859
32097
77605
2858
24216
89696
23507
15830
42862
57882
37249
89902
53949
55142
68892
43610
23776
57069
2431
13197
2278
96207
94185
6892
2328
66582
45098
99200
12220
12686
95892
97463
44705
73207
2068
57352
14803
34007
9417
7696
15748
37065
93470
44104
64088
50407
14683
86061
77896
56366
57641
86096
31009
37339
49878
68970
74891
2096
29087
10168
87317
65840
28362
57725
63017
18012
67177
50262
6852
96196
21683
4870
72058
76828
86960
85081
28273
24824
51499
18560
91955
79540
53049
27744
79901
67202
93565
44234
19103
89669
94001
32268
92360
93661
94651
74443
55904
8323
85120
78357
61433
41778
65471
30168
46657
18302
25699
9113
11181
64103
21588
83428
48616
90649
81786
67867
69870
4060
19543
1719
49219
93299
98999
75041
20344
88419
25170
26861
30149
98369
4697
96223
51016
41328
15390
74350
86800
12967
45718
30881
64874
22332
27270
99782
5187
29874
48268
47146
15405
87130
65492
22522
13492
11289
68262
69754
22803
59522
21975
53836
67140
87833
1157
98538
68282
57227
1923
10490
23874
48651
34745
14561
20261
38523
49454
40103
49502
11182
69484
23884
92068
40011
57390
17092
520
49893
79480
48987
93547
27803
6772
91321
85987
61247
21869
85002
11067
47580
49969
14276
41731
93069
75669
78215
81660
71803
14944
17262
10484
82832
76093
43494
82472
60797
12188
25875
4202
54134
89702
35997
67273
95711
92973
35244
39967
52247
74523
49516
50153
69801
33568
90474
6776
21253
90754
90245
27104
36906
47977
73080
73470
8442
30404
87109
49092
8902
75666
80627
22112
87733
92987
82288
62716
63483
68411
82864
84887
48986
75298
25288
29902
6566
37003
73711
24650
70494
14246
98878
57020
74094
18139
45737
7388
31707
21107
90062
54426
79232
91744
98581
35782
9537
31087
15811
94822
94249
91602
50131
18174
19300
36382
9908
19867
17670
20949
94395
53942
29947
97878
3208
29658
92991
88271
80198
75978
44576
63333
56027
28238
21609
87062
6646
70780
12853
62845
50902
9870
10003
57253
79864
69800
56879
38335
60560
19407
44251
4465
90986
46288
58442
73805
33771
98460
21249
47606
63907
74921
62
46881
42951
84151
77580
84479
61835
96032
86827
78344
67572
4338
71537
1529
602
23043
12044
62074
50114
89505
41084
9736
92068
11814
25745
78978
81001
61082
40509
50948
42643
89548
62261
23659
20381
43481
90428
92785
68990
5183
10538
31220
12039
98489
69777
66534
70133
95162
93811
72443
71005
60245
1549
33561
46045
91185
46277
43703
73036
24445
20274
52059
51142
47966
66827
18694
80450
98572
64823
97833
35489
25739
85916
40420
38664
47251
7811
84463
6257
81618
39160
69575
16498
80104
76840
36993
9005
18422
56533
79886
91905
52548
6439
72514
71418
77157
65038
48232
9805
14936
44769
11422
95016
57218
7318
2984
53948
60866
40370
18653
17238
28128
27245
37908
4640
28798
7195
55649
76700
48938
80140
62813
848
64521
53536
96854
69112
40366
27535
59301
77232
67359
61309
62989
10048
7214
19114
96623
80017
35526
94504
19877
11865
56101
29776
2636
91828
7435
76316
52486
32899
62316
68636
37834
60668
23715
91754
19714
26865
80490
79661
23483
40853
21666
83969
93278
99545
71666
74375
35165
16590
38727
46099
18103
1831
80493
50710
86951
3159
43942
8149
53762
80982
34335
26746
23276
991
14798
31755
53962
90988
18106
38105
68486
65806
93222
53838
66056
34392
56550
12059
82149
69212
59120
10944
79575
35600
64765
39026
54648
63799
6603
95943
9093
15133
61322
3644
81116
10420
38662
25547
64183
55430
21789
68135
86110
69895
21636
9662
45893
28143
35937
49540
57170
25339
23869
90602
34439
45505
32125
87709
53718
77671
93964
39324
46535
99489
84473
69313
61245
24134
69505
3447
31209
88666
97333
64992
77111
72888
50051
23906
4989
27546
96254
43084
45754
56092
41087
7792
28521
87339
55635
71490
80112
32487
60511
32792
32332
26806
59166
39352
63456
86098
72943
83368
277
49276
17098
78435
78911
2681
64321
66782
11298
56972
30374
32772
24829
65475
63048
76655
63959
24028
48526
80426
18810
65270
19495
96364
94209
94350
12047
3300
20453
70120
1880
11387
66518
52086
23520
79960
26518
92309
13651
27437
82637
71087
57118
98591
23293
11242
15333
75350
93194
53904
36710
34072
68840
20247
10323
62149
18499
85713
83576
26177
71668
55107
54192
87359
11376
88904
34842
58695
74495
48595
73661
74529
88257
82720
55500
187
88334
72373
76634
66624
33133
92770
71551
13053
54123
62097
59534
60000
823
75809
53082
67491
76897
67204
52069
89219
37808
77275
18431
85191
17343
57505
60005
65854
6083
34226
96175
96445
30554
5908
20127
51365
19244
8728
97462
84922
16059
67174
44501
115
36386
63115
75032
33315
11429
30300
8088
48666
35612
33980
673
70062
15093
69502
57697
55867
22045
70632
70809
105
41335
47446
40414
13880
77002
73346
22212
34195
17008
14781
23943
83811
30071
16366
15343
42384
78566
60578
58169
84992
9972
95732
21506
66530
67749
44790
28430
62945
82985
51500
11013
66420
12192
88297
98979
57127
36499
768
63665
92336
1862
34824
54310
73584
65327
84936
99138
93626
28452
16397
64906
88759
31936
73646
15792
62937
60660
66100
4022
66274
14745
21381
66313
73860
6779
23488
34359
45071
63591
45901
4148
72129
23499
55096
48206
59603
29142
58248
76486
80493
40182
78137
62456
4377
60051
33909
36862
77456
12556
14812
30887
96959
59009
5018
48722
33066
65654
9182
87143
61627
15555
26975
50940
54188
83927
72908
21621
69606
95496
37466
28682
47749
24114
15958
81523
19822
75749
78934
29598
15021
28785
76874
2240
92470
49331
34127
5069
99237
43802
11510
2784
38897
57354
91511
89933
65584
10351
87353
61007
53831
97310
30027
81945
25896
69327
12359
37207
54562
89369
38610
20634
14643
79575
70373
1443
1429
89862
69250
9636
19702
19866
42924
49128
29779
7269
14313
37437
41003
2818
99791
23871
61841
41349
29356
43601
55689
63246
41625
35267
82694
57188
64753
12593
636
11051
79056
69265
86972
22898
13584
76429
76360
4353
54986
91111
69169
9584
69909
35312
18040
71026
88007
12913
15929
796
81358
96049
98818
26400
43575
49463
24004
28554
82619
56692
3493
44052
25526
88206
2614
98062
4483
63564
63463
91476
83680
26570
7048
11262
40668
31541
86931
40587
16693
77231
90156
97176
82475
6028
43758
16823
20622
57465
71769
43824
36255
5371
68100
93701
39272
94532
94436
39893
34905
77832
86847
49086
46844
89602
9731
31989
26169
12284
79917
31693
19992
36280
93642
43963
35736
29005
40539
59408
13086
12987
61717
99994
38525
92915
57104
71510
99557
55255
50507
18105
97684
25466
20280
60420
62741
92095
28530
53632
99359
64339
46262
97149
57870
93063
23820
62578
73256
18830
90765
62776
69805
34299
19454
8369
67970
94780
22345
18464
9614
77961
84496
78688
40950
8217
45580
70122
16641
28482
93073
37688
8739
17902
14543
13760
69255
27156
44655
42681
64557
71610
87335
24048
44968
41588
72061
80322
75639
41156
13573
90029
5756
64616
25111
4109
50685
16559
62270
27788
46374
74408
76915
89577
91776
82098
23153
93472
49458
95873
3692
3032
19967
17600
32173
34693
93302
23704
48902
14488
81533
620
58577
63427
2665
90005
42673
16679
10591
27032
89597
14630
77248
24782
4035
73050
48517
91632
33886
99562
69222
27411
42522
33216
58622
38988
37730
42695
24641
97967
81378
51403
26850
14507
52363
87755
51775
24425
63796
54061
24524
34401
75564
18471
69214
52278
82718
6743
9333
40506
76475
86927
26271
77511
3475
98029
19935
36853
32553
71050
23036
49287
62039
98736
81322
643
25870
72930
35864
29246
56410
72927
64391
65893
35158
86366
62622
74936
527
80808
83078
37703
78122
58480
90916
73513
71392
43011
46457
60599
76241
93785
96560
91748
71956
3219
86982
57688
46687
74050
9807
5057
31872
1306
70073
79485
62727
70893
70945
23972
99794
13109
52517
53913
13459
21482
27511
62711
79995
6859
88750
76992
81250
92821
65054
13865
82449
76639
91020
76028
23082
90795
35441
77409
63616
9250
90752
45832
58615
45355
53052
57731
1790
97755
94729
76299
45601
4663
6157
89028
37631
6110
96090
29890
97694
16169
24143
58245
73245
1034
5641
68773
68157
45953
56686
29896
46293
9498
33115
75543
75376
60481
35757
95225
17471
46101
38688
25762
63983
94618
67513
36605
34706
73579
26062
67870
60935
61304
10583
37482
1676
20008
15001
50811
68712
95482
88811
94090
9816
79433
3552
1115
16589
26617
90904
53234
18369
18825
38182
16379
87469
53100
81145
22125
95509
86579
92740
26101
32099
6985
1029
69053
25820
72267
73859
6946
843
809
55428
399
12902
54577
80623
9230
20278
53703
19330
1469
31227
10781
60908
46938
8293
56233
75662
72506
27447
92073
34077
88112
34457
12416
44308
76534
9259
23327
23813
59185
31644
72274
65382
7967
24499
5557
5281
51026
36411
37685
5072
13457
75511
45172
5186
80330
84753
9915
82930
74315
14291
58744
80784
43143
53885
879
86205
79341
57255
43350
69164
97474
17698
93242
2990
55396
43229
27003
76880
87048
69148
66228
28338
94828
70399
95847
67518
95887
57090
46987
39339
34920
92114
38432
2287
43092
92031
46618
29362
17270
46916
84320
23271
80180
92838
20107
87738
69137
52810
63857
35005
63681
85111
26892
20624
94271
35388
33025
76926
48133
47676
54376
57827
55107
6866
38024
66095
80331
92714
86995
17267
61692
11652
6731
45720
67785
27606
3755
16128
67808
57004
88552
80025
9023
34500
76590
1737
22469
39829
49637
63027
36042
33791
65165
13258
57532
8335
13733
9642
85207
79985
203
85761
20093
61763
54146
18446
54378
26873
63390
8619
1131
44906
37250
41530
27269
76790
99168
82530
1476
25169
32049
19014
56963
4938
55588
53247
13658
15500
28703
72338
17
7383
71257
39673
87645
17349
64669
84906
94627
9229
31976
62853
35184
24276
87915
18220
3088
64123
26099
60762
41800
63741
32597
73800
34494
47173
2657
28423
58444
10201
95331
63579
6000
38497
98766
27867
57246
7297
1131
6393
40758
19508
43189
27922
994
50104
90103
87352
80646
9738
76618
22386
83398
93753
77400
83623
54862
66638
63727
88308
74873
61524
90161
26370
55505
39074
75495
40482
65494
51021
30362
17629
52089
10667
3367
65611
58511
97800
23341
12287
13710
98475
70591
84393
81451
17178
68288
91676
18776
80416
15459
84669
25220
98498
73528
78438
29816
98628
96714
52183
65953
87777
27651
77456
16132
20923
29370
66389
83552
78654
15461
31043
66001
46298
33775
1465
70402
51234
58287
46971
86821
72841
35559
64701
760
28854
36739
50512
75494
3651
27179
69379
14448
90115
85617
5098
91302
91129
5391
79290
54564
8652
36590
10123
93235
64568
45947
38624
80274
62622
41976
83606
29097
87939
50935
34590
99372
9971
52387
17680
44174
24455
3550
58332
77384
90963
61471
54665
74246
13391
29887
35703
16499
52234
80904
92966
54348
98727
2005
43274
51739
7561
38516
5730
88136
55495
98941
34661
45726
26426
49434
80027
96976
60338
61106
21133
64770
87076
91855
89485
69965
36480
46539
75327
54388
98533
87079
32191
76445
3885
47171
71541
59263
91997
89200
54841
7195
14470
15631
66909
28732
96500
99582
75108
15809
19170
87020
99162
83014
64202
45090
89099
12503
11841
13646
87787
34003
28587
79848
88795
39225
2438
12203
84599
15785
82609
71252
70180
95362
90951
66321
27476
21893
54903
26471
22024
15079
1049
53650
7715
48786
95839
13113
22524
47602
44235
63002
52532
18286
2616
43415
15222
26368
3098
23156
1675
24286
98441
93314
90111
36073
62983
25935
94181
72613
92166
38304
71665
69920
23134
72236
78273
23345
61913
26501
57075
36534
989
18692
4586
14129
64906
55146
89833
72551
34866
52041
12595
53416
19959
75463
51601
53433
62033
91369
89664
84144
73473
98852
55193
77981
20206
16693
56619
9116
34416
32244
33788
89775
18762
2150
22294
56498
29424
64347
55108
56696
38085
68507
60350
27210
66021
80748
85033
5912
89348
51547
65267
65633
53810
18195
87089
40086
56132
32352
18808
3602
72562
20080
62835
79105
79301
44973
34839
81579
78904
66551
22286
36494
39195
35272
68450
20814
83018
98081
91412
64873
15670
10959
50267
29647
31094
49180
22163
41050
34378
86638
67893
72472
79855
19503
95459
17234
56434
35537
8166
46712
74205
94209
5134
38001
93455
65648
5282
34419
20941
79877
77999
89423
98374
54653
43221
96737
62918
66086
18001
85615
64171
79905
34605
41958
33539
12757
9031
10505
55219
26517
91883
43283
31158
48933
13220
98576
18978
94584
69768
72057
43745
53537
76360
45216
61111
16849
800
20598
6460
63452
44033
27020
24784
22955
82642
81838
33000
3205
52567
35902
8165
99264
17320
51959
27131
35687
23212
24440
85613
16608
86550
9282
49339
31069
12834
47329
97796
27848
62756
79790
57521
16507
16625
26313
27157
67283
41205
55906
8581
59953
75055
2308
35712
36344
79404
18107
97853
96435
61092
57572
3403
69610
92372
89906
89364
60081
19716
47192
1895
79826
75873
16261
73858
84803
906
37306
32821
2940
30664
28557
59458
17360
3869
95552
68233
82778
90750
95579
94426
58599
19408
81103
44195
17544
59508
58498
49322
22576
59767
25354
95630
2320
6611
42638
54831
85345
70343
86125
61317
59170
67386
4213
21000
42582
15447
5605
75012
6456
79585
99724
50058
53176
34122
33317
42566
53719
79596
42453
65365
61360
95540
84719
2212
71216
20339
11555
57084
73794
98157
83791
20256
547
75113
99477
20267
46517
37365
40284
25004
76675
89944
67762
24056
68678
9967
2218
44963
11105
72520
2102
35955
18785
56879
44444
71361
98363
60370
48968
93505
82743
35085
206
33731
46696
30530
55941
67938
50500
30518
17756
80825
98225
80218
27788
88334
98921
23739
30753
90776
68275
48438
16844
46550
98554
54997
34144
31780
22574
70235
6469
28882
78730
21434
90018
71087
61768
62796
91612
65649
55588
17426
38330
39698
33815
88685
22532
99380
1380
15685
94039
21343
66169
86595
71606
99697
96134
20296
98917
3840
96317
22469
82806
89132
46407
73200
39930
85160
77333
50081
87164
44839
44453
84172
99276
55054
63620
64099
82454
64033
61994
30014
67184
96486
46301
81008
98890
64498
11696
7545
13516
57287
26735
24288
69291
71989
156
73790
4998
59649
91329
17729
75145
23354
19991
68889
69899
3464
26801
65882
9804
83263
37029
83051
29786
98449
81714
6091
71175
455
23818
14762
18190
14349
83857
36278
61768
17132
38384
89211
93420
17308
79292
88862
82775
33328
56964
29137
91482
92487
51962
46793
88847
12355
22286
41583
39636
73091
7543
81486
7998
6214
94535
94797
2690
22904
27795
27469
1256
16868
90798
56349
10311
75579
32676
60486
13464
6327
94062
26429
82296
56473
11044
34974
90177
32653
17340
28057
11356
56
22666
18581
48474
35186
90890
41348
54146
19804
46259
74986
87226
1884
76037
53878
99427
89588
19075
5816
89284
24651
17075
87911
66667
15391
25628
13077
43767
81280
52675
43104
22263
69911
95901
84365
89267
26716
98832
42815
83546
83021
53551
75920
60673
80288
61382
66490
94088
35904
53790
5186
49641
41447
30909
46990
51852
74209
18745
74125
35739
90848
30217
58294
76117
47622
95400
63515
26605
58130
78708
91934
71592
89836
39342
87630
57352
67844
99216
66259
51654
38171
22394
56453
96212
59702
35181
8504
47453
43781
64070
62435
87673
58028
70211
46737
11800
7713
68555
72222
46039
85730
3847
73583
89207
48166
20531
41586
79861
50581
87542
26521
533
24369
14288
40757
85899
19621
49168
11448
47670
82372
88382
71882
61057
13753
51902
41726
24989
99017
55013
9517
70266
8854
96524
8075
74434
83437
27864
32536
83716
73944
33898
5927
13276
64668
67176
7426
790
78149
25790
72464
66388
31200
5388
98453
93654
67377
40083
34204
42537
22752
12114
93096
19891
12328
95381
2790
82596
52485
72349
44619
83055
68145
31772
53455
33963
44151
33994
87456
48217
15234
80670
49592
9147
20840
41288
53339
5224
51200
58173
96964
23874
83702
21420
45957
33981
53438
28310
98132
60149
67554
15861
25198
85835
13247
90918
64873
67634
74748
27245
79633
85076
39761
59522
85137
31534
65599
68451
28711
65259
18653
34662
54884
30193
15815
17971
13306
10844
22553
33177
82815
26569
99132
34555
6235
69364
3273
42993
86302
63071
40939
97867
85917
82849
79688
92156
515
26536
37405
60669
76457
83761
34227
14807
4553
85718
39050
95730
82598
44697
75649
37847
29473
68371
39227
67862
1814
95150
93023
46885
49788
81604
14938
16833
86223
73875
52548
27775
43206
69746
39214
6542
5759
20462
26398
10840
76064
87305
65348
21111
71110
39446
21682
20476
75298
6495
48364
78786
40058
77
15537
24181
65313
32100
56247
42341
77593
59872
29215
7660
4440
16510
24301
48608
80060
10169
18541
72804
82479
27436
11045
88502
85955
11318
38302
14042
14059
18329
63189
88652
36448
57715
76771
15656
31985
51172
47177
16448
94606
18399
26091
14153
36220
8251
22028
92022
47626
58802
45002
44359
2412
19934
68195
47518
80158
78609
98350
49050
17416
17131
55249
68418
8917
48635
45889
52147
6526
19937
64358
62408
22723
8623
19871
61408
15557
50439
91877
1387
97924
23235
88779
10329
79654
64453
42275
27435
5684
33318
91288
98670
13848
36558
45654
22115
60292
63633
61409
8815
66575
98673
29379
88635
60075
29607
72713
54008
58468
80770
55666
58523
35439
50327
93164
15121
88230
31315
99908
47
67676
54753
62855
4552
17938
26931
78454
67427
91442
19792
50727
11523
76834
14947
34532
29857
16672
11164
17553
48153
71119
45362
79642
52425
89440
19450
64660
16364
53237
61125
71174
94445
68374
58147
50160
25931
57049
84896
19028
50242
53477
40435
74809
34329
54077
52707
15978
68422
11499
78634
6691
73639
39027
80399
72873
52767
99424
82514
90389
96763
87821
84781
78915
78903
259
16729
59957
85652
97052
59141
4039
21304
72590
3156
34278
19875
33579
12808
16351
48169
94075
48967
21527
67614
41709
65689
77180
76677
16741
29085
7405
69919
26936
73536
13355
2694
1418
51026
49665
11708
94521
92251
92674
24004
91882
83597
38389
91205
42679
33137
12445
95152
27162
386
25001
21404
96250
63686
61746
80480
29971
16885
94345
41342
7241
18732
52704
96958
9818
85695
1108
36456
56931
9079
80199
89041
13401
24630
4143
7928
85810
47985
30282
62629
26849
90678
31062
63603
29331
23292
72037
50496
6071
83513
24258
91819
32751
66902
2859
4979
23940
35460
94065
75860
98445
84545
46314
11486
68571
88016
52295
21081
65564
90443
4720
35744
98964
2216
4255
91433
32914
91105
71487
15325
5632
26086
29720
65484
57862
98931
48854
71357
72114
80811
40117
67346
81618
99153
53590
62172
22633
5756
36668
45698
80600
62045
39917
79421
75520
64595
83859
96909
54464
42876
57235
81857
55012
44743
13388
42699
82847
28316
23898
26964
4460
2936
52506
33356
85723
86514
52870
67592
40105
51875
88187
59752
83029
48788
15612
77604
2567
38406
29522
51079
74641
50448
94816
57002
88216
42824
9168
81963
90633
44991
45922
4578
89878
25443
73279
14358
1726
934
6512
29
87224
31606
57902
81155
55423
28113
9620
52244
93563
76516
89990
16020
37096
3473
29714
2212
29322
97695
45310
26128
1437
47637
91147
6655
70768
37997
81188
42262
94869
43184
9915
31154
987
12464
58990
95187
89132
70003
10582
38368
89785
77056
9018
72969
87677
54789
41494
805
79926
20758
49037
65863
81614
11277
18993
92362
6888
46995
1811
23449
9958
86477
89705
28777
60418
5487
26828
55720
70954
87589
85777
64852
86469
94089
84138
33638
6686
5967
6969
99403
36119
39063
17667
99955
30600
91957
4673
73920
72796
25083
2235
97712
1176
35335
31485
22296
46495
97391
33422
31659
94871
78670
92054
77903
38040
83150
136
85892
85845
99999
87882
22588
72722
33100
9522
70101
29761
94159
12197
64231
17263
60748
9933
9569
86786
66497
45065
95914
16761
63753
71595
79766
92508
15366
23272
89492
39190
77854
48411
81268
15319
83768
39995
28653
56000
49482
48702
54371
28628
32981
11326
85968
39482
15080
31756
88864
77950
34975
90975
98344
3541
80404
35540
66164
20307
12767
41379
54746
50551
27588
98475
68870
86911
50068
93663
51836
36087
35520
67387
4101
14972
4962
41934
5507
62098
79199
23061
4901
96717
68188
1753
55488
92702
32314
49161
33453
45648
21060
79553
51151
70671
24641
6871
64465
31091
95353
20501
87656
37236
68071
59055
12760
52737
77586
85373
67071
64802
14434
38605
31061
75259
18949
15193
8675
86459
46944
98480
28347
57289
41894
79452
18837
84722
93059
13730
25519
73708
79121
18633
24875
54478
13535
48578
25931
86544
67480
41460
24824
40911
75161
79046
29985
43747
73784
37982
37957
36836
23478
2691
82342
48895
35318
93909
46444
23705
17569
85172
84559
71327
13596
60246
51985
83035
34572
12903
343
75494
24616
73281
85758
41645
1112
21894
15904
46222
31664
62451
39139
24463
76205
21224
59961
39313
27688
46970
19960
41267
45361
79948
93767
64554
77331
81739
7273
94505
73910
89568
11984
95420
15897
68132
48712
35939
69494
52836
34688
68114
59828
31896
23993
87577
49778
22815
41361
33051
16386
92537
82778
69593
54974
22354
166
27309
82422
5574
7316
29505
92422
33119
80170
282
857
12477
91164
29416
58369
32623
95959
74551
60259
91956
97088
53714
44027
5673
13157
31204
35412
32273
92335
57251
65879
92225
71499
84665
30133
5670
45615
44092
68163
84439
30348
12953
86030
22386
84900
74651
26425
26478
8338
45193
23454
34385
96618
26206
50367
35388
78485
76851
6657
77381
38926
31268
84644
63137
20200
51205
14882
46460
66026
70965
97178
41939
44241
77693
20560
16645
10501
90798
61763
76788
48514
14730
83071
38325
93211
819
8577
80921
11898
1753
79878
71089
54372
94906
69027
5044
78181
47392
91466
18624
36445
22883
75145
79043
84538
95646
71808
18696
12188
45660
47138
46975
2203
31150
89365
79447
2307
73490
75975
96392
12635
77899
47477
68510
10211
65741
38232
2251
19749
50182
90505
6768
11801
60110
64386
63323
34631
65526
23832
63834
77497
40781
34617
3355
83373
3817
7482
10461
69260
74171
77876
70695
59205
2536
78558
12220
83541
93727
69130
46782
30595
50702
52948
86229
28088
44949
51430
62072
55453
78546
81453
34392
17787
47428
82652
86940
9163
14532
46864
17990
34049
48872
76904
94859
55458
29400
36583
95453
22593
52343
16200
31117
615
24813
94528
1656
12163
52606
37661
8168
58048
68804
20670
62329
31256
94071
63749
55064
38851
73303
9488
8437
73677
8622
50972
1325
35000
71942
93886
34016
40585
52945
32212
85275
9696
12789
90819
1109
29703
58612
56040
91054
94542
86481
22141
71738
66565
44523
93664
24537
42337
83548
80986
77493
49090
30607
11715
18035
83973
78104
86570
73363
73192
89238
10391
89960
71284
88596
24789
54429
42106
80000
46132
24890
47180
96934
95948
99717
19402
15127
41370
71178
14510
40271
44729
47917
83173
23106
22091
87788
74823
56352
42
19434
86762
98287
86836
74064
30936
66911
64388
51844
5298
4179
67339
69825
694
60689
4534
85037
57587
74724
76331
86679
62849
34707
43061
12512
66577
94442
25122
32495
97287
57730
76895
13291
62914
85468
96281
98250
39287
79938
65941
15046
52913
23384
28260
96436
18178
55081
91899
97270
42914
73814
50057
47796
65606
70350
97198
19270
97853
42592
81296
88859
41881
63605
9213
99406
98982
65134
92890
94294
5049
30437
32128
65042
59710
24142
8966
82351
67398
68990
12468
58656
1972
7296
44818
61427
77355
23699
91620
90840
90631
67036
95252
78207
66921
52539
5865
51168
74198
89412
14187
73545
71955
46606
42991
80776
95457
66629
54308
82778
89821
49655
40473
69435
70983
64678
34
42078
37097
55582
30409
60903
13458
20546
97377
18023
68581
34631
4589
21350
88574
8709
87810
30739
3033
6976
45651
10904
21706
19133
18589
2986
78469
60511
9324
34048
73105
43334
1342
93973
23119
19458
75693
17707
84760
88134
39602
78566
84134
7896
81920
46223
99374
77511
17580
18149
82561
98958
1261
73674
68242
42449
28372
97186
55323
62452
33018
4137
66703
64919
84137
9040
94140
50365
31454
5117
84935
87838
20640
57586
89990
22312
9044
27624
70004
16626
26184
85342
34368
88786
22425
45312
95593
19050
79642
92673
3303
63192
92949
74873
58175
4331
49108
29205
87014
85594
67463
36655
17722
42046
7752
16822
89761
30164
68341
27290
35429
97078
98842
22244
54975
24486
45327
95654
95372
7323
25204
49019
77116
85960
46984
86908
80291
61218
25223
70008
68211
91221
55859
54178
21312
56410
67257
64694
94047
16010
3031
47588
31995
301
66997
96085
7451
99965
23924
8630
38625
88618
13429
49808
3933
38588
91316
80457
84549
92274
84366
5712
75386
3579
9526
17007
10011
32394
61810
10930
75136
2162
35025
97872
32554
41832
42887
50647
68514
21234
51178
5151
41113
74554
82261
91997
73644
46740
42646
32889
29311
8179
68211
66677
36515
13416
29141
8174
80631
38186
1265
78085
41891
45247
56695
47646
65435
46242
27411
88323
61892
61817
27296
94289
31008
91210
57219
54718
72646
40750
75503
38452
3616
40021
50813
90520
40966
84668
2509
34222
23998
56392
68229
20337
77290
17635
99769
73604
76432
59595
55918
5062
70493
62681
28102
85545
6442
44738
39736
75792
88820
25392
68513
60492
16635
71567
54340
57148
30569
88000
30870
18114
63026
89125
83889
92344
58055
91766
98415
9351
4151
15177
22448
41182
13066
84432
79908
43950
65189
33527
99802
16542
21501
56098
47638
2257
26738
6596
34271
6581
29893
52995
3513
58967
10601
90503
69859
66196
95864
45642
3912
29704
29428
61904
98955
89209
19573
78482
68062
28441
50358
24104
66387
27290
32838
14382
51040
68625
34388
92079
15051
55886
67618
45634
15486
94062
88290
33958
36355
51220
83520
79506
22078
68929
58756
62249
73242
99539
98643
54000
28292
48791
1446
33291
28819
86948
72604
39530
48298
44857
10572
40123
46756
58045
63339
64355
98679
41601
35664
51517
46059
45943
43409
10183
73248
76314
51725
79201
90444
47441
53659
31776
31047
45550
87505
65047
64181
59445
17476
67560
47710
31259
55117
68990
26121
89797
31413
27700
31637
11747
80960
10181
73484
30995
57596
61849
88553
57743
49737
68299
95731
56253
83796
76760
40491
49885
12581
94499
39578
94980
46893
23837
10066
9754
27380
23594
24968
45029
77933
84240
31741
44564
99903
95674
60695
8230
859
79646
98435
80489
2198
56058
5921
59863
16222
59027
16781
13217
60696
55024
44230
41908
71216
24382
67449
47397
8073
16493
97011
2266
50262
60676
77317
65981
31378
59249
36347
18596
61279
63410
15807
40578
33504
45568
68371
83641
55285
84798
32859
50639
47004
49228
51966
2446
67681
1839
51081
77233
26028
86843
53025
83450
73119
57874
95652
72466
71269
35278
14129
36712
99547
15335
72426
78174
92758
72223
43309
35607
63161
72688
44551
49012
41729
10303
83686
85280
79278
44580
74147
44686
26555
52735
67931
46778
19012
91050
89235
27397
39703
15510
91617
83459
68797
29995
79998
7974
63307
63938
58519
78819
15700
14010
43058
19808
55616
93657
86045
28794
19649
61680
11940
95863
22729
73089
52396
58135
94403
95923
61660
4611
91463
96328
94432
31841
33313
87518
47676
11678
60326
79030
67383
67567
46743
77449
37089
46152
18552
93471
32831
2157
77054
57975
70625
67243
47710
31810
33505
90408
20936
52737
98532
71972
12031
1323
68090
86769
87727
48454
30427
21570
8622
47360
56082
25054
28772
13400
96172
33426
79176
19224
22007
70227
17110
57915
52238
72820
31969
70878
73440
23076
40032
68877
8738
5613
18809
95714
45424
63592
91314
27398
52450
44179
59610
91435
98003
57151
90008
77807
25697
2843
44579
12570
95447
4614
90253
77967
84368
37004
61626
89349
87088
23092
84951
25366
44964
6627
90421
55145
65142
76220
76809
33116
61959
30679
95723
39847
88240
60463
29557
21898
47263
37447
61140
90465
65141
74511
91565
63307
21322
62419
9543
47345
57152
33594
34965
70932
35245
20873
67698
48123
65353
58080
64535
96294
29140
79398
8983
39013
50834
31108
95534
29621
75252
5120
46812
73494
2451
18902
45419
35092
84808
75781
99463
33403
50273
50401
20912
29724
74745
2330
50085
65217
61836
9239
34805
78043
57584
22890
74451
42658
63236
29618
59814
88753
36721
85597
6079
36901
87814
66363
81101
70647
13889
68154
19069
47742
73416
3829
54300
15662
97669
48552
16914
86040
16669
15977
18639
2791
17170
52040
77088
56822
85442
16626
88599
3218
78506
30515
96820
81639
92034
20821
71588
84400
94141
64582
88044
5351
44820
29839
41873
79317
65162
78761
68002
50173
49413
26971
67698
41878
53203
91988
48108
82154
97697
51780
45593
58746
19059
88672
92656
77438
42748
84056
82179
93468
8023
11616
27510
38577
99721
99062
53031
35662
21881
92518
94481
64763
96131
5310
57123
59322
20824
47898
92833
69943
35976
82616
32052
76843
56812
67756
81691
27155
36043
8358
76819
65725
38184
87580
42350
43599
79311
2942
38661
77481
156
71756
31166
29611
14570
79687
57827
42860
95763
98137
39852
26919
83634
55759
85953
75749
9371
71561
7226
95017
15695
60246
9068
50565
10942
63160
54249
95871
78791
31989
1476
37507
76759
49142
6285
76667
56898
38689
40720
64433
17120
45197
85769
46160
1712
16365
9324
55619
42978
98030
42903
22750
97443
39405
99001
76464
70291
64209
68389
69464
59912
88884
69493
82230
89985
24938
72298
96167
31455
26969
41440
10651
43952
66403
55290
97316
69306
18409
98376
49932
97787
65301
79021
92042
4427
37506
51346
48114
73919
65119
66155
86891
62746
35963
96283
74875
96036
74798
30015
50835
23127
94182
34126
42704
98372
85631
83848
71999
30549
63379
34821
10774
28300
2903
18087
89319
2760
53105
80153
33058
81197
30243
75228
76538
83265
61048
57092
64244
56122
5762
97071
19530
12415
35893
4558
11554
42044
45381
17285
75364
30655
38738
11880
651
66595
2091
80206
62237
39358
34794
40989
88963
35765
23067
20988
90883
44306
42897
10232
24448
89702
14386
25079
90722
70051
62723
57635
42042
57784
75763
24637
54458
40325
17281
62223
28536
18665
10243
26176
39165
41595
37642
47021
97815
35953
1307
49775
61496
42531
86536
29439
42096
25901
94085
66105
27179
26488
45003
99175
54735
81526
65152
17004
72518
71952
90530
64736
34581
13379
19018
67980
46860
26810
33082
24290
17272
5077
76851
11134
54946
52403
32624
66371
29639
98313
43354
7243
50803
71664
58046
81937
98055
23497
99985
12208
19207
66911
84231
7256
50027
65335
59034
25284
95448
10230
53781
22188
30787
65462
84743
8657
77940
57229
22025
778
13901
97296
81266
30260
87332
63956
1038
22579
97324
71051
28167
8483
6066
82715
99867
16922
96047
62053
65144
5477
21686
42811
218
5687
35499
84253
6218
84735
53413
68098
94771
25009
26127
31157
30243
34215
12925
27312
38999
70141
61507
99509
76816
51484
49439
63240
2062
98835
28572
44373
76972
25505
20826
54884
50970
11334
20042
97395
4146
9482
30596
29189
31206
76042
13659
19133
72361
73499
71868
75012
36804
58073
55779
23044
58416
85368
47188
3981
7166
14321
24881
97114
52778
58021
65110
90088
21363
2170
98570
98861
51694
62849
90937
7534
82394
54920
83323
79085
51553
55012
88981
96896
88518
36582
61440
66811
16901
20742
44063
96208
8268
77961
77225
94258
52732
23732
18195
29803
51348
64377
43976
53414
49175
40463
45932
7686
55291
3363
77198
40002
61453
35166
53782
59523
34006
58718
92900
85630
54909
13831
40386
58104
85500
70190
33921
91068
96136
4298
47141
1142
95109
8682
41593
65960
3757
11745
92078
66340
66854
79605
45094
64473
65022
10002
22130
75726
22705
3064
80
67956
28492
99308
72591
97208
68909
64613
62586
27318
731
62743
82211
31568
62821
56410
22475
32922
4072
56285
85012
23222
56719
77493
28505
58829
68349
21664
42643
23630
79200
83678
63094
5802
55701
82446
44098
26623
20362
17336
80882
30292
75293
6451
95915
48947
35534
7578
81610
90561
99129
38100
25781
7551
30986
90681
23639
8877
72157
29904
16648
44145
29804
64333
51464
30799
72121
34426
94774
64517
77328
58728
23590
97971
9407
97227
2541
72543
72244
31884
52908
7517
33024
20111
39459
67885
89074
21328
94987
81924
76585
1890
17756
65513
13470
73640
3087
63485
9876
81561
40516
4293
26236
46471
45029
83398
55892
56321
6462
92718
57776
13075
77741
46935
6909
38307
99696
38101
45738
81231
24306
70053
25168
11431
29133
67639
41333
19978
86787
29793
58878
92644
56784
66397
34162
28908
12890
83604
16044
53798
67094
19350
98365
98345
43577
24741
90733
30018
27189
22320
36
93427
18342
91168
70112
9326
87986
23577
45410
80466
62486
22498
71960
31155
83328
18250
14688
88888
28218
61484
42344
6167
43040
49775
92164
69491
95311
92275
3126
51761
79767
43441
31
36697
22287
89796
62129
35532
23155
88763
1821
2062
13175
33309
28746
60830
66574
98507
89310
11455
97933
94312
40509
79537
59764
79915
54575
11128
99151
34628
98832
66408
81633
62118
72410
95881
99144
2554
1359
90071
14192
9195
30550
93901
43255
64031
21789
10849
63466
43228
92700
3467
88546
33213
21701
48805
31865
16573
50855
60047
80596
92736
7487
45828
89759
73970
68627
72342
98104
85315
97739
21557
40013
15779
9472
71342
40023
14936
41553
95555
9617
23762
20600
99828
99737
71197
90462
74819
16881
27308
42025
70882
47226
18424
32110
50648
60924
26809
1090
11735
25476
82014
88695
94546
41176
13931
3791
47943
76681
15288
62862
62379
15921
32826
34530
25794
56208
32158
36246
58636
99999
50822
82384
15828
8963
24885
79358
89156
80147
77576
14480
83080
34459
723
77019
2033
30255
8833
10786
99844
32814
69485
54714
92791
65610
96651
45763
9985
75644
80519
12867
79949
62502
91910
42848
62249
84125
80815
74868
67014
1399
647
83940
8640
47430
18404
85486
26849
65256
43793
83708
15098
60498
52647
28007
39912
47236
34818
29802
98314
48221
47734
89027
36397
96808
91579
46356
38072
83676
46322
49581
61833
53015
60604
76242
37294
62788
70627
78123
96388
28294
37829
64995
14986
84755
53246
33465
54697
75974
96484
25093
16075
43718
62576
83546
97696
35240
48049
98124
76780
90776
62583
46673
861
76238
89361
19596
18632
65476
38988
14464
3359
88845
26897
66569
93177
87823
46997
53544
44459
80247
54618
11451
79092
7073
98
60266
51254
63837
3588
6208
88486
46140
54321
37483
58503
88137
99598
29076
17751
72195
10626
83388
40771
88387
82912
51787
14631
159
72457
70804
66664
24502
7363
77380
33204
76744
98947
12556
67485
3834
96078
18794
61864
53882
4548
22725
50445
12795
65656
96094
86875
6803
16625
20328
67055
1150
97979
80728
70639
49480
62075
62842
16774
82228
98769
31170
36560
61010
696
97831
6368
13580
75429
32204
8309
83247
60458
34072
57215
59178
38409
62138
65019
60497
79983
17819
78085
19331
5725
47855
20713
46838
10564
36228
32758
42217
60909
11787
60722
18083
11813
69213
31150
55570
47878
46407
58112
16986
24131
61509
63691
58544
15349
82536
16113
9489
36525
33284
478
24374
82883
71017
6399
64560
90510
7173
33474
80008
91509
47678
35348
57457
7598
54318
57861
52655
7154
27879
17029
64754
77133
17930
90453
14263
53578
76900
43262
77679
54146
60457
4140
81869
49565
56758
58311
11813
80441
17539
81968
21989
54562
44200
68574
1035
47580
86471
88237
42983
22452
67038
42461
79759
99808
17686
49659
90072
93823
16916
82504
43912
58536
96807
97354
39680
53432
69264
90043
50215
33060
31441
70829
36639
34113
37280
17242
15524
87715
52122
2136
66590
18259
48011
86731
39398
40338
75739
47021
35907
23293
25247
18210
11458
1085
67490
72819
58937
45471
24858
70405
96454
54913
69600
32509
79378
3906
61401
31855
57557
28282
70225
41218
18371
69591
26621
24344
81631
82350
3010
11284
19269
55624
81400
20198
3359
32952
77622
80714
33163
83727
20181
98002
7872
95
67253
349
53058
98392
91145
713
25939
97441
44493
70413
14069
45894
41152
30865
32926
57064
212
30018
67403
77630
9067
44009
5595
87803
61328
45916
45075
62300
17137
99956
88854
92643
20892
81136
18753
58892
91114
95354
8588
45858
35471
70619
50134
20054
59068
21284
86035
86827
11990
89359
64619
75269
49145
21178
82662
64306
10597
78457
42179
18440
86429
83543
68049
79220
10164
1397
57150
44894
35538
46964
46084
74577
87579
17845
10014
74771
37152
45016
94051
43583
71595
93229
19358
66718
51462
74514
68314
17161
61759
95200
24358
11722
14961
33504
52802
96074
39619
35369
10748
66612
67451
85354
10623
28568
37192
56519
1897
41940
59029
32186
74259
26542
31937
3310
84700
79230
86107
59008
86700
36501
27216
39783
37620
7887
28782
97114
87703
72880
58760
40512
95349
33183
14784
77415
33165
10527
36553
95760
10623
5304
11090
42154
60466
40919
92421
43903
29487
55159
80316
1129
63241
12968
27914
29698
47364
52235
67516
47108
64390
42830
96739
76671
9262
98677
27524
38016
74242
80827
92964
92218
25285
7599
88031
68745
29172
4147
86225
36494
77252
61757
14471
46671
14342
64947
40041
58358
65797
31821
43549
32591
76449
37593
45552
20729
35751
17498
19254
21157
2215
55152
65906
9716
80218
96602
51061
92597
20989
62947
88605
73506
52425
59854
96424
52745
79743
83243
68644
94025
36315
52879
99429
11935
89326
7839
84760
5508
57117
96377
98615
86031
30963
91298
27631
60743
60930
49909
88180
24050
46883
86973
35546
63325
11263
61714
2383
85581
21218
84915
4285
45810
56901
71988
42553
406
78699
44779
73702
56013
42837
35822
2129
85063
18556
12270
90978
42215
35888
57507
54161
50762
53975
54060
38852
9956
69215
10537
97935
40698
60650
97356
50791
66090
3128
13451
8976
4491
84470
73398
44028
5768
87898
36112
4158
35816
45365
30027
20392
96875
94882
83530
23541
26819
32890
74595
51302
17758
27673
90596
61129
26825
55754
13007
45782
50158
13912
35799
35321
87773
54806
57391
60922
74057
62705
15441
53379
29103
11486
12845
17473
93153
68539
96905
72842
63406
92463
2483
33247
87814
31042
30794
33928
22972
9942
32399
27416
72706
50929
6838
68518
6111
10340
25739
93992
1670
81382
4934
41522
79847
51458
12371
35911
62106
19957
94187
18106
13524
15232
77064
85720
84469
64460
29562
45888
84634
52706
44058
92128
75248
30255
281
51416
64821
79255
29346
84287
4591
12360
65751
77730
20655
43453
11234
98027
39580
24377
69278
9531
12999
36807
42800
64457
56226
22096
96699
34187
11265
85064
76803
98118
97352
66053
71667
32084
13513
15947
79449
47655
22337
533
36201
71942
15264
15517
21280
60894
35169
43790
1125
35474
50576
76117
18018
54551
18439
29749
13051
85204
20238
86023
59798
90699
37305
39126
72977
72246
72560
64241
26829
43827
72322
38960
47080
45959
69913
84297
89708
33344
53571
90520
38122
47418
43675
8560
3054
64724
94726
11542
62753
96428
64093
7482
87935
73685
77777
15913
98975
41001
52651
54853
44653
38464
26732
90479
3404
57459
40228
61395
69248
66013
47569
32211
54224
91983
5247
3798
35570
30708
46844
27581
26788
65353
68384
53503
40383
63073
5002
32679
62938
63881
79270
89570
78218
38790
78761
97512
63268
10514
99601
90448
99748
34149
12598
86144
61842
98658
27056
35208
94297
65330
52672
46094
37084
75399
27002
16666
71781
82620
90181
61602
20912
3945
51569
77278
80048
17462
36701
85283
72311
71540
97147
48046
82962
36000
14941
14731
77434
81931
15075
32761
3448
8920
78948
24256
7264
21302
42166
96701
65779
32373
87871
13756
14743
26336
64561
21225
38716
15555
5136
27555
788
90690
56647
55433
44189
41056
16103
57769
78539
92208
57503
63884
12636
10529
30855
37898
14699
63632
19024
83093
33606
32634
63948
79662
70356
53246
85047
80818
48905
19195
97276
14203
82192
2278
64195
622
9230
74935
19066
46144
95121
29692
43209
44692
53427
23905
26851
18957
86662
18100
44499
56188
2820
41656
4517
12504
19103
81476
95746
81769
16370
9414
31456
70732
11520
65505
35563
95099
91743
19788
99937
52950
92810
73676
59794
53053
92949
72565
74920
23396
36165
75525
10429
5715
3649
39705
25722
52217
78931
6008
94337
48140
23145
87754
98210
69128
43886
69726
95596
42580
8473
27478
99785
16714
27462
51685
38534
85364
22098
77971
6857
60727
12066
65920
81907
77329
56418
6476
66032
38385
98545
84995
15513
58773
12468
57401
9119
94222
22181
95584
61534
1126
48030
52064
53156
82854
79103
25264
32970
46388
48749
37321
1467
16328
49882
57317
66744
59701
1305
8561
36641
95933
48019
24346
7930
76253
85255
95996
59086
89250
44692
69941
43119
15887
81215
64592
22041
92926
8128
19752
37345
44153
63578
40128
26188
44646
26209
57008
10534
5689
70006
65548
13611
37321
35716
48841
5442
96722
54829
96396
95178
42575
6564
87561
1587
39184
5770
96062
59001
61158
94719
27886
56458
3261
14484
79495
52232
38979
4747
26357
46817
94329
38653
53159
97157
45907
67108
19775
2845
69802
25955
87831
18891
96795
57477
50572
20995
5084
29314
55356
9726
8682
41597
77833
72115
65023
95311
88178
41037
39426
40137
27736
63704
17842
49283
10922
93084
79853
29477
95924
26704
77235
61539
22472
15161
53089
5385
89868
35783
36911
22784
84777
86336
23037
99667
95517
54399
41344
84481
53584
38827
30980
82719
63723
36544
24882
55695
41033
59416
30461
10539
14337
75772
61892
32338
21765
99320
58958
50798
83720
80370
75199
1332
18249
75254
86936
45179
19170
32952
86757
63191
91996
68561
78040
25015
61626
98068
98626
9481
31397
58601
22470
31178
27561
13263
43634
90239
23782
15768
15433
82414
82264
7576
47507
97696
62429
37370
68036
82636
57257
96792
9067
53568
74391
42962
66563
96614
17970
78893
767
65927
72092
93095
46275
20833
45376
49396
81574
74075
83882
45040
88068
25741
37915
16385
41925
80795
8331
22363
27749
9438
56234
24613
73646
97881
26863
31471
3280
98538
26286
95692
21206
18629
72578
95952
33940
25140
67030
26406
30705
49628
96396
24413
99462
52543
2493
45977
97984
33110
75201
78547
81424
23882
83823
72800
67123
10010
35421
74025
24685
10204
99374
28825
10281
19137
40252
77629
57606
60121
50729
83530
77720
17710
56343
31084
57186
43639
78174
45748
96240
99460
80797
65279
82091
77889
11907
50049
4271
27914
87795
15824
25622
47428
47891
72365
54588
49282
25251
76633
7712
66364
45456
25419
56010
93142
53760
15761
95164
86259
97337
29320
41512
18228
25429
75386
13519
27734
83122
56884
82080
24927
45805
90310
65723
71907
17865
18063
32914
80599
90610
65045
38402
31417
99769
48786
24604
37996
74260
81964
36127
49563
19660
90457
8741
46203
6814
2083
20546
50030
63324
69859
22727
51952
23387
39136
39677
91901
17776
64613
63320
35284
31864
25817
19534
78166
27068
60224
69374
21749
92059
9537
68789
18135
68745
88952
10682
45704
66574
51602
15465
35010
31044
64471
56605
45376
9742
95252
60325
92564
70938
38012
21199
20465
88682
91398
16542
26656
64077
93062
84726
31930
74799
72757
87689
99457
44019
66577
46843
28498
43959
64988
61391
34969
13232
82172
10689
12620
45601
87216
53402
34546
32581
61187
60643
76639
2427
23741
30152
1809
46745
77713
20408
54591
52464
95773
92733
91534
98803
43183
76976
56042
32141
47317
77358
55129
41834
17839
74821
3869
7499
65154
77580
1415
8086
86469
16984
79191
3913
69076
35988
5755
74766
37797
3708
23612
59438
50424
96738
46230
62249
10310
80771
80501
39630
74039
64916
71280
58128
71334
46187
78948
15020
85373
96553
93591
73880
16779
1238
3977
73330
98202
17410
56866
20979
38431
72079
88762
68004
89894
53276
16925
51584
65386
2898
92192
57630
74795
46576
1876
78345
80685
24194
39574
13032
93977
98750
72224
6757
23307
17069
87373
61603
7688
60255
61958
8923
64859
14184
83182
43666
97349
8527
8599
15103
55054
33949
62196
98156
18429
70172
3325
51217
32962
41012
57150
37956
78675
85709
39008
5457
83824
19350
65926
90894
74338
76747
70544
88345
42030
41253
19228
99688
27847
56299
28347
36870
78738
80545
43671
44456
5691
92609
64846
95597
24741
12708
6517
92924
10843
84861
11318
53943
31258
94468
2284
79549
32274
1081
33139
51188
22037
32475
57619
17704
94355
26168
44994
91001
43417
55131
81600
48817
24470
85646
19887
83449
36065
2139
50001
51970
54165
87474
37640
91638
16689
18602
74684
22274
26508
92510
54516
8842
67521
42355
54976
43799
48860
35925
92543
66556
15989
23633
44058
74014
33455
50377
73413
99107
13817
48994
91050
64335
82226
65378
55883
22320
55954
58408
11269
80788
7230
68884
51723
32032
59293
55671
94425
89247
56613
39973
13705
67926
52653
20139
77888
62459
82527
46056
5362
56190
11519
49871
22629
78780
25834
96176
85845
32054
55875
14706
23738
50118
56237
28678
82289
31845
69829
91707
21687
19443
18233
12835
22354
67424
38066
66150
3263
99535
42134
20973
62231
7743
53251
32544
3048
34979
89508
67700
17262
45628
83274
37461
12677
45115
42430
72881
65328
76846
65110
49781
65479
72604
71162
44521
44770
30446
67574
56668
72485
67389
68978
1362
2305
99144
8341
3233
96077
5838
87282
93743
69575
80295
61293
5211
40551
65145
50848
6945
81893
92443
4233
12503
9018
9915
83811
52124
47088
62047
92203
50304
39642
39511
64767
59787
34063
84725
60766
21250
53242
79279
63370
55016
26399
76223
53839
10731
39731
52040
2290
92762
41916
59930
61081
90098
14626
3092
18617
95171
79715
3486
76111
77948
26647
96608
47665
62690
9254
5003
35897
29442
17278
92061
57248
49530
64214
38201
50664
58052
80401
28210
59888
49110
67388
92258
77217
56211
40365
94684
12975
40807
85218
95788
7103
2428
66936
43645
22950
21613
72760
54386
77801
44800
47571
49408
90687
36967
94926
76171
4230
23131
19841
17169
42350
5762
5382
29812
71082
85407
48113
22446
24567
54704
91079
31477
28271
18512
12402
45590
94690
78163
53003
62216
53831
83389
19395
3279
66614
37138
30140
28775
23204
24756
69985
95880
14564
96514
31010
50547
40728
79994
61517
71771
6449
98552
20415
9097
99217
87029
79522
44546
72811
6020
25569
77158
90545
39526
51981
60992
68038
4730
94534
22161
83312
63659
42724
52517
69707
26110
17958
38706
40680
86142
89633
76608
18104
14090
3830
74522
78354
92152
22982
44179
4246
20041
35808
70221
81585
12005
27989
8568
59488
36228
70180
43389
56496
66976
66689
36755
80968
22829
27773
3627
88302
50495
45050
32545
69388
81745
44514
88776
19237
58545
83694
85255
55796
37678
10791
16651
72639
82570
33725
60273
50095
66359
27977
79458
67465
51575
8664
28753
96867
29748
93293
28429
18504
76093
62696
39578
652
88310
99219
96300
44964
29820
91632
62700
71177
43952
61991
9677
94258
87466
98593
25431
28605
96036
89008
61415
97512
91176
42662
65293
83358
92187
13558
77860
22328
52431
57417
9920
62449
23108
74592
46733
79351
43660
83926
70547
85217
12561
81292
91606
83956
24717
60411
71066
80327
55552
47454
40554
71770
79351
83323
82497
97660
92843
22839
19057
80046
22939
33904
57411
16686
84739
88505
62896
21492
97201
98903
43612
73378
18565
57982
50562
70719
67270
41971
2077
79335
55297
21803
76460
4999
78467
55230
86494
24831
88039
59359
85654
28101
45539
39767
77112
99729
37930
70574
91733
91497
20788
4368
37106
78575
14320
77135
37106
5165
5732
17315
57300
28639
33132
32633
91869
51031
92651
12341
19851
88243
72012
59763
18474
31124
80601
23431
25784
71677
20912
65051
36837
62075
44426
72294
69253
85057
52282
93990
25953
38888
33253
9208
62076
13938
55556
49554
39297
58883
34314
1967
110
92534
90452
24698
28964
2848
23205
57847
36061
72911
92585
18911
73569
70960
12388
30201
41534
30548
92868
83511
64378
17989
27171
83833
15327
25423
49111
4010
21672
11282
18302
34670
16839
91152
7747
11082
22385
98207
13824
10049
68349
93732
1402
97986
70550
403
26725
33615
95626
10949
61992
15715
57168
76692
14402
90495
85265
62020
37556
94902
50193
13224
65036
17950
58384
97198
93670
96091
37590
23541
75326
11462
46153
57591
75859
54430
50907
8219
27627
43060
32872
50398
15114
36536
36783
52656
87679
48612
30104
30313
94819
85338
4080
97287
23828
15037
49003
96453
74147
64386
60504
25387
87501
97252
85215
24804
71744
8532
72953
1995
42827
59311
13384
92096
52990
63738
33616
86989
93665
33260
1161
92725
84805
48873
16831
9350
99310
88278
18926
36050
97417
72308
10235
98599
10374
2389
21771
46967
83561
30414
97709
85888
37535
41122
8111
30288
37172
95326
78234
49963
73542
95261
4030
48103
63332
24912
71844
53374
68327
6377
99331
87129
95526
38966
39205
59418
94709
29118
54884
95284
34092
56384
36855
40751
73438
16692
86520
86321
62807
19911
55354
19808
55555
97131
49209
54454
84633
52773
9909
1420
15817
5917
71771
12610
90195
46548
73397
34809
65541
20871
45188
63468
55778
21772
77147
3218
67184
99086
81518
71930
16003
75673
94112
58338
59512
59797
58645
87488
69384
24520
8218
53437
38651
18357
933
11944
18368
97564
96775
88073
35298
45431
5693
42881
68100
22230
54921
64996
2825
1421
70432
12689
44348
16797
1277
59559
43492
44603
11053
46568
49786
37405
4199
5938
77413
98690
82995
23444
11693
95083
59955
19212
15615
23471
7199
79147
26789
12925
6733
73662
97328
71989
29019
18950
55232
28966
69129
68311
49384
58244
29440
36503
18108
8357
10453
78343
37064
98233
23245
31427
58127
34896
27499
28247
6310
75064
31533
90314
85437
85111
13904
55643
85488
52948
68361
47164
66113
88811
51737
49328
20556
25305
60344
29777
59785
36313
52510
40495
30775
37369
85974
92648
68778
15983
40931
93400
34325
76194
21448
99432
98687
16241
36819
28656
24197
65364
88688
2962
64453
88305
87971
46511
42697
42953
43123
89257
64633
36302
13840
40855
82335
5130
14048
20151
75850
6490
85580
25869
20268
26241
40045
60203
45587
57070
56013
88050
185
22682
52592
98144
87906
21019
56657
41518
90947
6337
85579
46073
24497
26216
49767
99417
71498
72765
85900
89070
73749
88858
15431
78673
21718
84827
67388
36304
14659
45407
47503
9138
62695
34483
4440
948
61955
29430
46106
7131
28762
11772
41336
21175
94089
37366
52616
23756
92868
68585
64264
3124
62552
32927
91593
64897
46340
10058
15155
28203
28249
70574
33800
78063
23923
81473
18198
27612
54709
59591
98673
92911
28942
92861
92600
80549
72002
25168
80767
57691
41846
90987
40435
64595
89141
93621
71592
16385
53571
39780
10203
67457
20034
58607
36528
44805
74546
22708
14650
84497
96182
29760
61461
81181
91316
7828
21461
81420
76352
5365
72898
44170
60787
47287
12962
35970
19843
51775
67648
41026
47233
94109
7359
45655
48222
71968
88625
44191
75982
29780
7092
11493
22505
59010
8603
89245
76611
25078
84029
63600
76676
95203
92543
91474
63270
47811
77688
18709
32224
18638
71278
76083
85192
26853
71093
32896
43720
35047
45201
64895
74946
69221
98481
66762
66173
13826
55879
12099
14506
62924
51347
46866
55360
53047
75874
39336
96913
92818
13227
39604
74783
75747
69443
62325
14279
44398
96751
78753
25194
33946
25057
14983
17434
42957
12813
39589
19656
89161
33438
60357
81397
25658
2351
99123
76365
8181
84122
49601
43015
15076
18914
42040
99717
5691
53129
28507
47598
14108
88451
37599
12135
39632
82844
15790
23310
68846
65421
76572
22910
57106
88874
51267
92122
22358
98135
60947
47916
6881
65072
45695
28152
34370
59298
36887
44227
72137
11829
33775
63857
1405
2626
47089
67433
89938
55576
66261
47709
29536
20469
60409
4808
42979
86385
90098
36162
95106
83369
49370
13215
81087
53246
77369
65202
33566
60526
59140
82811
88166
44248
44982
73263
11585
14382
8300
66359
75920
20444
23540
14889
36004
29773
97697
18001
26212
73855
58802
77590
6763
86464
8651
367
70435
71656
66150
77683
59412
11521
13176
82278
90895
38571
55675
96532
45852
81999
45937
45988
45635
13779
12387
27083
45941
42632
33012
31845
40239
25800
46833
87366
37121
7267
87415
45710
62539
27583
99134
46613
92007
72444
96952
64115
26207
39201
83607
59066
62767
83810
51227
53566
81095
7473
22456
60754
67315
77578
60466
98117
66172
59376
14053
41498
92171
55928
7829
86420
94590
31972
53719
89527
67738
50006
77818
69605
16051
58028
17121
32465
95595
12063
33964
97757
72665
43471
15082
76647
3206
46109
41410
80343
72965
79060
41589
58996
80806
20292
70488
3367
5254
34570
11312
70562
73469
18337
83693
20067
13912
37119
39193
42512
74701
84686
71922
40652
35089
81482
7896
89083
73839
84
37945
28018
9617
11865
62609
29530
58687
53727
28437
25388
3346
82850
73422
45634
23841
76958
24357
65207
23518
19859
60649
25666
79516
28283
22695
71583
7742
31246
36291
24436
55436
10277
11076
78897
3156
48390
78243
50053
51905
40362
2695
64390
86742
50088
68029
26953
92128
69319
39763
89871
3026
9992
54955
19314
96342
66851
90794
33591
99700
32356
74374
42434
18028
53894
47652
48768
65791
94554
82909
53473
46114
29620
79609
31012
97761
39887
28023
42303
51343
35915
35761
1238
92968
90252
19907
10052
48432
3398
97804
36556
60571
88403
20082
57441
51859
86513
27731
69299
69913
2599
78827
98454
47384
23113
87632
31923
68858
82908
48552
67005
21258
77843
15143
21796
5018
43023
10094
96132
85532
88133
26608
18714
82684
88485
74217
54164
66474
28849
49010
99718
60497
83502
80132
37214
32436
66386
82068
46884
83589
85115
64471
9581
10070
21869
38368
36495
10639
33657
84031
53457
61829
35938
4670
76976
76740
98357
31905
91284
14695
62196
88899
72103
98759
33545
31280
11449
28854
5903
23881
51164
68937
37239
65863
43253
34366
89335
77710
72669
85258
58463
4587
26356
70395
13509
16319
87962
5146
69092
3341
41562
30726
27962
77350
14567
42698
74694
86189
15164
65880
65565
88148
16859
72500
45882
29242
11473
441
69267
36571
1261
7947
65122
34701
50618
751
26878
59814
80939
24739
14555
90515
8904
34262
27929
93921
14315
42857
37846
30047
93917
85375
4138
51181
18507
76316
99896
30303
8315
68451
15653
74465
27382
43145
91405
77701
49740
56216
6982
74339
63043
722
26736
87447
20296
65741
5919
37473
9492
48361
8464
25058
52787
63828
44126
64083
36379
28484
19735
52299
21985
2946
27216
13208
91261
95626
40929
1644
20469
66138
9397
36633
48129
2558
87164
66855
17622
92316
3534
37510
79669
70221
31085
86043
9661
42469
6218
72918
90661
78264
12111
99918
75832
48117
91641
37822
21598
96479
21873
95487
42062
72127
35868
8756
96896
71104
58880
9686
20042
62434
55869
44340
21887
99746
53862
9832
38180
29957
98236
19265
99599
44789
27497
13915
54243
31920
49042
35401
72759
44748
38603
2706
45639
60165
61227
64418
12135
28804
94371
33561
2641
49946
30216
55925
34778
21549
72018
80719
27228
37090
66092
67780
1487
3707
72537
86518
94103
56273
52045
69583
33202
32462
93807
18516
57523
79382
77429
97755
33031
38454
20235
70254
19967
103
72804
21834
38876
21020
59091
17094
10335
80161
82617
96517
67487
74258
69223
13721
90416
64661
16189
86521
87546
2042
44153
8566
77958
19648
82231
32889
1668
75754
13453
9131
28887
27119
72836
58282
59804
74743
10068
96620
64022
20626
56005
98882
63883
17564
26210
48930
80115
25994
4766
4238
54580
85632
41147
47505
73683
73304
65724
18609
84606
41023
42202
81272
21966
3203
62519
74878
50591
53045
77684
59613
47929
39152
39629
57981
15261
97459
83876
27590
56924
42396
30950
48521
33940
83717
14786
92638
83000
48037
3296
94649
48592
68959
59066
13930
86154
32494
61016
80455
20168
44369
33931
56768
39516
61054
22133
26363
82427
84848
99238
47998
72724
5364
78575
18594
40550
6465
3644
15580
35091
40702
794
64137
15093
34132
70760
2675
81138
31146
15801
91159
15811
51485
62135
97824
87916
48675
99964
72204
54081
49929
41850
64756
22859
21481
38202
62541
42109
71882
11727
30180
96075
35175
49384
34272
78174
8150
38556
34049
58366
67419
42892
55332
6316
33127
17651
55629
6772
47489
99788
74119
5118
43369
87445
51606
74501
79992
92370
77996
40393
14193
13581
96000
6597
43093
32977
77241
16288
2920
66521
78510
4728
54447
19496
60392
13271
74680
60184
9511
37947
97955
46747
5346
90248
74153
92772
46318
12431
9629
66616
75247
32439
70064
6825
11124
6472
38155
85563
95298
29589
84078
71351
95570
74022
44374
87860
19769
9765
31703
27875
38497
62146
72430
87250
53088
82769
27149
84738
30491
21797
21524
58570
7562
32664
39589
4853
17523
22494
14242
53342
24463
40927
62523
81494
42595
15920
60196
29634
15392
97453
47144
77647
65591
83220
51986
59729
20424
42488
8583
72193
1570
69719
80550
52161
60341
63546
84353
45120
7290
7033
21782
62791
12759
60933
4702
6511
5076
71666
13989
67594
47075
87827
20629
75502
79226
93693
15242
44902
26766
43251
66428
97043
51692
1767
28007
66581
75354
34168
29491
35762
53294
62818
65371
50213
15280
62117
48069
3910
69472
86903
37206
97237
51807
68014
93557
48228
42231
26908
46466
3767
3874
41949
81017
31184
96176
79800
31891
16051
94079
80725
48441
64976
37716
53911
74267
93682
1018
43237
18239
6510
8402
38904
71980
47895
93507
27097
59946
65375
20585
51515
84078
95694
1732
81543
5678
36522
7077
99313
5435
51400
1550
32909
78669
27891
61909
24224
80355
31013
3801
3188
18243
31666
10605
99982
84535
87239
64317
58979
50399
49254
4391
85347
31560
98796
79803
90614
65666
41171
31637
64275
11473
5094
16535
56241
45742
59658
35367
95169
43224
21492
21833
34513
56634
26053
34085
94171
52415
48418
72009
47395
38127
52179
54289
83054
85498
9403
94376
28656
99585
44443
62128
19345
50711
36919
70822
31630
46455
97144
27703
18564
525
27969
5612
25648
30989
69830
29286
73293
12096
22205
6568
77075
67119
79557
22939
13786
128
72854
21547
4704
84885
89085
28299
36714
226
935
18943
100000
52062
20795
63457
53383
31444
65147
99573
36502
9394
6564
66258
72590
55876
20168
28540
61928
53142
80483
76186
51857
20954
53732
34337
11762
52544
2001
51353
72272
91703
82892
46749
28598
78028
41526
17816
29159
35587
63461
98008
44376
16003
85384
80134
68224
1184
73475
84436
27254
11550
8567
35949
17875
29901
74179
10018
7740
2285
68870
1250
65003
62002
98466
91102
16837
67507
32029
30591
11993
96551
91631
69822
70930
51521
97989
13840
44721
53916
88128
15916
98981
47858
16146
49673
10092
13494
10348
87244
26459
91341
21806
50650
63786
39890
45521
3145
17500
19631
50973
21672
31596
59772
40164
23350
36407
56093
27623
59364
58354
63644
59400
55575
59261
45509
49573
90550
22235
48666
99570
63520
70390
22469
23754
78181
94845
31064
55748
23157
56077
73216
41947
87382
98635
55365
30662
31598
4434
20462
37820
93317
30023
54794
99730
93462
8982
28635
1582
2266
33456
11411
18727
63390
73704
40315
10380
61414
54361
38047
48465
64915
33509
757
3438
62275
54374
50227
37328
71972
24415
53273
95996
41606
81882
42269
48901
13740
73832
68681
83478
85604
34090
83392
63551
29072
61431
27394
96490
97361
3349
26544
21732
48962
17441
51538
17196
34671
8173
79065
47391
68899
67057
19355
68049
64121
183
95869
80988
64428
63756
52823
30878
7515
14743
23826
46396
96044
4867
85034
73898
84306
60652
34401
25050
3415
31091
74461
65741
5781
8146
60761
84098
24795
51759
68887
4531
14505
62718
66580
51203
42213
86365
86613
41550
52973
82871
10161
94531
30255
82731
85431
56065
30972
49275
46719
42578
14380
61936
56009
7223
96126
39786
99768
4877
99508
72806
33095
26394
3707
55429
46381
62790
22699
17211
13339
51445
92573
74519
56108
22952
19393
50568
10054
10276
14985
22054
67330
55212
48416
643
71008
18699
81552
63020
27327
20408
99455
77375
14630
59271
9552
73879
57979
26091
3927
64561
92093
63770
48479
19653
26615
99660
33527
5635
74074
77601
61590
65201
17624
26207
4027
90781
69268
12896
62748
19855
18373
51745
43076
17571
80863
79650
34358
44659
10548
96596
34232
8072
48318
30522
24846
95500
20522
62350
87509
36151
27606
11020
67941
59079
97127
76225
72386
76923
7377
67493
86098
51742
28008
52343
12528
62160
30703
72088
27653
21760
67991
26813
44807
44292
25355
49716
10418
33190
88212
47150
11424
97127
33883
18275
72886
72067
69795
24128
35133
47085
85963
21351
57715
92904
77578
55667
93475
74036
36528
9054
28995
32391
33220
10587
14280
13279
82064
1486
29389
28627
58518
60782
92699
33282
12384
69821
7025
40896
12922
53564
94609
4735
25878
23718
60838
97180
93426
58799
75942
68821
31674
31591
92006
63192
46763
78917
87545
14532
18216
9554
61872
92070
56551
7044
36080
91430
4002
98586
40285
64623
67196
86525
54582
30773
43073
39012
91720
18112
70326
39885
79883
15970
35153
22695
45567
60939
63678
3134
58711
750
94293
95470
38765
40467
80737
46343
14794
34636
44054
87748
65367
99265
37981
35728
63060
71928
59841
36379
38706
90201
46095
58994
29727
90573
60464
92163
96574
97760
82689
68551
72628
71150
68890
94499
36739
52865
57262
98401
73606
4522
57905
25713
24169
31092
77583
75697
98701
69563
85502
76011
83079
70036
32378
63350
31892
89604
27206
54318
36358
90736
9322
15211
82486
62114
77997
80217
53895
3227
92926
39925
45428
42765
39054
80137
6721
49039
39832
31709
82496
67941
96526
23000
24474
22000
37444
15343
81764
43332
91821
29434
27186
94655
9133
86457
12821
6271
71401
73966
7590
72428
74187
4371
17728
90306
11412
60549
88958
90218
14835
75229
82873
42734
53504
93557
50855
61803
24375
62818
16467
38304
29162
153
28938
22375
65245
48381
11550
79219
29606
82310
49581
45164
89507
51215
87372
72640
66537
31688
70853
15690
43992
55388
36952
50162
67488
7471
99027
60194
17753
27321
65331
69997
22121
55436
80796
65804
38573
75263
35889
66674
62610
52546
33399
75492
44279
3879
9153
10828
32442
24666
85871
49256
91797
57710
24179
85892
43890
31744
6732
55054
55329
46854
51926
41883
17727
88120
21395
85239
42672
67187
81222
25613
58762
62124
42378
99246
95248
86673
48143
1067
71263
87285
14805
62918
27222
24226
77540
90967
2712
45053
58930
89797
21578
83471
96265
54142
65899
44888
69676
5380
26232
25675
59409
29822
40659
1227
80967
62124
80726
52559
8897
37345
71228
6000
6075
33460
64349
28087
33117
36413
52012
58087
74010
69677
45314
94496
12240
35151
99952
10543
57197
10370
30419
97602
7154
30433
45467
85480
16054
60626
30769
67367
39898
60925
50619
39680
89065
5348
52812
79627
88513
18201
128
41427
25235
69729
26708
1303
49815
21444
30335
90224
53051
96433
20508
28518
78557
15160
20449
62717
28771
261
52363
48117
62981
49509
26279
84401
64650
39509
84065
75602
87470
57136
40063
36223
75118
42385
82927
44505
62617
88225
67756
8416
15649
98678
33569
18672
77703
92197
35055
58782
15818
48192
84467
86259
4603
68919
83068
60254
87951
98260
67813
16877
26691
6933
47482
73873
75165
88824
57320
41120
35959
20769
13535
49565
96284
22062
36634
20498
37376
75854
85120
74570
46241
41532
84139
97979
44102
70431
17479
11515
67053
30615
71515
28632
99853
8240
22073
6638
91151
47665
80034
74531
87263
79358
8733
41551
33506
57228
84100
97439
4857
4207
13382
79325
78384
39817
65129
1121
12209
22343
95596
44089
49507
33408
95599
87517
26070
9457
38841
66621
32891
81188
756
6158
70354
66631
33314
12005
83725
16767
34000
39266
85406
21955
81083
83455
46191
18757
59693
97379
71499
74489
10673
78969
34800
50220
44630
67823
4177
9835
44928
46566
20901
5990
40968
8987
65585
12705
2538
20730
80408
61233
94917
79810
14288
44188
39917
92770
38010
13937
62606
10891
36955
98519
60829
68533
1464
813
90258
39734
24218
8121
39023
80049
49641
67186
77936
19123
42638
87022
8910
69535
30024
48320
97489
91852
38123
51602
65352
25329
28335
72254
63787
87997
13598
42801
38597
17653
81933
39188
76485
55483
82188
69165
34839
84038
4558
15497
24031
42997
90923
71832
42935
3095
11369
16231
59459
16576
78618
17733
84231
30325
23607
68369
33418
86713
5260
35940
8486
25633
50253
30756
87938
74943
42317
70363
69557
12892
25129
73800
70584
40795
55425
61040
79703
38753
45567
7202
87097
84299
17785
89497
49263
69043
96552
46582
57583
39777
72276
735
43988
74915
51752
70514
66277
76088
13665
57251
36064
59899
2492
59876
99016
30505
1791
88882
64728
94247
30769
21764
68438
8009
4906
37568
24598
73353
62426
32311
65821
35908
41443
79893
3108
6567
73266
44164
47765
89577
64121
60266
85881
60225
39662
61128
96231
61636
80658
71800
16246
54843
27788
90875
7081
43956
73808
78686
96669
50659
52229
12689
8523
87578
93552
67119
31434
98381
7898
74960
48463
93825
23770
50708
20681
22536
22620
98789
95902
54593
67728
3104
6715
86869
2826
12062
19945
95754
34599
25619
98334
87552
37845
61066
41530
25860
93766
34273
10723
56737
99848
47091
58514
69378
81105
53872
57168
54046
82096
45551
67174
75631
70120
21804
61866
58744
54455
38906
51081
47109
56754
73086
98460
20597
48990
92254
46355
15224
17596
5193
98472
62636
33784
8518
75550
37959
97308
54081
9201
67090
3851
37067
73241
35545
63134
90212
35004
60215
70410
46222
5146
39683
22220
19274
29402
11089
40778
98905
78990
53735
12954
15739
98426
40021
54146
47937
39889
89579
28117
68466
81447
93119
57874
13222
95377
88519
14647
98065
79839
61939
64024
92393
3883
6178
1402
13310
72959
74987
19218
33569
3463
45499
4328
39794
11140
95394
79493
51458
40900
65098
77627
40266
79550
11037
97697
48445
35958
27321
53648
47603
10517
67719
7746
55901
87581
62817
72118
5179
9435
34662
33385
82947
43330
99068
25761
75280
71902
16431
32443
24797
15009
42092
46980
38214
49691
60333
11242
38233
40880
99268
49370
73560
66075
63003
5248
71127
81747
18765
98355
57745
78944
55452
53466
2951
53034
93481
92399
35468
43416
26833
67891
2804
31022
26858
3985
88863
18688
7928
18920
85317
72733
42478
99678
72339
24735
76807
23702
80184
4723
10422
59480
16206
31592
16386
2764
97791
70758
22903
59345
23122
26815
76079
88132
64726
3951
90539
34748
85990
29344
52146
25876
19749
14229
13743
65509
88340
29786
16268
47909
83326
34600
58725
47085
13245
91236
65207
28135
19269
72659
61864
97399
91074
29671
40913
18281
1628
57327
71939
88735
9872
59173
41530
49529
55768
37063
82003
30291
80409
5220
88612
4015
9173
76380
75945
7818
22964
69432
75916
74337
64750
4656
41934
68823
37038
23480
72293
68993
5324
20092
4929
60676
28425
67489
86573
42731
5399
66503
34044
94867
81392
85718
96451
79117
73981
74882
69036
63027
5868
79538
94233
39668
30574
73082
58268
2189
90650
75869
18858
23705
59120
16647
35502
9582
90830
13870
79536
59669
74234
10095
59803
73067
58355
63694
22433
28076
71829
84357
36754
27771
19816
3720
67171
42918
63114
20247
41829
49052
79593
92131
68496
20542
74630
66188
21622
64816
23585
79947
25180
31888
35505
96158
59049
55296
64414
66026
18573
93348
46214
12643
91070
61651
55766
32768
8105
86227
93550
79521
52555
18702
43268
14882
87276
73158
84185
64197
88558
23624
51929
75948
44764
72251
86041
79990
99392
41582
74444
37453
40322
67148
40666
9919
84573
73770
33956
38255
59015
41314
99667
95107
23619
70883
94242
13951
68469
69617
40007
38435
89089
54629
35153
72573
45675
74435
48405
75448
23688
1860
5481
14236
32171
76213
32136
6515
45519
29681
4508
65505
54115
18568
91829
20215
57812
44591
4725
761
30472
21499
46656
49839
62553
49235
53887
53120
13025
86492
22763
2418
17046
45570
20703
92875
87993
78749
76226
79648
97339
38235
19084
69512
69122
95471
45906
58712
82235
21629
3161
81749
45943
63333
1481
79462
31774
40523
33525
66520
23352
11425
66012
42880
84805
44482
73468
67925
20724
61107
55344
17300
89700
17497
3524
31328
12660
2483
595
924
71345
61150
52809
31145
85942
46893
81280
92250
62773
60514
60
40784
5746
15183
43181
63886
36298
56269
89708
78796
17181
36128
36890
50575
24656
12516
93723
53719
43991
6422
38860
77425
43601
79366
97854
73179
7413
25510
38357
47632
1812
86467
57722
2112
79610
69749
19837
6845
8709
9420
85830
93117
20945
93799
64746
39916
17601
99071
81366
33904
53209
54003
31730
848
11457
86832
19084
96203
3086
84321
82932
68600
6178
50655
51572
49073
92929
98484
73208
59526
71079
39522
57743
51440
90157
8013
23201
81526
16862
21723
51703
2932
7544
67535
33451
59288
29026
18349
80271
17629
41720
71125
41439
55728
32480
49809
6424
75140
96256
12556
49393
38058
45828
46639
57958
11262
64207
96195
46509
82991
43084
79731
28158
87655
39674
44820
47279
84914
97659
88869
85980
8308
72673
24027
29854
35614
58510
96943
15786
29507
7187
65544
14481
17679
61000
56324
94352
56053
65177
12137
42346
97031
69420
24872
20251
92044
49215
5998
60927
23880
84126
83828
99245
38717
39438
73464
29434
73407
29062
32840
39399
16081
20198
10705
84924
87523
94077
44619
11737
53097
69448
73203
7180
33306
43536
87728
38175
42497
93444
12234
23943
40849
71069
38470
58149
4906
10755
56581
63717
28738
38735
17390
99751
78502
97145
16866
45500
61029
64001
46043
29420
35465
19791
45640
18645
47062
44859
96285
34998
79901
15096
83206
39391
42680
16419
14042
43338
84072
95272
13227
54743
17631
55091
83471
13663
4821
90774
33259
80039
81686
30832
51618
725
55879
79787
40552
45137
95438
94892
33825
47613
73315
93600
51764
19594
42227
38242
21566
20930
5284
7577
48316
1397
48834
68222
7556
51497
24276
21769
96490
6621
52975
86145
8763
88875
71502
3492
77939
72412
86930
78089
23148
29415
32264
15187
37625
70818
67013
37249
13595
17510
48941
60703
60182
17846
90443
5416
81768
26471
50046
69933
59296
81865
28023
37634
52183
66173
70724
88879
32896
33454
37384
88793
4780
66560
94301
8393
47516
38126
2352
8798
6188
16695
62360
61039
33441
26644
44764
76032
23936
61789
27694
82874
92263
33002
10518
39864
98757
94531
77790
77520
24648
17407
46522
5993
19041
48161
54093
13609
51535
45046
61769
53496
73355
76101
59689
44604
21335
99773
75832
26711
28385
46251
41761
10742
92023
43181
1085
79929
51053
10763
94205
83897
98464
68878
96352
81332
99991
59336
35225
47518
1404
82210
69486
5188
1710
7218
44928
61824
93749
16336
75073
822
75933
47709
46996
61167
81973
72634
52964
47697
58365
84372
23343
79874
84412
80855
7037
83298
49169
28109
70568
49065
16690
46673
34799
83862
44486
89357
56250
18661
56089
86523
59291
23999
609
83536
29785
31823
74567
73112
76542
95196
76624
39140
38618
4039
82560
41619
63670
33180
6252
36788
16739
41405
81979
86905
41706
98796
57058
95260
70878
42124
17427
89873
87971
43926
68347
23060
20016
8706
40341
42659
68604
54804
71346
29642
97188
65487
2751
92621
89016
41797
45303
4649
6433
82615
60175
61239
11809
65957
61370
29197
25506
99987
79533
27198
37086
64223
35240
74868
57707
64705
48031
35203
70649
16944
65265
43182
29792
19181
24872
46706
20209
28050
99624
16508
65380
49407
9385
43358
72308
25925
96263
23488
90633
83212
50040
93384
93079
68551
65462
94392
4305
62011
50067
86220
22207
47231
58652
81281
80258
31160
35832
95402
65584
22753
47435
8073
17778
56040
49756
66087
99853
32197
75252
85798
8477
38642
15923
53451
40450
98667
66479
28489
80822
17658
18800
50853
80232
53840
2152
85841
49063
81067
82428
26225
11350
72078
80201
33188
12194
22018
23292
57519
97071
14149
38182
14378
65593
83026
40290
79144
29462
23419
78302
22685
36380
13829
11788
62749
64001
40709
26210
83906
98137
97276
55733
70758
15653
61273
34334
31772
16761
85141
29237
59516
4293
48689
88583
14230
3934
2450
82124
67935
36065
72022
24334
69716
27022
46142
65608
42623
69797
58338
86449
55831
61418
99499
78366
62910
83207
39467
57761
17410
35569
33932
88257
20045
458
12697
4489
5085
27039
43442
4127
31452
28655
97484
45382
99713
44062
8982
84175
5263
83926
78563
41043
33018
27966
46218
51339
35850
5099
53968
8558
41678
37745
79146
31453
57026
12898
64069
65467
95800
66010
8445
41386
91141
21052
69509
58682
31976
7860
2712
82633
32359
94478
23416
70042
56376
22859
1599
20491
86554
51620
53133
67006
6694
74448
9694
639
35875
45281
78900
35323
56609
903
37427
16474
61289
48412
85400
3862
55371
52380
85440
12287
95790
17329
83588
42280
62084
9858
69699
75203
71331
45396
99264
44771
53890
87239
75390
45690
11902
17753
25554
33818
10416
86352
15129
9118
96402
24457
26522
52369
95274
69430
3386
14221
99687
70322
1748
28167
66827
38696
68427
56282
19525
19130
28
23256
30337
78248
9258
63649
72755
70771
27803
25956
11352
12394
4778
30290
98649
57095
72752
97298
44334
24113
22594
73352
81643
35942
27921
80741
29324
82690
52120
75479
90594
79307
84978
11873
93032
77542
74660
89005
84532
24570
44907
86077
59115
88100
84538
98770
53568
67995
36802
83481
53977
40061
70592
15990
59072
50152
55398
96370
99392
94871
37990
38110
84517
24002
91939
66616
20536
263
40183
72664
36915
35788
16914
50701
92411
28293
98607
84547
95229
53985
55894
31078
369
98542
63847
37242
98851
77877
98618
87272
81871
61215
12688
62565
36185
68922
50738
15977
38234
23562
58343
63981
29446
28743
72372
61804
72984
9639
12902
41279
46491
62661
12911
19424
82882
42226
50358
40954
72070
37576
64417
37467
13514
1943
83876
59571
45137
22394
96086
99367
68942
90002
27541
84885
46020
52802
20838
97864
20433
21047
88677
392
36371
9130
82191
44789
18044
20580
31299
81203
51647
27391
42435
71653
30979
88708
9121
89270
54273
29814
65727
51804
40078
91227
25730
69725
96292
82423
19688
71252
72912
19727
72362
80009
34109
66075
36471
52538
63790
10313
17166
76312
11285
1516
3524
56495
80295
68996
60398
16787
35783
42352
51089
95458
9190
95295
72848
75898
2380
35148
61138
23802
77639
83811
50435
28223
71718
26852
97846
27976
68295
27513
62844
1483
79416
77512
96327
53055
25062
92495
87609
84934
68950
24003
61839
41311
65366
11005
90057
30184
73947
8712
41070
88328
38789
53678
98776
98410
92588
54704
64460
44919
66652
37273
34709
57936
28310
25234
46992
57321
41117
88531
72270
75592
52213
62572
68970
61439
76271
23498
58115
34487
67562
3052
54148
20687
82731
74710
30999
10863
29137
6167
43887
49852
28765
6667
17824
91621
20960
67167
7343
11447
40916
36205
66732
6682
45179
80631
58583
51752
5364
9777
77467
12678
96117
98115
63939
11420
64293
23485
37769
49987
2875
77194
27822
29024
10296
21845
93075
53339
6719
33224
36489
43384
84368
96209
84295
76697
12195
15000
72879
75389
43802
96330
15750
83228
26346
85801
21871
10659
83493
69068
10167
85535
64017
93786
2230
73068
5808
64937
46859
97106
58941
40009
49775
85374
31376
16070
97765
51924
2810
92560
30921
87406
11337
16458
61721
4307
476
71195
89680
20158
38287
66377
85325
75622
55351
7492
29571
67799
68861
27255
18975
81499
37483
83100
50010
39424
60093
52785
78742
66715
59000
65873
41259
92682
8309
88312
7096
6066
8412
31863
86850
6615
54027
84355
23671
55374
96110
95332
21451
83843
18586
365
85113
62521
32257
13429
91426
18297
75980
25247
76248
2434
87488
97687
22285
22959
64624
4881
94432
88223
18671
92027
3913
44693
84501
7691
59484
67661
17696
34052
30084
86941
64368
75562
34638
60267
86540
89691
24286
65795
77847
92788
46298
86070
99774
76377
42265
9843
50812
52929
76186
52140
17369
20923
19873
17532
83398
62747
88676
63126
65924
3405
65048
78803
27050
98916
87246
16224
92256
5567
18428
76899
53141
32748
37141
96682
72510
78765
93080
80463
57472
64124
56564
976
45061
22149
62652
39269
7705
87081
17822
64644
8942
33339
77734
9507
83174
98862
48517
80545
3027
93769
69992
51047
26389
66596
23913
26341
1751
80811
98981
73574
78094
70247
94897
62735
34256
50947
38690
69287
34141
64346
31040
43361
81158
89217
38410
2801
12301
31017
21522
84470
36902
38971
44634
27231
30702
11517
42410
6055
6800
4410
91970
85722
87214
40418
25073
46755
52414
11539
47430
95126
91687
19083
40181
73130
33793
94463
5352
23859
99443
58306
70922
66545
22845
5885
81489
91438
74694
43310
63345
56517
14272
26028
3153
39280
91043
80413
28700
75114
47288
42942
14179
68179
52752
21895
80810
15725
15124
21068
66227
51812
11937
31044
580
13782
5262
25258
56115
61245
81122
5979
17529
23497
81681
93355
30974
8985
84888
7876
75870
42995
94241
38546
10248
71964
96891
72998
45191
94326
46618
80543
96473
5555
69276
90450
75039
48005
15724
70982
51227
42243
25686
23144
77686
35966
55993
16575
12374
46372
97991
7183
79880
8835
45353
78354
83904
99966
96213
6278
56234
92138
97289
78226
5584
77137
1692
79065
42595
83384
43277
53829
94969
45953
90748
93492
11828
3718
14673
75534
46269
70955
15700
66304
87647
53494
51166
97408
59252
14766
97504
17148
35920
56703
45931
36230
3190
56015
24912
32573
86654
13465
37495
22277
11796
55120
42691
78076
80490
93330
87393
45712
22710
77633
93305
56833
12984
14381
95393
94200
85805
5342
88883
20864
5390
12567
82753
76679
6518
27984
83085
60182
41632
25651
2701
94013
33840
36417
84912
85345
24214
7769
55925
71660
38715
15568
19766
31498
3094
76119
72601
89414
53633
88911
55519
73125
44981
58938
3359
54532
12379
2639
50168
60431
7467
38299
23453
54606
89413
47584
18122
10615
6524
50407
19417
34907
67790
92434
77906
77065
64952
27978
98855
97602
79316
41115
55755
15698
77463
72836
86
61990
53139
19630
73496
80758
82547
71023
46599
72208
69655
56385
3494
72081
41606
773
6008
14164
40975
41132
229
75992
98487
67813
18501
85728
56613
39102
83498
27555
39304
33401
17120
19437
3031
82110
48674
88013
80608
19309
54822
32596
86272
66161
76513
16034
97279
68010
79607
73838
23452
55374
99701
81599
95357
20858
28336
84619
68453
11924
93622
55849
50727
42510
22343
24159
31609
78283
56727
36929
14790
80176
80155
14059
63247
81222
91220
14630
9390
50752
95559
24014
54696
42742
69503
81810
33297
52904
37887
64279
47611
62509
20816
94697
17866
11027
80599
83885
50948
63953
17597
17451
46465
93983
6247
85636
50103
9106
66194
65112
26222
64687
85420
26309
1451
25622
50202
96390
63430
60141
50592
2233
66399
83682
74649
53064
95646
61908
45134
79454
85677
93243
15300
43487
6133
60980
50945
28896
61829
39223
15902
60066
91051
74444
5733
3663
58945
29771
75820
24762
71455
50131
21861
61561
29298
69154
68459
92626
93488
58352
97769
24688
32548
8997
53110
43077
83371
1287
40468
62118
51902
37893
86314
76450
11820
46112
58073
28318
82838
25833
1339
41717
93877
72384
26621
98334
13
77378
25720
68212
70580
13078
126
7412
75309
44704
10254
95690
19972
80140
73345
58234
6906
98828
76693
27874
6988
25285
61205
37144
56500
39843
42355
54483
30839
43084
98273
89588
78980
64845
88140
2368
63525
34193
33916
72955
42255
47487
11342
34236
70907
85458
79260
49212
77517
21606
86896
9904
86573
75042
1859
66546
32497
15157
82828
28382
33020
63991
99031
65129
3005
32111
79911
82025
62982
77336
805
63679
62663
30731
1970
63362
33090
42793
13679
24119
69553
96315
96579
69826
20501
30448
32863
14431
45567
29719
99910
10718
33764
14713
27502
29411
46427
21453
82746
34774
49431
75038
76219
33283
94875
23762
87215
13263
97207
812
36923
639
54424
93423
4331
13215
86741
77182
86548
98410
36524
23611
61350
88221
16023
97100
71241
50376
93948
49969
40525
15870
989
2108
86615
54082
59958
97113
54166
28983
83294
29023
34046
55742
44651
53133
44540
73067
21344
87581
90345
3972
11128
55511
20733
34126
4334
55864
6425
78058
89155
94835
36819
1655
29756
2804
90737
41014
67564
81996
2372
89
54199
11360
59214
36504
96778
42476
17736
99262
52098
17818
71882
68451
79911
24110
51810
28001
20868
4824
9892
75266
86299
43235
50454
41746
79126
42354
22316
71071
97249
18564
40200
39241
49619
47440
62220
9331
20374
61188
82506
72096
19643
15467
30907
23408
41900
83221
26092
81218
2134
1208
16402
77564
4391
17390
72256
47482
93246
98014
44222
98998
181
92998
10253
21496
89253
11991
34013
78703
70001
91180
29821
38404
1274
89055
52448
79082
91235
23061
47807
33895
54466
7581
25787
51112
44938
7499
50430
7176
53316
76206
51511
96391
91420
67837
47817
4127
59614
47153
958
65844
91841
45652
92454
29911
36801
34253
73736
1303
76805
76410
52457
46993
97952
29457
81335
91944
12698
83376
62048
2946
75046
12683
20281
60314
88875
15499
10209
88598
53186
28953
22406
87505
68759
50182
38994
57257
31119
80543
56355
6260
47403
41523
55071
32003
14097
2426
19498
12071
69178
78689
23604
22367
2332
92867
75109
41834
69842
66030
44957
2410
71662
67033
43430
2049
77260
43876
52400
78620
24
67364
6085
89945
56098
59835
429
39645
56516
12442
44451
87648
3194
8906
50008
47366
9842
56469
82945
25208
52956
49243
15146
33449
91727
3336
97321
31660
93530
25208
99467
72597
57261
33657
83441
53938
94246
32014
12566
60035
5364
19013
87911
40187
56214
68908
25119
63372
22513
22696
29501
50187
51035
30091
10054
78953
39146
35733
8680
51334
67256
1785
25465
27617
11770
13070
19883
48924
54142
5405
11840
88149
16207
56178
61986
61202
76029
4990
75881
45002
47365
59789
26162
57596
38151
124
20283
54788
87782
68731
55322
97250
39817
87229
49634
27109
14280
91953
67631
39001
27867
22081
92692
41527
96823
81754
11834
37983
98012
19786
71726
26698
16795
32429
12303
28254
18342
15250
58089
53631
4034
19974
8833
73218
68781
26825
96514
79779
68357
38244
93029
15211
17313
9151
60181
99170
60666
52630
5163
79918
2761
82101
11105
77479
50302
17957
28991
10498
31921
37656
33980
14485
82224
49371
30768
70179
3151
30370
91861
43977
14157
12488
54264
6837
71646
68386
69819
22062
90453
40065
47287
67833
67704
22216
92560
73791
76259
2536
31645
2180
92347
76313
51819
52173
36254
10154
1891
80544
51596
93669
26269
36118
63194
75926
85036
14530
12709
54523
18690
60661
93477
51507
48143
23442
55771
44629
26212
2392
71048
48897
357
60757
61577
76163
49395
39737
10636
5566
9501
16234
90310
18945
36636
93870
40736
95152
83421
14289
59192
90531
49874
31876
32612
27373
56235
54078
95983
48680
2300
77003
73802
42585
71378
20374
8831
48797
49589
42357
13661
20238
9568
12671
62261
29762
7635
96741
53120
22025
28329
74469
68994
85935
16848
52902
78784
80591
91208
26023
26411
28955
62651
16801
44086
3679
5919
39175
22844
81567
8398
5319
32221
66953
98607
71438
51440
9598
95080
6112
52117
94411
39809
36713
62506
87790
33078
48520
18213
59650
90035
3725
15213
77252
53437
71020
5562
77331
89620
60240
45483
79371
99514
73041
44291
65790
61804
23811
99615
393
93236
92048
17307
61309
83150
9259
39630
52691
75704
97227
67111
51979
78530
81171
17922
13143
59605
56048
86305
69153
72710
43406
9261
63221
49311
99635
50178
77852
81698
1035
5232
65312
76082
35117
84684
29686
50011
38073
90320
59161
84434
31713
62959
37251
1928
27029
68257
65831
72201
47964
94501
2974
49398
79339
89203
7743
47105
48925
66963
50184
74275
76268
98738
77811
76424
55955
71444
7095
45806
84101
79902
28135
6600
83334
71111
77129
90111
16557
99761
83675
84424
56701
83794
45552
230
2708
80983
96358
27768
32424
95362
72057
78721
39834
36060
5627
27231
58161
54178
84356
75098
69105
13152
92596
6114
12045
86485
121
6874
56505
95276
71386
2978
72369
63422
31653
30458
26119
51199
61061
40050
34994
2266
69190
98397
71718
56603
17677
93120
81770
31040
7626
35127
45975
81429
10760
64091
5401
13872
5575
70673
76256
51170
13125
4103
62591
96423
9328
81940
32432
88070
45357
23413
50973
78753
2453
30652
46103
6618
13147
65207
93623
98642
51096
43661
73337
80248
10864
58687
92915
85415
21526
8347
82090
18655
87063
38563
65823
25336
85415
14780
76674
28441
79864
43049
28039
32639
98429
60308
32236
22288
59651
90070
87184
57347
27674
25742
78222
99787
65901
65134
68784
19354
56814
33166
83858
14900
29704
76483
85095
91914
80152
21213
98532
17370
76951
92726
20178
26463
61747
38697
51765
21553
63507
48223
78945
65019
659
98497
71777
56231
81201
64610
35231
11048
67509
9030
59718
95594
98712
38689
6591
28086
15250
89458
5325
30680
25493
81921
35711
97176
58747
30102
73709
84785
35980
2737
72565
94781
25077
2042
79171
33540
98961
94686
51112
11650
39377
56421
59446
17198
39128
81287
44185
49868
71732
89782
65843
94179
48133
25474
69395
58374
82582
22697
86012
13331
90749
62067
6958
4623
47132
55628
23077
91519
73389
61430
77253
23518
43179
92272
78054
84920
49015
77879
79726
86775
54946
68543
84852
6809
24507
80586
24978
77821
29884
18286
35628
47183
37533
70700
93224
45080
52476
46118
2005
57951
68713
67815
83508
32084
89893
59479
46123
12988
75741
51433
18030
4711
4938
43015
9962
11553
82944
82697
48168
34068
59282
77470
99340
39784
86953
66449
56297
45833
11866
27004
50906
36665
24185
27041
97713
23918
41984
10518
7511
65465
6187
96854
73132
49617
84278
33860
74583
93261
66497
83409
12638
66172
58227
57266
57102
34403
46027
22451
45195
49435
17526
34034
49083
1395
9335
89069
93948
16087
23573
8910
88539
90912
254
62381
69840
90664
35801
46103
72177
30761
3206
75090
76130
72024
95955
64432
33599
36651
89627
13831
55718
80211
92671
40028
33634
84077
66059
83815
80340
36930
64051
70983
761
54457
37713
4795
8513
20164
89633
81957
61499
66212
37455
97658
46950
75525
79462
18579
64759
18252
15306
16217
79304
1216
62615
99424
52669
96004
85006
51982
3549
76601
20501
96403
99300
63921
91067
96643
73064
24094
46173
14144
78716
97420
35379
70428
29202
33624
42200
2754
45617
31424
95072
32392
11140
75620
22767
61607
93125
39610
50361
47071
19711
56396
14583
37469
48187
27768
51334
37220
43896
83974
3738
77761
98621
18249
97738
81543
3363
78585
62185
1764
37440
10773
7916
4826
13245
11716
58918
91322
54147
55765
12437
49411
95025
40827
64357
48723
50438
861
44692
78121
21339
29407
56422
4455
52024
79562
69385
18604
17450
62927
97367
23134
55870
69549
5321
78271
7837
25668
41001
51362
18225
47478
35499
93136
72996
7598
45901
35110
19320
5409
82783
18688
16794
58408
82075
99649
83465
962
627
29422
5066
11380
86643
99929
40269
12467
3523
5858
83588
21142
9753
76214
19687
61597
5180
74473
85547
51656
20162
21811
77287
69869
29752
88385
37386
64478
30259
14183
28251
53512
53223
42214
86585
12810
94763
77377
81303
89587
57500
42265
11011
84524
85918
60574
88295
92573
94476
11077
80713
4821
1221
19492
4983
88793
26568
622
17408
69555
17572
97372
3730
31767
82161
42664
19070
4243
73357
54732
79238
74349
59098
14128
94665
74178
82421
8688
1188
59483
44947
66403
72262
55671
79335
9110
60720
33197
58488
8693
24104
93824
60688
78489
49975
50543
53867
9272
62197
35149
79196
7048
69930
23147
12111
87923
36006
43674
98367
92304
47045
7526
90264
35703
88645
27198
79859
3450
78543
30719
10327
95830
40662
52207
58539
53417
91157
14596
67280
36426
82496
61556
72214
81597
19344
45008
11826
49873
11992
26012
76441
37984
12326
33549
87899
66617
31817
94309
61307
46996
34845
34026
74682
91053
19241
25173
80813
26200
51314
78599
26608
93263
82772
36115
84514
63899
33163
16663
6049
28591
87006
86220
25116
71780
58337
50196
66149
96287
71198
3240
83307
68228
6348
1256
38991
56725
97065
76306
95750
86882
47122
62777
36643
99666
68929
92936
7482
16463
8887
6785
18228
96265
484
5009
19518
87156
15402
29945
59306
65427
47555
13354
40841
49021
25126
77216
29200
97643
71470
95494
6704
90973
37236
42069
93787
35891
45583
54958
61741
21187
34149
15636
3952
99847
44168
57601
73775
71019
14891
89147
64947
37469
81318
43129
91041
73506
44822
92046
29625
62590
14130
35670
27844
26020
57563
95045
725
81167
6056
86390
62552
67510
6087
45688
10405
76596
1798
79102
35807
14585
79718
29714
23642
24701
51576
80333
16932
65231
5941
77357
37032
83891
26631
10339
68713
23665
85765
67479
13131
78291
40609
38104
57225
29712
5289
11146
43231
20277
77823
13226
75611
94644
89804
51768
24397
5947
97278
47152
6137
85800
27715
5925
32326
74896
4147
50693
12366
72876
73575
23987
84827
87250
19424
81202
82963
56808
68919
46111
99620
59294
51134
66258
85904
41936
319
33493
46647
26110
28031
98478
68604
90244
80925
6246
18121
24737
89132
26387
52956
40247
81516
35042
46908
29769
96768
12048
96008
25946
90899
22766
70629
32562
52381
99520
88652
80457
52590
22574
80395
20565
19970
38514
50674
63483
65456
74033
60374
80806
80405
51676
702
37359
13367
4537
49586
60985
64548
82687
64985
59259
62271
98772
29614
82909
72018
4756
89708
53873
96575
68369
85322
27652
68995
23090
6705
35768
75432
27119
13246
14201
94700
50252
4251
61995
99748
6133
49782
9934
66562
81378
17062
94638
81301
95657
93184
64134
54141
7894
1964
52091
96180
82981
36378
43945
88371
21617
98203
67140
19764
97939
95067
67659
79244
20369
65446
24547
76729
64361
92058
86959
1365
88441
59105
29116
21053
71726
84277
27894
54963
63189
84944
66612
12214
9695
68299
23441
13732
43995
98210
73567
53032
71674
43553
81219
74474
99367
12465
52185
80527
51897
21462
88136
21866
58639
21235
93536
50923
97818
49239
33186
49674
15407
29521
52791
4213
8930
69348
86166
83157
67524
74503
54577
39989
65944
97396
89718
61036
98874
64545
84601
47740
53103
22249
55176
37647
90652
18080
33245
75509
30027
95229
86152
98642
40623
14874
73331
85905
38380
61592
92817
2990
9542
36341
2041
14695
30818
92869
59065
1334
61104
77653
13714
21345
87497
28039
97539
83649
41360
64190
54766
40076
24807
2377
77677
52257
52684
85708
21966
71676
61078
78481
51167
68540
3741
43778
96123
21895
8762
58130
81975
48296
10313
47194
93453
14687
61300
2800
21055
59443
44478
14037
547
37528
26212
6384
42255
7765
72429
90558
99232
87008
45319
511
96494
36765
90432
56415
57233
22243
28933
95771
38939
31980
20497
47457
33601
2384
75311
25043
63268
23315
47463
21075
38033
72234
14287
61409
22767
84937
43603
28704
25508
82102
66384
3374
503
13421
20971
68852
35480
78600
43092
32894
10276
48845
38282
69606
49534
62444
48906
9837
63025
91965
38643
70222
49361
94607
69370
67215
3130
55405
51383
28694
61843
12677
30711
22220
63410
82918
90225
5787
75386
19094
71054
54544
42968
37960
62727
46848
88616
52178
83937
63365
40949
87094
43197
46606
37747
29869
89656
57725
41048
80543
73831
71869
30861
20394
67274
40202
1713
40765
81443
65377
29643
42027
60827
42527
49448
99596
63317
95419
59247
94449
11182
29824
22411
30419
67876
71417
343
42229
80215
10757
31464
86096
72871
92756
37154
560
35828
13375
87289
56406
92432
78475
30215
89742
80452
38777
95986
61094
26897
28034
17524
28069
60090
65510
58574
5758
54291
47137
33485
62484
55830
91496
60282
85899
99587
10163
98724
54074
85633
26296
26535
90138
82857
71372
74905
98128
38446
43783
84863
78001
62052
93935
2137
90131
87264
59047
18634
97580
59466
41914
86897
70432
81053
14871
97356
1494
74764
57447
75333
43659
65762
28754
84435
49032
59221
17913
55685
57038
74329
85193
68302
22488
26125
84929
10911
83441
15379
90086
78176
14478
44117
94446
52489
75847
7950
73733
39313
39786
13616
17607
7995
330
92273
22516
54557
94527
84036
89295
1448
99395
99295
19323
70082
40998
40918
49903
18935
27922
87879
91653
41140
95287
50944
68269
26961
33804
40527
29086
58452
8771
9427
65123
70743
58127
26711
1653
61135
110
54241
25533
98425
71955
68221
77251
64678
62957
69327
97230
80017
13336
69866
91960
47477
10838
1539
68809
20264
26186
3507
86639
66776
64698
11293
36798
78746
15508
84737
58618
43539
30758
99731
85859
69611
86084
23076
24393
48278
35576
87519
93271
35096
33997
87571
90974
20273
8375
757
43775
67431
35401
39013
29747
46522
36080
27720
9282
33389
54079
36445
72740
38768
68461
95407
30617
58208
6455
77510
33367
56751
7338
35582
35779
61643
51523
99765
50219
51288
74730
79505
68553
4029
58414
96587
51807
44565
46810
99336
35725
91231
31328
97610
14663
20062
18380
72106
65580
13846
27732
40401
98954
99201
62712
49966
84660
18159
77210
88544
91910
96660
53391
67440
80295
40305
16099
85164
46394
58614
40305
51284
74183
43175
78464
65691
64326
17675
17564
3509
92530
90025
70421
60445
61611
33779
34676
95946
54037
42871
63570
10114
40985
68265
48857
55229
72168
40570
41750
75193
74190
8329
20281
31504
26086
9992
8788
53382
4572
25601
57607
1719
32992
21510
57531
65888
98578
9800
49940
33577
11394
11665
47989
85219
83017
12507
66043
27339
13942
89385
95148
70455
22798
79192
7777
77644
75303
50583
72437
73259
36557
71035
48261
66400
70317
5225
69440
97763
79536
86775
85524
65941
10516
93327
61362
96672
52750
79449
74544
41464
69893
45796
89645
77430
67294
54238
87528
53779
3696
63774
25438
90836
88638
33537
23034
28719
49184
93643
10529
91067
55765
58339
96687
8555
8297
21670
92241
7109
92671
4501
39974
85682
60276
62773
41701
49742
2787
83697
35420
90503
80837
7793
2437
3155
64315
31761
29947
48607
68487
28079
7799
89901
73690
71228
77036
10545
23261
14693
5055
55844
1317
1256
36707
39230
24721
73015
58791
41209
69835
12777
35901
50754
53508
2347
56029
52983
90783
70463
16502
12149
94968
27590
19772
52434
61217
6995
69324
97672
39721
87852
5038
76487
98051
92659
39147
2131
27340
68237
75063
29987
67951
52175
6636
4929
39327
25162
88556
19190
18197
94519
78401
96003
15938
73442
18082
61274
2127
77856
33932
37776
81700
44114
87658
93711
78213
75320
46705
64154
34768
57827
68198
27774
66164
87118
40998
18791
93034
28103
33542
97693
45432
42646
20009
69388
85951
58994
64102
53407
74442
79046
80106
33695
86129
15101
3436
23960
301
58279
47029
78331
81419
71497
49971
24589
52030
25606
81169
23876
55877
24487
14534
98355
85968
25230
63673
17753
68638
13559
60724
58873
88380
43912
57069
67541
50157
70352
64920
26415
32259
63943
21803
26003
70134
84328
4560
43259
65983
22212
38785
32873
23832
63364
18129
3672
67171
89204
50934
7365
97403
74523
41921
87418
57442
85801
55297
53995
26506
73925
48135
49390
96334
24559
61763
6359
59131
14234
43804
48956
46599
40170
44647
86587
65894
79116
95197
20118
7912
51894
65772
37243
64363
59822
41098
90017
76480
87792
25215
40263
28653
3585
90596
68470
13279
15187
70767
85775
86065
94073
18479
17502
61723
8849
54189
26984
51592
46414
4028
77578
25405
43082
24840
74671
34878
35101
14440
93527
38586
93765
4091
38790
59620
28577
78187
95419
63582
50108
50495
76600
32837
28926
76450
16254
74759
70495
90656
34793
57614
81287
2774
49912
36520
10945
14784
21227
20432
85961
14588
75744
17692
33081
47784
33213
87738
84072
29296
36897
53126
99029
2221
55982
12382
20224
53188
66957
82262
65211
65396
34943
63377
7671
11984
49503
36437
75966
28513
81457
48263
73896
97150
71336
81608
19319
77876
93681
10094
55292
24791
20475
1466
26213
42496
66592
37654
36288
43531
4337
43900
57785
36403
58835
55565
66186
74392
92979
56354
72549
58997
96087
35495
27869
76593
72307
76864
15149
21461
89705
51449
81440
52501
80847
77345
87712
84999
70184
30526
86581
36760
26994
30616
7698
37020
14592
47273
11214
52893
15759
53615
99390
46030
82593
31164
87199
18642
61949
55208
82058
5268
25077
71169
12019
13226
84324
90153
26768
71221
2034
1487
59454
33774
6354
6810
24189
97207
45147
23687
63442
33934
3415
94945
59800
47217
91495
46581
77755
82297
53627
3980
23702
52707
22167
74356
77016
43754
41530
9788
50358
57653
6929
63057
59236
22901
71640
10050
47829
69177
37014
96309
8777
60259
82516
91206
42905
31732
87867
28153
93522
42767
39942
44123
89394
46889
54625
99073
85893
47762
21012
92105
2689
84668
91815
46970
76976
90035
19178
80010
62796
66262
97595
6497
36555
13253
21097
1547
86054
79926
12168
84989
14411
39462
84898
46656
88208
46346
14520
74230
72082
61112
14980
23253
47127
71531
8168
72570
16347
40362
87580
16530
13870
27281
89305
40434
70534
97605
9529
7213
53796
52024
11853
24090
1225
44421
74731
83935
90091
56880
98240
50767
97517
14818
33088
833
8721
29174
75025
99715
70837
40382
97873
16291
62872
15257
26668
9624
3497
20865
80876
80622
66933
94303
38733
88425
47707
86678
40158
52122
30933
69458
26792
49956
93315
33078
34537
50090
7245
3493
19816
58676
77388
61867
99499
31265
93579
40809
19823
84955
66417
19867
69528
36839
41255
65755
83062
69471
13801
5447
24917
69582
84464
33140
87073
77563
97812
98786
80214
25833
16030
26599
33951
9769
86230
87212
13677
88830
75766
19143
74900
39339
81533
31936
48826
36447
92259
9988
10340
2320
28135
68424
76620
54160
57139
58133
83874
53346
41224
60606
22761
71037
59636
20934
7042
11575
36383
74226
82961
16686
84082
56433
89218
29169
45353
26185
55238
94579
50701
52107
62454
15650
32710
85556
79943
64602
45758
37473
26471
87161
69342
81330
65348
13796
76520
10213
10944
62324
82686
43478
65165
58383
47579
45083
68985
27229
13382
84416
77328
59416
5667
94627
80725
96201
65352
37861
38091
87200
3340
95363
31537
34322
32467
9192
37768
30656
60997
12716
26292
98088
47189
15194
93222
56143
30856
66256
18697
70907
11989
43287
94492
49656
52947
22728
36103
30641
35470
85285
84745
28420
65718
17692
29940
19509
42629
11237
44932
2670
74041
2111
57134
93399
70807
96727
14263
16282
70429
75372
34133
67447
15614
13822
19718
27032
19241
50939
12152
68338
19654
84764
64535
69208
95667
98084
65190
41316
21103
12316
96657
58284
44488
54140
68851
25851
80677
92678
9093
75844
5597
63480
63473
22361
4385
95812
21710
31846
53680
41420
11627
18061
23226
92344
90244
95566
68393
65478
90379
65001
82662
73995
32089
87737
14341
9617
84819
13722
474
17948
99825
62180
61184
66866
36173
92692
77226
12377
57968
89473
82353
85808
4521
55482
34495
26797
43262
90009
74413
82959
15875
45448
39596
71394
83436
41283
78881
33169
55391
29654
82844
50923
48894
4724
51086
8445
38119
16720
49358
46877
88845
31305
42068
91427
84694
99732
71098
37774
95682
14697
36813
69060
71059
69157
14550
96177
5575
51900
58194
52731
1641
31172
82725
31815
388
9568
50089
30021
73698
9113
72172
36996
53891
57047
8452
36304
35680
6194
10748
34844
94267
42802
53919
83908
14479
44756
3662
7036
91824
4474
45618
61436
14565
5725
60481
94646
9935
82645
36517
35131
10360
19213
28785
62027
61014
32540
38980
88278
99755
55952
35287
26618
26414
8647
22845
51608
659
5660
72934
49392
39589
22256
80374
59122
84826
43308
88498
50615
81255
60753
25332
66233
54160
3248
67416
38164
91781
23966
94004
34483
19166
63787
85592
84341
44845
24868
88083
72191
10638
91795
15527
54958
74366
65264
12173
59250
27185
84433
78051
25250
4832
79077
16476
30252
73320
77685
77277
7579
13917
68526
65640
23560
42100
25134
71329
84758
58668
73457
88342
39786
12221
35578
51658
17203
21417
95906
80089
9922
26418
67085
78037
6849
49942
93871
39335
70629
55116
7722
22142
31944
66241
59338
95411
63628
28848
19277
31007
66052
99054
97196
45324
25433
42027
98358
41215
25294
67593
58901
17594
57026
77430
88012
73960
4344
85835
43455
71143
6480
75881
34780
79162
37875
41604
18470
86235
11232
21040
12216
65713
76308
85507
12798
33832
59389
78577
95360
88581
67088
6239
15614
27936
54974
65724
81463
63717
68040
46253
35129
3584
49930
23854
23742
51373
52440
34938
4048
79601
28963
19102
98579
10922
95532
908
86177
27042
39012
96447
75980
62060
3446
71233
74145
39146
48708
82134
28397
40244
85273
53258
71250
92312
53791
68867
53412
25615
19941
2279
25843
64397
23654
9548
78299
94137
9095
79624
58320
33830
6926
97251
93732
39806
71223
684
51425
86895
11601
55905
74004
21402
59876
80505
91078
55329
71576
7404
6037
69779
1441
83808
21592
80464
22956
73369
94531
34819
28993
51028
30185
14896
50512
52324
44073
13194
20968
55418
46610
9825
76305
52933
82555
58717
83842
25170
3596
44774
56039
14899
41120
93115
85255
11332
76004
23878
82162
87273
54703
52446
91185
72860
81620
32742
11512
2502
74804
26642
35650
47484
69217
80870
37798
68737
30212
60360
87098
16314
31550
92980
4127
87101
21799
28176
70593
2825
69922
83586
21620
11286
29117
95323
98341
4765
38930
73217
12808
15639
98723
76436
93959
22374
66266
23505
37907
55249
40039
26305
14250
24191
48419
85645
52325
13130
43697
48268
24228
27738
94672
30995
35981
95058
3039
44612
29609
67875
57393
69991
53063
90627
7359
70614
6102
44307
54636
82981
44420
94062
4940
25169
83300
71200
26038
1675
6666
42905
18625
86759
14561
57108
62893
33311
88765
50220
62486
83395
69257
75769
92178
53091
79123
96329
96616
26709
73570
67348
60023
10857
89244
73135
12745
81713
925
75431
80314
71010
71926
35167
62109
29901
5019
57980
87026
63506
87150
84032
97588
27369
83598
48048
4818
50360
43560
66312
5939
93219
384
84194
67671
75905
19588
13117
97379
99417
71027
73916
2665
59372
93682
37118
76728
27154
6225
79856
71361
20448
82609
64527
54821
72515
69451
84900
82117
10245
82495
86653
65438
19804
73923
37489
30834
83731
92020
36857
6914
21450
6708
61381
2615
62336
64979
96535
65112
3583
61508
23668
55609
9277
1510
15134
92513
72654
9610
31331
58971
25829
6302
57988
57825
87884
24810
37871
14307
13715
59972
37172
1511
58213
41992
46713
97168
96872
59390
52207
41158
43266
91387
15642
46822
86470
92174
76544
74190
21655
28955
11806
72532
5168
25692
37863
60676
55751
21290
73898
64810
23612
54106
41500
71672
42714
47814
5200
19579
64893
64684
5160
15059
59581
3761
38300
72169
47371
28306
20535
34714
59246
4535
48433
44111
12148
18283
24052
20012
43328
66929
52460
97124
12343
65459
36463
51420
43272
59523
95471
5511
18656
63111
43669
4411
73787
53481
78141
73378
44768
189
95152
26326
97796
33219
83980
24636
21924
26646
90572
37256
36370
33503
27298
27481
91615
41069
20633
63026
87718
98290
73409
93574
97247
57597
6347
35724
26130
97412
49396
60404
63001
11372
57432
10339
28005
35616
78611
91244
70353
90861
50258
73348
45180
2817
63369
29016
84350
16262
12291
84171
15275
42374
82720
83061
65726
67512
23625
73112
94444
83677
12267
29907
94132
74757
3942
51511
55406
85102
72342
89119
34112
72337
31282
93120
928
37040
73352
10904
72227
70815
48752
47280
94072
6781
98088
36469
11892
4422
65168
44195
53936
45661
51279
58398
1603
34775
7306
14701
58260
9834
50951
28352
11352
46158
70337
8620
58670
9926
89157
94027
89079
648
88903
42930
49846
21787
37960
62313
42747
78835
85596
13593
16831
63220
30324
81078
94084
36309
45762
20354
63045
13984
95519
58698
97492
63176
58406
6013
15852
70566
30836
73229
13537
97571
12846
29542
3183
45211
52544
81461
41686
38335
45496
26069
50863
66516
28736
51139
50851
24337
49170
37970
88874
65864
72019
34614
2071
54264
90897
27955
32564
61702
54336
28272
66164
28910
86752
36336
30704
31369
96821
95284
23860
78986
55991
42490
92802
78572
36055
51007
81150
84386
99023
99608
48888
56091
88534
8084
17818
73033
96254
57408
77787
90618
18442
82407
3393
70467
43846
63468
43972
5342
11813
35187
58217
78295
41847
22107
19858
66819
24678
31567
80100
34890
79528
21952
53929
110
26488
21714
18731
48107
10699
75309
68830
90044
48389
20101
4883
24388
72411
65106
13372
58444
31756
62667
77976
91905
20889
40112
7695
40202
95417
2200
54257
14666
42904
48607
38651
43239
14523
18587
60608
31974
598
99383
18400
52611
10474
2551
65362
190
27855
83533
54436
4645
25825
99549
42755
1789
49681
67182
54876
716
80753
98779
16784
92042
11140
50088
53386
74185
32534
37808
35185
13159
64776
50330
16692
37369
4830
16565
30584
90126
85159
38800
2702
15961
32823
69035
66953
67405
67773
70722
59968
24241
92936
36233
99057
3613
99976
15203
81141
42088
50144
25381
91220
56389
8410
11151
94191
90092
74937
78741
71415
78454
80878
83202
29741
10516
74708
56782
50501
9361
57709
85431
62323
44523
10666
69315
29691
53818
93411
40375
89808
2168
28020
1861
63670
6399
25598
87333
3771
30675
87928
4177
94354
80583
22588
42322
12437
84608
84537
28532
45322
82919
47444
79059
55310
32457
20869
34036
47873
71162
73626
46574
50711
67589
41246
33388
77582
72694
6822
94218
15689
34781
17133
61965
16234
12953
16751
35109
86458
82253
2557
82669
22998
56387
69614
59364
91664
34007
23234
11237
78200
24109
98569
43049
495
26024
74843
23729
47621
23954
62105
43764
55631
51545
70415
49143
30714
19053
4063
19459
29103
65821
17038
47481
55171
53237
71526
50332
18274
39421
74435
1023
5434
36983
61485
14103
78616
55974
79158
38930
66186
56524
54680
20255
12208
36363
32547
49823
63260
45084
77414
2554
28481
78527
97358
51619
96942
34410
12047
53835
42989
84083
17562
501
69636
11197
45420
49282
59783
24726
36229
32362
47677
34266
98300
94928
21714
47245
72833
10566
78794
12215
12207
24736
50721
17105
33092
67940
77651
51926
56191
5127
35629
2923
52764
20941
54949
45564
78150
42396
7315
31376
57590
49581
80180
81639
74152
54012
62650
19947
25946
23149
85521
82620
34736
39599
12129
34410
83547
27954
51796
1443
77959
28224
52025
80519
73502
35290
21292
65033
61475
9649
40337
77799
35813
75600
4672
95572
41120
64352
65103
60541
45510
58597
28577
88887
51790
61446
1300
62233
57146
64925
37476
49524
75321
50421
10266
59143
7312
79192
96104
96980
21606
91830
96821
35250
27708
35387
12051
43828
61910
58497
78672
69781
88557
69521
15917
81779
32547
53567
39088
11074
99109
66870
17884
41374
10660
21609
22250
17320
80582
11050
72383
73625
25986
82063
43861
99271
15564
5047
9895
83149
26362
81019
13510
11483
19029
76888
41552
2945
69729
13448
42258
27499
19591
55865
31992
62703
5604
46211
53534
13519
39037
68637
661
25903
98430
54256
17906
68051
57156
43321
45661
2900
92410
29656
5400
32960
63604
11206
20663
19145
56054
97024
7598
5488
29834
3878
39833
62679
94680
63464
35559
14903
61348
28986
6463
32207
12733
2366
21918
28405
33720
30934
27062
24744
70346
33640
35633
66278
95486
8292
5328
27794
4263
41201
94804
35649
5185
45357
98249
31561
52200
91849
22478
87689
9406
88775
14957
62220
53783
93040
93185
14132
95710
40653
10201
64871
63804
86191
60239
45138
6477
80773
55540
44455
31511
1510
47415
57436
10996
28117
78348
29029
64218
82078
51079
76617
53629
31420
25430
65306
37750
99804
95983
96934
43122
16302
6440
99514
56251
65061
83814
60549
6996
54802
40641
54517
57815
41620
80492
89683
93444
87848
74979
24997
49342
81516
86424
89120
69922
55797
23827
75978
15530
79996
66550
25740
76044
68718
26554
96024
12732
64804
16400
89230
43122
46326
64569
67575
6755
34406
63838
57675
39810
52052
2025
57162
38513
53750
16819
47495
21093
32359
92797
35458
41084
25114
24909
76449
70962
41393
67706
86173
78308
84664
54984
68926
68125
12008
62931
13357
2888
14746
63680
5016
48962
955
17370
12975
26092
61237
89521
41333
45149
51551
93330
44669
95269
19021
35982
19311
3250
25422
84390
88940
93704
64120
66341
72197
14357
56482
76289
49362
8760
72494
58909
58306
15261
81397
7448
23109
68919
91314
4723
76729
23853
37798
52262
44974
54712
19687
99584
42118
66193
71832
22973
36015
36815
22526
85367
39113
22755
39664
54034
64011
70260
73681
5168
76869
60169
76443
29875
99876
97758
56909
16388
13943
56893
31951
33173
69874
18674
56575
96811
72506
56111
84669
37665
8112
47288
17277
8081
39513
60896
18930
53521
31485
39305
19421
12760
9993
80488
36566
58288
793
8282
41058
84908
54790
24092
82060
88834
78615
15958
15177
98400
34757
83524
38759
96506
11831
17839
54240
41182
63680
50747
62401
29559
66165
93781
23716
95571
41957
57570
58071
24676
26110
65482
99749
61941
93607
5250
84522
71216
66411
94771
53121
84137
12677
70686
24081
3756
50363
54578
21309
12511
36976
55491
90376
95280
43290
93226
59845
69703
9216
88965
15934
29956
14325
58431
40928
86670
18523
93833
81431
22249
70144
57000
87285
192
1702
54660
83409
9119
96669
801
80842
16864
9746
82252
16385
92473
82447
45552
43418
34446
19210
43658
84331
50342
4885
34582
31126
4506
45378
87234
87023
64985
31771
30161
78688
36722
21384
63764
14111
77432
12427
48900
55508
75960
19142
17881
5388
64203
75872
50450
40771
31260
71908
88582
17829
66395
76466
74308
14178
45806
2797
43882
79228
61987
73468
41294
77178
34639
91416
31731
42606
11038
8410
33269
15074
45320
94960
77034
28690
59438
1397
17689
32315
27206
16105
33012
70329
70987
23393
26284
70779
82536
24558
39406
79989
19052
95745
53571
33192
36486
7505
78517
95895
34302
60111
40941
54860
86458
85570
81684
96194
5354
29460
56367
80941
75667
12757
75386
18013
30294
45872
53362
80111
47536
61928
19417
57731
25311
74675
37332
60950
5277
4079
12204
62961
32822
50349
54029
42501
86554
74478
90632
50984
99849
11372
45770
78473
83153
43391
25801
62307
96301
79383
55402
74185
18516
34548
12102
96881
45024
20540
53281
4462
49979
30968
26102
14396
58779
8282
64830
57968
50140
94346
97878
29727
60181
61554
98140
41549
37586
58739
93510
74892
30048
77788
48322
50822
48031
98710
99774
47358
41315
60968
83460
7421
80816
60287
24800
11601
10279
55661
57737
76738
94912
80539
88100
23739
95881
9248
9025
78704
73504
22634
71999
61732
68331
41855
57633
93252
78567
94768
57087
15810
49281
71780
31888
68162
72779
96925
31539
45693
70285
73532
91097
37647
4108
83091
78607
66459
66149
90159
43917
62700
27358
79996
47806
80926
86983
14434
2544
32514
18660
63074
69815
85711
97923
50152
88908
34745
21609
91917
49895
64315
65228
39079
35345
60994
4991
74056
70106
59350
86023
50639
13119
99147
70479
2312
99146
95519
16806
27928
47128
23054
70346
2940
42490
84545
59075
26665
71250
80424
83836
59637
39241
40
86061
15482
80443
6
50978
72069
23086
71835
1998
44387
62927
16781
24912
7692
89539
79172
21213
88816
7858
62606
90091
86372
92057
40599
1790
10694
92475
21812
26202
58989
23145
23309
45046
33072
99275
23243
59476
32455
86841
84104
69109
27508
17212
77757
74134
33432
43395
37015
8145
33706
35290
30452
46626
38440
95515
81268
93552
85349
20890
86737
54561
94010
69442
20876
67085
19149
17851
36642
67216
84961
76012
53764
96811
39976
32853
78946
22238
46956
64482
76811
94510
16716
49670
26937
16541
77322
87747
69191
38822
22297
45107
4376
29850
78406
94931
24225
67319
54456
17831
40863
59881
49194
92641
44266
89934
71355
45703
9128
26401
15232
70191
70077
52811
76330
31455
69172
10104
89936
43728
25599
79526
34444
70028
31616
3405
3089
38040
79995
24859
50681
10207
57730
9586
81823
9808
56917
10531
58161
48078
30407
82862
9378
14978
76100
75460
47195
84411
85072
31256
21343
64125
44230
85083
64420
4720
37738
92037
28740
76456
14243
80137
13998
46212
3073
12833
93323
14789
43759
61957
99191
21684
12283
48731
70851
81999
10709
31557
88193
56987
24420
43225
88712
45165
46752
90342
32789
85521
77162
13432
40714
61255
33217
9268
4601
10260
8924
54667
46367
47677
48715
70620
21891
63202
1738
27214
87901
4033
76886
6035
54613
5149
28285
4426
15287
81300
53366
32321
98267
36044
86093
63589
1799
36380
98153
25862
54741
86334
79895
19892
14770
10005
58388
38740
35170
26264
23860
62373
9489
91854
36026
89810
86039
72408
79549
47909
13378
58280
49401
63667
18191
90540
27278
87249
33201
82749
56619
63609
59168
46328
6767
60502
42364
89195
76242
70003
27146
36705
31518
72502
82477
28364
75915
22736
52092
93615
76166
96619
69633
33317
41252
85459
97285
58519
58680
38651
66508
23971
19157
56962
52142
97105
55600
52811
9814
88330
25443
9363
92584
133
72241
35702
60461
8544
85739
72659
41302
70304
91046
61084
5412
69888
22587
33916
69417
82128
91387
30592
40968
89586
77610
26720
45316
7420
71903
62755
85842
1502
20562
28958
46044
22274
88289
7609
35381
56373
11212
10363
25648
27341
57953
93242
49322
58984
38
89716
18430
5396
80438
29362
17639
45893
52408
43880
57258
13135
10164
40230
67294
57687
11056
15020
20685
59318
79895
61643
45266
20188
91201
90101
39986
60156
95138
37101
20447
61570
89828
10295
50573
57061
58535
9057
2134
83320
25307
3193
33106
13630
50048
77141
75741
63286
23954
12040
23097
18774
64040
71668
43274
80008
1638
68870
35512
18374
49121
76382
59418
12768
84181
77921
16102
65284
89331
41214
18383
35944
78602
26425
74943
67813
63883
45526
77446
59804
5163
15157
53511
92970
49794
75951
46435
36998
77333
44886
78093
53368
12267
51503
31981
45119
43312
14904
87869
57083
42989
79398
14176
30763
40854
86863
85022
90543
68149
92886
83263
64377
74777
98694
35734
20521
10877
83923
25847
76385
81409
2371
61566
6335
67679
84411
83596
84884
69817
70565
33518
32121
71908
15714
61220
7855
67042
31319
10845
39039
53767
17364
14390
9686
65428
99675
33591
4822
40351
15437
37453
33397
46710
59364
98793
14390
14426
30310
39773
97503
20231
36122
44235
48417
87029
97063
35314
57772
34936
68840
82122
1273
82258
45221
44888
67496
64021
95914
97775
31795
64383
81714
59806
35690
66630
60869
59794
25969
30282
15792
63841
38432
41963
99502
41273
35447
82466
3422
26332
13060
9353
93036
34444
15721
53173
53194
20876
84104
47574
70922
74171
60562
60031
83317
13584
42733
97005
69282
37320
38909
47943
7934
94294
88421
51849
90144
37802
83987
23740
88922
89047
65761
58815
22914
46649
2711
99296
30106
35302
43490
35175
5715
50621
96859
68880
89893
36631
50269
91436
72629
2430
9565
88563
35421
25132
10544
43778
32340
29916
88469
72089
7833
82710
92420
39014
84957
86474
99089
66925
20335
73609
93671
79413
87728
18028
1656
78153
79662
35854
21510
17595
76191
45524
32644
28591
626
3368
67716
79368
99281
94729
46150
92416
77229
95620
62816
79704
13290
53075
56874
10809
51732
75510
54230
70267
2722
95497
83258
12801
88307
39640
52114
14233
35158
70030
95479
43106
88878
76993
61967
75334
50989
55636
41859
35066
74711
783
17104
11395
84182
43337
5648
27288
61350
96704
25702
61718
52362
57368
80112
49850
66387
20496
11514
24578
78170
21676
59589
56614
7300
72526
62262
82987
35016
34965
7846
63494
92844
75274
3643
47285
15603
70911
23342
24447
41584
76745
43986
58858
49689
70344
30369
82769
85501
95968
600
45304
44368
24170
14581
9223
73035
5419
13013
10875
39600
17684
64368
22409
88280
65008
86436
47471
28703
5420
87833
8951
47514
45301
23778
94783
40398
80883
18119
83864
78507
54457
20773
87472
90735
52781
56214
88914
26104
42538
51894
62201
67449
34367
42394
20596
28952
50356
32943
50451
3297
37384
56514
92039
30113
90017
43007
12588
77558
61874
47717
8792
52908
22321
97991
41908
45743
73542
58631
34418
29702
24648
27470
27476
75717
7571
84831
47465
89331
85525
52027
51867
44934
81931
78451
2153
66823
82647
59644
30545
56834
64679
93411
18144
66113
72829
92243
80205
40364
42439
60744
62876
823
97703
29855
27877
63987
34802
30244
90743
60554
38242
99008
67686
17371
64525
9076
65128
91149
61764
96196
32908
35030
57102
44185
14034
76849
2991
8531
19828
75219
83195
31919
85565
95408
62880
33274
72328
59051
4266
93122
35678
4884
68847
78643
83641
77306
60975
17111
62169
50391
16546
36043
63192
97532
72988
84736
65433
98648
97016
73719
36702
24422
29356
49028
68937
66574
11183
5745
15761
66197
95110
30419
48275
51836
78885
73483
34396
20768
23471
47193
83319
7674
39426
69637
98034
41041
1268
49050
31201
8793
31368
36563
31054
84871
73430
81412
19587
40999
70925
83018
83726
89234
41048
19521
58642
50919
92121
28096
4642
40692
76680
92221
97348
15883
79067
76143
54730
53220
26298
2148
74293
96405
59361
49137
1522
18905
54950
77418
62606
36842
15247
50490
22768
37652
5199
10881
39633
1181
31711
1401
78078
39171
53963
6489
98656
73362
41708
33603
30568
73660
79058
37654
5274
74408
50557
594
78367
29095
6521
44672
28600
67919
25837
26013
27967
64386
21538
16399
35906
20392
80439
48634
44027
34214
16281
29608
61127
30820
39446
81320
65584
26919
6045
60648
96718
24855
80846
57990
26183
58298
89282
69772
21091
49460
87860
16936
7631
37165
34390
17251
44669
61120
77037
33159
52744
92111
20674
26799
8926
3374
1623
10756
22381
38481
9475
70680
34498
34291
61064
29576
64850
71005
75908
12575
79577
40446
18892
50877
4242
80233
86891
41434
4685
29048
9028
61095
29166
61082
98339
98365
61766
83741
86407
60197
3767
67067
29951
97808
79085
44244
75445
73437
72741
88919
74169
51602
46444
38875
49844
47270
61071
91732
18828
21894
11740
78847
63050
76995
32121
8927
26888
39399
49830
44197
89905
84201
69235
48994
37604
54452
12434
88537
71045
59849
1566
84659
83806
72504
7394
68402
16619
92022
76002
92607
13037
49246
32892
2648
33391
43831
97644
70467
71070
15440
15504
51220
34322
10767
94614
60849
19690
95845
38706
5815
56948
5778
15222
97190
79197
61293
81159
38214
45687
37694
47612
65893
96254
42330
52297
44026
73876
36262
37101
50625
3984
56406
23969
75534
12330
78692
74015
49522
21341
41756
87517
7198
60498
3039
2391
10453
22790
16876
87106
59307
86787
54008
43724
46334
32457
61606
7851
61005
22416
59851
96537
34255
22870
81509
55426
27306
70612
25335
56064
86552
10409
95564
90499
24435
90760
78884
48633
30514
63417
5068
29161
96613
39386
59274
31952
51136
19571
73615
62493
73635
25914
76452
54014
57778
40339
27732
26562
77682
13492
95151
77108
65269
9119
85936
63513
88578
12840
10015
89817
37805
40817
84181
47993
91581
92464
25523
22575
13864
76137
90547
18705
64728
87076
49429
46731
13209
89032
8086
68978
35420
52481
18763
10994
90055
17096
17220
77794
58095
59916
54867
73228
38594
86902
52628
56032
33146
84865
21439
17968
56387
75276
60315
30384
94182
92462
33914
96245
67569
85848
9244
89355
55724
85426
9843
58723
93
70230
36457
34716
13300
92006
32563
70736
30309
57717
91079
37203
28372
70581
23473
21105
46312
40910
22569
51920
59216
47796
2308
85996
17985
60508
88168
70783
57688
43199
56340
61024
33359
58852
67515
23013
67770
9049
46433
34726
81934
62339
10056
41591
17808
21009
3086
98189
99518
72953
90026
69582
48636
41475
72982
42396
26092
96984
46840
7835
26009
18897
95340
45353
34987
42701
51031
33521
22129
6820
29138
825
82187
53325
43736
57211
58189
1159
46868
67864
21364
94589
61445
12641
3625
90920
54426
44093
34155
12372
95447
56423
70542
73125
13569
59657
41010
61649
8412
45547
17392
7861
66745
25341
17010
8918
79923
94587
58149
87528
62958
84494
88402
91745
57952
86962
39207
92625
31387
8396
12158
90177
53856
54573
86433
70751
16178
28233
20376
10574
26264
57516
93833
52551
64547
58988
30636
76970
14343
57915
28786
27422
94165
79242
48698
82256
33918
55402
29269
93244
80723
78373
88114
341
37648
91818
89833
99310
18419
15400
29734
22673
69369
7980
61694
98251
6244
21249
73735
16945
64258
60760
39326
73618
4109
25164
79851
31765
47024
96430
76913
99994
21330
95383
12828
90605
4542
31038
80162
56454
49327
64448
77363
80761
65627
7280
57074
89126
13661
9757
96771
18902
48097
45166
44816
80312
87195
98119
90345
14137
77463
14177
81991
28369
65728
57981
81474
44234
99174
5206
77049
92858
57113
92740
95599
12561
54983
72569
74157
81524
12520
70452
67865
66699
30246
64847
57185
67846
86489
90066
56154
7318
63265
77945
85656
18734
74501
63748
35230
18482
75810
7061
24624
47075
89833
59929
36092
6357
61144
25206
35246
94937
10719
22450
44176
36142
51439
96022
33994
9755
54326
58689
83280
88409
10259
74132
82750
46773
5997
12574
98813
7756
7320
6628
79635
5387
44797
28396
63112
2693
10884
31740
4660
99082
2429
64446
21276
88118
54282
67606
31108
81215
51957
89280
35457
4371
48279
78657
74579
99614
78440
2899
14565
18773
39600
95687
44430
61792
63043
7652
53278
13121
68152
17614
33593
60719
30803
53144
65009
8028
84605
11454
89833
39501
29080
65408
24389
14448
52046
74732
71403
46143
53614
76799
78581
58797
99270
70667
44149
29878
43813
79878
7342
15874
89658
24567
9737
8005
23988
21689
46902
36675
84887
76314
16321
97735
55535
87658
28946
55658
81278
6869
1994
60464
6234
93493
76597
74996
70387
17287
61327
3877
54759
5340
10522
77683
53442
54912
127
87462
45722
57559
26296
563
62765
67329
74542
37251
16923
95656
16822
81799
89077
78476
56619
31093
12845
34785
68821
60103
57648
78110
29000
50473
910
98963
72996
14327
76468
81079
63266
12167
83863
70759
38278
46770
15937
32223
97136
60586
71101
86400
56772
66254
13807
18621
85553
66099
91220
87387
71728
70258
44499
35240
41283
77457
56335
10023
56655
65675
84728
13765
40594
69660
1622
77911
47932
58722
53817
26586
87136
44110
77723
22968
93615
43241
58101
77788
22150
21865
98730
60619
51936
53987
48068
2069
82740
84801
95715
19368
79831
50164
23395
60575
89052
36500
95260
20317
26199
44870
34330
1176
42780
14965
95930
8953
59040
91752
21903
47482
16611
65907
13035
56645
34040
47318
3800
2820
34509
30798
58883
59469
30710
33384
74181
45917
79028
43574
4487
50383
33347
5348
61245
76937
67664
37856
51779
80018
57335
20967
90881
66178
59303
55301
88325
5028
36457
66966
63130
93392
68106
22813
19570
15985
46198
1515
87098
61676
79458
91680
96758
76933
97745
4403
67502
94246
99053
27455
83050
28028
98007
42140
91587
97385
48892
61525
70782
39763
74443
36876
85023
91563
36584
27701
74192
76918
26671
86123
40333
53468
12987
90807
59488
23419
35516
77651
99671
15459
21228
99739
44368
52799
28256
41389
36657
37262
24611
65959
68389
6981
95916
44346
11266
37772
8231
84785
80820
63952
23934
31743
18250
45362
38115
7376
9288
181
48524
97645
60897
38116
95563
16648
50951
20909
65699
18536
82924
11024
32387
23979
78377
55130
15018
17426
41746
87072
44403
13616
64001
89648
21060
2928
70121
8988
67142
74762
60310
95690
88791
12784
44567
8545
32139
54512
13051
78633
6996
67895
69944
10336
74907
40825
54917
70872
35589
32180
9948
79310
37263
88611
31414
45928
58003
23674
39751
5740
22869
69286
60855
7352
83433
99061
32543
96553
55897
85339
30722
67871
9119
75852
22274
89289
63880
96585
69484
76379
43219
69075
31504
11788
79110
82435
79054
2235
15466
3539
54223
81221
78621
85184
74108
78019
14218
34829
97877
29358
52881
41789
12904
60935
42522
25670
32160
47458
74922
75064
2940
15397
84337
98254
19580
64772
50289
41295
88032
67334
1176
60726
96899
12391
63176
88569
51450
62441
20052
33309
55539
62160
74600
46258
48409
98954
10288
76616
46236
30927
84614
48777
51941
18789
54394
22924
23164
50728
84657
45127
97773
24340
2523
45776
71514
26992
56199
36706
4640
42037
18928
50918
67548
51057
20191
18094
88172
35622
122
35665
62023
96066
22080
55193
89594
954
4342
62391
7680
31850
71995
63682
29663
97177
8656
94506
25240
2087
45989
60288
51949
63058
35739
57760
38890
79392
1360
64059
42235
84138
72554
85066
23255
14585
91574
59872
55244
33803
16764
78768
32037
61180
71078
52829
44500
58994
34348
40214
23131
8835
28943
18327
52823
52345
90568
41703
11513
13569
65533
75628
20818
57480
17679
26346
98635
84244
21342
64497
7246
86178
32052
53426
59014
36743
83825
14984
41495
9924
25766
89850
9385
82952
7913
60933
68081
6768
51798
31502
17469
11841
21087
14778
16330
82868
39149
93379
55346
62085
53158
56849
52564
60066
59846
50521
79962
78850
98125
71685
61468
23587
33793
99590
74533
88975
35049
82181
23488
52255
8944
49258
58081
68181
40714
13222
44642
79936
65671
8388
89558
78449
43457
30773
72053
45076
89891
43244
99480
19302
53957
82630
23869
64710
92648
40434
23663
72309
2438
94659
54796
53083
45749
86882
21915
9276
70972
17844
93551
30732
733
77229
13835
45408
64813
14501
17528
96039
7737
56004
26681
94316
25989
89703
91060
65529
28580
6308
98943
85893
24902
48527
3961
40218
29873
44065
13402
86583
89962
85485
52825
43804
4666
45007
60787
95026
74706
60841
67564
97928
3532
36654
81549
49363
12430
96816
28818
47807
68989
42081
71964
95770
76635
12949
11801
25158
29755
26277
73654
13089
50874
84633
71953
55317
56290
34603
37957
95098
30668
92928
7456
18238
62499
25989
35780
90624
5850
79284
97699
76438
35395
7152
7495
94321
29153
75195
26118
45687
98330
83393
64609
63540
79414
6592
39551
50929
63031
37667
26446
9746
63052
31940
29628
36680
89621
13246
10359
20280
84575
17984
9093
72392
77161
31051
56712
50666
30601
81284
11349
31423
30325
60385
54291
87724
19998
60345
960
45523
72305
71235
53584
19478
37557
14924
68203
26155
92653
55689
99353
30167
58492
32577
9668
55991
64468
32189
71184
48501
56328
28884
34986
78392
62776
50429
11885
69671
35842
25668
73032
31873
67357
8682
70465
78973
67009
58942
42573
19166
33941
69270
58060
7498
36370
89760
6945
97131
22634
32305
3968
39840
86077
50044
3846
24527
91822
9717
47694
87977
558
1062
10690
63700
45754
95021
82649
63152
28672
76300
96520
75891
99087
87239
65935
47387
13221
38499
79605
82395
24362
93934
60165
84237
10161
42653
42095
23738
88196
17805
24875
52489
80271
15371
92034
636
39617
72488
1160
47366
87810
25211
829
51455
38661
4103
77817
56260
4067
1080
90801
37287
64094
65553
40454
90631
26567
12724
17529
21225
31569
95409
15330
99910
22482
93824
92369
48508
44128
36498
80081
73348
7922
1973
6386
78124
20158
59687
63653
65681
15444
75535
22563
23534
28161
6418
8150
34543
34848
83861
45269
45755
52887
31070
54775
26141
52082
98727
56727
25213
44216
74757
16875
81592
40409
50165
27053
81010
69548
42067
94253
12432
16257
9585
52937
72140
90148
15240
24189
42341
25868
88864
72540
88764
94282
61527
52726
32351
36563
536
51513
89030
35874
5831
67530
1801
71658
87282
7493
19165
17868
57837
86041
64042
21358
66634
60496
18453
85527
44727
44531
54045
19470
62267
79671
44746
57764
13728
18374
87951
38462
36079
44886
24659
63149
19782
45709
3809
51378
57700
12233
42992
9271
46221
8421
39120
94079
4994
22711
33117
57300
66116
11597
34025
92702
34181
61944
81180
77282
84325
96688
15351
78825
51751
65154
26571
28976
21502
36006
51388
89017
8032
98677
86703
59039
23250
20057
52577
45800
96706
2632
21246
5042
26673
7869
9440
31279
50029
47882
83138
15731
8033
22980
32506
89504
56083
3477
13404
59660
25127
15482
81982
8153
19750
59075
89864
8714
3163
68892
68166
34001
62385
46905
3121
94084
49200
69050
64954
62406
197
97494
59748
96260
55657
16413
79462
9946
6051
16371
49304
14750
27535
59938
1034
4885
29658
26546
30185
16260
70524
88007
36339
24056
92411
42374
18758
24167
41550
82960
68649
82638
77237
13283
22988
5285
79739
54390
49932
80543
54142
15829
82365
71398
96872
22824
56743
40471
1055
49469
63037
22299
96392
53510
75991
7290
58737
24710
36611
85941
95353
71730
83812
60148
72685
13541
88553
71923
98062
66523
67167
62470
62758
34757
44990
28644
3255
64705
67714
94706
12758
31458
97390
51862
67673
12863
16791
95246
4213
85534
83692
4404
79456
35434
99514
15352
72224
9931
23558
99204
70249
18157
80792
34206
42416
99371
69433
80212
48721
59774
84649
21248
28230
32650
28017
69544
67165
31917
91701
19375
64730
23711
89706
92502
13373
68379
81076
90198
54719
20044
91983
30945
58016
6295
72694
48511
23601
32818
89748
93757
15263
92538
42350
89864
37317
27263
18903
17682
94992
68696
54723
88659
47834
88173
94014
90355
65083
60831
18955
59346
26957
60091
26910
46901
47142
98312
61381
28631
50519
49353
68048
52975
90830
99938
82441
39869
18161
812
11218
61758
42885
27655
73815
48373
93128
48237
45891
12511
12299
39995
23152
96001
29449
69798
34256
86026
76924
87880
11565
61754
16578
93675
91226
73546
64043
32402
1411
55843
23829
36015
1059
47469
46457
26893
53181
37471
67228
96034
75731
52613
96890
86463
24898
41371
58117
67279
45626
66545
7755
20961
14526
53546
19372
74084
26920
38612
77996
7841
9780
49629
30754
66787
3740
57192
90857
20874
87348
32001
29024
15545
95310
81948
56445
38671
89792
58872
95274
17258
66899
44367
55670
34490
98386
69628
46248
5762
82138
62360
83367
65049
5996
88148
45329
52857
95328
29859
93799
29951
90693
72693
25766
47559
60062
58499
11757
35042
18646
95563
37094
51532
15166
25119
175
36942
20389
4030
62823
63708
33907
65903
85600
42744
70250
32909
7084
48943
40779
25995
92714
941
63889
52730
82798
36351
59068
31547
81556
45060
62965
55017
23948
9071
69988
1715
49464
5070
57677
20158
61509
67321
14398
5366
69710
24942
54109
4908
67101
33106
66973
83444
60278
41974
8119
8028
82585
99505
12121
8002
24302
76472
75262
72433
39016
49476
2306
60632
9680
8304
68524
7134
7333
33146
74764
92200
65421
64677
25937
54904
58530
54721
89688
11697
92079
73179
4193
92725
94041
75368
98894
99286
89421
6538
99647
69393
56561
45972
34803
31869
94074
18623
21738
23762
95801
34025
12107
30149
13718
43829
8004
16955
80597
94081
2399
5344
79553
29404
149
98503
69338
87680
12167
45058
46557
28493
94675
93074
69084
16775
43464
45371
70582
65326
40146
37573
86609
27744
20065
99724
4774
81411
76834
84184
43500
3649
48946
72762
4982
93818
4087
19843
78342
83893
51388
54649
69278
26730
77420
5969
14161
91329
92493
94699
89367
61056
80621
42852
31878
88697
73619
62096
77876
38702
18292
47105
3136
16715
82631
71018
30271
16042
2635
7219
22375
65326
78863
4092
23587
23461
73657
95575
46897
40387
97951
27690
89866
68457
80690
71244
13318
95543
6981
47502
31903
91816
51146
395
63857
98985
28424
48090
16492
81214
79175
36204
56171
90933
4529
7364
531
84920
48506
25044
71733
91760
11745
80394
89749
52649
38566
60035
81584
65381
48312
86110
31736
52063
5518
16668
69927
63265
63997
22740
59229
23378
94799
48004
21532
28310
10852
87967
36549
94779
93558
74832
68251
57810
80339
30836
76100
4595
87560
63140
56665
65085
65254
61289
14299
30298
99454
42868
42353
81733
8544
46720
12064
50059
13900
69398
18309
72646
85859
3673
76628
50671
4740
20369
79265
758
22761
18638
91266
47899
46769
60233
27652
32153
44110
54097
87790
22107
28290
91502
74869
26499
10583
4868
26415
13765
35933
87382
32237
28110
22122
59012
67353
93757
59321
60650
53605
78584
77329
52614
55471
44527
94065
69523
65270
92858
5943
40826
739
4543
37609
87452
76111
10148
50494
66773
6844
47694
63711
1350
16789
86601
13477
3233
44928
43005
62532
10451
70275
78950
9265
6995
71866
85778
71792
8887
90238
68227
11553
7328
56367
17461
46761
43297
93188
61572
31461
26151
88072
47775
66684
21556
8757
85271
33149
20050
69370
32521
69972
3924
41644
25978
289
98198
52644
84587
82599
23202
90392
57440
97811
75478
5303
55651
37446
44746
51239
75574
50034
81807
50098
8035
35491
4960
76608
30696
67527
54030
62611
83784
81862
68243
18886
74641
85664
23912
11887
77060
1695
79082
58106
83661
28798
30194
41257
66379
80944
71062
38461
42768
54067
40189
56681
53878
51391
37370
22492
7990
53162
72102
79555
88689
34742
79233
52389
35981
6497
2077
75895
31223
14210
66917
57390
6452
10062
62887
60233
90212
3703
13564
51320
18220
7009
6381
56951
53591
50672
44180
97841
50102
53918
86926
17843
64716
3042
9415
47377
77380
6782
21803
82345
98911
38778
28467
8613
65984
97553
97373
54945
93845
6185
73614
35929
32490
99917
17227
44153
31364
3157
35942
51942
24930
21617
37799
99751
77931
32743
12741
79969
15077
28565
11136
89962
46977
55873
94748
12578
79891
24061
38803
81614
74970
75411
1419
89412
42901
65407
21089
54194
10991
32664
54506
11918
77100
66859
44743
20586
44999
37934
35160
30315
59003
86693
18523
58253
89383
58536
83517
35338
47264
81015
88124
10309
75920
11155
14099
56073
33938
73249
47433
19969
84296
92573
80322
42963
47915
95477
45882
41764
48501
83605
98097
15722
38036
6878
47679
23520
88122
18052
16478
42322
80067
74748
33059
43737
32119
84036
60300
90058
90038
45996
42678
25593
66594
19262
69138
10636
26389
47520
28677
86554
88534
13260
10163
46226
82396
16707
79522
65299
56531
47854
62887
96907
76528
23328
15260
18882
71499
1520
60593
39059
70711
94745
93163
74742
41286
85031
96325
66068
15725
47978
69692
88643
43812
11236
81469
24028
42827
75968
13224
11332
94552
90827
43706
65888
93287
49833
52080
64517
26314
16481
95089
31781
15787
92964
58020
67467
80598
80836
38687
65336
81125
24679
23615
9394
40970
92588
74463
26077
15967
87367
31813
94648
18907
24483
39723
34289
30587
73226
59479
73360
28376
52174
66377
3182
42273
61354
18542
14094
47243
17002
47874
84753
16764
26095
17418
60843
9983
43450
13918
78054
76313
22785
24909
87166
96456
79769
55427
87156
13402
25479
21909
33289
30167
98656
89292
29336
45197
39344
20429
59306
69528
50700
74078
13665
33888
24380
95412
49752
43190
82374
20651
35450
41368
73085
32972
20321
52851
38253
96888
98448
12055
4819
83511
66487
3643
37310
11055
80236
88483
36761
6535
79781
28291
26402
34321
30797
27853
9008
16082
27886
50820
95558
24396
93607
39960
58342
83393
92946
14028
893
46394
4512
43581
63536
50718
37535
45308
41993
94604
85127
17183
4150
14991
78236
73841
71227
3020
61131
47080
45895
80617
36788
9489
66361
5766
69934
37516
19605
57147
49459
79623
97303
46349
52026
99697
94985
78657
87089
24575
91897
70879
66797
63421
20626
90518
86531
48261
55827
28019
7283
12622
54576
87068
72209
53908
43900
63487
13452
29668
41286
46375
71909
27945
50578
96332
15810
78402
10817
5907
96838
30009
47851
74477
12918
17226
83471
77965
25491
84443
70172
89733
49024
43607
66156
87814
56872
50107
64393
1953
81991
84588
11531
43804
81822
29764
14884
4089
74647
16841
28236
47556
28237
84947
26373
66786
7513
45045
49863
10004
39065
38259
35627
42570
46421
4492
79220
18391
74996
43660
85534
42104
43779
40778
76103
62453
76646
26974
15473
72648
3022
39839
80344
99359
75440
28123
34768
93904
73145
86036
34037
81981
79102
48096
89990
22989
3327
15391
57697
2777
6703
94762
21385
94096
68068
2
88733
28841
73438
13195
38289
32086
92307
69007
65123
95128
59850
43514
82808
89116
9879
64134
30870
40908
30693
66915
7527
5136
8875
71876
54839
67808
9564
5424
99119
1158
12978
10882
83565
57500
85270
25205
38412
23598
46638
85855
71858
68257
90360
48385
45444
58588
80987
43978
76230
71966
43722
17095
82128
36521
35489
19255
83006
65770
29319
33120
52062
49333
6705
25318
52507
99034
57108
54024
84497
42316
98906
29529
74565
57965
64324
61834
55092
1561
16473
55331
30271
19211
81913
97292
41308
16657
14328
17151
28826
98809
5171
71666
11848
4997
51586
93380
91481
18767
39183
30672
13146
31274
14665
57914
78241
34525
75457
83243
46933
15753
55237
7115
37970
43692
31074
73026
53727
51193
16572
81862
18115
12761
36807
74496
95219
51475
86338
12661
50754
55572
84736
97838
94989
59451
112
43004
67439
63143
42308
49408
83070
68221
61523
80798
76968
67669
4014
5811
63588
77157
85361
16697
8869
39077
82110
27899
39401
74269
22575
51315
16143
80864
9717
58460
24426
25223
17573
34043
72009
46535
79810
31179
27224
92924
86426
93616
75609
13091
84977
25459
57013
42942
48119
46656
88745
13561
28262
36609
15625
25970
12155
74006
49476
54415
88071
39314
49575
50729
45033
97022
6255
35943
89812
86377
24270
91728
9238
72910
85977
72169
56299
95756
936
47574
60466
21097
55176
88973
23678
30019
18537
28136
91421
39113
89704
566
24530
43715
39767
78084
24308
9049
96271
43096
96001
6452
21814
18140
27
14703
26698
65769
77820
73315
36918
93944
86848
51626
23136
98019
93439
790
97258
1429
68535
79265
43800
79173
68302
55496
54446
34343
96202
52275
24059
27258
90105
5886
61964
80067
77514
82096
75355
47012
14041
77876
28466
47538
66718
57559
957
93203
15185
66413
31959
10012
40029
39425
55818
6560
80022
35884
47651
76566
84101
19551
24062
90847
46435
47589
48046
12134
91093
19714
24730
36104
10015
32442
62801
21291
71924
79132
44862
33703
30791
82538
54999
24974
34227
9193
97815
77015
76796
96655
99744
25371
11184
38077
27855
11059
34305
71806
78774
33813
86725
74644
24995
8104
71180
92675
55764
33965
58369
8043
72311
6075
12375
92330
45459
33569
81414
93572
42824
61096
70573
60760
49250
14304
88043
39317
3951
49377
49347
52697
31661
69552
21080
36227
38300
51713
15994
7539
9737
59776
64829
97921
98047
26363
94370
56703
88647
86005
92489
36806
74703
74783
97993
84790
11920
56524
90079
96750
99088
5516
49717
35519
73231
26182
65375
96436
46624
48898
64753
91016
89856
95047
66822
3725
95606
15828
34001
41046
1723
59484
35483
7108
38022
88018
3218
14361
12791
95153
24521
12444
92585
98826
41542
61044
67209
10349
54886
3742
21263
59057
39000
16018
1822
39694
9406
95761
94921
67590
91256
5018
93230
11512
84257
91143
13080
56120
4564
96413
68357
13806
3454
47183
23751
19008
27818
41225
65669
45137
46552
29815
7469
47116
97796
17564
16672
76528
87160
27070
76880
84347
27101
95316
96430
13216
5049
37982
17797
55033
75493
63283
12879
72112
22153
67109
16692
37653
10907
27157
76428
7011
76687
1591
78024
45749
94863
29621
63421
99128
97719
34433
30253
12557
66352
69391
51971
30578
30693
94636
80250
7464
22690
8625
70643
22904
53222
3233
7099
33022
81844
56928
97008
24029
16935
17207
75185
68495
50646
48674
53971
42772
70728
16663
5173
25510
92281
64636
31705
17334
71465
79234
49818
5874
88528
73050
35589
94248
35440
65340
52410
50150
99230
14480
9552
9749
84151
49839
50326
70198
81971
40480
73334
16332
96382
9657
51728
79773
15425
40789
66418
70408
67034
44815
74546
31559
61698
67586
32076
30692
87133
28631
98524
81404
70395
87726
56249
21613
27113
70125
75516
61924
61642
46068
28692
95450
43112
64863
36998
4524
82471
41274
42764
42427
94391
42808
10973
7297
57361
58960
20887
28671
29195
82378
24614
96637
9214
55800
37865
36241
14549
71782
29431
18274
91711
30863
72054
76031
19450
70657
5841
59620
41580
79343
58842
82929
1118
98216
65061
32695
97806
19032
27826
72466
93287
24156
92901
29739
70819
39860
31044
87829
86600
86730
3203
15067
2667
10393
64656
44876
48958
25269
52390
34956
80850
70453
68335
64752
49978
58826
50880
44073
35072
45990
39472
53463
27923
25702
71086
57063
36775
62164
34885
65316
26464
60325
56483
95039
32690
54034
18020
20023
52228
54638
99010
85630
4100
96377
87971
19060
4151
42631
65384
32251
70104
20829
29900
73489
79851
39658
57519
25896
15593
9215
82167
71352
62662
28223
79590
5450
32807
77988
29132
62923
82948
34539
23227
88264
31680
24202
8447
39197
13057
61105
2165
52565
12139
46198
88430
96163
54364
23351
14297
34346
27314
46031
41691
46763
16936
92368
68257
27542
80322
1678
12325
42247
19007
94172
83742
11021
35676
87350
89598
8106
96358
59045
47469
50278
1874
85291
66101
42469
11202
69475
73841
16805
9282
47370
33996
60830
30988
75398
66438
67936
3124
67449
10786
68882
76307
16764
18776
73118
14684
7541
97887
99497
95501
67651
8586
66777
51744
72407
79209
10484
66804
44216
47271
11357
57098
44930
85336
57757
57417
32552
63303
5799
78843
19010
97829
24149
70403
68248
48337
43845
61152
73432
15379
96980
70252
62248
36994
67880
68788
7180
7378
83112
92630
3884
97548
5421
87909
13831
64015
38736
70184
16630
77636
92222
15615
19511
44798
82819
58718
50159
31467
53182
7382
20063
20514
47779
41256
67918
98670
39248
6187
72224
54950
68325
62688
14523
48567
24422
47560
33192
61515
45494
38012
91759
81674
99449
86901
28830
5136
13930
73655
54379
50833
76897
88550
37676
97724
36868
19121
61110
8591
46057
22471
77732
20103
15703
38336
13146
59136
43931
82349
49123
65436
91386
15194
40774
84611
77528
39582
78754
37603
58824
71295
85152
40416
76772
43609
78259
43511
14627
18585
7746
31014
51156
80066
27966
65018
34696
5306
81004
36598
71320
36684
98387
62538
75186
87976
80507
98432
26623
59890
55076
95187
9067
54035
65068
12712
38048
79350
83834
23721
69663
14951
42081
76533
27130
12907
19908
23939
18089
29394
72365
31228
68508
12098
71620
61581
11110
32683
24811
22128
15293
54799
69115
52228
97871
4641
46993
36086
80160
82772
17511
79099
49554
69015
29614
19222
60347
69706
24091
40691
8767
64028
61242
99071
34019
25327
82676
6981
52607
84710
1328
57545
98502
26849
9813
6432
70095
85524
39647
99850
64374
30918
1044
65728
33245
50500
3532
44969
39132
95248
79011
62888
68213
42012
62133
74891
53750
57565
76675
7839
48826
63432
91246
31134
29329
92378
16280
24146
99412
8694
7791
62916
95723
59758
62639
57475
48748
46604
96143
38533
98900
3580
64681
65438
37858
96382
51139
88718
10560
59389
87335
60407
55415
82428
54272
67636
52772
25652
87163
89622
59893
8455
16216
40769
93637
15317
26606
25896
15403
23827
11109
8484
9241
86086
37975
53123
83903
8559
31144
48057
30899
5703
9126
36822
12111
83257
64021
47153
92693
57891
9757
60375
19239
5624
82484
71629
76799
76280
26228
20129
95934
44127
34332
45105
90480
28624
91691
80869
3977
59806
31286
46753
44806
37632
35061
9518
82803
90930
43083
19120
92264
29389
89163
8301
45767
87755
65014
17384
9702
65726
53977
57566
70660
78155
90200
37966
76917
81625
13525
10598
16801
32552
55193
68099
7572
32959
54077
76628
18405
25215
97237
29090
99960
45331
80791
34851
58938
58763
90102
98137
29015
10919
19520
60721
87363
75151
45440
86401
78698
7172
27264
57375
40208
83213
17992
78387
24538
58054
11269
94621
58396
66221
15409
4545
15817
6096
2095
31321
42314
49208
72591
26591
53927
59756
52794
89172
69488
31605
85281
15490
36271
92114
25225
43663
90550
42016
98499
9580
19101
18781
36381
1367
79465
75438
47621
40107
51755
74858
52168
74445
47963
95877
62653
1836
55198
3051
83269
4070
20285
64206
80350
98263
44954
98899
31634
4380
63206
68656
5819
2043
44024
84749
63079
81318
12639
66247
76081
97667
10699
29372
70498
47922
7678
44516
24827
24520
66233
3075
24803
64659
29402
56808
48382
48286
45945
62095
35796
89939
40056
52230
38381
37800
93822
3938
58258
3394
45391
79390
34287
14435
5945
51498
65407
86634
79931
27019
8562
58298
31479
71977
44092
90837
39400
1185
62353
45999
82758
57185
13614
57439
19431
63094
27860
57529
53486
867
99606
85862
46288
33094
74881
68030
27898
57088
28670
15548
4572
44005
49582
98452
30145
60477
79256
72324
63006
68393
92448
21517
39203
65967
96267
87179
94071
60408
91239
46835
83473
89481
50175
6008
85969
70209
90406
4898
12286
23492
16165
25042
69127
14081
37698
61821
53938
31106
16985
51650
57520
24128
10349
93556
26963
24768
18822
81545
45250
97681
49942
63184
48672
717
73054
89732
4251
64909
35888
72283
21856
21656
55443
92409
77490
2754
27755
13769
41881
7716
33040
82769
11044
46125
6453
54610
70633
17736
75152
76157
98332
75164
38532
50621
17432
36738
17070
63571
59683
68730
13068
7727
33177
60654
1021
77826
55669
77742
70829
25109
63414
73238
55236
81095
21877
86984
65158
96048
87228
44311
5833
26382
80827
17423
97310
61208
33837
87938
95214
25401
93865
70427
92952
73616
94545
92505
99961
25606
59939
76941
61254
1253
36255
52426
40265
85465
31905
50265
91247
72807
24083
31144
85611
43527
68979
69579
3403
19493
912
56908
3132
47855
34875
40195
19834
58291
79067
19025
58324
39895
52026
95400
87949
10542
93349
48970
29055
34047
77653
97723
94917
96239
46540
72069
16614
12171
20119
31744
70108
23473
55965
96671
63806
89618
44845
17738
45481
50045
96392
45769
97318
29238
47534
59327
11181
57992
9118
12478
25326
76561
86577
72580
19174
10037
54525
83746
29484
28336
91394
67255
15101
41494
24809
40413
16368
52394
52001
45899
92589
46419
64042
11030
60681
82164
19376
13467
24163
21751
54082
93615
35169
55913
7563
92933
45558
28097
14233
50416
48824
82993
68942
36218
95084
89152
1931
40670
96647
480
43090
26968
64788
35784
71115
92999
33965
42593
59703
24714
67370
98139
6847
65462
57873
59742
29160
76467
89542
82012
36894
88279
75552
58101
15962
38906
50361
52363
79911
64783
90770
14656
90932
98517
3795
42417
50850
47550
50974
72176
8449
74686
14123
7513
67288
98222
41560
94977
2385
76223
51366
96633
9543
19121
82184
57928
48366
36806
84409
74662
88701
1303
12611
3703
47160
74227
18728
40591
49400
83187
84258
99174
67799
44507
79024
21873
59763
40165
41789
16068
31745
83710
88866
20141
71766
45605
34484
80757
2053
35248
31770
82886
63114
44675
63140
34832
14866
95346
20539
98725
62111
28812
25849
85686
75344
48272
38145
26444
99113
67098
85115
30198
96440
40511
90835
97007
59819
3391
24895
69639
85785
48540
23867
67519
39562
7095
87249
24590
41124
49865
32375
30025
25676
74403
38697
53355
80569
3998
11381
51079
17654
84884
11872
22382
52918
89487
30657
21027
95897
78846
29775
87990
32341
66802
81645
20843
9856
180
31033
20180
66712
35159
20669
34116
42032
13559
87231
82645
81931
16598
54416
60883
70865
86917
85848
76616
18446
44460
39252
32059
80411
70138
51354
53546
46430
90848
62449
59323
62317
28042
87428
64545
45008
52949
41719
38764
9442
33954
13953
78563
10983
54804
73305
64263
62749
70861
52452
1186
75821
83091
94543
79338
38867
40882
70355
74472
42397
94792
24580
44964
12183
62884
18201
3180
1886
72104
57205
59292
86847
96005
8662
21317
83185
8431
72172
88944
99134
43037
556
65146
29967
61709
22422
23292
97671
29747
98994
86173
51842
20573
49725
88935
87486
47494
65500
63732
26242
25257
4075
66247
89328
46067
72090
48126
76789
11378
83571
46430
82774
55837
48373
94176
32076
99134
3092
63726
92149
50794
56757
97903
35876
42142
38759
51629
36955
71392
75378
33640
56752
16133
27209
85179
92692
11560
27795
67394
90804
2152
56157
2649
58713
4695
30632
26988
89702
64431
43457
75973
98510
81835
69221
98689
60689
38446
80522
65502
12045
48709
7688
48367
11583
83131
62683
61609
60517
86529
11446
86340
58405
17309
6579
79375
32612
49516
29598
18944
29634
95868
4774
37817
27052
45717
75824
27761
84594
35446
31329
6696
53513
64911
16051
86391
6074
46002
67314
94891
55275
28985
89581
50255
47735
69637
91545
75684
3523
23346
31380
65940
40102
96251
88714
46863
1826
83380
92291
50297
22095
45489
46061
30807
30695
84933
9619
17100
63427
41731
35921
3609
67968
34327
324
92670
23796
38884
59524
74158
64197
28575
10949
73550
55021
97817
45884
36470
27602
26517
239
23723
98947
70710
63366
77670
46246
88683
64227
73716
72534
48688
3325
3800
22199
55612
22268
70573
51447
90170
56951
41172
70225
70204
85061
80822
47914
20363
21139
16260
72476
16645
40359
10640
74119
95195
97995
32102
86786
26025
21512
35945
38355
31184
153
14525
46443
56742
23114
27136
19066
69680
13111
7778
10034
46097
63315
6266
30600
46412
56896
2265
78194
13563
91497
96375
71793
22960
38173
10983
39598
90558
72325
35721
171
69079
89313
47119
95632
55998
50668
45224
15205
60848
4248
79720
13521
87318
74196
86952
83169
47303
13205
7622
37788
96434
6518
25430
91651
35172
78097
81553
58127
87653
13833
41246
23501
54655
29873
42481
97940
5857
94051
63369
90340
47521
94434
87530
98986
2709
80636
13508
86023
14410
52508
18492
98841
83754
17650
61285
95521
78208
30684
33412
64395
93057
68108
45732
73946
26549
33802
84725
46543
23601
24782
4629
34264
31194
85017
50990
13657
97033
54374
40974
91371
7007
33013
46733
81179
91395
14091
90837
19037
65638
55649
18356
51392
25779
5188
93142
67633
15742
72765
71522
24426
87668
34570
62633
82645
57662
68010
91179
2557
44201
8184
93868
69875
59541
63731
80799
17009
92747
81185
16766
73514
48090
86830
54674
40593
77443
53338
43135
29002
50625
92797
91098
49586
51652
22719
89866
4860
44277
50044
44385
57278
92456
27987
58772
80654
43579
81236
45665
823
40681
79478
28069
91124
89319
70787
67198
5125
51612
24781
85239
36150
33679
82654
86152
240
90837
49743
11943
60988
58791
51505
12907
2418
43753
79224
13447
76494
11548
17456
19402
31121
89131
25392
60436
27900
66984
71360
12663
71815
98907
45907
16767
36415
44227
54116
79459
55832
21162
57874
64702
99822
73516
97702
16451
48079
1627
5432
45273
41518
38228
83934
62304
99659
42907
64403
60152
54653
60537
40808
49663
85195
21386
61543
87655
55745
78207
60015
76887
96251
71424
22700
46806
89618
43001
7880
78156
92878
72730
17006
55635
88536
10015
29436
7952
7988
77330
33542
97152
82719
2489
37304
3186
12737
21023
84005
18963
31000
9016
57617
83539
1008
94532
27181
434
40915
47440
13568
63713
67583
23897
16833
63561
56473
48920
83653
20236
33934
57015
89460
72870
64619
52245
87856
87982
94291
85922
32733
86404
59010
41426
13871
94700
4209
47466
58053
5363
31006
80542
11590
24376
41874
68480
61920
24840
694
26339
20576
35458
95297
99347
12418
60793
87060
70559
56734
33282
91013
61581
39393
78424
36048
64216
96948
35774
24993
64173
93148
4584
43112
64775
16211
14269
19561
81717
72398
83661
4812
54096
36937
59562
75449
15085
95756
56053
10012
37506
1737
20806
13189
2655
93249
8689
92892
16714
52572
9326
23896
15894
88992
76698
51890
81747
72557
89123
33282
8506
49162
43754
12443
78034
75157
59012
39252
75636
79125
33032
23331
32598
38576
88114
71665
85888
21114
12350
99547
52999
92747
55136
58881
25960
70266
51963
62455
38604
39415
6582
88951
89131
70323
33218
93010
36495
96227
95866
22844
58487
99568
32415
13520
26148
91768
13266
17527
80673
71834
33335
84159
74460
7436
25726
69001
77575
82249
29339
45031
3163
56731
55420
38499
53505
66827
78105
24390
31895
40254
72556
99255
73576
1415
79064
27030
27492
74072
84927
43038
28675
61805
70771
29796
54501
91611
9635
11981
83787
86699
85439
30146
84608
83828
82302
62235
89236
41596
65026
28385
26746
16034
7937
17271
5426
51494
90252
28165
54909
61774
36774
16656
82078
37522
90596
32653
91537
48884
94145
56809
98274
47524
39624
6078
1949
23615
54515
66612
7714
87470
10265
15396
55505
28777
55897
98585
85242
64597
68095
85082
80780
14382
64358
49320
77285
6512
34949
25707
20692
20312
95562
12839
71198
73389
71126
76094
2948
6769
66400
13872
22011
48253
61004
29455
41499
54371
82398
69671
25711
16486
27379
29259
9157
76217
11072
18471
81291
15393
60904
31648
15188
74510
93448
60073
17536
9288
76259
23170
76283
33702
9905
72666
66429
56382
53093
84114
57493
58169
78529
57927
97601
11661
19112
14919
21667
33786
64719
2100
77234
26571
32589
96105
75847
99611
11733
54151
85745
16166
86804
26088
66930
68677
29271
31106
50431
15227
45446
31655
79996
9337
95879
50163
51690
52512
6347
28253
60860
38594
68610
45833
136
97069
38299
58079
34082
25736
43486
87608
36456
64183
43866
1040
29491
53989
39522
84016
45352
53492
90470
35381
57609
79796
84094
31889
94242
5402
13831
84071
31297
85629
33214
17114
47071
47757
49414
13905
81884
71870
66507
43058
22551
92994
20091
10712
23149
46011
26157
4334
61370
99138
65649
99952
8728
87548
62750
68161
63093
91583
33847
54439
30555
18816
67025
86306
68292
85887
75177
69235
42196
39301
15784
4269
19948
2829
73444
18095
82852
66506
45974
82681
85519
85941
86439
61461
14613
23394
44111
27569
56521
93536
41658
29910
37134
95420
68209
22271
77637
45004
57748
54746
53167
30054
80188
93564
94162
19609
24482
59234
53523
12590
10953
34825
49797
60400
13063
14230
12396
40616
16270
53788
33989
42876
30020
17336
43569
60565
83830
26029
97200
92909
93868
42962
33265
94567
90393
20631
49182
65302
41474
86835
34557
13836
83229
70503
72271
37861
47624
21224
46257
72971
43745
30839
85518
65798
26882
8803
91608
84257
50718
38497
98956
45977
36641
90079
23753
98070
96681
76487
33101
71476
43103
13913
30763
66888
93133
4912
61327
36559
39105
34557
25598
99761
74533
57728
55471
13360
15831
43624
52620
51104
87944
45319
74356
51707
53246
81138
75649
71031
15883
62246
36968
34173
25575
83811
90553
38124
7912
14948
67528
15793
92017
6101
73676
6846
87865
92198
80242
48254
14046
54729
60249
99309
61326
17764
34357
70464
55751
52450
5015
8715
81244
98435
579
70765
5759
83622
86725
68251
33868
63360
52339
88831
55059
75695
28782
34937
63916
25485
92160
99467
52479
96577
16501
36783
60021
18063
60960
99478
97702
55762
40412
87633
70090
69165
78604
56301
23953
92585
48824
85460
26890
21597
43838
8725
66581
49531
18301
12715
95296
29454
81770
71407
68893
68931
22288
66389
23701
25008
54679
1176
53111
58723
25069
69601
4662
95352
91778
46540
1143
29337
15218
44758
61887
13315
3287
75867
51034
62218
17550
24752
97568
44823
80864
45221
24957
45355
22628
9431
19157
48166
39186
62970
49564
14973
702
88628
60780
75962
40266
45925
56055
23970
31344
1908
66264
44794
7859
6161
26322
22737
90558
50787
90568
3855
43591
96344
73811
86802
33021
24960
31228
62602
86479
3150
8743
3871
932
7569
7369
44747
45085
81806
67833
12469
46217
78246
12955
65139
19422
71120
4566
41361
32329
39181
32641
64562
20960
97066
78496
80262
3444
67088
81813
83148
60389
37013
38818
54562
63093
45242
11203
28776
12240
26683
58885
66231
49172
66694
55070
32098
83128
21620
42391
59683
13721
18341
1379
40039
11092
96274
14798
48440
36838
26749
19460
52123
8270
84384
56737
48294
60084
66986
19553
68334
39747
99411
46925
20230
46601
19225
74285
70554
13244
91795
3977
1664
16104
68370
32280
39507
59883
43493
19643
25465
14833
9745
80897
6268
28421
27817
52295
51430
76013
2510
73390
94956
83972
75686
41234
14752
58865
72660
98401
61116
97510
47503
67821
46916
49887
59013
17610
54573
81343
53177
79853
22029
35593
38455
38012
60048
73373
75114
75037
95553
31083
63948
87370
37418
24838
4571
47898
49978
4902
78749
17827
28353
7338
70925
92707
41940
76043
24873
79825
18067
43013
89171
35037
64416
17265
38221
70556
17900
36393
31140
5721
17314
95239
67962
73022
63390
24374
15140
96047
63481
80101
97562
30766
24787
85216
56419
87677
53076
55815
27723
88511
21987
41925
81279
72556
79127
24481
78748
8445
52322
14720
14657
44962
59294
95285
2200
72580
76461
74889
66689
77575
62154
61742
52975
30896
16582
31479
80888
37458
43474
23402
64508
98729
57070
52405
8847
31061
49815
30808
38601
96192
77254
29021
89659
97829
19385
61878
93116
55723
19639
92026
89010
73346
38859
26163
20830
73705
85177
97532
72679
49626
60082
49299
94569
53677
68727
63660
5383
74181
4650
66985
56237
84493
28557
78388
66872
35157
48855
58000
35760
95683
52395
48452
21091
98889
83249
459
11399
69542
61708
29054
92428
11017
49527
31743
12415
23026
936
79417
62162
19594
84642
71499
18567
21586
91656
93205
22582
84839
92379
37169
91785
71408
18246
90180
77536
49977
25376
18822
70002
20825
12701
95368
77070
90902
4515
54161
91770
50883
71661
2496
31868
58417
23664
9163
56073
15788
9067
47644
40065
80070
55302
91705
43540
91780
89738
53409
9828
89397
31998
90166
76538
12486
17363
23683
47496
96672
78712
31789
61995
84420
44899
34480
59902
26128
84643
6365
92736
10975
53191
34287
57510
64392
37448
6242
37534
34194
90446
72112
47491
77530
18086
98966
82997
25189
63605
6707
16118
46918
16979
26523
45444
90818
47994
14951
6114
16214
80087
50191
30484
83470
382
35364
84007
70745
7285
55255
59837
25638
1408
34547
70670
61419
82637
95525
79978
5100
64209
674
23178
78764
23914
45881
47929
96138
34607
76548
47834
75147
82242
4622
2826
38238
2738
27887
73781
13628
64707
85719
66699
56912
20959
28661
15969
2805
69102
11485
23280
41065
7166
72065
64764
13441
89526
57929
63287
56284
92355
95946
71149
89049
15535
44635
73645
35940
40952
20823
73237
48977
58984
76247
92433
70930
74572
18775
71670
5741
16917
12400
96359
44967
41269
58874
11564
65409
9628
48379
49299
11862
22913
24411
22545
70847
6264
49036
55508
26248
39262
23366
37957
53010
62029
20953
59478
74299
21683
22393
94838
51611
5701
48103
50263
29253
19126
37100
64015
14511
99967
3734
43561
6045
71362
47406
58025
26420
46361
28041
14870
74507
13968
38647
78999
41688
72218
61876
46930
48922
17659
11498
97652
97406
20735
71690
15015
33658
74646
65098
73655
31906
51817
30395
76296
2643
45892
35680
63392
70561
69182
9088
35665
43267
5246
69998
64829
80777
7445
71050
32552
54494
22526
33717
78076
42229
53861
8953
77398
12944
47908
38472
49736
56927
35366
39645
36164
56703
93129
19854
79713
47752
40094
93650
92333
61189
27763
66569
97364
84486
61810
80053
5455
30754
85757
26283
64710
32976
69616
59347
86196
11737
85757
7333
27722
85466
18111
25323
50946
8850
9053
98084
68680
13857
33524
25977
36924
1896
77542
22837
10542
42027
3647
73618
17775
70379
30012
32744
96187
45256
747
46895
57214
37341
79004
32031
47906
36369
38557
61460
61951
35434
55298
69376
17159
90458
71829
77102
1574
72259
6406
73404
80187
85600
12710
55943
44186
27355
62758
91787
88349
50105
81251
14249
64966
42418
10211
78986
58290
32997
70704
72737
37147
79053
24770
43904
62815
99946
49201
11702
64548
48647
79470
93840
490
81963
33008
76326
40720
63323
18727
57293
53009
632
78420
31421
78763
15467
23359
89290
2313
47067
13147
67722
57824
68559
56441
90991
79864
41268
74365
53867
70229
23886
30187
903
52358
72381
93086
38198
99432
34560
92024
24581
19703
30901
11757
99085
88446
38281
12306
93096
71800
69992
74847
92926
61464
93167
89938
7319
22821
51535
13295
7786
54352
83476
43950
28801
20380
76893
88150
4471
13598
69194
45584
25472
92200
28176
6645
3936
33465
60199
52796
26214
23669
82252
82148
86520
67784
96941
14418
5369
49303
56785
58153
7698
51808
64588
72029
22051
43834
30524
280
53738
16694
90501
20094
51690
4587
59362
80968
6290
54758
98242
54376
53019
87884
36074
58927
86623
35262
16221
91281
98095
97161
44195
8063
88407
13275
32718
22932
69061
53756
79359
53333
68716
89926
95105
26330
70647
39730
51067
92310
72787
55840
33438
64183
37587
66085
69654
44000
71021
12277
6376
63215
59013
22749
88411
82383
44087
77791
87439
30101
27872
71451
2644
69712
6111
84569
19679
59693
27470
62205
38074
41193
6341
14162
97679
79555
21003
56626
24242
75471
45498
31464
75032
13661
90373
94381
31313
43314
51507
38535
76886
85135
84446
72747
6576
59032
43347
26978
17288
33702
951
4305
31893
92166
28571
10763
35520
34822
12926
83496
1671
88011
88623
16731
59414
87311
15421
63556
85664
84753
63347
66845
59727
73297
4542
47619
2672
35006
21642
5516
94848
38499
26723
55719
51972
10661
26981
99184
87953
61197
15556
97886
34954
26580
81887
49399
32510
75736
54377
67662
46057
59964
75202
28611
14245
5632
36771
18791
4044
66917
80673
89292
98674
20233
40802
80119
74507
6387
98920
74147
11416
24472
99078
85929
78865
35528
47778
1507
49028
28899
73607
4764
43057
75784
73938
57077
70670
75176
19094
29035
93800
34169
83025
9664
562
36034
5158
91151
66421
10093
56935
30129
88574
52790
35437
47233
12346
11514
23846
87150
77042
65522
37362
45676
83739
72449
1800
26452
78944
75461
57882
17215
63754
53093
11229
74156
65865
52197
96279
20880
8398
65572
28961
85382
96101
44797
67139
97528
2540
53846
65915
38236
83868
43569
48265
22536
54442
16846
83709
45979
30214
27759
48208
8808
20224
24241
60107
39748
61490
84195
46591
57194
88649
30656
70284
70334
98206
50439
47105
11393
76350
36611
95344
58882
46009
11856
29295
17186
8098
18808
6421
64735
86663
56018
46693
90949
77866
74600
79226
14538
44160
69145
57289
61335
54282
35101
84222
96170
51807
36832
60515
15631
59469
73624
83418
90236
79793
33561
34888
64486
62064
88023
81468
26635
99276
22474
44499
6389
83250
20489
71380
74698
9376
56176
25087
75279
65798
8147
97964
58507
69342
90830
60824
60299
37223
52421
26443
21734
61965
25957
60679
75254
36395
77032
14430
14248
11825
85283
86917
13815
27055
47935
62633
1354
37843
86668
21754
54905
87908
99285
6220
95654
45119
37551
5742
47827
87565
83909
15293
44361
43322
10526
15160
67007
29936
18117
58560
38447
182
51149
24323
72743
49888
43570
94715
78498
42259
77221
12319
1385
79397
75310
83996
39594
22575
19319
2613
27379
53360
49156
49032
65506
44177
54043
56396
90867
52385
70081
41485
36538
80334
20079
23263
37991
8786
53174
17956
33809
72859
30876
64885
1930
43278
25691
12656
21731
64752
23818
40288
54338
82007
89330
5561
40947
40448
66107
2890
55497
12379
87559
12176
34610
38788
68452
14666
27011
84595
27767
41607
50424
12346
2989
40530
76953
84273
27082
53186
50252
70757
97510
92516
90926
47555
4693
76682
33056
58685
1504
61466
66312
48657
14988
50248
78302
73540
74221
87652
89809
72357
90336
47700
43942
57358
62018
27770
95594
25622
99311
99651
15441
54970
7446
17832
35924
50242
51499
73510
30880
93134
69916
36566
3686
50149
49244
17074
79932
80798
59261
44294
42161
71925
43331
76334
71336
8003
74663
8777
70628
31872
17909
22653
4310
94070
32237
61430
5500
8715
60199
55397
5980
16811
78738
7188
79354
21766
92092
31559
90845
32271
96467
19974
92464
82641
5202
97934
27617
85076
22434
14002
6537
93535
59060
40692
21454
66681
67605
30909
90301
89421
65879
45870
57201
68242
96357
71163
52917
51640
53057
36672
53992
92505
21055
68074
25022
41894
67852
35607
85374
55062
44280
90636
4835
74179
83133
43747
43705
94979
59367
23588
90871
97291
93226
69167
52360
95972
82205
65226
81405
10492
17382
87360
73473
2619
33808
51754
59261
14791
43954
42481
25355
27284
41789
88785
1117
62223
78255
49176
33227
40216
36547
7657
18607
79659
48997
99189
31270
55174
98236
86362
96845
28804
48141
54564
92959
41556
65969
11140
7315
17096
92500
23940
64395
66947
29750
72764
85794
47689
38343
3065
3110
89881
86307
98098
84443
66873
60839
66413
57491
23064
73294
92712
60179
70075
68159
8178
67412
99403
16526
51760
87711
26016
37229
72369
59805
68532
77532
23732
64769
18978
75096
46828
47639
90334
43961
22777
31998
43330
18022
82785
4530
52791
19433
87349
58766
87106
21068
80103
67389
88279
22782
7781
78087
11178
38783
1209
50555
31970
72687
9233
47661
92177
47595
32483
12856
27006
37579
97370
84936
64244
12442
41664
99867
70309
29179
16785
8382
40675
5975
49419
17483
6306
51370
22535
6988
29458
40322
35072
72312
85466
12882
12892
13537
7518
9219
44424
53851
92341
86895
58732
70944
52370
70594
51030
78890
68535
58469
26348
31145
15501
34583
29183
75948
74721
55963
76330
29818
5732
19110
3197
76463
78282
14182
4313
15012
33030
14202
22547
92165
83623
31838
44188
22173
20969
86772
27088
85000
62760
83171
38757
51755
31278
38647
88631
61791
86381
87527
37169
58201
1302
50359
11243
82001
94675
70446
17041
11081
41314
25321
90554
70803
64828
63550
45365
38765
35708
44918
63567
54728
94242
60327
37528
76933
84091
57347
41678
23577
19369
27558
83653
32323
1380
38246
5103
94455
80119
44940
97764
58144
39697
63834
44039
5869
50594
20897
16339
84776
30532
84609
5011
10674
89032
21816
36572
33556
92884
95758
33324
58821
41581
21019
4498
46357
8772
9921
2834
38529
70376
37693
42953
7862
32469
14628
85428
83062
49082
50579
87545
88554
72576
50464
81783
26565
53472
42164
41197
79114
53376
26519
12822
90636
34831
55920
93702
49180
30030
52350
88824
92544
56492
64136
63527
72920
20594
35046
76310
98898
45771
21846
33402
49979
4598
33269
80341
47982
75126
13041
10907
35583
47412
9765
37446
75057
25239
87112
30622
19600
31780
64673
96726
65738
14599
98774
81376
40427
70183
13821
98577
97913
76155
57432
46763
73842
18486
49068
47741
65258
57574
84206
40798
79655
51942
55944
21526
58961
2643
40812
72822
31903
55012
68617
27224
58231
29712
26823
15374
2260
91869
20675
8452
94216
65362
30753
58856
71018
46399
35090
97554
90533
38232
4218
91098
34112
15899
29189
84572
85593
5940
50419
80283
94576
43011
71302
48923
64647
20708
2904
40794
64324
79626
69631
93603
32895
64673
51786
78907
96117
5454
8176
37614
20737
32547
7196
46842
12696
18279
75099
88423
48292
11482
33877
55738
52612
35026
55817
81509
10406
58838
22933
87993
37346
42825
21764
37363
45741
99550
70346
76111
90090
2265
21623
54109
4108
47205
91945
80888
39168
93820
69926
2669
3046
40822
97349
29077
67379
68514
77357
37860
55594
75354
77153
13339
75440
98864
44472
66509
94442
97755
43387
79883
75286
40519
99332
47898
78123
95101
20150
26351
5651
90727
3404
41467
50759
46630
51470
4567
40652
31730
78785
81486
79707
4583
81560
48408
62138
40516
60942
38585
82357
52470
6993
70249
10949
46092
47842
58412
43913
31693
95799
32140
70707
24804
84300
95423
61985
23974
68067
18504
9380
40611
63435
22388
73224
38705
12296
63242
51099
28336
13673
16462
56640
73888
49369
7244
34094
11243
49901
74459
41407
47848
1537
81595
34832
5063
25868
90305
32298
78675
19547
22903
73574
30863
48591
69530
73469
79340
76827
81577
62998
90285
93101
60480
47295
313
57834
61728
17870
84313
47831
37679
71128
56459
72112
78010
86350
26604
61542
57889
52877
72340
64994
96568
42663
2986
12369
24181
41864
97548
5609
26663
81574
35875
2185
85682
90672
38810
3550
47728
36195
16624
85735
99885
27880
9039
19378
15856
33073
58585
28376
65368
27928
24538
77237
98941
83334
36206
86813
79733
13260
1592
23774
85658
29364
41716
92773
5547
77615
90395
88113
74666
94869
7231
95951
61036
9263
61922
89889
83650
50989
35163
34680
38705
48900
39001
2834
28421
43347
28783
19561
9362
46948
13455
24264
97134
99243
55395
93904
34074
17143
76383
45294
75662
82839
22534
42445
84467
39819
5038
7015
3157
6948
78125
29247
54323
44241
62505
89223
25443
49902
90954
47484
81126
27547
70409
26989
40337
87052
61917
88003
32399
56197
98045
97384
61088
76383
88505
32084
73664
99502
28602
12823
81959
22340
63470
91930
78112
94022
74924
30397
99948
88265
27039
40856
95336
6105
24223
72591
84936
33886
1329
40021
58722
84916
24726
43175
39640
24343
2783
5458
1009
83827
24661
56441
44298
5047
74360
22278
42877
98139
33345
8311
17061
33205
53983
16117
37593
99231
75434
92279
76156
88876
51075
97726
84665
24569
28850
28990
82641
54313
98279
50477
39889
2492
8049
82120
16321
58953
80090
35102
57860
93367
15549
59788
78390
79505
20848
57751
28580
6017
91502
9360
94160
80130
1602
86475
52258
17719
18356
2703
30575
965
31517
85538
80034
96606
53893
52651
5838
78069
74812
73900
46670
96499
16977
44720
59429
8319
15940
95617
98084
8383
59428
56830
56214
62321
9089
44778
66103
6807
42713
71635
10662
45948
18333
93071
71269
45257
6888
98009
49618
17320
43389
88841
2119
75397
26761
17026
93355
22867
90480
16753
9105
23910
50669
22582
96638
53956
43262
65373
36943
86403
34893
85715
39822
37391
98409
98922
17534
91581
73902
48628
10276
53422
49804
18415
1908
18033
16943
32637
49265
10117
35444
94705
4066
26440
63084
59469
80894
60050
6508
8372
80697
51280
41177
54569
82567
58829
19972
36023
24786
39075
2974
17914
29977
40260
8507
58367
92173
69637
72848
42811
32076
94409
67476
26877
5613
2911
80646
72830
4622
7075
66229
4706
84811
33261
43137
37954
20590
9023
46168
30558
8326
9766
59170
70007
77079
17794
30160
83727
59996
50684
70350
82347
1724
47660
8648
79720
25018
46899
912
3071
97174
77408
80182
27737
80551
74586
54366
85131
12700
99643
87621
26206
28748
67735
17606
20530
2846
79799
36662
1903
2121
32625
45459
20141
67086
90383
83803
25204
55380
28806
49928
2842
74805
68675
67898
28671
40434
9292
95175
66422
27502
36490
66515
21140
82091
8205
3563
91418
94558
12135
68138
32083
87567
62843
61313
49751
78212
85455
58388
19245
53156
18229
88128
76232
61196
46955
39032
75445
43846
40327
32350
27358
30224
65459
10802
88635
54899
12106
94181
9258
38463
95302
22271
26275
94647
78389
79160
81661
23872
16422
88592
90911
87966
78762
23006
40520
29604
57382
26229
42154
83106
66231
25734
45979
2429
89700
96966
49243
15760
25299
93528
21747
861
87995
57854
4258
9636
47586
68990
53850
99963
25286
43714
81946
75431
54131
85201
53014
39694
68048
63888
86944
96597
80354
99111
48430
12215
61787
3158
88304
63157
6664
78508
71354
46696
91769
18364
10605
48753
50525
2707
36411
25041
91943
83356
48162
77478
93616
67539
21125
57599
36771
93792
21246
24222
518
17697
81256
59117
41196
41157
92140
74901
86334
13345
69285
2419
90109
97273
83021
94745
25368
28502
52965
52803
31826
5346
54673
79430
46087
84368
69010
98536
86175
77677
14088
87562
7803
63464
4088
74547
38287
29853
30451
31640
31961
23782
65319
49882
46264
78941
15763
18989
90552
93801
67303
2341
40287
75347
27556
34604
60500
710
92495
89775
73270
56602
42797
18619
99559
37110
87685
95638
18801
46620
28022
8697
4456
29708
6034
34264
24479
21255
89244
14598
60314
37775
83532
82224
53907
60702
24385
64624
90248
86801
88514
11577
15449
59085
41998
22515
56489
78692
51298
13327
2531
22603
63873
37773
91084
40585
94838
89737
88059
51800
69760
36858
26341
88044
23006
60584
11829
92800
58576
73925
8956
7965
5377
99537
12490
88051
88597
71125
49710
14256
67320
11816
78380
53338
177
38292
27970
67976
65727
85934
75696
43584
59658
14062
17657
78196
12789
98741
40795
62701
24199
50474
86053
57431
69284
49453
72322
67039
51029
29511
18074
35884
14377
33064
98857
30370
12184
96831
53550
66555
4247
45413
20194
50689
87734
5559
35590
95269
48177
34273
87986
61305
42325
26339
87988
47232
45624
47198
40845
26424
33089
7790
98069
93534
50471
35031
9782
47082
87940
71284
13167
76662
26431
93338
80561
39487
86945
20649
79994
98037
38748
54987
1553
43416
56930
15617
57454
72392
91435
8000
6606
56573
65785
99994
65675
25728
92005
76585
3044
63030
2363
49460
50156
70156
58273
72185
76401
37237
48563
91929
61646
56426
72139
16398
59600
70595
13454
33624
76008
35414
78845
17435
4681
56574
47394
47947
68023
60585
68388
91831
20892
4942
85407
46169
92638
73260
5501
7506
69048
34499
50573
8675
29895
41833
68993
54369
59696
80392
74375
12933
54029
97701
62877
17215
43415
21173
56109
56658
5017
57870
31693
61639
47771
15548
16462
9034
37993
42136
73061
7573
78517
22109
85627
40459
17979
5286
44588
16888
88029
18361
20771
90186
53861
91249
38261
97257
44
81637
18282
9121
63094
71391
59077
14913
27295
22936
39155
57946
22977
37575
73047
65467
60861
64571
9913
10913
19801
58301
95206
99666
52611
16241
44556
27898
55781
60013
85459
81346
35704
76996
77950
79766
14674
87921
88573
73161
55561
97446
22056
21836
46010
44646
90617
82032
84020
73351
21447
31645
38065
46673
84535
51358
87347
85376
18301
96415
29787
8362
40702
23301
45929
36331
3490
63374
49843
95017
83444
48639
22702
86485
63113
14180
13601
33088
9827
35589
43987
67219
62054
62800
50178
37097
28613
74531
32496
66969
85349
19521
8570
42905
59730
78572
35893
38655
98858
39964
97732
66090
64735
91956
39753
68778
93528
92870
70528
35425
16424
47235
39815
31760
93705
54298
38788
53806
48995
59601
63098
88417
24837
84415
7880
80522
27993
58026
90991
62660
8443
91115
38939
16085
18030
60406
53535
46385
39797
27715
69441
22672
72862
41167
34758
57441
79805
60660
7526
24653
67687
53823
6479
29388
69752
5823
49305
29055
69119
34143
53439
96186
30992
15722
49900
80915
94617
16028
79446
8167
89686
98349
41484
48413
99512
65730
30711
71554
59308
25953
90511
61542
87100
75163
25564
56375
20892
93855
38485
75258
14232
78833
61414
75307
16769
43740
66775
38206
80128
99255
9636
7929
18608
43010
24507
1225
92591
34968
35261
8213
2904
13314
82718
11760
39383
97739
9428
14440
81158
24552
67069
17397
41741
58955
2842
955
72610
94925
57119
47385
12113
53545
99536
64730
51170
96436
57678
30111
81287
523
65152
54279
82000
78404
48353
39652
39075
84703
65498
32956
50767
8867
69828
83446
15147
69054
30998
15334
56807
99752
49677
17539
9878
68051
75398
62138
32246
54241
88320
90591
54567
76406
80198
82470
44516
1340
78871
4305
56407
70178
18777
3657
24194
88695
47916
27501
13373
52639
4922
85464
33335
77717
82586
70173
82822
58084
50365
69146
41686
49738
80106
42865
84499
43427
56648
53821
98163
38239
8205
92233
24265
16115
57649
42352
56902
41058
21517
31159
81250
6970
29655
41365
28485
1599
23146
52629
24490
95587
86868
32079
404
71868
11593
44899
24893
16579
3527
18880
44099
60631
86039
17043
54386
91259
8472
90080
73102
16899
62382
61306
18231
64175
54258
38289
68877
32331
31154
84929
53698
32754
46693
48405
34284
84502
40550
17901
62112
4162
30233
26686
43342
71928
79941
35068
48778
6636
5966
21632
43322
88734
99680
12101
24335
81287
68257
12219
87124
69160
11976
28252
74628
68925
13003
26233
86003
85679
89430
32955
99312
8257
48721
14857
99877
23958
56278
62197
98712
96864
63508
39830
56429
47605
97464
57470
45595
45674
89265
85400
15490
69869
39312
56380
10892
5268
45299
84162
91446
8411
88890
63408
73327
6997
97129
74134
65506
59246
48117
35931
46485
35934
36134
28622
73394
36484
25197
31605
16680
2131
42616
67859
24360
51847
34471
5144
17049
38361
16425
95629
70416
90180
63667
33478
95766
23120
25472
23775
59213
64851
22522
55039
93085
30021
76947
16131
38653
64213
33157
27930
24749
16461
14496
65440
12985
78319
5589
26304
96254
698
82327
35388
29316
45565
1167
56986
32322
93124
12803
13238
9185
55713
15197
28916
26909
8636
15788
81184
72875
65788
94852
32778
10531
42885
36675
9526
77156
81072
41211
82100
76600
47565
82965
29166
62364
68253
97199
3991
29306
38500
20765
73161
86668
20911
71940
55627
71307
73354
20417
75628
13605
95628
78923
34471
5921
76510
15086
11218
68148
65492
71399
4404
97959
95139
69718
95514
62515
13498
32797
75607
13516
45489
171
62136
345
67033
30171
38390
60666
45165
65846
31250
77566
59452
75887
2471
25196
98424
57986
60868
73737
32836
91551
91321
91481
70666
78161
205
65157
81324
85756
70243
73924
46969
23047
99562
59390
52721
34351
12197
76306
40316
91747
61738
74422
57757
48584
42783
30475
65288
8007
45622
73726
15920
30785
41510
30089
73353
2402
25401
39754
48672
27728
15954
64336
97466
67416
5803
79221
96085
82715
43964
6261
40249
17729
99008
99765
14522
12548
89066
29737
82436
47330
37602
1124
59070
7610
57553
34662
35624
42179
80048
42515
47235
98970
65225
83757
64839
76903
43725
1689
53533
55356
58771
83160
63308
96345
88680
14838
24101
22248
90799
85785
60189
3338
42248
67629
23777
75952
43955
23885
44630
58379
61216
98390
11651
74967
94441
95842
81703
9679
26347
9339
64348
93722
96057
53027
14215
30967
5403
69255
42527
95155
14118
96787
37392
96773
24061
99392
30696
47003
33280
6895
69320
96907
29679
57201
41958
55636
93479
28563
73304
77032
27238
18046
51418
54598
74968
64729
4460
5309
55295
4319
80202
96581
1621
23045
83189
51184
78596
16228
32594
79923
75715
84477
11253
60682
58366
48694
8582
73867
92393
12878
65933
11285
69296
89092
66580
52261
88020
74202
2126
39313
29198
68233
78207
71692
93746
3288
99884
80555
87345
87843
82660
67424
70897
87229
73951
28942
8645
70564
178
5230
88361
94727
82798
70103
53024
74608
72438
55542
25690
71658
43173
52251
93159
32552
52830
12577
34194
92975
32309
23657
87517
55622
15033
32533
56426
3289
75147
23411
94792
61778
83608
18901
58356
41651
80726
30148
91510
68600
22536
99897
55104
17953
51500
33786
45975
48048
17336
52582
60237
40863
32441
89102
33027
2730
11267
81091
88902
95603
24878
65207
81222
79437
91082
41409
9647
76756
59253
64591
44099
30011
33959
967
48282
79648
73742
25544
62959
6825
85788
14235
37846
87571
55929
92091
14703
99287
73469
94373
14758
52679
69207
97151
65136
1713
22618
66617
74427
92109
78321
24177
44963
95920
79143
39162
26387
3816
13917
73154
12801
50819
17264
3866
91384
34208
11470
57239
68824
32845
94601
92506
25526
72035
76207
42008
80337
15549
90389
13837
75585
41802
35894
52781
56404
21239
25178
3596
16374
71130
56886
40543
14765
73172
23804
51734
90494
21477
71966
15238
26752
41735
2364
61983
85270
59435
85513
63942
44754
92302
98599
63740
93016
88979
46917
46683
73956
41675
77901
89905
51568
8696
98531
86074
25663
3837
80604
25587
7593
84320
85153
75477
66350
22886
26251
93701
66378
16794
12324
57986
59608
18262
30892
42793
4280
57540
49218
47683
21411
57817
17275
38513
12613
92251
47901
39174
30545
97004
71634
88738
9141
49602
73436
77390
88763
4697
96691
5644
21910
60702
58786
31090
37405
42220
37326
36486
44400
80405
13393
17817
41030
16699
84667
94526
60471
53888
29196
64648
31436
58965
63780
28271
16911
39608
44941
98365
89009
88477
17305
81791
95823
33357
70682
76403
98073
5505
70288
92464
22005
43866
38140
45891
93653
85127
99059
55122
39445
83603
35287
43757
29375
89925
93562
25100
72576
44583
68193
92170
66943
91448
4492
25375
26370
37523
56661
76886
50711
6173
53386
70365
3227
7834
49707
59515
44868
36387
84866
57065
6396
55484
59229
66501
10041
78749
3897
2466
22527
21748
28514
61001
96572
17905
3087
28097
12576
97986
97461
67675
86635
67427
78135
80347
90032
67199
82697
14201
30059
82738
39679
32899
56865
23125
27064
94
33820
94842
75834
65451
80418
79042
88200
27364
81906
30488
74342
87862
33905
37785
96904
20518
34662
19246
12124
72384
7350
71812
93433
68046
94599
40822
88069
74090
85237
43032
95846
20070
41305
29979
65390
4179
29810
24453
14818
11485
28127
64766
31435
46459
47056
80912
62758
4211
92850
44282
21792
53855
17523
20243
43801
5683
58865
30305
3851
8024
10209
6999
68989
92711
9246
98085
47937
43046
77156
72695
65762
58246
30583
48353
73180
19087
61508
67403
88844
55330
95807
31592
58996
95218
3987
28095
7355
71287
74085
48660
94833
32571
66688
44629
62970
59667
54469
94001
86331
22802
38737
81210
91453
59592
18390
97394
34778
67475
95440
38479
20888
87362
3715
64376
89625
40785
29859
14808
75187
24262
4854
68921
33023
99974
86655
37603
43040
49636
53369
42192
72506
81187
30609
601
73823
32442
29741
38775
21829
94246
50312
52697
87441
64764
66587
7888
74353
55011
97606
4641
83247
55710
47585
16252
79531
96955
63833
30577
23774
26219
65956
18172
65286
7964
18129
39655
74273
5252
77207
60680
60733
76981
34945
96351
94402
50856
48428
51745
58859
57207
70078
40978
67385
31312
71862
37109
6235
58643
93933
17570
9024
46071
59041
53754
43590
57861
20561
24072
19450
89438
80243
94488
26732
67355
56315
82329
95378
43348
96757
22395
20535
30526
53373
66783
14962
45805
91963
19180
11860
93932
84720
73613
25570
3683
14055
71785
42410
25292
87977
85573
43988
62230
5090
55229
74324
45886
81185
96048
22960
85847
93848
746
54508
92735
85366
84211
77132
43305
62857
1520
80472
29915
16556
26669
29718
58705
29592
95256
50301
16099
26615
60149
12856
45895
40898
31971
4313
97582
24673
78570
61147
52522
51414
54435
44656
53634
65210
48343
44519
79516
92144
30657
91229
844
68631
52317
54639
59205
65141
64613
8325
80367
62286
15611
95196
17790
66007
64777
35251
27229
46117
52057
21370
19285
25390
81216
70334
18507
61983
95162
1506
19655
25349
63056
8484
48165
244
36676
25456
87827
83258
73162
13235
49458
14180
34087
68281
73187
37502
81018
82465
47266
5807
46710
24692
7760
16315
33782
54486
62502
54387
5363
19025
91385
60273
5848
36324
98680
76277
94032
36183
6582
71496
89455
31525
10879
42311
93573
64770
49884
39695
89500
69266
29488
65897
35413
53191
59071
48795
7421
39534
5811
28920
67449
73917
36869
29872
30277
31834
29594
24750
88394
7081
96963
57849
76429
48685
96828
56605
18274
15800
37773
17973
6805
49722
72969
62191
73138
67591
9777
7912
9768
98825
36188
25962
71705
6659
38002
87212
13746
7462
57081
18440
45118
61862
49462
68465
44318
60700
65336
93109
73873
91177
80567
81764
56459
48806
75681
33208
25749
96068
51978
26300
77265
59820
99430
64385
48702
13313
11166
50030
33935
60623
58859
5848
36443
18986
67786
45835
35493
30499
62943
13958
30387
53756
70760
43240
7773
75634
28573
46979
25796
66752
5277
83445
52333
4439
50692
948
59353
6530
68148
17867
30848
90121
7853
48503
19495
84286
43390
13724
47147
27726
36604
95890
9045
42511
63237
75257
69891
29989
69695
73281
61827
82917
65492
81925
70019
77446
17763
37331
38315
45685
59254
16333
96111
16666
80787
37983
15956
33002
73324
80327
43500
30020
42136
12897
2204
47567
20094
12393
64186
40072
35191
18151
15771
97476
71399
77915
90134
88593
72603
3296
2603
90546
38608
88117
75272
5614
43493
19401
89653
82725
16034
75806
48765
80520
85473
40092
58410
76054
48769
52721
55455
33418
9232
72658
45985
49538
53597
35369
55059
16588
48354
2354
56891
90110
3607
54645
84587
65527
10190
24131
16569
87530
26083
75603
98599
10221
90110
41365
91593
34242
50863
3783
52690
92612
5994
31361
86155
94360
6384
65581
19933
10672
35353
30089
81853
28490
50619
76715
61225
11437
95740
58458
22983
88854
96789
41377
77759
40393
2880
52945
83970
52452
11519
20169
19622
41937
61977
22070
51458
15727
31613
24802
23734
95826
27688
91478
29061
63661
67913
91084
26248
29075
20996
78625
83255
58042
64320
19531
36788
57862
35042
32749
65594
30509
55853
69338
20359
75139
97880
7270
98334
79663
13111
75035
55584
5625
15522
67539
66656
59076
47882
9966
18195
10382
33008
64806
11273
61911
70486
37688
6968
39809
5746
41320
18596
7550
55710
59919
65191
77456
64147
18967
80743
73266
13324
62094
73408
51885
34804
47002
40916
12488
81519
49575
85582
99243
47598
5093
29459
35527
8180
67426
6603
2335
6823
60047
72021
5137
75613
2567
55712
61292
49944
37300
68219
48947
48097
60378
79616
90542
61166
53602
89661
69183
34779
3334
46747
70365
34098
73905
31720
10181
11322
21834
71316
10037
65518
46679
72380
18262
93196
99364
62249
75738
26111
19335
83765
37661
57029
93355
1960
84048
96526
31763
50725
54716
16898
60072
9577
52263
36518
85780
85445
9504
41244
20395
23468
45976
12785
42260
34679
9396
63743
64742
11834
33261
27875
470
90113
89995
61346
22531
75094
34532
44863
4804
30688
50633
73111
47965
73866
5959
81377
77683
52449
43080
7466
26462
32806
4133
63694
53729
56696
86819
52644
71356
69112
99949
68805
13162
43227
16328
77509
87933
84296
61923
81481
80370
6649
87504
51995
45904
97922
19699
14680
45930
9423
22117
21305
42017
77133
86203
81045
10340
17791
31895
96538
14430
42555
2058
76331
97396
17057
75810
84195
21056
85303
36007
81223
52417
53078
52503
55869
90863
17119
4747
83551
15473
70469
35428
56808
61861
66571
89969
43975
54030
14782
99478
16304
26235
13568
67436
6458
11080
50469
53775
73771
24133
98138
35277
781
56893
55199
63642
94822
97044
48285
60027
15217
76463
33596
70396
17254
32980
12705
42264
12392
32197
88031
69051
76631
12541
20863
59744
19666
27517
56361
44994
976
12329
91846
77819
74347
66698
79646
90295
28423
53906
37994
57382
78674
67081
84462
50492
398
14866
26660
30472
41598
41168
52190
49966
1264
73478
50478
89153
5312
90937
56147
7484
28064
67588
418
20848
93128
55119
76790
82721
7324
62655
15811
58664
32914
23620
86368
6041
12918
4475
69465
77849
23185
22390
90967
86497
30886
50631
65892
26094
48326
90533
63796
9774
22590
91305
92643
64987
92119
95507
38562
24709
51625
63499
81766
27704
11020
60091
65626
31507
5842
16988
42865
26427
57522
68295
87324
24215
91865
49805
26387
2583
19862
99954
39851
52286
16385
86356
69726
26222
29188
30564
32929
24763
52243
31507
80652
8854
11803
43588
18617
76472
49271
30690
28535
4161
48301
53587
61965
8637
83047
5436
68758
22376
19184
28001
48171
45582
91746
79711
88107
55886
24424
45386
47184
95524
14190
1106
77491
46485
60167
31665
99580
51816
89526
71757
10467
39401
63234
30726
29380
14025
43030
9145
93013
53167
78426
81249
11935
30975
45399
75894
50566
97663
16090
63259
58639
65766
75461
18100
48957
71328
13013
74902
39393
67263
75854
84562
22618
85575
48097
11956
80184
45306
69067
3516
4032
7281
24960
80554
41281
74612
29003
76266
15696
99206
88665
10653
41867
17839
11321
76149
51869
62099
52719
21441
25068
36583
95182
58589
72017
80422
11229
86631
59141
64192
40721
99446
35826
38143
18111
9575
74473
32095
5618
75050
60545
173
43923
10919
43552
93871
58730
78183
95590
49479
10682
37207
11509
561
37831
48624
72979
41622
32453
82236
64557
73521
67453
29695
22855
85611
4084
32209
48664
66703
31806
74087
78573
12170
96659
98958
75447
10456
69927
67107
7310
88808
40786
54304
53309
31293
39072
98361
28755
98517
23381
25638
57211
69070
59347
40161
99223
70059
99355
73185
18479
71332
72584
29597
54796
21466
98456
83577
3478
21528
28384
55713
69274
55269
91776
20563
62883
35061
21383
66776
58157
69573
58948
53711
37788
2803
28143
88089
59421
13802
53178
46824
3280
23159
96014
45690
19976
2101
47861
61203
86779
5934
9323
6279
24513
78235
98317
60682
20841
13248
21144
44425
93852
86539
60480
58274
13419
88406
24747
24189
21837
16280
21655
41798
88547
29966
38801
69197
8687
22020
16874
81270
20123
97933
28016
3776
34314
89347
94923
75935
11551
69957
20027
73857
60998
52091
33743
10885
537
1010
94472
23008
69912
36164
36913
4011
64362
66797
21587
29440
85808
33113
30445
59590
49498
32571
17135
58695
54397
4708
19210
88183
15879
35749
1673
20266
20610
86727
29003
55559
97046
12469
84480
47268
30890
22299
44385
77530
28570
85441
45030
74278
12592
32200
9680
30000
76827
82297
72137
11169
51504
85311
24817
96251
18036
74868
22138
3052
73987
10673
80682
7111
2283
42311
37758
90977
41490
38348
69491
69837
78358
81069
97938
55491
32316
60349
71017
50251
71378
28713
15213
13437
62231
26878
82759
71172
88458
87021
86604
6336
35161
7395
9003
10150
52946
23718
73091
6522
2796
44727
4942
50049
88055
82441
33312
55494
99671
52741
66312
88053
94302
305
6468
9304
4806
92816
7058
92617
23138
44754
67534
63763
12187
5840
90921
66940
23935
21585
66662
48885
34574
1510
25362
73541
99584
29174
70313
61164
80929
37695
7450
80101
54902
50946
64730
49361
6616
27636
34343
73029
16757
72978
9582
54086
91905
77009
25813
45263
71889
90692
65345
86800
42801
33862
48387
4531
43962
4421
34275
88974
67151
49744
43417
22899
3099
33234
75683
46532
94161
42748
92061
48030
42721
9293
74834
9826
91665
16410
58351
4732
80733
92392
56637
95426
50787
34888
25917
4750
75506
45626
58509
93266
33466
2000
57100
8375
80590
98043
7663
53939
16095
36667
90384
67464
45528
34467
10086
23697
8079
95954
53259
71237
8182
6927
58825
12425
47752
47876
33154
38574
95342
90657
71436
14017
26711
89347
23197
51880
32384
82016
42574
30269
64681
31272
65668
87563
72299
81696
53985
33887
54182
81532
75805
8482
7505
50422
47588
82201
50782
88728
33712
82292
56806
46453
76381
16340
7924
80187
36630
87739
88002
4485
56654
93499
74929
97699
4637
37577
89149
15335
47602
67898
45825
78244
25835
90968
51110
61159
86502
62924
70009
706
28475
61111
1610
20212
30956
57160
20806
26298
8147
41319
63256
63148
10069
1677
15702
70323
44164
57259
55079
70696
42004
92948
54536
42130
3121
82581
10581
2406
41129
69897
72350
32186
13535
38426
40094
38
82205
91027
77580
32998
8705
95447
76443
95013
21937
99116
65314
93220
80690
15054
29971
91969
52008
68592
44421
63888
33359
14916
78886
32649
591
57714
91862
4009
36639
8843
36965
35193
31754
82658
22740
60120
92885
68737
81102
56700
4909
31907
16035
16150
96936
49454
49081
55733
49884
95072
65403
88062
34972
73322
86689
45154
75613
76783
41541
91948
12231
3299
45708
65061
27515
88172
37257
43028
95361
37519
83091
15277
49951
48680
54573
19132
56268
10897
8270
55811
49451
6216
83455
5879
76807
67538
80257
88586
57267
20395
18920
91545
26339
58142
74039
64162
84180
91032
34106
48741
13162
46339
29995
4872
58296
81315
3397
30520
84756
52652
56296
34020
58188
14483
57282
40107
74112
54786
69034
83229
2331
28464
86711
97924
37749
20076
83949
51393
98778
64580
15684
97101
71119
49491
39946
68562
12287
46290
56594
95001
44463
66114
24781
50701
97920
50766
75800
61910
62425
9786
18469
76696
30857
20763
63184
26893
99785
20836
58344
65050
19201
92155
29173
4514
57408
66798
78897
14469
9919
47473
39264
11568
62096
6676
52845
94221
24408
96368
25992
99690
85543
30791
42416
44825
52062
15293
35938
15333
14826
2980
39892
47725
43218
61314
26242
51001
29547
45820
9417
85106
22133
934
7615
48527
23669
70201
75331
61850
41040
90888
53640
71359
2371
87428
85576
53694
51354
29884
49897
96579
67998
68599
91412
41005
34723
63558
67023
85257
85295
89286
24197
93180
76832
1160
12033
4621
19449
84127
54441
99808
6818
6011
74574
63354
92240
86907
65016
78636
82015
12466
58462
65625
21446
25299
3532
18243
859
1553
94553
64585
59356
85895
12515
26855
36687
44046
46493
70748
59059
37359
52519
20078
54237
43700
6522
95738
32126
32667
21798
14812
60795
9917
29333
87526
90514
64827
8750
1098
27647
18854
60141
76687
31159
35496
60891
3993
46246
98492
70980
82326
70673
69297
18929
27225
96316
73621
16307
71722
62459
29789
93531
27685
51784
32934
28493
40488
15503
46482
52677
29765
31273
42632
42625
98888
2401
99105
79725
25135
89280
93505
28806
7005
62014
53187
89414
67211
54915
81703
11840
77594
29498
9573
98760
11272
36998
69406
3342
60535
31682
94508
81749
76209
52310
51558
6666
64680
51907
77838
46406
55038
83588
33512
38273
92775
91797
89690
78076
78517
44106
97469
98191
94498
39742
64824
82038
70009
47203
98197
45029
8423
12244
59842
12019
13252
66720
71040
87998
12454
37569
51396
23991
31917
51595
53764
27466
2622
25391
82153
13927
16719
73902
35635
98082
73280
57671
62164
13950
50866
37794
64395
93703
67568
52082
84048
33820
62551
98125
56780
34074
25497
83784
88844
61636
34319
34972
8107
27640
36029
71740
26527
32478
48739
79680
68732
92314
23775
49567
20459
3783
91660
47180
5068
55094
73646
56374
72684
13950
79668
54376
76152
60653
6884
89951
95252
26017
22869
83750
39652
85984
24820
76790
59828
4096
10483
8828
19165
6718
44933
86883
21987
99812
33738
76574
19795
33183
8077
93479
99321
64291
79289
85630
25412
27531
82447
18515
15038
67554
75703
62109
58373
64679
90549
97888
30317
4160
23709
59061
19046
80327
53090
58628
76045
24011
4928
17266
66548
59342
4477
49484
17883
96055
34531
57419
5330
44186
56218
77715
95169
41013
78576
77467
56455
69721
28261
28755
38252
85372
13183
25493
66576
62621
57855
48510
70229
43754
86450
13026
94916
19987
925
94432
22777
97660
80621
71367
14004
74077
93361
72847
78267
29699
92401
25765
98729
47936
51233
54856
38505
66527
4958
62192
38019
48135
86990
3718
44714
45156
62718
46726
45975
44513
8070
9193
24191
42955
24200
17273
49659
2581
53741
21942
65045
20668
85102
16208
80886
68242
41921
3139
21914
73256
62173
50667
36413
71118
38790
7125
64783
98680
44623
62705
33369
1818
65875
45789
96406
85948
30236
86718
27626
57916
9977
90922
88638
26667
63570
80492
57245
14461
30994
76177
19023
85483
83451
25040
14282
75193
29571
82330
11325
63236
37678
78607
96074
97390
41353
73798
70180
48924
72869
8218
43480
25756
12143
55627
95801
50418
59599
76614
19680
28409
18737
88283
72397
83358
39435
50537
69636
69067
52642
38342
5174
96812
66971
39867
75973
77149
63432
49006
99526
66143
8511
72328
92210
50744
63095
37788
34785
6399
20534
55891
64386
36719
41554
20434
72536
95088
85603
36609
78074
98536
35231
98603
45610
85026
59389
9694
95770
1689
84963
10778
38453
7458
56624
58740
50723
49385
10713
37446
29266
32375
6358
2034
80088
93803
36774
36001
77043
62618
77866
66546
43101
13822
6342
30101
60974
86053
40271
43451
99355
36828
32638
2281
75106
75458
20716
53861
72722
34007
6287
49790
61737
64826
60944
96432
29132
29011
55797
31086
89425
73141
30684
39450
62090
70460
99794
77144
6209
39284
58422
40383
68305
18735
43570
87376
87019
88815
7173
47085
85111
95307
64397
95667
19204
58622
96765
81256
52717
86451
62449
80231
2437
58474
44050
48826
44631
32328
64775
41343
68471
99800
55114
39928
40788
9469
5315
83992
80709
54993
22375
61165
94228
86401
64655
67111
95964
4695
61242
51095
50674
59919
17869
7486
92583
63004
25126
29703
36333
50181
6539
3461
15062
56900
75149
25496
41981
1380
54119
51190
91568
22061
29465
1796
22463
11776
95599
92159
4373
20599
66643
20868
8468
29669
78870
60124
8803
97488
40343
62959
97433
4311
71497
16923
77563
28206
52651
54857
30058
4921
2523
88560
76935
86863
19159
22369
98393
17182
18056
39807
63141
46841
34265
65158
87494
10291
40839
15738
49497
21813
6736
2778
37966
15698
8500
2441
81602
50222
31903
84028
81794
73493
85259
89643
90077
78965
65525
60862
59937
78221
97847
16944
94552
63779
22035
41146
56571
4193
82054
58696
17327
74794
31274
5214
77812
21475
27274
12084
81914
74154
72114
99541
34132
91654
44906
88770
3166
72105
34187
10662
39773
54858
96570
30458
78240
68904
83381
14008
78988
48459
430
90535
98144
4380
74936
76132
31171
85967
94505
79725
26802
10732
83713
25176
85509
83822
78698
64551
97066
11676
9349
73378
7181
99080
55397
3793
51437
2138
46633
51814
37462
23333
39186
66502
49131
5894
11174
86365
10580
15991
40599
27202
87106
3759
92365
94639
41308
64515
73996
16041
64466
90479
70639
88347
20992
52424
17307
86595
91877
65953
81330
78096
36723
83695
5185
51082
8549
83337
16776
31737
56479
2672
17041
37130
48232
84903
18486
82399
23974
676
37599
91960
50949
59275
36813
36568
23984
41846
38179
33913
60521
28486
8241
30087
80923
65259
85172
22929
40317
36113
97196
59251
45767
63233
95478
43758
62717
61096
64397
29318
34133
69082
26916
38918
78951
65529
15725
37467
15471
76102
34610
90681
42710
62315
94529
87060
49940
80502
65111
41653
48161
93476
86405
65013
61400
39815
80647
26888
28516
57471
28591
20068
50421
68303
94275
23076
42276
32427
31135
79560
52579
94256
38390
22749
24749
78174
10900
83083
12611
94962
97460
92082
22005
94189
79958
65857
42857
40859
90691
14354
98833
32134
26701
98632
9136
47277
84323
96329
12295
3473
38403
79014
9537
30121
77972
13791
29700
96841
12450
22936
2984
56483
44960
57493
67512
80200
30558
12970
85701
53611
76715
13627
16019
25112
64236
17639
89211
2395
79241
60259
38828
99724
6547
79228
79901
15787
51862
5383
20805
44687
82436
89530
56845
22051
10236
25291
80892
7342
28629
37190
34147
59837
86832
95418
15531
67209
33830
53801
61216
23142
64084
6582
89994
87471
3899
33840
14273
42856
11808
90246
69126
89940
57234
97375
54883
22831
97724
10783
5488
67902
29599
91364
61547
88931
39647
76574
70169
9315
85080
580
25443
64361
75140
33036
89150
15037
46608
89010
30128
98829
73132
27352
37648
9013
64038
63310
80204
42523
67828
59321
71534
44659
75489
37604
54993
37449
8796
59363
97085
82925
68904
74424
2137
48935
24887
39046
72764
69083
33800
26595
46978
71891
95857
85973
38497
29825
86551
13303
13767
94573
97225
7439
30526
14434
91498
23146
22806
79459
92925
86024
77850
84188
18343
45534
576
99555
70755
86900
76834
66380
12157
86106
75116
8916
26813
95653
72653
35667
83321
51557
50533
33106
25629
17470
99819
5293
98836
57281
51184
72889
45010
22852
18646
23809
98770
58381
11957
58290
65710
89946
64993
99702
60067
86068
43935
19374
40693
55564
56582
85889
34381
32354
89659
1056
72402
26023
86833
75640
76094
68358
83204
91316
48856
63145
83770
90518
79317
11563
39023
44259
53767
90678
21982
93112
46741
34256
97676
75892
77956
57384
17849
66591
5010
67968
26581
3001
17421
74593
4768
77844
68761
96867
38302
99619
63368
6634
56048
53496
98314
9114
48391
10233
76018
79142
6397
2835
4150
59220
22331
70959
84523
44570
65593
31018
44855
3983
18839
25024
77328
32708
87864
99532
43571
24450
95060
88123
65644
19957
47592
11744
33389
97717
41911
65805
70694
39693
22494
67800
36074
82165
50248
94044
83969
69299
86749
15367
72483
28753
655
7382
59644
2745
62387
8893
26855
47093
78203
31692
57865
18824
24285
23283
73970
62906
33353
46968
63019
7770
31084
8751
37226
89320
69694
570
11473
76929
7076
26939
79947
61682
90117
56767
95653
68575
1794
46309
23386
80851
55985
45058
6113
95364
18372
87777
11302
91832
52209
60016
19422
2937
17348
74370
39885
71992
53184
62727
82457
36561
10705
46759
17384
45980
77063
72878
18646
69075
97978
51236
26751
26754
9678
89262
11713
31281
73600
47994
43601
42497
82445
22121
20644
87647
33219
67815
29316
68829
62983
79769
80141
11064
44783
83564
57931
96896
84973
38008
64555
66728
40111
55459
27464
49969
99668
79789
1871
77381
72399
84359
18070
38196
91772
65889
34213
77134
37704
34681
21640
61872
84033
75566
97147
15587
79072
76128
90328
46673
90
36587
84757
61670
40167
70623
60459
86374
21522
72634
79509
31338
17819
9296
68911
83099
19877
22869
29024
59809
65761
81478
64927
73218
59466
37335
32495
75259
86213
8613
57468
88135
88669
87273
17522
64344
5742
48017
48460
14363
11543
5909
2659
292
36142
10178
181
42067
68203
6881
74651
44544
51358
98444
85804
45878
40956
33220
11346
72642
90083
87336
40028
49935
88138
53054
55194
15769
77453
89516
42202
86510
63523
50035
60027
14823
29664
21763
31009
32824
48870
32186
97026
1957
62383
82131
38942
10258
38821
21971
34983
40617
57981
78909
97501
80448
35751
94036
72162
69706
16063
52802
37351
83803
95116
26619
92431
12908
94093
64906
5057
42044
9185
93849
11865
74298
74914
83847
84104
34458
28420
23734
43469
93496
99107
96583
65932
44051
25252
47731
97815
9270
76551
87129
66514
78952
15183
92233
74460
65765
22982
79574
18926
30672
99001
96763
71622
14795
12066
27255
80292
76523
33186
59049
55609
21386
21688
63409
16283
65146
83168
98298
3046
18772
1247
58520
25695
10865
5129
85842
58577
20218
86918
8709
17583
85643
55021
82872
97105
40931
70896
60551
63139
5524
98380
66999
57056
35408
63382
49570
86562
84713
3629
89788
38625
74632
89757
52505
91007
80408
20915
80457
36829
40475
35114
88354
74936
71213
34646
70423
14491
1919
75985
41927
42792
16032
21483
50907
22599
14697
64627
12734
19942
39711
76994
75976
48030
88326
2204
87039
29687
90229
97932
95220
86659
75279
21590
20183
54454
83824
28921
40246
95691
34356
24375
86131
86084
80229
91353
60314
17511
71389
76448
50505
5803
52284
62843
50508
9875
69494
53739
33770
97629
16116
95396
66626
76845
69151
48514
68478
97395
96584
2102
84310
42380
14793
7050
58693
940
49769
71977
67026
36417
83829
98031
5702
41823
5470
27353
56169
75166
73141
61776
23631
342
5416
3454
12057
3129
56561
40044
89147
32569
54102
15125
67529
69646
13907
41638
76548
78434
74545
11412
99448
60464
62939
75603
63524
72814
32563
73463
37577
1642
52244
5439
85364
20610
39323
57296
97667
36731
96616
13131
92396
48025
2840
23260
13886
68530
38758
22195
47468
31272
94019
13270
71255
58759
97654
1591
19201
48160
69883
37731
65494
4872
29495
12790
27275
41958
41461
83217
59719
86964
7301
64916
94106
75709
94241
20312
18734
4409
66988
34696
8001
98522
89917
22139
7027
88097
95443
99801
206
29300
41975
41115
53383
39729
73479
80157
51382
77857
17686
50998
6712
54128
37751
26030
78658
78605
28070
46539
78113
72982
95920
58999
46304
45883
15126
52429
29145
70550
29353
96423
92853
33280
21112
63258
84816
30546
60907
67744
50527
82788
6562
86634
99519
71408
38755
78271
32726
26669
47648
36119
84756
4871
48727
96094
80659
49552
74934
80450
66929
28967
24765
58071
21451
952
33853
2341
35790
6009
27432
93985
46592
98535
69777
73317
18333
65600
8722
16261
77574
38725
4926
55104
16191
99239
85359
74756
61268
87287
66780
78613
99143
39773
37766
10326
85666
89583
6266
59861
35663
67401
13065
90020
77780
54840
29484
83120
50557
89961
82748
69348
83335
89625
11656
27019
63961
44700
39527
86053
48338
39058
19529
88377
7566
33924
75613
87021
18229
36793
98676
5757
71718
10626
12959
51922
82948
97994
6421
43677
82171
51063
77950
56340
74790
72727
42155
74382
56561
64961
11365
50450
19156
87719
53281
45237
55240
42546
74708
57444
7783
95480
55041
29137
3799
62179
80702
7516
81494
54246
2196
34330
84370
25780
27710
75478
71293
57222
88372
96449
31236
22832
51693
20389
7119
11727
1734
98701
93343
94532
71476
33292
34149
76550
70411
29416
40131
97405
28131
87578
79323
8333
84907
16734
81225
31385
83376
69215
47803
71549
74132
29348
16574
84462
69522
2626
68489
17455
95294
76934
9897
65340
42649
46545
57984
37294
70676
93245
68387
3711
24477
10296
18948
66280
96720
11747
67949
63152
33436
82616
96041
77092
4399
46387
49514
32355
69258
39186
98058
45343
46346
17128
92588
3843
16653
29738
89554
881
38133
88308
81881
18762
33452
76951
2718
89469
62820
50869
83077
15079
35228
71473
40542
22374
80933
92335
72542
8575
13369
79650
71388
51436
51854
96178
56755
56705
60320
34996
32465
47829
84942
7316
4234
30504
80008
30916
63017
3444
75179
47698
80105
94059
46984
84773
37061
92503
92770
14993
642
27242
39628
91913
22820
10249
36847
98300
82166
43075
13204
37171
24668
81576
100000
39830
9336
23409
93103
65294
37364
12071
40572
23394
37419
61722
51907
29473
88320
2789
57753
62422
17274
13861
66521
96395
56183
19206
15292
72373
86242
75418
13363
54170
44268
86250
17951
52392
70023
4034
95696
9353
9700
48821
32369
96949
94891
65728
98835
41086
6838
56008
82640
34114
90469
86416
58604
48978
46229
48650
19865
50541
37822
64860
84411
24065
44471
42800
9222
94167
89562
67755
81192
27031
83069
25226
15704
39340
73439
32118
82642
47496
34894
51175
36272
90486
87925
38428
20802
25920
57473
12123
56651
1670
99863
98701
98533
17835
97284
16410
67266
27067
77412
4758
49613
95839
37390
73109
95836
20575
32193
90130
96168
12186
12379
63393
58298
59082
8718
31854
10732
25112
39422
80361
29805
88408
68912
44855
20851
31369
88640
95435
86615
55560
70383
43944
48730
92629
90248
82588
11862
52802
30851
4069
49870
8362
90330
24313
30556
69000
78859
79480
47962
87931
25453
38759
54566
68227
80699
72375
49428
57100
38297
20267
14633
26226
25491
13025
20236
80383
7810
72166
45060
6969
21652
36524
21206
13021
41029
62128
56100
13972
28356
89375
86919
84205
81124
64775
32509
69505
37858
97617
11027
87478
2652
66399
1329
12379
92144
27975
63772
78101
24238
82034
76757
37280
66952
82834
50510
26099
97167
53180
20709
51909
29651
37932
68847
33378
31974
48213
5264
86693
84305
34709
91531
75264
77629
63903
68809
4034
24720
10818
31922
85669
40696
97331
27287
38778
46674
49219
88331
46779
79383
9770
8068
37828
44973
45597
17586
9568
2602
25229
25857
53148
61058
30376
4708
54380
64449
58362
40429
97980
2059
66079
62620
8897
19799
6322
49778
32932
26675
43524
15104
16
25912
57157
38532
39742
63787
25087
57695
96177
19244
41237
758
89833
37203
11243
64340
78198
27814
92578
12075
49390
68078
19491
76232
48121
89396
58433
82050
49501
28772
103
52757
16792
9831
19139
44420
80575
64745
66782
80374
47945
28888
73960
99277
62249
6623
14836
19750
70352
95446
77706
58478
7034
49562
80562
94543
26820
26093
97977
8979
66906
51259
45071
90629
28925
58703
62535
71172
38541
20017
53294
91918
88698
26760
10786
82953
67661
17015
77794
47534
18096
70423
92007
84204
43093
47001
76302
94745
48834
93329
72350
37105
99610
38454
51297
54038
97016
44020
5802
40668
13344
97221
92558
13347
2259
23928
12831
9013
74578
89506
42605
20131
32432
54943
15330
58246
92943
75871
68808
28317
78146
46391
86073
71009
5118
85874
40212
62078
23219
56316
39707
66596
11709
30073
34883
22540
21767
80224
74090
73820
68641
94179
31721
64789
73638
67602
40333
14312
90893
54776
93259
68830
10751
28392
83026
45691
59266
67773
8172
32851
53991
51489
23177
55920
49557
22921
95687
96455
65260
55611
65392
49798
23544
21997
37098
80458
32662
3768
50096
69508
17593
25877
90315
94226
79668
59854
57060
99679
69274
25135
590
40663
8732
56515
42881
87532
27069
62123
84718
8238
12175
51082
13302
42833
79454
42419
87906
32258
13525
90252
63917
20745
25880
7947
87241
60067
41668
78467
60794
77435
1557
23521
64142
19309
65849
10321
75860
94668
67702
39707
34911
63609
23458
11304
3079
32697
79003
626
49535
40896
63461
33581
35447
14151
58316
68932
77955
89511
24678
27168
36196
79194
31341
45250
2086
33664
58394
67123
92095
4239
14094
67751
97529
78656
16075
45341
1501
14016
54967
97777
74524
82302
38494
48989
65866
56678
56618
83463
84267
37324
16237
39140
94007
12851
25048
76318
97172
68134
49077
85207
17902
6162
58647
28109
91024
97835
5047
94401
52865
51991
21539
20641
73330
70900
61103
26592
53863
12758
69002
14523
58746
32609
65250
10768
4272
79831
785
30930
1623
53096
32111
66428
87204
28336
51000
74638
18589
42538
21155
17827
64423
43827
12232
71178
31577
49610
2808
83902
60381
54966
26533
95947
75195
59819
42076
2675
35493
62426
8928
82776
40313
73122
80188
99198
65848
45433
46169
59768
42915
50890
11138
92236
6334
52526
56054
35305
37028
39784
63601
26164
30417
64565
61255
33920
28332
54484
5461
71609
37142
67506
19594
64212
70444
29006
45124
70060
11467
92458
94118
38151
67878
92966
13336
55450
46824
75031
62309
28600
62992
52137
39815
98988
41762
50227
59993
66811
47976
37916
13406
80254
35570
68081
54941
81560
8970
97482
34315
67721
70601
54915
37316
81149
46404
56397
99772
13894
97118
311
69833
7364
23523
9677
59183
71356
65171
30116
35759
83484
94534
32373
36039
63275
25735
71269
87803
11263
97167
92146
33659
24691
18752
30914
56904
51640
74200
94497
30087
81414
58916
67499
25565
19281
43713
77504
90644
19250
49368
11509
91090
69722
6386
63692
8317
88728
88405
58843
46823
75998
5775
60701
43850
95397
78340
28094
26722
19629
5048
7596
90273
68653
72257
92470
62790
46291
16228
1873
24574
91023
79280
84987
58716
41850
25193
27014
91189
68425
95304
38777
98396
17455
90092
53669
92810
25599
72123
79069
66888
84767
786
59930
7591
11289
17036
65857
87646
80997
26643
67572
8387
83410
2191
68796
6327
72222
19453
36901
42887
87545
75626
87822
24774
16569
92062
45211
43837
30643
41269
376
45171
72920
92373
23182
73830
86357
48782
37428
29045
61983
5173
88988
93151
56939
27760
27109
4698
70067
42699
76920
60746
78502
4196
43827
54391
27111
31013
37358
63185
37601
28438
74807
79884
75219
42292
83347
62911
61215
4932
41473
46287
64816
8845
8909
22684
68128
41571
46335
23027
2016
34053
49984
52866
71839
66544
66253
39582
92370
68731
66284
31612
15677
16748
5248
78873
55286
2192
14023
27775
37657
68537
99151
50225
70264
24167
23347
42294
44592
20792
11040
58537
16711
60737
2248
24866
18551
80462
15328
99825
46193
20352
66898
12839
50576
36360
39139
36305
84877
73791
6709
71758
8357
86927
322
78937
13250
90432
12070
20219
58081
90894
5314
20362
96419
33844
10121
84976
35239
97236
50625
40412
51163
62109
67485
54842
65484
19843
48199
63150
8299
25996
16719
77397
55049
88111
34400
47797
17926
52917
28974
35111
72798
71351
83878
14887
21755
70257
85128
34528
23785
55605
4054
94826
51003
9205
91566
92482
44307
32128
77637
27090
81682
39135
51529
21690
50643
77423
48317
49950
22264
34081
22137
43074
8850
90043
52149
25410
47301
38201
91181
78148
20528
30137
7935
73992
78438
68422
93516
82588
80251
51227
77539
80192
1705
191
94572
13381
30810
48329
85764
57814
66014
69042
15688
63570
48302
87589
63159
63240
40391
37945
23862
14868
40418
31142
82499
93977
1095
23677
40752
30220
84405
38516
90750
55920
87180
56582
50452
42209
61487
15567
61784
80726
38727
16007
63289
42988
56947
16132
60073
92045
26957
75367
10577
54459
84452
65689
78463
15605
1543
36530
19810
11026
5642
59791
10334
49945
70854
39700
56169
52415
11968
87498
54733
57272
20276
69735
91923
82228
45831
74412
38155
74240
39689
87031
65776
94501
48365
89714
30417
7794
71132
90320
38628
85232
7166
24787
71641
38969
5718
98201
71142
32331
37842
62658
64107
65965
36391
45291
28426
31098
97946
15672
60874
70085
14525
10057
71636
25734
57637
63614
27024
32142
31105
15194
85741
23993
20687
31801
36615
37733
53533
94136
86599
46640
74847
38393
73231
11511
56437
16461
50275
40908
85602
2328
95360
99698
6331
59941
71371
89554
45274
76331
72893
49150
93247
25923
72446
4232
76219
75253
38769
55592
8046
71252
33196
71471
74717
30202
23009
58543
6356
12740
84023
89557
12651
8058
31970
20372
10386
92347
65081
8583
94525
28949
6374
54427
88254
97620
32453
55632
89306
62569
50101
45807
59926
98788
81552
68176
19781
91681
73277
55734
76221
46786
31287
36751
76886
89589
48461
97145
57012
95119
11931
14960
91337
72683
53610
76038
5103
85485
732
56579
73519
46534
42640
96517
8587
34993
18244
48644
53198
78329
6652
8507
29790
24612
78353
84923
93849
10370
25087
750
51094
57473
54904
5456
8255
24379
4412
77216
81747
4730
2982
25064
80369
61491
63872
5601
69767
23849
78379
38882
29816
88461
54063
77255
37373
48424
39883
14854
56186
85327
9100
70195
6754
42101
3440
41975
60636
73202
51388
97191
31221
91039
8288
93222
12276
40460
56546
87010
59909
19450
63414
61960
39565
80874
94025
54416
19239
23674
65462
8590
81081
40161
36364
37211
28858
55932
26430
82442
61617
60961
47687
84199
98421
38667
84914
43976
38762
56503
52682
43669
2510
79639
33316
60459
25676
9845
27437
768
35369
89676
12592
95853
43318
39843
57551
83451
46836
98810
72317
99808
49696
23545
71451
50544
4793
4909
79268
35780
21390
44099
79322
25579
86748
24142
85611
83817
98416
96184
87932
99150
52381
47371
80724
44587
80377
88360
52420
71916
10746
87245
81654
26508
75435
90820
79379
40821
2099
70543
21601
66785
28091
40012
44324
56577
96185
40242
85635
92581
16744
9595
3449
56390
63051
85802
54300
30140
28127
25452
44039
39286
13790
48831
66860
50972
65608
64038
72382
35547
26449
48572
34009
39256
91075
99228
6632
56717
48149
82476
62474
32746
34995
20194
97205
95928
1407
5061
66130
55232
87169
7577
64028
27936
52007
9110
82888
64261
54989
21809
63590
2455
2467
44307
15595
70141
7133
10911
55713
19618
78923
8880
67980
1066
46288
42923
82513
58220
32282
52714
80158
33027
19369
37097
72170
44381
19667
72149
96372
42606
51520
95926
6075
32588
31157
62922
66806
42695
9358
85065
75239
3246
86557
77993
23155
97145
6308
24772
12717
36903
95812
15073
23494
78345
38419
96979
87375
47029
95608
1878
29878
63582
17122
94688
73150
29679
49705
48746
51126
76343
58083
6238
9133
41408
5054
63833
21217
13699
24942
17042
55039
47475
36578
96176
76962
68631
9431
44809
55291
31391
95788
94017
20217
45540
41852
37954
26482
5300
57033
69248
50352
97800
31995
44962
81110
25516
6775
50975
46535
58301
90026
79051
78384
65304
66968
7146
30517
83370
99529
39512
85632
62366
90400
96580
71228
40818
41427
37181
62810
47344
14021
15744
80648
30864
76522
10930
84894
56596
68690
65475
92189
32352
58565
73663
31660
98749
4210
46766
33885
17177
57150
63600
83917
10187
12372
2204
23258
79981
9359
67647
71019
66927
70858
28242
56211
21832
4311
41567
21702
22140
52214
18765
90297
59463
46663
54606
81083
40186
77526
82100
50415
77423
90841
36779
8089
36012
37251
97670
17047
56237
8333
66308
71515
92541
66176
66989
43307
9413
31703
24585
46743
70970
91372
33905
62883
87230
87853
19947
31308
6229
96411
24762
27047
29734
49883
14689
10822
15582
7063
6699
76242
87531
66472
84767
50426
57036
87373
82861
69156
80958
29374
14990
30142
83914
68747
10273
66268
79261
67572
38274
71137
30063
88787
97830
34423
48699
66411
90093
30427
57591
98492
23521
3977
68385
34945
79803
91189
78144
88749
99785
64376
21145
84526
39909
33582
68569
20457
55487
39972
63075
20269
12389
52292
40162
29166
96120
52444
40997
58720
64608
20188
47428
33976
70281
250
48765
9711
95814
20028
98314
65864
14870
8538
75218
27910
15631
97084
28070
92082
5770
29625
81829
57335
26147
68759
54161
14248
18921
94273
19325
85132
55787
48701
28327
12508
60
86817
93251
19367
61046
84817
90020
77177
55034
98408
3299
45227
61390
37582
49503
78706
84815
81392
33285
54595
97004
90645
71278
58496
69879
97765
27495
94826
22477
73282
72614
9098
58193
78983
43621
30809
12797
40615
83106
43545
17182
22796
98775
52423
80075
9855
78284
77659
86515
89278
41921
15638
83439
56594
72205
4922
54566
34686
76462
90849
757
62905
36371
51713
57122
45855
31636
18792
33193
10001
96150
15448
49569
79753
9079
7087
46210
50513
24962
19615
47344
29410
93235
47644
33625
15182
25396
25576
28759
75430
64203
36858
87018
56134
85296
31512
50504
65642
59179
28003
69753
51514
62398
99985
3625
70134
27788
87259
5412
81850
64920
26459
73106
36791
87807
83090
44045
14001
14556
99471
26358
37279
99290
57696
91512
32315
12968
31160
7581
99814
67554
79472
14071
22563
20925
22942
76419
97
29794
47459
54833
44610
37409
40031
9858
57977
28973
96385
63356
81645
75205
22324
55760
70598
98376
63157
83562
76751
9060
75550
38023
73941
48203
73634
35927
75674
86604
98459
72669
18995
48583
44513
14632
3005
15063
78937
34597
14239
69181
40537
99612
95801
2032
81932
25663
28916
80971
58929
1976
20138
55749
83730
35624
28769
36104
68468
84791
45939
25221
43259
21473
376
80458
31398
33418
65324
62665
79146
75128
9532
8617
32276
55291
75993
55336
76396
54920
29978
66711
13384
61212
70791
45589
46318
38010
94219
81433
75455
87576
38332
20222
29679
79902
52927
59214
20629
19962
48721
55465
33059
87327
18276
65279
11541
64698
89337
502
12799
49105
16525
74873
48876
69693
92106
87087
93606
20200
51628
90058
90053
87945
8683
98110
5802
4575
97268
13483
68240
62098
13443
11499
46628
78618
96385
9704
73360
62811
3726
1254
7385
56627
9706
75196
97541
24110
62622
50631
71153
97710
67904
76393
75718
89627
82572
54063
25893
74495
58765
95921
68414
80790
6902
78818
39340
15738
63675
10662
2878
12096
88227
84629
87537
93430
77690
92390
76176
97626
67437
48370
41063
29866
46955
36403
38148
69762
62279
51622
57602
18260
95127
51746
78943
34455
17544
39540
55194
51771
6935
65394
74038
69809
64902
74529
6783
28452
87382
70835
57997
14171
23090
76580
55645
68718
62254
78779
3676
80812
75237
59121
88239
97437
88878
68618
79708
28626
53613
16498
18627
22387
5431
47483
18290
32989
88202
55171
90947
32227
88187
32713
77946
48122
11530
35579
58444
3966
71654
60286
42989
33600
81511
24188
57298
5891
96798
30928
83116
69594
78758
86191
6223
89273
60461
62250
38041
9495
44746
7577
25067
27756
93426
49336
44349
25984
97383
59934
49871
78941
22879
18970
32315
75570
60928
51574
39091
35241
16137
36172
4105
93424
44058
95785
52264
28748
52977
82374
14760
47006
1970
38458
71394
49546
33851
51633
25593
86053
72037
13511
23055
26192
99144
4722
44170
66063
40449
59616
86549
7335
88742
57876
91083
4663
86602
9525
86570
24065
94171
30738
65223
7176
5388
51329
762
54657
98711
92259
56175
17100
58347
37399
42017
6560
93004
6864
17806
79936
99150
81498
90411
88975
93979
16710
74544
70130
19763
56108
15358
50321
69453
92143
9639
53597
69547
52743
82022
25033
1951
48154
31827
98457
13276
54472
37398
76596
80803
81098
94114
59876
17568
9851
36355
50390
87916
53106
44659
92456
125
1973
48742
16908
93245
32061
42547
22947
22821
22388
68375
28887
81038
40769
33497
74411
75995
38756
86715
36508
55746
38990
56882
3225
6727
13755
42364
83434
42179
18734
72745
33054
54513
90198
76359
18034
17866
39152
90074
71199
50275
2813
15290
1696
40210
25777
24506
44546
92113
1125
48196
71313
69267
29401
15993
57683
50926
85944
41591
61072
71654
64891
74227
9965
98011
55542
2923
19075
40236
94927
3449
78560
51234
90820
6709
60133
42807
30042
96736
83439
73109
43453
39228
21955
57099
95341
77472
37230
83136
63400
84347
47342
41536
63541
76799
76842
1914
888
13691
86369
32172
76750
95065
40103
33857
52555
83335
79356
56240
99500
41972
41122
13989
27051
97248
18061
49832
81613
89218
66677
31214
97502
85094
16230
88374
64638
69352
63646
26568
53337
28579
44006
94609
41596
80072
88035
63984
78146
66549
23644
54688
43764
70154
67705
82085
32412
80424
32177
52410
45658
64144
36725
81674
35634
74697
75972
93091
52097
58874
50610
73557
91885
78034
96855
93345
35063
12685
63252
58932
3398
77780
4701
37252
45863
43455
85887
33880
51615
25762
89036
37012
42055
44826
8676
59842
43098
13507
99926
43226
32541
25937
41889
36741
37048
56243
44751
54860
57136
76247
32896
76868
55487
52519
61521
94516
718
10958
16151
40394
97080
83338
82370
68292
3083
76710
10166
22384
15391
49349
30336
43737
47032
74502
69468
20222
31264
94413
46946
49779
29246
56225
62909
27741
48148
20020
65903
36078
75624
69842
39861
74673
66907
13691
895
46639
50600
56349
72528
35092
84599
41099
86965
17153
19412
37557
3879
87228
45584
58160
678
67230
26152
32926
85332
78554
11247
39915
1612
34361
53699
95848
95342
9927
13907
80975
38928
34599
85722
21993
95226
4240
62629
95902
48471
64171
77554
57856
94235
76385
33306
65445
83439
68852
40545
8910
81984
1726
6392
84934
65122
83698
36809
87042
37964
95685
98426
45158
34563
88723
86622
36171
45786
9843
34860
85271
93837
65810
38220
60348
46134
29750
30208
85895
91012
41229
54609
93754
82103
96084
86506
34872
81772
18659
90034
91668
37371
27012
29889
74310
52837
60082
83674
40504
79073
16106
32435
69430
88707
66658
27726
52480
59911
39018
43332
51270
88645
12483
55110
2783
52938
25692
68155
46194
86918
20474
37326
48436
74113
57859
29763
80421
84492
30489
4217
17036
71079
69533
97707
78179
77801
1951
32609
46535
79773
76138
1001
24855
61933
24945
7933
77702
92675
72665
39436
26357
65959
13166
22193
82635
60497
77865
80232
47933
8285
24547
17799
94155
91525
85861
65023
4842
21217
27648
32091
65080
21168
66490
85435
7383
4447
39209
46590
71832
49579
20544
87527
33405
30898
44658
69602
64868
61269
4976
64504
95931
3932
62186
18912
63475
82576
47303
82348
19891
23493
39979
23679
11766
34698
43025
66014
60917
25238
96568
63360
18653
17016
37658
96184
55879
78054
28137
65740
83331
68624
98243
80821
20363
61593
87358
44970
20153
48137
99506
23924
34650
22604
11717
14316
6299
78323
22313
54611
72206
99083
25635
11560
36471
66273
70400
18535
23512
1622
59281
83281
20448
62234
17567
22087
63864
25491
86169
22638
71260
15289
57570
52425
28261
62359
84520
15394
35551
1617
55927
61296
46929
87708
64147
74904
87676
23434
2354
73445
54928
36498
73770
73264
9230
51763
10756
85934
91492
2683
99294
30746
89848
46198
74305
63450
4972
39127
48459
11049
82462
6284
77273
37294
24160
77835
83612
96
44034
85001
44818
28642
54062
64204
20306
88371
80421
69722
14085
94593
4012
78971
45587
90702
4380
48003
81433
44346
17035
18649
17781
49226
77154
64001
31846
81141
22533
25642
5983
127
42708
37864
57070
21673
26123
13777
22780
52103
5161
22321
10940
61183
6246
73875
79888
97219
95864
54640
40104
7192
38000
66262
67449
33568
1182
48442
36143
87884
62428
29422
84355
89270
32345
13154
24820
58285
10696
69137
33516
5907
94701
91848
35437
93811
701
55795
68135
31585
89464
91738
2223
35334
18463
63844
96995
98252
65457
35586
81048
55448
63547
90053
61180
53725
61366
16693
51917
77547
68618
9202
45216
32011
68533
79535
67561
11723
3216
38732
46953
71977
96012
30180
73699
51671
11826
33950
74637
79243
53546
1886
85815
49345
29152
63888
35915
1605
82490
63563
45277
81656
39619
21017
65850
24227
80934
59889
86380
69178
48509
81300
4100
85007
43585
19236
53061
77056
54395
21894
68234
17947
72336
38847
56136
58272
64452
83683
58502
70137
81623
37603
38257
95483
71952
1066
57661
13046
7376
96401
15976
34181
79392
80839
40571
29983
66107
35873
2970
20744
74719
10886
99456
61732
59949
23322
77229
86625
94414
30112
68560
32817
20643
45600
85755
64466
55557
21436
9779
36947
79418
74275
4520
79071
30653
1656
56005
15718
8733
42542
84796
9124
31712
62899
66650
18061
13439
39640
6399
60944
11646
39600
81302
84544
56054
22392
37710
8222
81648
30003
67158
55720
66905
4195
858
84755
99160
37454
2421
87537
92228
51429
9966
62918
52690
48157
90739
51440
35887
4361
85798
81791
12559
52803
79290
50643
96406
12809
43093
85060
72206
20726
24847
59809
89002
53717
4817
98954
42182
89729
5513
4103
28500
47848
91694
58793
8794
5350
43016
3228
46491
29530
13420
55790
94979
39605
51731
31535
56479
33038
12850
14603
48011
49867
57342
34085
86349
50726
96569
43494
64216
81824
76034
72166
40667
27173
93444
73002
25045
14120
93680
39696
23448
44311
44808
37343
31943
31252
7245
23666
78428
61225
89018
93730
61124
2954
45991
1505
36763
57336
20478
7310
46322
35458
89077
49689
88960
89147
11683
96534
53536
1294
51132
63038
90714
93013
90253
30253
10395
84446
48068
28757
31219
3516
17818
65473
82411
83400
13815
99103
96294
60468
65421
5824
81725
69128
13514
50227
75963
50919
13326
94011
23231
44898
70329
56799
44767
65398
65445
87575
20813
42243
15441
24403
21075
50228
93773
29760
82490
41628
11484
51098
43648
3443
92259
83061
37356
15296
12693
40045
32340
52926
87780
78505
66634
31007
23058
42964
59300
11135
91671
88223
53175
92884
44733
75102
36244
95695
3200
92563
94868
88703
25796
6546
15497
88915
34563
81529
79981
11352
83101
3320
99502
75100
19790
56748
68147
71502
29433
75163
43863
91981
46
63398
70254
95043
84448
7404
59929
78325
34950
46298
39292
59518
25531
84980
96107
88732
99375
88577
27219
16914
3965
16426
29413
49719
31878
66754
3046
48394
9421
62235
7002
98799
4199
52901
25820
52449
11492
53014
97716
32448
24315
13506
6014
24315
80253
73932
35156
89301
4539
6463
48050
50311
26409
4481
32802
71244
66204
23761
73414
9253
6031
19822
60684
3078
49311
81617
64439
65273
16933
32731
2931
9730
93724
69416
60193
35907
61933
43045
86249
42979
79176
94061
78583
20483
48642
56149
16799
35594
81957
74183
14374
85915
66056
24188
813
65241
40466
48545
72277
17942
21490
22766
27029
55249
46902
89656
37261
45311
74294
4713
9766
26860
64041
52879
18590
85488
35167
16709
43277
27303
309
3489
53895
75870
38002
64269
90792
64592
44381
39785
30498
39480
22468
30547
90485
72942
17030
41465
3358
33616
14728
71881
70258
1805
18814
80632
3227
3081
70546
41396
87518
42190
56633
35049
7048
65162
64217
71564
93195
17579
28000
47318
57674
93868
51190
24243
84929
87593
86836
57717
34377
55315
11610
94609
89897
91315
37862
36133
75082
52885
60553
37562
26798
14051
79321
71500
52028
34305
80073
84603
45172
27865
92486
2611
76479
33537
69013
30893
82856
27562
89499
36232
11859
60131
26249
6696
13365
58365
74635
65927
34003
43984
8901
32792
73048
64214
67742
30750
92878
87768
33571
79042
66353
35860
33000
19493
40174
60310
18224
73980
4427
83334
43626
90272
23940
83363
30307
543
37993
80354
6790
40809
92100
46372
5877
17666
66233
96319
80916
537
56763
75498
31415
14641
38289
84385
91762
65023
82784
46811
52730
78783
73194
91935
22501
50938
17546
68589
19498
79865
47174
88416
81318
14489
28896
18143
894
99702
82805
16187
49496
12029
31396
7396
980
17970
44499
93206
85555
60709
90956
8878
22072
14497
79989
57876
20134
74773
58587
4681
96340
60599
90506
27315
43804
83561
13034
81811
29258
77746
70462
20152
66729
55133
66853
66154
67028
37192
71216
26774
75426
36204
45576
1371
31194
72774
53944
42736
6591
12643
59228
58908
15401
70780
24755
31732
75883
15461
19229
38400
21750
73842
67772
20206
26598
88140
10342
35534
61588
35507
46643
28243
63693
51574
64488
43915
51724
59123
9780
16728
64357
5775
29776
79917
10369
33195
30296
80672
15549
63980
94958
85327
58298
73467
7802
90268
68462
43773
44944
72944
36559
38477
85401
98775
16040
69377
6269
67871
65635
80202
29681
77110
74060
74724
31839
13117
50656
31145
84823
28634
96498
66999
69158
97455
58964
1372
21192
57843
84047
82607
87091
92442
2819
20733
95266
12384
53830
51231
72955
19252
78213
5961
14521
83359
95619
70494
25405
73564
41461
12858
46966
56730
6445
58614
20261
77895
62854
2928
29936
95201
39165
55324
22509
49208
25497
90016
37842
87598
91567
98308
26603
94611
42582
39289
68649
84674
93368
55702
71743
77545
81199
46561
720
15372
89210
24790
62468
1787
38174
89925
93540
40898
43534
39525
83134
51409
52460
1750
98457
85523
98139
89830
74595
27617
26636
701
97004
89519
49020
87035
81839
29427
79005
62786
35323
18137
52694
62319
65900
51189
50882
84342
19130
43148
53985
23386
81590
47357
64023
90566
45057
28606
15098
62026
30634
18186
69594
99399
67620
20997
68959
66784
4792
1844
97488
75286
12841
18914
15075
1142
38648
16433
60492
98683
14723
40540
23936
48974
63885
17173
2408
45227
31350
75635
9391
50049
59966
67612
47162
38726
34261
54955
68906
61443
40079
45242
56813
59188
44265
38339
66705
91521
11531
47170
32596
13374
16379
74755
17916
72029
95062
91958
31720
5476
37587
47257
79569
49194
89115
30772
21855
76622
72110
80154
10366
77498
7981
41241
79117
38132
6499
47482
95531
3059
84495
84135
44016
92505
20045
87944
18163
1116
64811
41097
26952
94079
25433
55985
87303
53863
25354
42255
82783
21243
15037
91406
77517
19186
48253
53240
78885
81506
6112
85246
85720
46310
18547
48517
23079
64101
45369
77041
67630
56633
73743
81864
34269
33803
73579
61387
78652
45458
47201
64114
24649
40493
12060
12961
27999
55398
55651
50624
70583
28926
78608
53335
41061
95715
85048
50598
14722
36039
60143
58632
80932
10282
22043
88319
39269
93657
71752
42201
87370
86529
19117
38245
48038
34799
73486
58358
37628
86011
42927
58871
78300
77268
50311
84257
38876
44866
35101
92314
84085
37719
82795
95340
13044
27795
11241
55116
97383
62933
62808
72993
29733
97510
26811
1720
53313
89596
41429
85848
90110
92535
69597
43522
30777
90467
32888
36919
83046
56053
30945
5811
36560
8726
62290
92918
61471
90652
17284
55650
91522
97810
77483
37616
93797
73271
40485
48257
17292
26155
86381
50999
72987
53663
55151
46355
20987
68366
7221
83625
20992
50485
41364
85622
43857
90421
8844
58470
71824
42006
8892
79568
82329
46211
14567
86686
87904
48418
90866
93839
31882
87727
77992
96691
82819
2862
92285
44895
87624
8223
66359
2465
29942
50952
62839
48192
47777
25195
61255
51055
61592
42355
31291
96420
82329
93645
81841
62191
48826
70552
13
91413
74741
90117
20414
2200
43966
227
18129
55140
35797
9925
88374
6874
70340
76353
66439
43495
55491
38293
91363
62859
5615
78170
12358
59922
82593
21631
44276
20146
68532
1223
58717
58595
52755
129
54771
66736
56373
10025
80141
31966
76020
70488
19019
83772
57
39725
65155
41377
82097
90691
33649
90346
32985
99322
80240
50780
45812
56952
26601
91836
882
32689
91181
12626
16255
80723
67224
67947
23949
59042
60131
31282
818
71694
78210
54175
59400
75651
46392
73028
80519
86915
59528
77980
26330
7330
49450
92076
83841
37614
11466
62487
15131
75703
73868
59470
22887
84310
70876
96962
91976
89347
7675
66654
60316
44748
64247
61047
25536
93148
99522
33885
74052
58861
54320
18638
15560
22617
74939
35946
65953
61871
15268
75571
98828
98495
84500
87465
43525
49086
17670
75781
12009
59561
22923
14782
6627
79351
54081
88218
30298
97771
37743
48188
25579
68694
73443
21965
75711
59148
59127
66845
58551
29530
17755
94139
5337
18935
47140
76598
81298
23109
36736
73734
9969
18881
6126
79018
9417
41273
28142
49018
69244
63816
85788
22132
47437
87157
36582
82870
45261
34685
60503
96272
21902
64631
39530
22045
42823
63064
79155
66235
47953
87658
53906
3739
34245
43858
85376
89081
62154
80800
74839
61984
89514
38140
21679
63712
56579
1967
27227
29546
67905
29163
44831
41178
73315
85569
79945
95513
32792
96002
59791
59462
46396
98010
18776
58777
8767
89377
52532
6903
78615
46701
70430
87987
95721
58857
8937
31088
24846
26294
65967
62842
48306
90942
81248
37485
60988
46625
80802
13879
40992
59140
3714
10408
82416
74507
56996
12571
60251
36625
335
49128
96610
41992
82637
29670
82578
40234
38255
76701
37794
33802
36778
42754
45366
60130
2317
78861
51408
44242
35057
51113
21923
5846
26166
20069
9609
44681
26298
37515
29262
3246
60519
61828
56376
60363
61122
27126
58278
2910
8581
61037
11854
55158
23763
92594
25294
21423
53318
88200
80624
61091
41138
12683
2228
68374
25763
37889
47005
55922
84910
61529
46243
84375
21424
46816
50992
51903
29409
42244
51162
50656
65208
51903
86538
26361
39552
39517
63860
80139
83614
70787
7157
94894
71069
86057
37634
92365
9482
50445
36854
94675
79699
92861
6229
73591
25408
62720
31907
81644
66512
23061
17262
55724
15839
14379
25201
52290
37560
6181
49009
43211
30680
49426
99271
95258
98131
80898
15964
47179
72807
62992
31853
96870
38866
92703
85514
37968
57595
99905
25728
90803
2898
37110
95992
65597
68749
41569
68353
68818
24123
64759
29601
27960
13465
78760
475
18323
14510
52937
68137
7360
18380
4815
51178
26037
51554
11481
68861
91997
30113
58677
46053
3978
26119
72239
44375
48930
25737
27673
92601
18202
77403
94248
42188
94268
19445
3972
65054
70818
26009
57460
11889
78010
64234
97098
72755
2445
87168
84862
82207
19118
78356
7025
64251
28631
89642
41074
53775
84772
40563
81064
47135
5518
596
52848
7873
58937
67521
63504
75252
49655
2150
62521
22521
46778
25982
72473
94660
78157
4685
1354
18620
67537
50811
63096
70378
25158
89234
5672
44696
56407
45182
80073
32326
34309
8939
98767
24545
53645
98008
17049
89444
29092
70629
14960
25025
45864
51833
26543
5670
89351
77423
50114
97638
60431
40636
77752
15859
39204
52808
41416
98888
27065
73573
2928
24397
98810
29042
97841
85870
99346
984
90027
79498
29465
3357
4341
49541
8694
60729
25979
44627
5904
79421
74317
33695
30656
68231
3982
93988
39429
2358
20295
23315
80464
81408
78743
23608
72452
40654
66621
96472
33602
13248
68472
54235
72822
61224
40407
80936
19918
38826
94303
66751
16094
17280
26456
10635
80828
57916
24911
4470
55472
1105
76663
29696
38845
36038
35098
32664
14571
9488
67969
1470
84701
45539
28563
20929
8226
2345
87678
92270
22596
20009
38114
4343
11257
44341
19337
7297
34571
62423
16219
64131
28759
48683
52374
37625
57360
29712
72712
60358
72641
85152
45072
38264
76346
87892
81934
63638
71525
81342
62922
73830
42547
33908
18791
46997
42089
53392
41156
52924
42856
55196
54649
34829
46861
4872
52335
35248
23351
57743
5958
6710
45060
96366
1717
430
61587
78939
55542
28490
28166
87720
75072
30564
52509
56293
59785
22970
74623
95822
93324
82736
8262
26296
78166
39964
30622
39884
77791
9740
39268
98502
64222
79815
45612
79139
76701
934
62729
6206
83141
27091
30618
27833
6351
176
62705
49106
76401
10732
60244
8531
78120
36617
98605
96146
40599
58312
59760
57263
10025
86314
61746
30901
14589
62949
62679
16802
53766
97848
32782
227
71995
44748
35821
98433
85978
80503
99915
26488
47547
23967
84079
29600
62261
84739
20411
75844
40519
34676
80995
25994
43484
82451
2871
5268
30049
27640
1072
27659
34219
69123
68073
93340
10816
27494
49114
79254
99559
31082
15279
9993
87007
20685
74553
6142
91949
19580
44961
47598
67808
19610
35861
23000
6488
79501
90336
94307
81888
55719
56707
44041
2854
61168
73383
79863
28568
519
23297
51925
53048
72965
53762
5735
51129
94982
43584
28125
92134
68159
11916
31131
97817
93804
27777
24738
91836
2228
22091
11922
56942
53544
41164
76434
97765
33793
80003
65719
67912
86348
33232
45215
53918
56623
91278
44055
49193
10912
93750
63826
82793
25451
57296
41323
65122
1592
89782
68538
84497
47874
92153
17821
85675
70999
69306
95957
27236
67964
82810
58233
66409
28295
74679
68566
7676
77942
15349
19389
99714
71424
4868
37310
99231
72640
14828
47034
20181
54001
58347
52780
73087
81652
28328
98104
59477
72485
25863
59872
47021
92990
72361
53527
57929
1829
26792
84121
60568
85361
88635
75851
22600
54727
35662
1402
58000
67336
15719
73969
66760
97698
39462
80850
37111
28321
69321
93919
31591
37926
22592
50708
8486
20141
98123
51795
34649
64999
74483
37209
90664
21957
22539
42728
63402
69149
1775
55334
5161
5449
4958
21346
43243
94297
70755
24075
29802
63722
48926
31704
67840
97627
73527
33592
87453
5682
95042
83182
37654
20578
95057
44753
20284
93189
7711
24931
22927
15879
79381
36153
57311
5768
74663
23420
87964
35286
93037
122
63451
31465
46267
78395
89031
26439
91033
25774
66276
36090
21749
3594
77632
76218
36259
11344
29839
65616
39105
85535
39460
59574
97866
15550
31795
72701
27931
79930
78600
89038
27279
47678
25222
21400
41001
93554
76187
91295
46355
66556
52343
56478
60454
11315
47866
95100
3380
49015
53615
58223
4598
13661
20883
90005
53834
31752
3599
88814
71649
80851
30993
72868
18665
10480
83000
89021
47701
75410
93942
65864
26406
11992
45500
56859
85262
89218
39300
6662
42136
52340
1620
2052
12575
74044
49112
20542
99801
43008
7490
27594
76430
23113
47411
93574
39182
80492
25084
54445
49948
43100
50577
11404
45477
53177
12104
42918
76299
47703
25338
63261
89710
37789
99450
73032
4755
30303
27228
81858
72009
12585
87891
35067
54085
89593
32622
45470
72551
75543
17236
44085
41463
68074
14729
77698
27458
63734
33264
98285
52660
61688
93875
98268
58546
55180
95274
27440
80507
22006
90405
24763
82113
55856
57954
12614
82073
12573
24721
54120
53096
34369
81768
10566
59583
36076
16520
53760
80861
76205
48673
70901
91991
46649
24472
75219
7261
26312
40966
62590
56542
10081
33920
40985
66114
52195
11295
37786
93309
76298
21360
14558
36914
69299
14042
72626
90524
34137
57352
70799
99884
91430
37542
55039
29977
25533
32222
20562
79068
70907
61978
94104
12187
24201
85340
57361
17656
4279
137
2223
48247
66364
1750
17392
34644
63353
56412
49030
6200
92997
75958
95969
57857
60449
18526
69463
690
54854
81293
82788
12111
24917
46042
93868
88764
8751
35434
96178
63947
48307
52762
80593
45198
77088
28442
79808
5946
98633
39033
69614
32147
93237
44971
83245
96721
41934
43704
98720
40735
34520
53870
60299
72979
70996
31444
45752
26033
71433
94500
77279
32113
14424
63261
60807
30274
50935
28753
97518
30319
29057
83981
67399
26423
88639
87328
75353
47713
85543
11882
89425
11168
77391
90747
39056
82883
14085
42460
44447
70967
30959
22536
35288
78691
15378
15547
45768
27038
76610
63591
3694
20156
16213
58894
56952
77341
57365
22698
18077
66681
17483
15535
35873
35900
79788
21539
41959
39062
40826
49768
50969
60284
27703
46133
60719
86918
90187
58984
46565
11612
74994
1561
19180
55575
46179
74188
48352
77114
80732
83227
45601
14414
82129
1338
72706
29309
99849
66486
58050
68984
84697
17973
65973
98490
67336
56878
12221
44334
243
87006
46154
99589
40303
54411
206
95269
67969
82698
10106
18360
56579
88473
54253
54039
15403
85634
89006
93996
28061
72196
61197
16307
86358
56052
49656
37814
81521
31735
28069
77774
80566
24324
16467
8957
15156
81210
85024
1885
96402
52887
63536
88122
58299
11781
18100
72462
63541
89039
75687
71536
13550
37783
93998
14176
92217
28368
62735
14693
872
80181
57120
9321
91162
53653
54252
449
56511
40802
29194
57684
95115
37172
22597
46882
86037
48898
9518
57133
59276
53390
90164
51685
93808
57510
66019
44145
81236
48640
21617
41637
81811
4345
60849
26373
5928
31312
76438
23671
18880
74569
82663
26021
69073
58592
83232
24529
9440
47992
19919
48760
7076
35947
59016
38715
51174
44888
83718
70264
87258
8106
2037
90253
28410
99907
24662
77584
1626
89738
46763
46069
21134
15562
52490
18775
52492
83655
26516
35633
80105
55051
60755
20741
76254
7213
8221
5127
78604
47055
80223
580
97022
50686
67568
37416
90218
1284
68815
48125
33922
10578
40998
86440
17315
61983
15187
30080
94881
1249
22048
41527
95082
27227
13768
2271
94880
51487
1170
42172
23974
94873
13902
83985
64205
92457
46031
31385
84077
65630
40177
25303
80126
89745
60125
71325
33407
83626
69985
20555
44145
648
27518
65049
87975
65486
37658
63313
92315
61788
77790
60008
74333
74113
92796
59404
19008
55423
69759
32627
71261
97326
9173
65256
57760
62115
25679
93871
75162
89188
53168
62338
77489
83712
91063
13428
57080
79138
35277
56084
37771
42774
53237
88674
73221
18915
24008
10768
41318
80043
80378
64564
84056
47418
34624
48134
81849
88183
61265
36755
50527
59714
72117
90192
83035
31082
79176
27450
70501
73741
34589
15051
40297
73018
79372
4726
96674
30579
71259
22963
69868
23991
59402
17941
23467
2396
41870
87277
93263
92914
96443
37716
65117
27654
29170
25518
66421
59378
14033
23096
67441
84012
49597
44270
84429
67016
29724
15086
34754
75088
85221
79202
32407
7736
28022
76166
67375
572
97221
64011
9451
9153
26451
41831
93023
99699
51085
13079
79152
97308
61490
86233
43798
83297
67295
74017
18126
57825
74825
52036
78831
89054
14592
74991
7724
30244
79215
95236
53440
4238
14191
95899
24570
40870
69331
50683
46176
87292
91443
91891
66489
8997
61467
17461
6027
88017
83176
21117
5975
85513
95391
18911
39155
70661
98360
10157
62537
27599
71658
74721
14616
39357
98119
62408
29056
18157
75360
9706
75751
96986
85712
82130
3731
96899
34861
90835
94145
13246
98827
6110
19565
58252
85888
139
83577
93769
48234
24189
55459
32664
1286
64811
11477
8170
9605
15183
85170
6821
80424
35622
73113
47905
4701
74219
68736
62154
70338
56929
35590
20080
79596
50912
55520
97098
99984
42944
32255
49114
62864
59643
26800
55261
65111
99448
92269
65999
28995
75123
48224
98075
18250
95661
42039
89758
49832
67686
65367
54203
56762
73344
27606
40671
38705
13897
18967
64654
11683
26263
80688
30317
49366
71121
78360
96601
17438
58063
92253
55088
80382
52882
27144
75478
81878
20046
12527
14185
6855
10296
28161
23327
45874
59364
55904
64368
77803
53007
78692
62405
50842
67003
39442
87810
2956
25843
21488
85346
52839
69226
6120
2621
57197
76143
93379
7599
4510
58550
26279
68830
98714
95162
12110
3045
64920
77380
5126
65074
1353
37694
9628
84916
526
66503
12591
83880
71093
81808
84127
49428
75975
24638
16268
77385
45572
5662
18879
10291
82436
149
51256
28552
27211
86176
37436
15585
57468
94227
75658
41322
6440
95150
65017
45342
62706
52724
5526
64040
94493
22877
18375
5298
32169
83112
6699
47746
66197
48301
50687
76684
43857
44447
54064
76779
47590
34174
15939
89305
18578
46193
3483
30652
38019
64524
75726
18
4614
16653
66510
24705
240
1020
38186
84692
95912
88690
56443
2227
7161
83701
37092
77930
80525
65541
73303
49089
46951
98879
11358
80182
40039
26563
64509
17031
48084
62092
27786
59762
60392
31593
61920
91465
54377
42148
586
31833
98029
64024
50962
19854
41593
15290
55818
70628
29613
7590
36423
1104
25194
91365
83534
14849
97282
59822
41326
19099
17144
79223
45332
82129
34371
29447
92215
26861
91070
15022
3738
81011
68095
59225
57006
24362
82127
9883
34272
98915
34723
76530
16659
44844
26299
53874
99129
55633
42729
71607
98733
54724
44360
68918
89304
84546
89038
34527
72070
97658
60767
95144
13492
91752
64206
82785
99330
89274
23746
29882
42008
54933
33818
67532
78274
80887
41002
383
82035
35900
57143
72390
72439
29007
39155
72506
99243
1098
61716
19392
98761
38840
80382
38313
67892
88000
28830
35313
13002
91457
76711
49883
3948
25176
13054
61854
3332
86265
29032
66632
69036
26529
48087
49662
26741
97860
9559
24735
852
37509
64967
35313
32128
65285
35263
53017
12248
20967
89065
64879
54662
35126
84726
23388
39500
44041
42588
52720
26257
53124
58150
99896
25652
94651
25595
65689
20505
91967
11784
22910
9094
33542
35411
64944
41194
68251
47120
64707
67422
72426
8310
46441
26020
8606
44095
53780
67194
78427
58904
17919
50289
89337
77539
81179
79126
50731
54461
84951
76395
42343
61294
23606
68546
44281
7320
31910
80908
37466
90607
46942
2242
91108
79985
69262
268
12111
8368
73235
69054
20840
67022
31852
45780
89177
59178
26303
5497
58154
45957
95728
36660
37436
87385
95076
81112
86881
91506
12203
85024
74832
6160
57211
41943
15858
22171
58542
2128
46016
75315
54018
76043
24831
58169
20936
81598
17605
15019
74782
73600
87213
31612
14739
59668
87206
62790
90845
8995
58850
49909
49959
86277
20138
506
17855
66837
49070
10647
59086
15228
47545
37668
6247
65703
20962
24045
84609
7175
82890
40443
54002
71310
25228
45870
58686
7228
43989
99678
8538
21533
14716
27912
56333
71604
65732
25190
55479
5139
1044
32980
58417
55559
74114
9706
14568
88878
39657
58642
1607
69350
39091
98050
48228
73976
46357
93385
45217
28288
23159
31068
95575
64435
18465
39613
22521
94779
82360
70631
24366
68183
31576
88993
62626
22914
11913
53250
40926
60282
33762
65927
21566
52757
23989
76347
24839
42558
86919
78660
91177
27637
32014
801
17540
46047
56134
38722
70449
82320
70416
73637
97556
18669
58412
53577
60028
85752
10397
5969
90309
89883
38221
20219
62610
43149
67447
47905
95906
29051
23161
70237
66542
91388
95673
42085
57059
45944
1259
81264
30970
14914
68635
41014
97508
58438
20704
48077
4933
65360
37872
91383
47755
56097
37715
90749
33469
28011
42156
75621
46565
30430
889
93795
35851
46823
20626
23375
61858
10139
80542
90600
35571
30181
11472
26111
93552
11747
70330
84307
38103
5308
83262
2685
58585
68949
69634
82397
18779
4301
83868
33663
62402
22555
96140
19488
83878
72613
11658
84195
80395
98716
25304
10730
11230
38799
9610
18996
108
64948
51763
66678
67991
87662
1081
30285
52063
78911
21668
9063
35639
64369
70891
26335
57594
80023
46080
77538
32767
55523
41923
49903
46874
54144
85672
98193
78635
89948
13063
27890
13000
98440
62362
45188
1698
90877
4060
68917
32253
59448
34625
4360
3117
56786
82327
34467
67615
83619
49436
67323
21256
24542
27719
7929
31232
96321
84177
67197
41582
37861
42865
31399
4043
73042
57328
73239
65052
9793
90525
15250
87658
14353
55944
13672
42389
83054
19369
90869
90562
73073
43733
64786
19898
1065
33378
45092
290
24732
53756
4265
27379
27517
86182
83135
82670
20830
65258
14320
95975
20000
95780
42232
73493
154
97738
96021
9083
45498
53017
13444
57339
16730
46269
27795
21300
76819
66979
17348
32914
609
12346
98186
88458
51565
53778
30777
51813
37334
79445
89513
39923
94316
44222
22071
6445
17297
71331
3247
32593
17873
18646
78201
95283
39830
67108
66666
99329
16398
34300
26150
5991
58940
7420
62782
44345
19402
2544
40969
95461
52547
17025
58804
41239
58407
37613
17860
50590
86473
6047
45549
96070
98811
27928
43793
89692
65327
21947
93254
11744
83213
64459
92398
73334
20895
87238
11952
59863
63918
26008
98643
6409
33867
21544
51481
99357
30344
3333
94990
59537
75145
33793
92466
41862
40776
76438
48928
17721
1708
39733
417
71063
13880
10047
64059
63789
78913
21930
75156
65559
86394
75258
22746
80651
19543
91222
84820
47266
42669
516
79310
46999
68819
8914
3679
58866
62720
5926
15506
95132
21327
95357
83284
80357
2591
23823
510
94410
66827
73361
25483
63082
46311
81896
25376
86962
50814
23307
75985
31677
23602
8500
83693
23758
1415
73712
76424
20015
8994
78510
95249
32127
40190
74231
86582
88157
62379
53934
97935
31257
74753
90085
57388
83168
3128
45592
62929
42059
20354
94197
5743
74500
47667
49809
63694
53570
62791
6887
76007
21818
19922
40464
6409
69718
15643
61950
24714
86736
66331
75273
57327
8797
46961
40408
67164
41422
71322
19391
77851
56657
60630
38114
33932
59194
55321
34773
43435
55705
19244
36215
55252
71991
67462
14620
21784
95424
19193
84612
83439
53278
952
24887
28997
52041
32833
96410
10881
39702
28703
77471
63474
98847
45634
47109
36316
37795
69783
92310
77483
45143
66968
58831
69992
86349
92105
80825
4436
27057
94541
93841
53059
38411
45070
20954
15681
88406
75753
51819
88787
85828
93541
32764
18920
7559
67819
90716
42662
71591
72248
49091
94390
77012
43245
20204
80653
53886
94366
15636
54134
25080
33400
25864
55188
67641
25061
8220
59884
92442
20055
65344
56991
8765
80191
83873
13330
13080
49886
13146
78230
27983
51576
95253
91558
53432
11476
92036
91903
62935
15489
98829
65902
76786
92599
31805
45499
40449
43151
950
35504
40271
48619
32683
26698
1552
65077
23866
28692
35147
97458
29694
79602
17146
31494
23446
81048
40445
40319
27175
68720
65176
20590
26569
44855
51906
98778
81961
17591
77480
90178
99709
53035
1872
46993
68182
25443
70874
28005
57398
66162
784
6873
66151
15340
62117
33397
65659
91670
6155
2324
46518
45461
82087
52427
36629
93696
43640
89208
35983
68437
60866
24468
32052
22937
17517
71333
95317
92015
31612
33416
39385
65654
9358
28064
62204
27192
87678
32781
35613
5956
61490
64877
39818
44142
10041
38296
47078
70335
62299
45546
89488
4728
62590
1337
48443
86478
28503
94595
30240
71008
70353
97046
56247
17589
49989
78459
7595
56635
7156
86043
40314
59030
21997
43119
79244
77207
87764
91315
89801
51139
84422
80887
82938
32395
42944
5020
23457
82623
37046
98841
13378
7023
82695
70359
21401
61128
97211
5916
43436
27861
56030
91347
21325
44246
20548
25525
91434
8856
88637
28330
54861
33929
62240
35457
34182
25394
32092
49135
42892
66312
99887
66664
47350
52293
2969
31735
96854
92709
9513
80224
47043
64766
93806
45363
10809
53412
58540
68110
3689
99015
31891
10991
87150
73398
11852
27276
43773
2565
12607
89400
54495
32703
32708
54070
42657
5152
29315
49755
93879
99640
75574
91363
72738
86539
64722
42790
17887
86315
53266
34878
89455
3532
97658
15192
51052
4113
62335
34114
57283
35656
89168
17823
53997
36797
38094
76576
46381
57270
74757
59814
66397
86375
43479
70419
26628
20009
11046
1028
84297
92167
69837
52646
87797
68894
45107
38879
72593
51686
74827
86414
97956
37755
49382
14217
5505
84803
51228
22587
29996
746
27958
59719
30617
73624
55658
35732
48280
9607
27330
80270
15933
53404
12223
93985
54411
68262
13633
2960
78694
11139
37368
81574
22400
68428
92759
3002
80088
78195
68954
47777
4493
96916
98489
93845
47590
42354
72573
12822
42541
31649
95366
52584
51424
35529
5095
37789
19178
38084
69342
61303
54907
80504
53156
65933
99284
46452
78243
30045
41190
25572
34617
2080
20373
1904
25346
51964
45807
74074
29137
28649
42835
75310
13205
44926
80854
36533
43711
23883
43927
18783
2134
51975
64933
13323
78154
12647
40906
5677
6308
85302
82616
69581
87505
90836
81772
59506
1531
38285
42629
808
36265
50498
34116
56832
27730
90551
64449
23911
63141
36235
13190
5499
23013
83558
85006
85200
87362
20881
63953
70626
92310
61099
3705
95205
21295
66766
92058
95822
56608
35884
14539
37313
73153
49796
20673
77961
27059
62362
63384
40881
47493
50391
46483
73863
39673
95483
31213
5333
60115
44826
37473
68502
61433
10037
75469
33101
10583
45882
72866
85332
92383
32491
5868
89129
77063
32203
72916
91746
61991
34478
85339
89273
59086
66618
49690
56938
42282
18086
78294
52168
13655
16221
48803
33036
12536
34279
16379
5593
93535
70944
69225
12377
22087
57375
87698
85473
61111
52927
31424
98638
98976
43352
40289
9200
51469
36832
59411
25132
31076
5660
53021
86855
66822
53171
26968
7015
16948
67623
78407
38431
48471
96165
294
9820
34270
63769
29101
33408
23029
12317
70363
61708
53410
21863
9943
14317
36820
39538
36564
36278
75671
26264
39410
11775
67839
41979
53822
9932
14242
78215
69750
62087
11858
58331
29706
82551
98116
43483
34825
99625
50771
28952
82308
13840
2578
30210
57244
68824
4715
61205
77882
84128
58173
76194
6379
54403
29959
84131
4147
22001
68543
75233
52029
84095
65000
41321
83576
18636
90813
4299
83087
57115
94363
92644
75116
21015
8258
86885
44782
42977
60764
18037
63019
51009
58124
60261
73267
42614
90422
37450
82818
35754
3912
16340
92774
36584
17988
72918
3806
58903
25297
51668
4926
44464
12121
53260
7608
2054
82579
40166
74273
17882
64056
22657
60976
80678
37437
37526
42220
98754
95044
92112
33663
69520
12033
92399
76203
70286
54127
7583
76660
60508
94143
19194
97814
57863
9264
24572
15210
79404
68016
67208
57657
39690
18668
20484
78329
58731
96503
12684
75749
37730
86586
71925
15324
30499
11713
13059
91199
65613
4122
37902
22620
85757
351
2152
32931
44222
40908
65652
9538
98111
76902
24648
84437
86329
86
98219
9319
27421
37387
40765
78635
1562
7383
31450
60317
41973
94235
50264
57400
82180
26452
61022
60588
72228
3861
24220
86470
83534
29226
47758
65683
13121
47966
82796
14037
57760
28209
93367
61639
4627
37323
57071
30168
2688
70910
73431
89429
21442
54913
99790
34762
22905
61345
52772
3263
99959
12341
67768
95755
57351
84862
15523
6174
94367
26223
92002
16719
92205
46909
71909
4839
82127
26724
10540
37673
98570
69404
14951
52739
7141
63922
41884
69273
81835
63297
6771
71579
95916
98455
22495
90944
4146
20917
36962
45855
46111
97488
9890
61313
53682
98375
5700
10519
79658
22475
2508
45389
70843
23217
77570
39731
4899
42848
56812
57242
56914
23380
71867
48493
147
70090
34289
43171
22678
19431
15956
88949
5775
72329
91953
16172
99119
60876
82519
55150
71819
82787
25793
86545
45666
67586
46770
33596
99349
66907
31915
14416
64777
23614
43287
22604
69362
293
28116
58049
94535
77928
98643
82946
66487
9716
72034
16219
48295
15552
65537
74102
20825
53488
95237
73490
279
49208
51080
40742
57208
23303
50389
89788
25056
71623
5587
89486
5264
4625
30717
91770
52837
74828
13021
98944
48711
51829
43073
63976
12892
25914
74578
56250
41511
82833
42657
72351
44827
7340
36361
54375
26364
59675
53533
69671
9009
69890
43892
94593
66257
56345
39974
99493
95210
85920
81021
17733
91900
9459
41183
75611
85517
54268
14583
14779
81469
56301
78600
82198
39380
25481
81994
31718
78504
30795
53026
31629
55670
61555
42615
60601
21772
84053
19981
89130
96187
90164
79087
33486
35963
67769
8047
8221
28990
96002
65698
59769
46633
37978
73352
51440
32177
49803
3257
980
39887
27673
1968
96786
13104
96043
80244
69731
49691
43631
58731
38229
26658
16515
11017
47028
77285
32579
69489
37707
67209
2424
27068
20911
23196
78761
3382
32519
77392
42595
32572
53174
93904
61885
82980
1712
39103
65621
10938
86051
4220
55673
37703
69164
4156
95840
82157
8180
38826
37105
17424
72549
52115
24932
89698
39279
86735
87303
44554
98971
73480
74881
59312
7348
25380
60029
44297
47896
52916
62759
36842
95620
34492
14621
31265
41162
69485
6131
47234
99361
33041
46532
9623
42818
64675
93928
8558
96533
14355
76243
52473
40910
56830
9371
9895
13111
17651
12387
89239
12370
76255
18387
18583
42217
43323
17293
55159
16263
64867
2861
68763
47914
22541
63218
15746
7925
33590
25192
52642
24477
14048
37826
80713
69287
80129
7102
94597
63005
2332
39288
97389
74802
87443
13293
72048
14378
11973
81886
56817
17732
92186
25260
1873
12814
80387
34029
17862
20418
51377
48660
50495
44887
8690
39815
67688
19549
5170
97395
46372
22679
53903
34922
91119
68533
94972
54555
83437
11318
79389
91306
8275
59457
72356
63129
38032
47830
50772
41395
11813
55157
8013
30487
75631
43224
10081
95395
63657
93466
51413
82476
77135
38256
87104
61738
85415
13346
91532
86338
84170
86104
35684
53412
89250
12442
58253
54736
98834
91932
30896
96982
73304
62048
69435
16013
22815
42484
8629
98408
62633
13386
40452
56785
77541
97946
19984
23322
66429
36986
75706
38442
34898
93004
63878
44881
63233
43650
88789
80094
47407
69612
70868
78799
71132
17522
70621
66602
30201
17298
67838
70995
62171
74633
86784
51927
53258
82715
30366
56425
59474
9625
25013
13158
26427
61167
85776
29722
75157
88589
58024
54778
14395
84266
27568
27524
93827
68732
69031
41392
32778
82447
42138
2641
35462
51177
61160
40452
98125
47318
20853
29801
43434
82807
27516
4887
37105
12190
68179
22232
18569
55141
74875
24405
54970
9326
8719
11892
59719
37298
61958
40528
72227
83611
3290
46997
92309
46373
73790
20260
67212
58245
58488
30838
86141
73882
33709
94911
75509
3664
42869
43160
10858
9529
45065
57378
68438
37724
22799
70839
13350
2084
39802
82749
59271
73773
56776
8579
78476
20378
25290
24539
47789
67570
18333
56701
90730
26261
4703
55464
48639
3692
32977
88236
4643
42316
52255
30387
82369
16140
90172
41338
71619
93576
34393
16995
19000
27673
95858
10538
46063
82035
24899
13547
58064
71006
73848
91943
88755
89167
42403
45204
48156
14102
66686
90102
44337
39076
27085
49036
88974
46912
30496
42255
2405
36866
15549
42069
25599
65670
29805
12672
43462
35715
34957
16442
55511
66637
93359
23764
23897
66792
93204
82826
46058
14871
71675
59802
40503
40868
20035
63796
52678
61650
49875
52631
93313
25211
53585
74937
43211
83967
4120
36600
32439
85493
70920
65751
90835
79659
6689
63427
17222
35992
68400
90789
80153
71897
14907
89308
64890
97823
22042
94918
51974
33845
6178
56055
27546
19329
73557
9971
18393
40130
90863
99109
49704
30713
59253
47909
28676
87184
72350
70328
32447
26137
1435
44165
36755
32610
13243
30333
68284
15563
45605
23661
45490
19805
33331
22582
6426
61667
29066
81241
65907
33395
42748
26717
20050
29057
66006
11007
72831
26163
66615
40780
16871
20319
49222
99739
25319
34610
43415
85462
84011
74072
56195
55392
27465
47005
98235
17897
83248
28611
30116
62899
82610
81664
63758
68191
15248
3688
1227
42588
3513
85922
99591
97838
99790
61641
75609
53781
58939
2937
37127
63500
85896
5837
65684
47077
2246
88178
79627
79200
49688
984
92460
30084
4609
87250
48168
29232
40036
8801
41241
80702
27751
46091
24026
16807
76171
15957
10144
11037
62147
97341
68396
40819
47782
80272
24195
78553
48729
42408
5990
19798
91205
65073
26399
43636
28444
46015
3813
87107
16382
85992
11232
85192
37940
99023
22268
11193
15607
92567
67579
80403
71874
63737
59516
64052
46815
3432
83092
32422
90800
3949
71702
7597
17354
78707
98889
67107
83018
93814
12860
64192
5743
79583
66766
97674
45249
40041
87979
93328
54708
239
47956
39758
63594
49345
5364
9716
69571
80613
5561
42922
44405
69623
29369
39742
98054
48398
34045
60505
73193
78509
83948
92217
90589
49283
52036
15658
7732
87230
25449
28804
79468
28770
15556
73449
32495
40927
38926
74134
68752
9440
87240
47036
6909
82283
62694
35410
25403
70298
21276
90485
32175
16407
23571
54425
58714
25813
71959
16689
23821
4861
40119
60981
68721
44989
84241
49262
31710
2558
96455
96200
74931
47741
9410
32729
53848
30443
10147
97908
13415
41648
42409
38920
6942
26388
62694
21499
12180
53739
63716
14875
54757
37439
57430
21955
41067
54479
87804
88056
2956
11594
77262
32016
83818
4648
11030
10272
65404
89758
28358
23908
52590
42946
311
82384
94014
5525
98435
64222
89798
46740
43957
85735
1478
47799
83809
53933
11158
6846
26475
41528
83651
70691
82075
32908
54770
87733
12122
19313
58525
17626
33481
28104
96019
89828
19204
93920
62696
62132
1221
47820
30748
40946
45265
11566
11538
37185
20567
30959
94657
49254
72276
14436
59800
6008
60325
10907
45556
62618
29571
38163
51749
59707
19414
89090
89379
48805
24931
82019
77168
26802
39459
71563
90383
96174
27774
23878
56256
74385
30554
69150
25213
63936
55092
89991
94443
7365
27910
59693
80808
62799
12036
12942
52584
26514
42036
14880
88658
73121
74702
98995
86623
20886
67891
7496
56823
99830
66587
19198
70196
22482
36727
16055
66153
29905
59384
85485
76366
62812
21741
47531
95579
58444
77523
91744
68455
27502
82901
74213
82167
68824
82950
55249
62057
42468
21557
26120
48854
86891
59921
50896
46323
87770
73052
82197
39241
95093
95141
30441
25099
41313
45012
14470
11023
38590
78537
70182
69278
22671
61380
16290
69657
67027
59846
19780
37841
60828
84283
81650
73944
96110
29275
50036
95681
68158
52744
96903
41080
49281
21582
77162
70021
48993
98934
79675
60183
73366
55943
80449
8273
59978
43135
75281
18746
99095
10684
13743
73081
4427
55542
67085
23466
32391
45450
56703
17966
60526
95025
70375
89798
40434
88364
2427
98504
55292
94496
87605
56339
15418
32332
29344
60523
10409
48824
97884
23158
64112
82269
34908
96799
93634
45150
78839
10769
10540
70062
16886
42575
27948
55432
1523
43678
41799
77259
57055
51489
36591
53798
41620
25566
102
83792
71093
92019
35579
85773
71223
30410
19152
33702
32489
94766
97369
43562
72844
4253
22586
92216
92068
87077
26403
45692
64505
36752
85406
63608
29393
30754
3286
43771
16480
93837
8799
4298
47122
1048
48097
36619
48444
96369
77146
26631
43716
89861
28037
54526
26561
3669
39040
47838
52433
44182
22183
38489
96591
90952
23599
44912
9323
31068
94884
99983
98218
81589
48471
29992
55133
75929
23123
19274
70660
27953
26928
3422
52990
27434
50103
73553
15141
39196
97320
39919
12879
95654
48651
62056
639
94844
17985
10522
32535
83801
77141
51797
95624
20187
79088
87950
87118
36475
45600
28036
40446
77943
66700
24286
89858
83968
86063
93537
99940
58883
21851
57371
35283
56694
58858
91883
80768
4376
45299
53102
50977
53171
29013
17832
22880
90933
64843
99663
91964
76255
19392
95645
51887
20424
71962
2530
82489
89604
34291
11540
70401
62134
81175
63249
18712
95868
19571
67802
93064
29136
14363
48822
50998
50177
45443
22418
33151
1565
64114
2648
62962
92967
91174
36382
27324
2631
84647
30478
19233
49363
46735
58096
17917
8219
39994
96176
24875
92899
75246
4195
98180
65430
7850
30465
36318
57720
16667
10994
50881
84828
43314
56203
71776
84791
39923
86944
53342
96194
62283
25924
95491
19573
16101
94035
11962
90956
90564
19048
28817
32714
31582
42059
46430
15182
32494
81053
34438
63033
2402
32027
33892
66762
67915
96546
33226
74386
5435
33674
78175
86265
43001
50817
55242
98612
33078
34612
27953
34182
59926
1514
47081
52515
57540
17483
90977
74433
99672
54795
685
36611
78288
45872
99382
71422
62670
35839
60442
89547
5839
27738
35175
18738
59918
48299
80512
77746
53099
88581
26937
67413
29454
52973
83192
96039
66239
20978
86470
60170
59001
90121
34733
94200
18356
97492
84987
36144
73781
17379
98257
44961
74176
52759
15396
20150
45030
16107
71131
38379
59643
80824
41909
15215
3959
52703
89863
13313
62468
91761
73544
24155
37619
23390
12417
2855
37980
64538
91509
36055
98291
57621
80996
74537
67283
93466
7453
3560
15103
33132
22214
271
54690
88062
41099
52384
75913
74523
5584
33284
46180
19389
58257
35089
63129
39566
18381
88889
20739
13004
14865
31630
74918
83613
42453
75736
96101
1955
23304
9375
31547
45588
37640
76519
10271
43042
47700
52159
74894
52783
83143
95810
85614
72068
22824
13696
44693
39745
46045
42168
37028
87645
87981
95850
11586
60479
1450
50841
62756
43545
23394
75827
42127
32168
49905
36130
63649
49696
6101
16470
43826
62256
36630
39152
15481
31295
1905
6139
50051
19484
4273
38642
17912
62644
43616
8927
80215
11432
43642
60375
830
8119
59336
76268
35718
74338
10088
12856
56237
1218
29337
39946
21729
26904
25512
99958
58354
34047
88101
41705
42185
81299
58690
74448
24411
90763
47054
3035
85327
55401
15102
23699
91906
45394
32635
49082
89535
82814
32017
72374
43943
96204
49248
3057
68941
87284
77820
4289
59300
62150
65459
35919
14090
44828
68034
64130
15002
59797
47807
98513
46903
38882
93236
21597
60693
3615
44243
40762
97498
69407
85405
64639
21111
91693
46303
30435
56986
25070
38986
33718
68783
80129
32267
54474
13646
31441
79110
86275
4333
60774
43213
51062
44220
59041
73639
66524
45632
88304
73957
2366
55225
10484
64587
77499
13373
2724
79445
67218
31702
88919
21599
36263
14180
2298
84927
41271
9974
64381
60348
25832
96841
54160
2750
37492
30682
52485
97582
74301
53974
67400
11444
77185
3627
2510
28039
54362
21619
53138
30790
72040
63436
34407
77084
2779
88517
99212
23070
32566
56095
68500
97876
83641
41002
60145
33100
59153
2756
67493
23998
33762
93929
76971
87783
65147
67330
15916
53585
13769
26143
45257
32042
54461
69134
33316
30009
92733
14849
25534
70237
35566
86443
23298
39598
35330
85944
43503
87974
62973
22129
53970
25007
44996
49446
53619
50166
99822
99043
21855
46237
69906
53120
6485
18111
97380
27784
88002
32818
18894
94323
38558
17394
41888
18759
78399
99799
35610
1843
27120
11409
58862
24367
61621
43370
30088
48708
66464
98787
27064
30162
30495
70451
21945
39385
97487
55145
49225
35085
11181
54927
32421
39827
17300
73125
13164
70518
6979
48225
83328
53058
14884
7578
77185
18327
2533
34470
95760
21952
66920
28921
26609
60959
11966
75406
90209
89128
62364
24384
88510
63545
36168
63556
74336
6851
71536
53225
55766
16762
7054
53634
11381
39416
10390
60357
73801
70918
8521
1216
875
76952
19123
49944
27887
80627
40316
75865
62080
16937
27958
61670
92591
53032
58422
17183
37879
93710
10395
19265
44886
93243
55568
87436
34624
11086
42086
19985
82596
71158
42513
56362
72014
63775
28946
74519
24395
3772
46850
30476
47046
82144
78870
68594
60828
38884
63116
30650
23820
21133
74711
36014
87866
5932
78910
18130
78177
6199
33790
58699
4226
44950
37865
9699
57099
97420
57895
13694
52310
63921
31093
64418
42432
85878
58775
75578
50265
45731
80896
78969
7436
96319
81036
5261
14782
56636
57837
60429
49202
90539
24999
95746
5505
69384
70106
35894
82175
48736
14356
26080
56414
4548
33911
2706
64378
1978
37279
97149
56033
65582
90869
67079
27758
3306
85052
31575
47618
21426
62844
52823
22855
71944
32448
54385
43842
4229
26179
9026
98563
65736
7570
6627
87373
25354
39290
82936
89345
62160
40675
5778
77090
40972
50422
44843
29335
3051
57982
22924
79050
43481
87379
20574
62364
7825
94760
91552
35911
29911
85973
88316
8652
53765
99499
76658
70957
44793
25238
74164
55776
79989
72246
60895
57970
74038
71885
52807
26188
27477
78373
13657
51830
69673
72879
88370
77468
80772
51500
28728
11130
92600
45609
29783
12742
45336
74771
77603
61692
74992
63877
45293
56340
5432
78128
45046
55409
36464
29966
31525
47672
74289
988
30330
57276
55674
23411
78047
53138
80288
12780
89445
86034
96069
41378
82146
36856
28597
10948
82198
5588
64115
6302
26708
13741
28162
51880
68071
91952
93347
43175
32384
18051
82121
90006
4282
66704
32469
73010
25452
34637
51555
87014
31967
37188
35625
1314
69572
57787
84974
70329
90690
31689
931
78517
98345
6060
4306
93329
86475
90146
64357
29256
92215
94078
71909
35779
15809
95985
9361
40931
4869
28901
92272
35925
99120
28631
41599
6935
16723
91922
22004
70996
20314
58877
88553
38644
93561
63272
80501
23808
53111
92333
56242
35837
70563
5753
5840
97068
89134
28145
21472
20360
97657
18991
40264
51963
49409
23182
69105
70902
5602
41153
19831
56622
44014
12735
32123
17127
28143
63394
25577
38967
91400
59383
76504
64925
36192
71201
48419
56463
48317
60952
74881
74754
36522
96393
38868
64328
31987
24453
81005
54513
89005
67907
78661
39176
41255
9119
13374
11138
8657
92424
18914
35867
73243
73024
94665
15621
12528
3218
44077
71335
52405
94436
86663
14861
49501
96558
80661
94115
44563
2894
12685
37769
24922
43497
71860
61230
15273
98618
63010
70794
14270
14543
84240
29345
55293
97442
83323
60055
86867
57770
76716
17865
60641
10739
44132
29184
73415
76495
59250
52772
51072
58893
23220
32685
41960
4451
77391
10492
17658
41830
89587
14870
47934
59219
59659
89622
40029
41680
87120
90884
68113
53241
13460
16487
93657
68659
30867
79788
49623
20370
82888
48995
93686
73200
38590
38989
63470
29423
13759
58277
70855
2166
59772
37865
72860
81471
32159
95193
73930
1803
93401
39949
85715
98463
25944
98615
75893
8410
24869
58280
63284
70366
9944
25122
29918
48431
81530
67122
5384
78286
14870
65352
79014
70150
52312
64695
34482
45319
78397
9490
40753
51524
62277
65736
18936
34936
66989
74754
46801
57639
41032
78377
68599
63662
6274
48572
27937
90098
25052
53162
70328
76637
23070
67283
98435
44697
20847
83000
12258
47075
38460
24583
51146
73168
81268
9610
74241
95983
662
60453
43443
6092
29161
64172
12037
59846
70153
99163
92419
65097
20403
90636
97686
46885
56395
32402
88272
79063
55501
40487
91519
3857
51216
57109
98530
40645
88756
22532
94102
13852
43763
86502
46858
7547
55585
30343
90800
54007
76479
67870
50542
37277
2574
8909
82611
65501
86282
12785
76437
42025
32396
25446
10390
2673
87797
19284
90544
27492
62688
17925
53638
20622
7837
25070
33048
93837
66876
40795
97046
44004
26387
32420
38225
30582
32965
32284
97702
91174
57930
95195
55016
12956
19694
16581
9255
51769
13284
90941
16716
83733
67731
37620
62949
96127
77813
13652
39690
35303
44725
57865
21991
38868
64699
581
26139
39737
34584
21040
92120
46048
91732
95128
25639
5863
57651
65278
42798
88652
16346
63065
25233
32214
17358
49787
52596
17743
83183
77814
7468
64810
16470
29284
17524
25434
32809
60067
69872
6524
65136
49720
63358
9622
3697
80161
63837
62884
12240
53818
32897
46379
80490
95821
72141
27
50568
93410
29941
51209
18825
16353
28234
81857
74831
43120
3788
58346
97826
84601
86729
6237
27154
58327
2160
29491
92829
22010
68499
11580
3822
70281
54803
14134
22599
18269
77710
6758
58116
64877
84872
42447
10792
9338
71018
1229
77699
86730
64258
1688
67092
73206
56173
89504
68668
15858
3636
19334
36772
17522
88435
81538
86562
38537
33356
97132
8572
34257
84310
57883
30890
28607
38946
82790
16332
29711
34479
14188
41051
71472
66086
3448
73764
41256
91851
50735
92295
46987
73568
43798
43082
58939
381
37944
5987
49625
1808
77104
63521
48308
82415
2366
39743
68550
98550
66450
65904
75544
65408
68726
67153
2342
1238
76256
62470
44353
26396
22552
5169
88276
12389
72362
32693
53548
41084
77704
14539
33081
12177
20385
65047
84835
94311
45998
90151
66792
76926
75721
37119
31248
40583
36598
34412
19392
79532
13623
65511
29858
90099
45080
7122
28375
108
14711
8164
31388
14075
67485
61787
41373
3791
48856
6287
45754
43035
24381
94555
66618
1836
94817
6030
95963
12305
30672
8837
38860
12259
62484
55362
28328
45515
5251
19492
28108
45808
94615
55800
97719
76795
66753
54579
40126
24280
31355
95124
38792
24107
43140
86616
99389
14172
47714
5216
97429
76957
81359
98253
85082
29948
63776
159
37725
29857
36714
45445
59074
44260
71655
13983
1996
85167
8080
73282
53951
53783
56826
89502
65418
63919
36884
69703
25256
95400
62226
17537
77869
45477
43305
54016
6326
25588
2486
18826
75816
78338
12620
79408
7114
89593
3050
89735
84988
17439
71878
33762
78193
28284
91217
40430
69486
91508
80479
22273
42617
53708
250
92810
38074
49427
44126
37132
30548
4937
87287
76322
81933
40555
72993
25381
67844
13702
8761
69124
49412
51225
85218
62518
77377
85659
72481
2185
26814
73124
93033
43337
47878
43694
74591
89356
22368
29811
39079
1385
83700
89536
30465
55204
52011
19748
58971
65534
85929
23091
32933
66785
10520
51439
14436
14391
66799
37988
32995
22854
43454
53716
21023
12120
35997
14842
99967
46721
54406
9110
9844
472
55242
75145
46904
26714
83393
90859
25570
92742
76701
82860
70936
60273
73210
60906
11104
20118
97293
77644
36429
62150
91948
68408
42998
60934
33191
16721
19895
49865
80788
91285
83165
59877
26289
70947
59827
61191
62063
64105
97711
91272
62221
49518
58423
71305
93781
20177
64759
30952
93259
49437
90264
99372
16421
13168
76282
57361
60172
59569
12837
6402
82
15225
16212
39136
15432
39093
53579
55645
19302
82089
34223
62813
40643
51359
66129
74418
33668
30924
29300
6403
77491
73955
68158
4802
35249
49823
36425
58199
34839
7835
28482
30920
68363
27915
9272
3406
20507
93616
10739
54884
14569
54470
28092
89038
74029
50481
22125
22918
77068
68750
44090
99630
97444
38581
44375
9966
82172
48696
10687
13138
98655
45745
40424
22390
9542
7159
88253
50519
91262
61267
75490
36466
74406
31290
23258
4278
4059
78505
86734
78035
21901
21750
99879
86265
94766
53479
7421
2017
96653
31731
57199
58752
41070
63983
21283
43467
82674
73433
54017
60318
93571
70744
54127
87927
81831
87842
46721
82875
19266
54144
36281
9318
45315
61057
72111
64445
550
98956
64298
71159
40561
15851
25321
98698
67944
93266
61512
87631
49324
66138
27443
85745
72605
14859
2623
37255
28969
16180
62672
24720
78760
24065
38884
31280
48919
44988
72045
79272
70529
57620
78930
90532
79717
78687
33362
55007
5688
55827
66739
76929
6329
6164
17469
28631
5285
25784
2629
93355
12532
30054
76184
81307
61384
11799
67508
31244
42190
27393
87218
15386
57082
63430
63533
89818
92699
57977
24932
37860
89435
56072
56597
93929
27402
76747
49186
1875
74939
15857
71724
40433
49203
18609
42389
66718
17255
49367
8282
190
49410
49126
41928
9012
8142
28093
91280
89790
19330
94459
90284
91838
19073
84000
91818
45616
21198
87244
28424
55964
77230
32583
36148
27097
85233
46083
74373
75441
84091
19204
10700
44175
59952
81417
45839
70677
81377
77032
81648
97056
9343
82827
15613
5416
67446
80859
90532
7746
70263
73114
28328
27517
64789
14654
11564
98076
27205
91052
32379
32022
59578
69016
41007
83947
95152
8426
82438
38484
88763
12574
88999
41725
77340
43782
1237
25318
61230
56636
3377
64938
76590
78756
34500
98514
35191
15189
37890
28621
96736
66411
32646
72213
59293
40728
55403
5587
47094
55841
11105
85138
92933
97812
13823
33424
59885
86324
22751
49380
89341
69597
69743
6287
15831
41215
97225
8280
80450
43949
85195
13273
53901
2692
88140
41515
38899
82037
52611
62454
79015
93537
71973
78066
27350
24903
30731
46142
21204
53219
37027
1889
83709
47775
46100
93329
32931
41887
59590
36950
51043
35392
73052
89125
78401
44398
16274
88029
25728
40057
59936
77953
91949
40056
17644
97547
32471
34129
50872
80733
40011
62294
42995
21736
89237
53350
87295
13074
51152
99164
94658
59816
60771
38657
12736
25224
9576
92145
65213
24726
229
72001
90028
99055
89322
74902
1503
50632
27489
34828
41892
42219
43082
71316
11797
42021
61787
77192
38349
6863
53275
19863
88592
20056
92634
6557
92961
84436
18984
66924
36415
97119
61442
45882
69519
70280
7631
60623
75794
42651
69282
61983
62172
9984
40064
40256
10606
19606
65056
97418
16310
95330
50425
48987
84383
40716
90858
15108
11051
36675
71797
27174
89242
77895
74115
78147
3038
99809
87502
82274
72121
39293
22789
60268
53117
71334
54435
89703
77196
65257
78503
3946
51197
42329
93713
58416
91135
68128
61299
54549
22485
34203
78823
47178
67266
5115
1759
3589
35694
51490
12567
14925
11381
36655
60499
46532
77535
78969
76799
22468
52863
90223
76029
53467
41043
34085
29657
56220
57284
6390
18394
20855
43098
79719
15941
67294
93204
79227
66080
6965
12904
21753
17491
22633
17042
23506
43019
79572
49578
55843
78280
63323
50865
98175
42186
70561
7706
1791
95304
70745
9342
69879
65531
3899
10724
42038
26651
85728
70905
24986
44317
1971
59672
12701
47083
42756
50134
59038
10637
87481
6891
74749
36270
24152
3108
88331
5344
97497
30114
85315
30009
40847
60137
19904
13711
18206
69702
10336
31750
34534
67937
61299
34670
1981
34220
56642
13008
6197
99870
46005
30239
74819
46217
23114
7471
86519
18297
51526
13114
22945
98390
81351
4593
49674
47264
40745
35964
63785
55824
49868
62332
23065
68022
80318
30871
20378
19391
51692
66035
86835
9190
68213
1125
53606
2
46240
44641
72488
53127
25096
51481
22948
14840
93749
58244
71633
7305
48019
69950
67063
66449
4769
3513
84291
54834
65980
60618
29995
30587
64748
78902
75553
9162
36880
14280
52859
16829
74329
71062
59342
58880
46072
79963
21632
4790
91412
35512
81976
96830
60646
39794
56319
30090
6313
52195
5389
24280
3075
85998
23654
83185
63289
8949
50091
48320
64298
79106
63262
80073
37365
72067
96750
61466
62428
34295
82517
99888
25202
63979
19863
46519
97590
63204
60064
53729
29972
86594
15729
76176
48467
26440
45581
5388
52573
20479
91006
62112
70544
39641
89278
96718
95876
20053
88854
93455
37772
38918
8849
66224
59348
56441
16507
22809
16806
4814
88646
9646
4428
44682
3810
58269
73341
43051
74952
136
58582
75838
74736
61513
27315
85773
3124
44925
60950
25928
27329
15483
79623
14219
9878
75694
7554
57422
16711
93570
81369
61634
6818
86719
66853
81033
12812
94967
79888
71201
96138
24157
39913
96483
393
55532
43122
79770
51264
49627
5043
17244
53185
78343
61112
42286
9630
49775
95875
6425
67105
29974
39159
68495
63553
18400
27619
72550
97004
31607
9778
72180
40679
71731
25268
26840
44453
65483
12981
81951
54132
40914
29591
44751
6885
13655
59812
38345
60770
25627
88686
70666
15380
97402
51202
48183
32416
35306
73206
56517
40934
39264
38726
1699
85756
70533
97628
21776
15013
12242
24928
83830
19407
9869
28936
985
48901
34585
42592
63504
96506
43561
25553
61953
75835
53761
67643
83296
48755
87603
82147
36244
79158
20563
88730
49716
24504
92657
74708
33644
75467
58248
83372
7981
75585
70873
97379
87846
27228
4349
10264
38359
40897
10244
43009
9786
14290
84063
90868
53741
37783
12305
71857
99569
44954
27830
17506
30168
9779
3106
39227
34660
72627
72413
61295
47540
70631
34688
81025
82930
29425
3795
16147
74793
15074
66273
80419
73770
75431
24823
51781
97366
57313
66030
62190
54032
25969
21711
46625
77215
60338
9200
79104
59988
90358
29258
71551
4466
21678
80079
2826
52076
29099
66807
48721
43420
96283
26671
24537
82565
53514
13782
76990
27075
23832
17033
89022
57727
25031
6338
57965
25475
31984
63164
9981
20305
39110
23433
75097
42948
29112
60547
1481
20595
51175
66463
15209
56747
17404
69044
37102
64666
18452
65362
46442
82884
32523
97142
78391
90632
6827
94679
46544
82481
39342
86862
87712
99700
2782
69483
6344
61092
90108
26311
30180
96103
80137
27012
98069
91347
61438
96882
4944
38136
6956
23559
60711
2724
70657
6852
7663
1744
98086
54600
90032
63537
91791
3565
13302
38382
25312
58520
9141
52308
57932
89132
32842
24066
93976
22697
32045
39430
1441
67923
43426
70387
54223
11332
75517
2043
80039
25770
84735
75315
14821
89213
1312
33012
76141
48636
17819
75041
94430
63597
28016
22791
99772
25049
56067
11217
50675
96825
82344
59257
66907
67025
86481
62684
64096
94233
8532
15673
12421
85051
48245
79679
74563
58216
57250
63543
45092
63779
21853
7403
6903
22964
59836
35887
11694
81550
81047
67092
46861
89985
89576
50663
35472
79203
17868
93754
89459
93055
83272
99444
35674
50989
12551
159
33429
9280
56761
92352
69290
17915
35753
80989
80928
75014
98279
85744
92328
48291
38255
95764
70673
14467
16790
41866
2673
12000
428
90621
87159
64947
95174
55257
56260
62557
10016
17522
33425
19912
20376
9802
56082
83977
33663
37571
49137
362
89747
47316
34965
97473
86746
33887
5808
57085
38288
90335
28914
68151
94349
3129
24493
93801
7372
1337
16976
16607
75322
85789
76619
40229
44216
48938
56547
96951
14393
29869
79804
55489
59801
71675
50745
73011
22270
55808
75715
4673
86879
98277
24353
37819
62762
3194
40645
84116
94367
35325
7668
87022
13217
32267
66554
68292
80334
30966
94071
31618
60162
38113
60040
22656
44117
64850
8302
2124
28065
74582
58913
7602
37778
44081
49843
11087
59114
97578
57363
36624
55233
50906
52171
69129
20143
97505
14307
1732
73369
30798
30148
53511
9836
91066
41961
59138
77292
25043
98330
20120
85335
46682
96215
41981
60511
6751
35187
26587
21365
65899
91310
13562
67724
52554
45452
99240
83053
44614
52966
45888
69686
72498
66967
64208
22208
83970
12848
35407
45911
30573
89899
30106
46983
76341
9345
95976
57878
75411
50299
1071
89925
16346
86958
68230
47990
51015
59976
11349
90116
86964
49618
30226
21574
17105
526
71361
83167
86930
52887
32485
19290
46085
97127
53822
46269
71811
65906
18148
14163
26746
63154
83486
38365
42744
90218
41185
76017
63724
42078
15666
75289
9623
12994
26287
89184
99895
64903
82918
34500
81211
70751
92498
43849
67046
12325
23015
13084
80567
36861
51955
95015
64404
3460
55176
13411
92625
72377
98896
80796
92004
23001
27175
54414
57507
92664
13889
47867
28046
9825
75619
61213
78656
45666
61013
48151
41115
9821
26570
6621
29730
67159
12696
77923
77896
8231
41033
66996
24342
9454
19368
10431
77424
94684
55364
17690
470
3738
26529
99881
84982
9061
73018
71145
24290
10451
14923
36095
23513
58818
12996
49091
24165
1810
16258
53764
21765
78892
46352
48540
34218
75357
42677
28760
97713
64056
90320
41406
33532
45163
95563
99244
80708
20357
18667
67356
49103
20260
823
88946
72179
81651
51398
95341
77978
7291
70374
84919
84843
81835
9294
55405
18826
69890
89375
23123
48500
19043
56146
20958
50727
360
76683
42574
27535
61974
23286
89969
6901
97718
23719
84590
26641
73488
92899
65715
62931
51960
26121
65712
63983
17053
60355
20936
34214
58180
96036
80595
34680
80439
41488
78953
40383
91959
27970
72879
86036
55557
34182
55863
81254
39394
38682
14253
81149
83178
64977
52507
35756
64689
20862
31405
19227
62947
7373
21194
30284
25625
56357
91251
52322
80711
2123
75509
93359
89122
52268
77230
42783
80637
80683
89371
29246
6940
15119
4545
76439
59621
2579
85837
91765
80224
7842
90876
33809
71115
78475
8793
77712
43183
3106
33655
99097
84328
61014
47655
52886
47278
16073
58385
71451
63673
23110
77598
70066
44362
16594
76642
32116
22311
98815
25997
15023
31829
67051
1892
53787
52048
47944
38051
92839
19204
61722
66091
1030
78709
93027
23288
79694
23388
51365
45027
19992
80236
24592
96633
54727
91335
77297
44624
28839
6049
60813
79102
49697
82598
38058
31874
42844
15505
33328
71456
89642
97340
49686
28999
99554
36129
72312
89640
70147
79202
84670
44228
29178
58871
56280
37099
21898
7701
7504
20245
25067
47582
86007
78229
20485
6084
10075
12214
42771
67849
41157
14830
25992
79466
40157
16322
33941
52040
83018
64876
25381
63600
17262
17035
68607
80445
26863
96364
73268
81425
71620
96282
81084
53159
46743
38575
15265
58710
10274
3392
76286
746
91489
4236
98532
13887
61268
78129
80150
11721
50846
16582
19416
77839
68889
90524
79389
88464
14732
47413
74214
37350
10824
22236
47664
75291
75399
24439
21673
96329
90665
25642
11437
49825
2463
56020
92197
61688
24463
37624
84985
28843
75651
56742
35515
63065
165
27513
47344
58436
68847
42830
40967
20192
21834
69129
6307
85838
99034
87860
69414
72212
49766
60885
45112
82798
66972
95996
85122
55675
97968
32019
78055
74752
9577
81116
44330
3777
4997
55385
29495
98625
43984
61009
61005
51505
25582
41344
85750
279
94798
33745
15141
20665
33701
71175
76306
52189
51788
64681
99045
54331
95988
17842
94312
1244
98363
21393
49684
70725
35965
95336
27626
70989
50508
3492
27683
53961
92836
2210
63393
23055
97598
19153
45952
39584
39673
31308
68103
83811
83239
27694
25026
1070
91990
28033
91959
35056
55238
23313
6040
3601
24868
4902
47292
1582
81742
42335
82440
53026
1341
59783
99764
23509
54007
43920
87383
27407
38719
86529
12766
66285
94762
17758
40932
48626
8127
75796
68048
69617
33722
16553
28689
64898
97827
37036
51712
64795
27060
1056
85506
24374
62293
29072
51509
1190
58452
29785
78892
87093
20944
76033
57316
62493
2560
55143
61991
76267
40547
90551
86321
50570
18200
65021
6999
12566
82372
60750
85102
2511
60534
72874
30329
64241
4422
99360
96801
90109
10590
82172
21860
43228
37077
10227
49143
4641
9490
18032
54793
30199
68699
27699
83441
87491
68055
25085
64376
97418
99213
43228
53374
65652
88387
76346
80513
5187
65591
50867
35177
27237
88634
23941
77113
26954
66613
26362
19476
46267
39244
1268
47472
50707
26017
13231
58593
30888
80379
37459
15850
81791
28269
88952
95011
82592
88691
87272
5981
69482
34200
37084
90881
2748
96567
17566
58161
15637
90087
7169
1944
12119
78888
85080
90621
25178
79243
68236
25980
97748
80213
3765
30551
36514
63452
11400
42606
64555
8147
89265
8728
61027
61811
76967
66578
103
983
53615
27615
6534
31271
576
86714
83944
63576
88080
65944
33398
63792
96046
6472
45497
79654
24575
93079
14925
72477
54055
18709
87456
73243
87687
83064
96496
20677
17763
80354
42503
66400
5229
3750
95811
16138
29048
92074
85332
64879
83135
48871
53669
31608
30872
10153
84426
98453
44318
3247
66741
68564
18211
90163
32726
3224
31454
91934
92043
10298
26361
45053
85010
91006
60693
90231
14118
45169
87484
49527
76708
51584
72059
5920
67099
2760
59881
32656
57802
13449
85806
99942
97452
84959
48171
91779
16613
59894
27903
14239
76983
83296
94806
73100
45290
22820
84865
67226
73542
12850
28518
77862
9545
603
98114
75390
34740
90918
19452
7665
45822
20780
54636
85761
79570
73735
34183
34112
91014
14184
46320
85976
62870
17845
27619
45934
86971
80356
48184
54096
5952
46177
14293
15691
39451
10407
16698
19631
77620
72639
523
99859
17781
40967
96516
14107
44987
52680
4084
11032
232
70103
96559
44496
79313
1974
13943
54888
60827
90313
33448
68730
51104
13798
86599
16681
58120
47682
82866
