39489
37478
21933
75614
9512
83801
49417
62805
99973
46954
3934
55977
68334
87652
82367
37232
14134
7836
10900
37740
12530
35805
58683
51400
49537
58638
49439
98071
34065
12482
40378
69984
86242
26611
79076
40723
31298
20083
89554
42781
40177
61226
69224
36556
27696
30018
86279
70504
10053
37519
95225
28939
52393
60242
73258
75738
15999
89382
80954
22314
77333
28201
14729
64733
80766
95266
80453
80006
56107
96317
58378
74059
1779
67749
31907
66889
96316
77518
70716
21762
5013
76002
42553
41715
1415
5096
79071
33284
21378
99808
56713
67641
94533
82666
40334
30222
6088
1935
31610
8045
45457
1092
67458
25280
74341
10745
45776
65969
83892
3041
42273
56649
24653
67718
46886
2127
67411
13566
84224
10540
90022
62386
88619
96448
55953
61550
74898
47201
26376
18495
30333
97573
14849
20868
54932
60059
93619
12228
42570
15545
89694
94905
30538
91302
16479
54238
90963
52555
27813
65581
2346
2157
12989
44
68695
91235
44760
64040
24966
58614
10156
82793
19624
98433
78618
66445
89411
3501
67477
62370
75257
19502
48439
48061
36827
78576
58053
93589
23282
36323
25620
4606
24954
71977
25650
44256
82658
43727
50917
29465
86846
11504
34279
51915
30871
63885
56607
465
82567
13565
42561
39448
93247
14253
34124
1391
25957
52426
90419
47008
18576
30509
987
79446
15286
94062
34570
97486
13699
88917
1564
23998
53564
32627
82853
87303
97748
77266
95311
72264
95867
9166
72927
20748
50900
36867
84720
38532
33333
78986
18476
69155
14328
72327
43759
94381
41511
8996
9256
34883
97705
14925
18214
64293
54458
18819
67334
90021
10366
1913
83162
97735
76801
32863
66933
99087
50841
3090
37843
30690
74665
98164
60485
52991
69721
30542
5818
83100
23404
87138
76968
18996
56890
40589
30047
54140
13933
71920
80414
5353
18775
17150
64217
39204
7046
88159
99043
55584
93624
6368
21724
11933
46429
1874
72358
40332
36511
90498
66538
50414
35072
38191
13582
24138
17463
64108
14542
38352
51526
96193
73933
5557
26165
68893
45190
88696
82489
28104
18100
38854
74822
22891
41587
34642
26602
46585
4708
28237
21931
597
99026
91169
21477
59866
58699
11227
69473
48941
64118
21979
36322
30746
16700
95730
59671
71461
44181
16923
59447
71741
8750
83012
24995
96168
41281
18350
98338
27082
76790
76571
17670
89638
33854
55317
41862
98940
15328
20675
48903
80759
14597
8474
71838
75736
9697
60926
86260
93740
13782
5494
66960
14467
70641
39593
48317
83401
88153
82957
92764
66940
43787
14678
76346
76008
72836
1054
15356
94878
13752
38617
82801
36311
26591
95278
18942
45553
10102
53227
5124
98725
42877
8311
90052
7072
11074
39461
37552
8758
98634
10010
76374
42116
46062
24901
62936
75850
27115
67432
4740
55274
97799
21099
2129
17413
97376
81192
99118
88486
80120
44191
42396
25221
34637
92307
32447
26244
77971
26690
76650
28080
46516
63250
43911
58544
55774
14789
14978
8936
47319
73738
47377
28728
21022
98786
36903
33627
71336
24174
38869
13177
66486
9725
51925
31287
30625
88443
32249
24484
89369
73301
64684
62274
56251
28681
10618
76679
21602
18485
48614
90613
63416
54820
23376
50585
2627
43789
76620
87340
44139
13135
73167
40940
67970
34165
68944
58548
2546
62770
13058
70807
58096
10090
49645
62457
82383
17873
55210
44613
83768
60184
26508
65804
49966
93326
90404
52965
49443
24697
16586
99987
69186
1339
76623
39585
98866
56700
39869
41437
84278
6742
79741
6829
98939
91248
97711
23393
71628
75961
71948
21619
50923
16378
63659
40252
97112
74646
86033
63927
53682
15140
72944
59398
75900
7252
95896
53795
50424
35492
18098
8752
10762
1028
91028
42713
97830
61505
55185
49535
51440
64234
94795
84987
37268
3353
52677
16955
38729
88165
12323
44024
44834
90382
56082
41185
88229
46512
70065
83073
38315
88566
40297
63930
11000
14311
28426
51278
47265
9226
60801
87882
44743
99696
6752
26053
33484
55818
25422
72729
38386
98388
92086
25687
66735
26820
13204
12980
76078
62564
74716
96418
79447
36466
63689
72981
23237
96540
74774
35101
69022
85037
78149
53975
8540
21839
87915
75654
603
1215
16106
16472
92570
28205
34372
34295
31457
70639
25769
939
65400
27245
95481
48583
66726
76701
45626
29049
54630
93474
58802
32255
84315
55264
76026
34823
61175
43338
14375
28657
28033
76109
21393
15862
7694
11102
94630
3316
11894
283
57384
20270
37117
20963
98843
90507
88331
99704
89355
67819
76072
49443
76091
28890
27409
52533
94573
50458
56
91363
23690
49366
55366
28299
77992
30488
3510
52636
63751
38555
79402
29568
86171
57597
67451
40726
26215
64325
36513
59663
39742
97032
21966
27754
86555
3422
53694
78497
75560
96284
42230
26210
7035
50943
5955
84282
40759
42711
83189
78841
89993
62225
17843
220
80077
93236
21307
83801
1275
29446
85681
31292
70401
94996
68887
89572
44015
4801
95362
95855
22839
93607
40603
78855
70781
20612
44251
90371
9372
48547
60812
73964
42582
858
67113
67271
37990
49666
86385
22898
37992
7027
27428
55472
60541
96153
69199
48645
22292
44646
68963
93847
99159
44706
1128
72099
80383
94307
18569
43594
8813
3506
10656
1014
17139
29457
29618
77310
67320
35504
28337
30170
67972
81003
9341
35928
42262
16413
1842
89489
72971
26172
15542
80721
29
69206
68592
25495
58167
54996
27294
83100
19677
98886
22131
32064
12171
23048
81529
40354
94266
96104
40007
21196
58257
2218
14163
67575
82915
14550
59496
90412
38725
52746
31561
87863
29793
14199
17529
7299
59188
8053
65715
20994
24899
91240
64153
11500
435
86898
59966
29274
71379
57366
47673
66836
44076
47706
10699
39650
5879
55142
3191
64329
76666
89929
94537
1369
45255
96730
92516
78840
58059
35514
97404
31296
35261
73311
27627
54002
67634
55451
8043
33596
18568
24902
10361
10429
47591
43763
4668
66613
18414
80927
23843
17458
34208
19960
75677
81008
72819
38424
54815
1735
37847
2703
54961
20906
88685
29019
12068
63878
339
41697
27756
80692
36903
61428
62270
71348
51035
81255
39024
24969
91077
64980
60457
31370
18931
23639
78747
49815
19721
71947
31117
44679
48449
93884
98813
66985
14734
52313
14323
17284
14987
17325
99823
61988
82502
35686
85667
22145
1472
19724
89741
84769
88773
89473
84124
85045
60562
68553
89044
70353
85717
90790
98017
23827
83703
55980
95599
97435
80687
40215
41884
97554
67279
80117
97444
67093
4224
95144
22101
11664
55623
44441
58750
65386
10113
21785
48867
64350
10197
60951
90361
5734
32194
68890
20536
13492
79403
76356
42596
95622
42833
36217
2353
38782
21728
5403
36154
94161
15088
73075
22543
11185
99757
39445
98609
37295
66020
8850
49914
64623
89815
97730
84517
60046
62668
46047
88728
66862
14709
39122
23023
14867
40172
77288
95861
99568
41532
91105
13232
35657
99628
38896
93868
59870
88895
27242
12137
7248
32151
57144
91904
9301
34162
20665
2151
26264
25541
59116
43586
278
39417
46813
40375
8214
16296
41591
89385
1582
10691
34933
4967
78032
40216
99064
62471
35115
29648
17115
74507
49825
96697
3332
55500
36314
99275
52277
70251
6357
11458
83657
55454
1060
49860
37595
9991
58737
39355
902
72817
50640
51546
25289
92786
77802
53981
24465
78882
21506
94621
68849
59610
47370
96166
99714
93253
62657
90709
17776
78265
89891
10262
17264
27015
25382
4982
13726
5252
97689
79661
16829
65455
73066
7157
10888
9249
53338
71673
54872
43138
31001
19483
38635
31806
30513
50146
1079
75249
19699
2353
79445
18272
92198
23010
58236
3775
70356
27666
94398
42993
22916
96393
45736
54844
14984
26849
78651
18560
59842
15717
87132
49598
56420
83667
16215
75344
49759
81383
30582
6078
66215
25804
23842
92713
81517
70495
95335
13739
23150
58755
47290
83344
68557
17209
20916
44661
93099
69259
74185
42836
81605
9257
1855
8081
97040
16820
55338
37609
29965
30698
85791
14672
30592
19699
31531
46437
14961
14264
41270
28879
54779
74275
1114
85267
77588
66434
50806
95466
73715
20081
88488
17181
72267
4880
12403
32067
42933
28466
35124
4296
38691
63062
45212
10569
81183
80236
25314
73524
16428
6384
30933
19399
97664
56238
92492
2323
62965
1600
94250
94037
92393
98070
28463
88132
80342
74597
63930
54071
10341
53604
53710
14297
69752
61931
50861
12542
78042
24557
11114
31838
6147
90507
47023
46083
17611
16015
31714
49665
88871
45047
99344
54164
21902
96951
78394
40592
97401
62273
11912
41972
64862
95188
32683
68003
72988
1847
29753
72392
6824
59188
50002
56483
9652
16855
67727
73226
80059
76056
3074
82749
35394
4268
77247
39169
19714
80114
6699
83628
68844
82789
91872
7146
81570
23382
80229
24475
89915
85547
12218
62238
66159
55498
78368
48406
6160
32838
40040
33388
70586
87295
40309
1969
40097
42565
31985
5068
77772
81113
8022
21169
95847
40408
83522
46667
62769
44772
52261
76915
16463
74257
77655
38078
77879
51951
54257
75821
75217
49008
71837
35909
64894
94685
85762
29323
32576
94714
95949
28248
36794
13794
15277
26298
97216
4320
74743
75076
17936
98601
23534
43386
81162
30470
74524
43294
60862
86735
95258
58479
50555
89546
30172
9101
88107
58148
29754
53054
36773
18746
5641
82750
78620
83324
39239
35701
48833
63385
12515
64750
67888
64424
88929
27199
23776
84101
82874
96922
64643
94431
61529
32044
85020
42990
11702
76238
48360
21055
94958
2353
72522
77662
82162
65733
42133
80237
72241
32067
27153
65927
77472
18916
77852
62362
96463
82256
51494
38472
25092
7654
38824
30064
85593
49869
80183
31831
73818
61739
36353
95565
5346
12887
19279
67514
68870
18418
60832
92725
209
6137
9366
82895
28852
54879
36903
1519
95707
70222
31250
988
11562
4410
55038
71246
168
37864
70833
9524
17508
30932
26378
21784
10900
87985
93752
49563
53164
13677
96905
27563
10865
40895
83348
18831
47110
88618
379
68564
62787
10910
84974
88020
6296
89703
63267
38671
47010
25770
3125
76200
34427
83399
19150
30993
28811
98272
31790
59780
84469
11707
11446
49164
54986
51582
80713
8419
30721
28930
12620
2129
22849
33532
31088
82442
7130
2978
47130
7878
88868
17846
50193
6070
10973
25669
18115
99507
5763
76137
11371
6862
80867
95931
50922
5268
35691
52467
36819
15620
75836
75634
12166
32101
58256
73228
3907
46838
49686
78153
98357
49002
54355
27311
55686
49637
63039
46263
49071
42070
22227
61703
15939
22596
40564
37968
74
941
13903
56996
5229
74105
79074
81875
63576
78958
40467
84709
21838
96841
57641
11712
92282
57674
7029
80070
1682
26658
75506
68030
84947
27216
56799
66120
24067
58116
55757
78701
99793
9723
40404
63540
91662
29884
64672
90472
49894
28748
96077
46377
95534
55635
13507
72896
78502
50097
38489
24163
21692
57953
78981
84781
53899
71526
63663
16000
8262
50732
45320
83700
64446
42424
12795
94225
14420
1138
34881
42044
64601
48336
17628
45950
11841
99633
22802
37618
99017
34713
3319
55508
57640
23713
66533
20979
94731
7726
61280
72123
12692
8696
57381
29717
57334
72430
27044
47508
16763
75412
71833
66487
68471
44786
5167
5788
74958
26756
6846
17667
20519
85678
16078
9906
80443
13698
51716
20670
17467
43795
83816
29335
69434
26855
60086
7341
23867
17346
41411
1114
60959
5117
82513
95433
95392
56020
29066
51061
48918
13626
97112
66774
99383
51232
8791
83561
36384
48482
97217
25822
64897
56290
30075
68300
4946
6112
42078
34260
91698
56348
50261
47745
91760
17111
83022
38649
51118
44299
22599
13851
16728
33574
67413
29669
93798
54098
2985
61122
94879
24417
84430
64407
98285
90026
93338
67408
71198
88687
94893
30849
79974
47009
11499
66361
93251
37918
83626
24378
43248
32392
40219
90515
32031
73441
20734
27798
77993
14048
14821
77300
18221
55484
91070
65194
24643
39434
96479
4058
96943
93464
30256
50682
27979
19351
86131
47283
92483
70795
31984
57714
44881
46506
263
96820
54198
78269
2689
89275
85762
4822
76797
64985
87199
22087
16684
67152
81493
13971
26535
20827
36776
75175
43592
48086
38301
67306
22866
3042
42787
31394
42736
82597
10330
82837
94396
62271
9858
30289
75770
85063
37123
44793
76919
68958
21586
89393
46518
89931
38143
93094
65940
87217
97437
31410
76118
12782
61682
23425
42650
86862
79929
852
91245
47610
78956
80867
26107
90468
34787
3549
2544
37660
89964
44676
92857
51970
69428
28504
86084
32023
57153
85928
23818
73241
70281
73532
88618
45792
80558
61139
92269
31496
22155
72761
84444
7618
95355
5054
71903
51404
23091
92949
29974
70633
20190
56266
49738
89491
26804
37590
46818
59724
34728
92376
51724
90727
43587
76576
66559
12433
20642
16566
22750
32518
56873
3053
9792
24171
38867
85945
70582
65592
24617
66967
85828
48519
74132
7724
26280
10698
98573
80782
95354
42415
45597
19882
28744
42852
64447
40389
95230
84696
9965
49364
38428
92788
14968
64155
15646
78528
86965
8704
89651
24014
88088
57089
78069
47048
55426
13785
57948
49646
91569
44603
96638
12190
91680
75259
82940
79099
38248
53506
60084
78026
74082
26457
10218
23378
39251
11989
6601
56078
22910
78236
44683
7359
67962
56824
9368
93084
91630
86489
67899
63307
42647
29853
77622
82705
6711
1619
27125
15569
36568
19495
84815
12138
98993
31340
27514
41850
73725
72547
64693
46450
43815
55244
45339
20729
82074
43704
11767
34649
96890
19305
70045
72211
36246
92460
37053
38567
90936
68396
85476
78211
99036
66346
95270
11450
52726
78613
94547
61608
81546
60515
87599
28617
77390
22891
75498
95430
25476
24755
16998
75695
86528
16959
25981
78180
91852
83520
4372
48007
70298
36345
13994
97449
76076
67715
59721
97100
8291
37637
41294
611
99645
71889
65457
80432
28768
15664
77282
640
79985
80775
81505
60623
86635
38386
1528
27126
41444
69693
75876
30542
83917
69076
38689
30581
26058
43955
6331
88617
96175
9150
14
23362
30720
94269
90056
65224
28060
50686
25582
32055
1963
92293
56723
25043
34545
52525
48917
75041
2376
63681
70996
1266
59993
22914
73190
16647
50455
99979
39924
25389
22744
67276
63390
4942
91289
93453
85899
29449
20442
13822
21769
95119
91312
53855
41427
20479
36881
78602
94333
73994
98304
75412
16663
84432
29204
50189
14014
36773
17576
73423
11601
67635
47580
17265
43109
49718
77542
96802
64737
46783
86164
42412
20597
10668
44427
75522
83946
71767
56707
15718
92238
54085
36470
94975
39481
53937
14020
32259
40531
88822
18428
16500
77215
94755
71236
64073
1957
20365
60611
44505
98835
51286
25986
13298
64540
54198
53823
5655
57320
81772
63929
78041
78549
50087
87913
75067
56653
42402
90693
96033
97314
51368
41472
33388
84473
21210
36472
92948
69869
29756
78977
84616
26326
7858
25540
32956
57298
20610
30089
80446
70126
84778
8931
22555
33052
16961
19167
11582
92871
8129
77251
30259
47598
48084
6992
22223
50817
30584
14590
13580
82492
57998
14566
21463
25095
36105
66736
21228
56535
13014
23208
89874
78620
36807
62359
24239
64805
68771
19748
54880
78963
52551
69319
83619
21519
60243
29538
16332
72513
2714
31916
76308
72282
1584
91650
59808
5369
25270
6078
79459
59010
99435
83024
79737
37385
61427
47958
42772
86384
36519
20301
95531
34118
65695
90618
9715
73969
24136
31799
16955
66466
77394
53993
41385
30216
69038
38872
51700
81895
95881
80936
41358
13369
72700
17388
37254
70797
7463
14528
81553
75042
12241
92230
20024
99676
95090
64205
32889
50956
64842
26283
55311
26594
93732
83618
54955
47259
58747
1411
97133
53064
20692
78987
26202
24277
13098
41595
82668
84533
4346
86451
82145
82393
59404
27327
51543
35358
31487
77175
3266
73052
62412
38225
84520
53062
84266
82694
35797
40237
57078
7953
46326
42979
86970
37489
47474
84861
32791
79488
31630
28623
11475
5088
922
59649
82665
65203
11709
30006
96687
36162
68778
71961
72905
69333
20205
68320
32306
70100
21555
55233
56560
40924
4799
58636
42326
38523
8543
24073
51148
39247
24734
8394
75922
32062
51136
25713
44050
88074
46305
91549
19653
55960
72413
82977
83216
63804
69802
80242
37354
72818
47156
59244
1705
52750
42867
3112
67255
77440
59234
19057
40348
38953
29599
46319
43694
78770
34476
19455
88556
39372
94376
25400
411
23225
96769
92689
98031
94707
84352
39063
16003
12033
9709
36865
7258
25790
20060
23172
68435
82024
2182
58446
63856
84947
26219
42997
76695
44704
7316
19457
1402
2609
92135
98941
13690
50601
53897
54539
17324
2038
32253
81634
70756
86135
1110
78374
7899
50755
29519
28407
4271
39663
67022
623
4303
87335
456
21620
39155
56617
58764
85863
52673
18374
97786
71147
95196
93502
68490
80955
46525
60383
33823
31551
12519
80714
33259
32886
4765
33853
91372
79144
94041
7574
57847
87668
44431
33350
82538
79778
72466
2005
97793
40851
8133
69689
71171
24986
6613
87818
18731
35561
91645
5142
6063
5685
77783
47136
77268
84024
94408
53453
27740
55453
36124
36626
59772
3572
16920
56889
58581
81562
3586
10074
33545
74699
24403
31192
98675
3221
18613
43083
32372
44755
30478
96974
21713
97949
91513
97712
73543
71963
70021
1883
57502
8318
78584
70719
26323
36254
98802
16282
9811
30846
39884
69569
98080
62203
19145
2299
14565
18373
4109
68120
96216
70372
78405
56642
73068
39620
48958
11980
25537
34618
77877
4871
54007
93690
8515
57739
85535
39225
56596
31100
51735
89011
41283
84389
6725
93908
23568
93534
52302
43081
91416
39901
1350
44580
15255
5101
28238
36160
56366
2302
77821
70326
3253
61412
74322
22687
11007
25930
46687
54484
11273
67569
72971
60729
95404
47289
68020
80462
45531
31334
53148
83957
73652
72957
2654
67740
55160
95562
83099
84299
97747
82024
78106
15760
75656
71930
77378
99129
78465
34202
33315
7710
98248
35575
65646
64609
73913
38477
85386
92308
20393
64603
47001
99126
29776
6837
12306
53781
51066
39127
4356
81023
34665
76104
92339
76830
37992
63048
76145
68790
91956
66476
45460
9496
91376
4604
20021
24940
69040
7753
39962
3897
56275
59645
84151
29321
44953
20789
79960
95576
39475
77506
50221
76216
45394
87802
84886
56049
63533
22184
12847
62445
30792
31360
2856
16034
77106
25397
92295
86972
26625
72437
85580
73318
45760
80889
26689
95924
37076
40336
95223
91633
95759
94686
80168
24643
92843
42018
69014
20256
63113
89893
66260
38433
75967
37075
95525
85412
44048
90630
59435
76414
66847
188
26595
37082
75665
857
21388
29893
62964
67139
77282
41778
70559
30732
91250
51114
32515
75955
26228
65920
79125
90824
11340
62638
12969
28152
37293
63135
48319
19935
96281
25224
53513
95565
81244
37559
14975
89380
63239
16487
67849
3005
25895
22912
30458
20437
33248
20378
62977
19329
70771
75721
92439
32317
89864
31193
30551
57753
9953
69406
76064
65423
73548
48453
4600
93
15787
83593
14421
10133
26910
93378
41641
35911
18986
13484
33105
54149
30936
85209
37224
96449
31801
75735
28113
65175
16224
71095
53387
23613
36151
55258
38389
80060
16668
74892
12937
39578
27498
42155
27802
17268
78088
51707
93019
88679
10219
25136
25771
97697
28575
88092
42963
89824
6451
86262
93199
14535
35050
21527
96132
6572
4996
87196
92588
12746
10209
59964
12539
56847
20626
10349
93824
74330
42432
91067
70417
84510
95358
34270
7029
42185
48365
94538
34451
85136
52340
66625
72325
92430
80942
1421
87689
37067
2870
86229
28681
72570
51073
99986
23721
10080
16612
12866
16031
26477
20295
76983
6403
45725
9800
24596
83372
1649
41118
63058
51651
87641
58681
45348
87541
5117
80408
38803
89388
14691
28592
42869
46422
45655
55695
91636
66972
35743
4678
62310
62148
54126
82498
94122
66784
83801
4181
90180
74189
88089
79253
92278
87298
34819
56276
56981
71777
43891
76648
19305
98421
52988
53101
35936
4942
18955
81458
49077
81495
91074
75313
32728
91321
25808
64612
53518
42476
87871
98070
79902
89150
99479
33422
46907
60089
62181
41464
68364
13466
39083
71227
54489
13531
67468
81523
44815
88288
33043
25593
27124
74476
62372
57943
96219
80917
73125
90550
18056
29804
59889
64387
42698
46101
37837
22229
53018
40800
49340
77339
46387
36855
30368
53222
50162
19246
59180
91838
25000
62662
62613
62338
22560
59471
99933
10825
75828
74554
8744
36242
39545
80451
14972
81635
73252
53315
51174
2141
55003
59391
80964
17440
7526
77478
5279
54298
83985
45903
16711
73594
56637
59843
34381
56684
82101
25615
25710
1727
58420
56398
72593
45946
713
10742
5811
33661
71911
92219
17648
79778
13314
81315
15893
17628
70727
14530
21152
32100
24586
95438
55440
91725
12797
59250
63250
62701
80919
55795
16378
35907
4964
62373
15155
70698
65900
10235
80950
39359
45772
6771
97590
47687
32879
37075
96209
79383
69897
61219
10027
92191
55835
9055
78043
2642
66842
25342
82398
98303
91498
56845
73027
8120
40553
4752
29326
46455
59778
38810
76456
66803
59232
81654
96081
37655
32027
11605
87065
76395
87459
28962
19642
13301
86229
46651
15909
43384
86385
94645
87318
52148
48073
40448
33717
46231
85280
27352
76178
97850
60869
84614
72305
52053
14838
29022
43473
37599
10916
4108
61597
18073
82483
26307
99376
30395
23818
99956
55007
16746
79294
45015
62218
5436
25255
30137
46695
68029
15259
77269
50436
39009
43870
99387
10038
73515
98235
76715
29914
74053
38413
65623
29000
65515
806
71311
70595
37078
18797
90383
73078
20189
9942
69766
73965
91410
18965
21741
77373
61851
36538
25128
30695
37109
68700
97611
38796
91941
27795
86815
82111
97224
93113
41252
24737
77174
8786
75101
41893
89214
14360
65742
49746
24703
9442
48607
11823
72403
38936
30483
27996
41457
16178
10476
467
28156
32672
3178
26467
22253
17254
26154
54360
97199
42941
2280
78070
38122
65632
68042
7766
21705
47357
63282
55240
43254
96015
36772
87929
77301
63228
94218
80462
76924
80252
74629
74498
59179
623
18031
92305
77745
56986
59283
14589
11509
64495
23742
69514
16891
6870
1049
28952
69713
47599
12638
36375
96010
80580
66257
90832
73566
38731
5141
8944
41545
54506
84046
70349
2749
9201
42394
3797
52437
95379
34710
69473
78345
71912
39466
42662
76295
59482
96955
2017
29777
94738
82778
25365
66897
50874
15600
67622
33826
85948
371
51711
40789
63550
19113
94676
71448
70463
78853
22374
81213
21849
8489
66032
50345
68575
47926
12744
28740
6039
51162
15443
46217
43927
33775
49043
42091
74878
17959
48697
34064
99983
76152
85948
92063
87616
71258
27755
53972
89774
47938
40005
92595
80223
80334
84853
67968
12787
98453
44245
60537
26343
51738
86011
89349
82958
95874
93176
50196
45034
75493
21233
73418
47542
49600
70962
829
23234
2496
61005
38517
94289
25740
21238
48230
29524
89829
97155
49884
79541
81190
87188
34802
2339
28096
49772
49153
82554
79458
81039
21408
77246
9319
48056
64043
17989
38964
65629
21927
8537
25032
29544
60408
63809
11694
63398
96837
11669
20120
19114
18186
10914
37202
89038
11562
33241
13731
54737
98020
6368
12485
38635
71434
84101
73679
90142
42893
65355
20799
57445
7610
51022
67252
86944
37270
1282
45797
91632
41677
32323
7446
5346
25060
92179
62429
17778
54937
1287
23368
2959
94323
10546
4305
50423
34339
36698
17640
9215
98967
95788
65941
1141
45041
55315
80869
67367
18181
73915
45062
84331
53993
83632
92795
66371
38893
46987
19503
16289
69863
74007
42383
1435
61506
93860
54362
77538
8427
9685
60539
41884
38164
5453
78873
46324
18890
22481
17993
77924
11865
39383
84807
72497
38370
71102
55276
49508
1709
93536
38
64968
20832
1943
81497
71517
46192
73097
90868
58783
92567
19362
23809
73417
15850
24873
53252
82244
32515
34305
604
55256
18728
43444
12298
24202
46901
17277
15725
69319
67262
14166
62681
36605
3294
47431
64085
89119
92508
24216
99991
29197
15942
50241
24150
70037
45222
33891
59326
7095
65247
81959
36943
37958
79910
70005
82917
93775
17822
60633
86249
23504
70944
66938
11766
59309
13210
67766
75777
47549
9402
12364
6185
40219
48566
43236
17975
83625
87928
36344
84814
43388
5761
10212
13173
39424
5733
26099
50365
14031
64328
25088
95173
66859
38308
61189
43414
68519
5039
69604
5737
29350
23037
23658
83397
39340
28559
67035
14672
32358
27049
62219
3170
75915
31759
14416
36653
30966
92161
21997
76284
5778
19212
19448
79173
7916
95801
266
6870
18214
33468
82312
5491
74286
82284
32084
62263
97266
18986
28872
43222
14501
13295
93839
10862
17267
53200
22087
50427
63903
4605
83736
48415
10186
67735
88510
48388
91750
15638
71188
94941
46920
39293
67723
64079
33435
74396
2615
23200
39176
53780
22817
86210
40225
6723
84679
58497
91967
20513
99477
96360
99782
83727
73606
76019
23294
60701
99129
55447
23618
94388
25903
73736
61807
88307
38681
49484
53580
77543
93259
11643
71632
12980
49884
59618
35919
48100
17430
18004
14609
82413
21963
97883
94988
25589
42971
43088
95500
42003
75653
12159
98276
65939
51527
86479
50985
70290
8631
22692
96071
47646
90605
88750
29777
32078
28313
59088
75666
34869
98652
27466
29338
98438
92721
32758
3404
91400
9826
61990
35058
50011
70530
42375
88637
6187
82200
27584
54998
50987
32065
53417
66072
92928
21280
38951
58378
61246
48907
17728
55545
71559
47705
81235
13512
11965
58881
91329
7470
37995
28241
65085
32644
19360
43835
46998
14436
82508
93510
24892
80965
98227
67056
75259
55640
99682
1247
91956
97578
24385
40487
18401
26577
75151
89176
59687
4293
70837
3422
76029
1436
68731
53420
3597
54523
64411
28570
83613
45134
84674
3687
32948
52562
60045
78110
19645
93249
23255
98526
34867
24266
97796
62971
37798
69053
43454
36790
90140
19616
9056
18734
637
70333
17173
50279
44907
85098
25716
59054
5532
90005
21165
96904
73325
16299
79745
92655
2494
34250
13724
57546
8229
57568
34076
93744
7697
76222
51248
65054
82922
72239
31353
6782
61029
20703
96625
49519
97698
27031
45267
55056
2168
45430
62566
42200
45406
89034
72565
41974
7804
4855
68630
88178
42616
3128
76256
56990
17420
81731
33884
86599
50890
79290
74042
89070
4440
32674
80085
60322
26182
2826
19943
38421
69002
17301
24855
9705
3832
89834
2403
90884
76868
89983
83150
59198
46232
76249
47037
96563
44212
91760
52800
40022
61635
84320
8608
71009
77209
17077
8557
59304
74811
25380
61247
42210
56648
52532
46642
33157
9796
31182
10188
66296
8863
86669
93439
26191
8040
28456
75614
93640
17523
60397
58438
72057
22364
38140
15637
95827
97820
90371
9622
59941
81858
54281
33853
84007
18530
26151
22216
80151
71150
10108
99828
47324
68945
99586
11680
41322
40767
14414
45329
90401
39973
62118
44076
59744
81949
8549
49601
64895
14976
79930
88404
84122
47418
36031
97588
39151
84766
56445
57937
51227
49597
6236
72726
69261
19387
23378
48733
13754
49980
86944
45079
26571
94264
95783
25241
86705
8608
3847
49815
96959
57837
27443
65255
23053
91503
4695
88941
12273
56357
19550
5509
315
68302
86934
90519
87851
71842
56902
8290
87007
13456
84792
12947
32613
20271
84948
19931
7384
63594
84879
84350
3463
11681
39998
8674
60823
91509
20710
58580
27866
25816
15781
48008
22908
69547
69331
35852
14297
27469
28790
62616
77489
61264
87834
54886
50098
2680
25146
68117
91949
9687
83051
16666
66334
240
76042
8420
41205
56906
35524
58788
28980
82042
70841
82767
71507
19920
2570
13898
71556
9712
83152
20228
81316
64309
85160
9909
55743
75223
55591
47632
96905
26124
83158
75071
83145
87619
87897
12148
9382
40393
73134
72214
91308
75316
58908
82283
31754
11731
81260
13823
74196
31973
44772
78472
50516
33120
59892
93307
33593
2626
56852
16236
36299
18479
50208
90618
12370
41333
67736
51037
62269
51811
31382
39830
50369
17304
38594
92510
5660
82451
51069
33220
9966
44988
52243
87654
74860
80037
26015
57543
44824
18698
49051
19103
26939
284
20880
9431
5996
78449
34798
95215
1822
90751
79128
49228
5000
98676
64709
65627
1122
15147
74180
45831
13252
60072
51436
52601
64867
72308
83718
84410
84402
30630
8642
29913
34811
27442
75703
63562
66310
11329
58304
92490
23376
57581
87019
6426
35730
13034
27094
98835
92452
23310
1249
30202
23040
22462
58559
20265
45035
31550
25797
11038
92999
92709
6487
29987
54913
75509
12439
68435
3777
51579
52322
14313
74784
70838
94012
54513
21263
59678
418
25015
4014
62147
98914
10590
57183
16001
62272
49535
37860
25531
43746
36159
53052
96055
28850
94915
7937
98917
36916
73074
84533
10430
88853
42188
54731
73018
75637
46117
5492
35217
95775
56299
80787
27896
71927
5122
93019
83221
87144
29836
42734
98503
61784
53062
38993
19747
81589
80611
63887
70802
33288
63959
74945
96157
46825
54353
1342
30288
5751
41006
84322
49265
88578
5085
90085
28067
57909
90323
63888
92288
81199
45142
36465
65778
61691
17488
67693
42011
18888
43888
95239
35007
21057
27888
89892
1693
38168
69594
75783
12735
29588
91383
34792
567
52602
22219
33197
48502
66906
2391
27163
9154
47325
29249
85282
67646
96901
15482
84009
46877
30440
36237
94890
56707
42064
13205
10434
15293
97536
69069
27808
69704
91970
24819
2503
20519
47185
78728
16616
14099
59807
48073
37506
27305
66173
99829
79126
82548
2061
60635
38716
468
77202
10765
65451
48234
49185
86331
13130
16399
99329
38885
36872
73464
93083
26337
73838
53609
30901
48878
87338
6465
85269
46010
15340
98195
243
32610
26895
44150
33890
82425
37918
21023
65522
5225
57845
98551
82213
86616
77839
13032
46187
28215
78174
95447
41347
75417
83484
59777
30065
11427
54736
56801
72120
79105
32628
58035
63649
5745
82554
61955
84094
9062
78456
97198
2804
40669
18178
14609
31515
49973
89628
38903
11803
44486
29346
64519
8059
29442
64975
43298
45524
47711
86660
87854
32364
14134
36271
78736
71287
24987
10801
59669
44160
5389
23424
70446
92208
74605
27781
12152
84653
63912
8015
62712
70269
38320
51546
32262
93703
4621
1664
88783
90639
42709
34685
75686
8602
97871
76211
72004
25990
65910
11391
41152
65102
7160
47716
97503
37459
25608
89256
10434
26373
7707
33732
15025
75738
88857
11262
31829
39593
8343
50538
18888
5943
71
77447
41571
94206
84379
57220
32105
15621
29117
71160
22965
49002
52505
82206
65398
84490
76690
91932
51576
41748
40188
8752
3291
44950
10492
44883
72769
10268
60044
49983
23425
65192
47050
99286
10693
37028
94043
71820
75607
34456
29180
63345
35481
5773
27270
83776
38732
92510
4424
90774
28951
36172
55567
93422
71149
5057
10616
30450
74226
63802
18493
34159
54938
91140
80848
37702
44937
95279
54004
25004
19707
82466
68678
55585
70876
50988
37457
47821
43120
33009
59964
27473
9295
87858
56758
62549
20814
64728
52641
99245
11380
20702
98769
16093
76858
7546
93923
26716
75748
97137
44232
6485
51910
33280
86541
15916
41410
61359
75833
4059
41993
41231
59478
48426
44527
1845
59446
11893
55090
88231
42199
73656
18286
85429
81937
9428
10046
2095
88798
82250
44891
16260
77089
62539
44222
7493
50798
90132
27226
55924
11347
82342
21659
51579
98805
22705
36795
31017
59892
31444
16615
82325
64805
19802
95289
46963
96905
32694
12669
12621
82277
69192
28460
3460
79554
749
3612
27761
72176
62566
9376
24837
70351
13934
67482
26592
35873
24541
53447
84678
49742
40659
28215
73941
97282
25692
29358
81994
43633
83652
64154
59879
21131
83955
4163
59565
46007
96717
48650
25408
92088
20513
14414
45259
49393
2427
15463
56868
16208
87486
51596
63634
64750
48694
23667
85305
54373
96704
88021
65717
39491
5604
24758
52496
55547
7416
86475
99392
17183
50158
20520
2253
22025
57724
96186
36152
94791
49969
29281
18399
2724
66291
65777
63762
20393
55502
52282
92151
32823
94635
97084
47918
53678
72875
18044
48755
8561
38884
9092
34825
39993
87952
17110
62360
69945
18197
5730
62552
96170
76472
66927
98268
55800
66616
68941
31659
74036
81997
49569
5976
45501
63416
54290
14912
36308
60179
48631
37550
77404
83628
67360
54155
3091
42434
30383
70112
44603
29038
71392
47510
49290
58116
38938
77512
94526
75244
40394
44397
32650
42957
49961
19176
56520
57033
81012
77781
9219
46640
99757
43084
66482
15258
37848
56703
31339
63377
13207
36589
85770
59083
25849
73868
51329
52965
84750
78328
59182
86259
11655
51596
25135
21429
36943
90890
58785
77257
47038
54147
85303
92637
73997
26254
39771
50066
88542
25171
87793
86511
94279
80561
84846
44483
50048
31073
95694
23493
36067
50477
45962
22020
68327
10949
67196
84085
41084
69559
80028
38221
13281
97172
607
90913
5161
64631
90443
54017
33824
11832
36091
44090
76426
98116
96653
31840
92703
63245
23331
74714
59246
25426
43038
85341
281
5821
87254
97857
42465
35774
67315
85390
98973
19807
86711
69526
10079
64887
4150
89138
14474
59628
43189
96467
53980
92691
61979
88256
85302
85561
39612
94116
49920
18669
58325
5203
76093
65813
87216
20947
50949
36289
60421
7162
77789
43045
34334
41553
24361
96100
99270
74108
1952
86481
37623
68379
82701
15679
228
73591
8447
85988
68955
8308
73373
98020
62680
65663
43218
76155
91306
98276
16282
10861
20804
16085
85693
19151
61700
37880
12195
98601
99240
46059
14304
60706
20502
55110
40932
77773
72625
53094
80233
81757
90715
57738
7678
7572
46814
98641
42154
1921
45317
72738
74784
13273
48358
75262
80240
33535
86548
82947
40371
4972
36169
45138
75966
52408
72180
4057
95412
83420
69097
26616
20341
18331
26874
32608
83767
85503
32900
15027
70116
28642
56758
80966
34701
23130
15099
16624
66118
68304
31860
85729
6506
69534
12547
28890
5194
52104
5133
89799
87199
42905
22362
79256
13412
33063
26718
7844
96704
35593
66186
73790
84676
39438
52652
12496
18526
13614
38332
44049
56173
36673
86818
84472
94776
37309
31776
69813
2144
13959
82874
46542
86220
99846
36888
9029
76037
59807
60105
46018
66487
13579
20060
6796
80061
37048
17580
63956
43615
45303
55231
57671
19629
35451
98859
29702
39158
47179
36035
18562
97965
63115
93537
83306
13283
14116
59133
23381
99350
96190
29970
40585
39781
96762
63642
13330
57281
76434
89972
34303
11140
64285
28935
47867
90854
40306
80176
64397
65584
41308
4471
19017
2526
4121
70629
94799
57390
75687
82946
84219
87859
18649
51497
88665
42654
85783
57298
53540
87254
84886
75219
45557
92351
77113
37382
13229
98756
729
16271
30872
17247
7817
34969
99365
28187
76809
33732
11914
99458
3873
68093
6082
34903
31408
15577
64267
92151
40215
71947
75782
8130
54519
1677
7892
86240
47933
43835
31726
76022
37176
55234
2166
87250
49108
46563
57295
53064
33272
35299
84642
60284
25285
72920
81598
47977
66326
23060
9164
67739
23295
34558
6001
84557
22733
59523
79898
82258
144
74594
8467
78479
10506
63651
53627
33013
10249
22208
30083
6758
23323
66002
57284
50088
11568
48761
60192
55478
11570
18269
63937
88566
78669
91740
97286
98851
34433
28962
76033
71727
56637
84258
39751
76565
70106
58493
64952
34105
98468
55503
83757
95217
81373
62425
78026
81656
14027
18343
232
7795
70309
86034
36721
2917
45604
53388
98698
55339
31988
17265
1279
93966
85562
26645
12490
53616
41547
69719
59071
71851
12506
5588
30887
46164
40521
66299
94904
60886
57372
43329
70043
42223
43328
1432
7584
94489
84602
90680
78307
4798
2268
59913
81454
70449
1316
34166
82636
82270
80430
86899
20336
29176
93801
76518
77069
22227
94933
64855
78086
81291
59265
79046
68516
56987
5562
81138
65766
66269
27836
47352
84917
33268
65488
74738
67386
97822
3927
31589
22710
62083
81399
81371
87704
8631
94486
23705
8367
70427
74575
61152
62286
39690
48150
43252
84144
18568
21683
7371
97226
37650
92773
45910
26493
41033
10097
63441
53792
16988
19781
98714
73158
43417
70591
65977
82287
79451
49702
81487
19009
28481
78227
67556
79679
85650
37029
1637
672
1942
13457
12746
66832
19081
38639
67531
75115
83137
16857
98553
12145
76946
61679
2107
20292
98091
76196
15493
68232
54298
77188
51744
64913
13067
28132
98991
22457
23974
49983
42469
97855
89991
19079
88961
52786
2663
58012
84808
77413
53339
85455
59552
77250
1666
15949
76933
69509
84184
3382
6055
17399
36671
53806
23854
58319
43184
76688
78806
92252
39075
5351
35896
6813
884
60241
74288
37977
78431
98241
886
73370
91241
45996
23804
95319
79196
50372
25993
5681
30186
9068
76554
86090
50423
76225
54668
19672
28908
82300
49532
26792
48954
65985
76348
61446
61060
11094
49945
35455
77195
74608
14639
7085
80636
16068
91319
46402
77817
90504
74519
78426
11320
55507
38669
91375
71828
4830
45206
88976
43385
89250
98734
53938
84301
42135
94185
95709
37110
11399
56668
77128
82297
7605
57717
14957
94747
89021
91012
35884
76362
45848
93336
2896
58929
7704
92974
13030
47435
83331
75487
27214
9980
38187
47091
80084
94185
96148
28133
87766
19731
69365
92048
74889
4945
53040
53428
61006
36760
5779
97224
99919
19197
23001
24374
73369
40370
60005
35627
21299
19527
35153
78454
74673
6665
49861
93964
52761
11725
8174
7011
38904
22737
26965
20907
12789
76780
71417
32273
86878
76304
34212
77485
8953
66350
25158
92498
64040
35360
89830
66303
6492
91659
57933
27315
42558
24146
6665
84679
98473
77911
37885
22891
3800
43350
63016
24379
72148
47256
96971
16978
22736
61844
53048
91385
37211
83049
37307
84486
80389
73438
47475
4376
95611
16785
60203
30416
35202
1149
62575
66827
88317
43008
34757
98279
58049
10767
56042
68619
62877
67051
36706
43997
66936
43847
38104
80668
41852
18397
43478
15341
55592
13036
93822
41117
29600
33389
21250
20994
69410
86378
87708
29585
97249
25929
14807
41410
34592
75647
49395
27247
6488
32115
17066
95935
7708
90480
28318
19638
45544
73300
3335
88609
18026
98761
57956
37150
97138
41501
21154
95616
33675
15739
47265
4819
82543
13015
32405
49286
8339
4668
91938
87859
53383
4455
50707
94478
82114
51175
97678
69720
29597
66566
17723
35485
62466
79400
61721
77918
86281
8454
30608
52384
67540
42159
60832
63283
91205
94135
18567
41601
41201
39832
56576
39561
37170
85578
12852
71262
62319
4009
71718
65455
78800
8214
5702
97088
65104
36090
5920
88105
82117
47486
33539
43823
10109
50308
29474
17635
16076
32492
44175
74442
13090
67041
50432
87900
51204
28156
15650
3698
45705
98610
27702
70125
63215
54929
8048
68812
2158
86694
73447
12137
45465
500
3101
18395
51940
51992
43103
64740
72896
78415
76683
45423
34072
9460
99554
12194
63967
90403
69835
35775
2521
7141
46951
26443
26728
69421
25679
74065
52032
18460
24085
34622
97386
92621
12419
9222
27771
2138
20428
75602
86162
52617
59210
40435
31255
48243
6001
27378
84629
2876
74295
48869
82238
1273
16709
86431
87991
96227
56893
38357
99195
5528
81663
70080
35657
67991
7809
12211
93196
29034
29788
80620
91461
49031
66234
63086
87271
27718
86791
79684
10863
13451
40070
21195
13843
98757
77927
70017
83276
55769
16621
53197
95018
36206
722
41204
43355
30879
78710
23723
47994
15803
22576
22254
84466
43369
8006
39309
45572
36865
32047
15274
42307
41988
60655
88670
93660
9953
50988
19847
10763
79900
3595
92050
90744
3311
53804
47259
49626
56885
4036
60778
21011
59077
30533
51640
70274
91999
24633
27573
3494
30298
24253
4446
53040
47579
37870
27860
66458
58055
45488
49450
56885
78236
65495
29196
12226
30111
56676
94984
84672
11303
2379
35761
73116
35574
93244
40240
35227
9154
63183
65498
4181
47104
22737
13583
91260
49809
83892
8566
15224
8134
22585
61449
61503
84352
44893
24869
67471
62758
22829
45910
20489
27453
89001
48766
11758
74837
10700
18968
62502
66133
39550
71719
59030
16289
52374
50579
76918
60494
68900
3634
47291
77833
9723
11605
5606
61330
67331
66972
57617
21408
85731
2589
54361
75146
3607
19244
46818
56074
53370
14091
68868
276
52202
18208
39885
82899
61477
31119
37844
87986
71496
36190
64233
82266
16895
40347
15218
4407
15843
40510
30802
87964
56133
32739
64014
85727
31805
25163
8484
86439
33594
61399
72855
19528
56585
89063
87367
65683
86909
58756
17976
12299
293
74399
26607
10977
53344
32707
72532
18146
79117
8273
40149
3670
83589
16036
90226
71652
42457
84306
99547
43805
68375
73724
19245
97685
96130
8100
12465
86139
54214
28032
35942
50355
36122
5078
55295
24814
78323
52283
8268
60814
87571
60708
42293
38271
9730
9160
99285
92204
11484
37144
83436
83947
27478
53396
34311
63453
48468
50593
43621
90651
9774
9579
92753
25621
77479
7389
93343
57508
60393
60501
12320
6107
74410
6581
19298
15219
41778
82111
11636
3906
88645
67789
60542
62061
26718
50301
1285
60013
84454
83063
6585
34164
99776
65109
63816
73157
79216
71144
80184
59525
75731
80127
49260
48668
80844
26146
16639
709
13413
24970
82871
29179
15270
18226
99318
61047
64796
9666
43226
70495
82541
63947
66097
96615
9804
82670
77307
2541
35849
57146
6930
76817
67036
509
91052
24945
72696
15108
40339
15058
215
36282
92974
18342
37551
44404
1143
1630
62224
76468
16550
22806
56437
7305
51207
84855
23574
69492
60055
85875
9788
94018
41867
88105
36745
92262
44218
34181
7077
63819
12170
85084
21048
53296
66419
99877
23754
17113
58121
55684
74103
82775
79139
92812
74469
71601
98884
16229
31138
17664
81282
53038
57375
56906
85019
30560
30046
32007
67260
57208
70406
25090
89603
87744
2939
86449
76742
96981
38727
82341
11236
83183
14621
26358
64166
46317
96857
5127
75664
98416
82735
29113
47601
87394
59920
73048
29895
6028
96153
21431
82664
19840
39008
5378
44895
50173
74957
21629
29274
16935
15825
46196
15320
48141
56435
94683
60993
74361
43298
6106
64753
44258
19226
67154
14350
39664
11211
6612
32416
81643
40409
67478
34396
9952
59692
62468
17311
56357
53165
8556
33454
4220
79409
66740
2169
76744
16755
72512
43361
6108
60059
85199
38866
81544
14262
12613
5438
43668
74867
32498
31764
92679
86167
4582
65432
97052
80960
41456
82147
71409
90411
96763
5541
2899
50957
42641
76676
77442
27503
61579
41020
15116
61427
50521
25182
17158
71664
13945
43018
86974
61538
8001
40105
36119
20215
20982
31517
56860
63261
87029
34328
6098
87177
91171
22166
3448
5604
12073
33706
64972
39208
41393
49651
27402
22982
57518
78306
65995
52171
54541
12719
65251
46101
49877
93313
84408
70263
66461
91745
63729
60080
29526
81217
58894
38826
84935
77639
45476
57966
92001
25348
88832
67825
72929
18575
28017
92189
64836
25476
238
63658
1045
40064
81892
52370
71767
99917
33856
30033
43258
48895
87302
52798
66825
48463
3162
99992
23680
58289
21829
37951
68321
43536
71437
14251
17666
77928
64508
75807
9426
25857
95756
59098
23332
74013
7547
16396
94911
58910
49216
13584
31339
26901
67461
70340
27801
7727
54361
49273
75148
89898
41157
80614
38905
73819
34988
61966
66064
12583
71274
3280
83489
85482
89066
64962
52882
50671
81740
68083
18036
93065
35543
20116
9618
45291
47095
61487
38278
77082
30253
12585
43720
63394
44217
41970
75838
18480
82142
14038
38936
1729
13444
21591
43398
41684
74921
40282
10285
25714
27203
96051
61450
9356
78257
91252
99226
52435
21278
26893
32458
1110
10547
22812
25225
95549
33218
96143
68887
14583
50635
68748
87810
80956
18796
61703
62618
37324
46290
72414
49615
20940
40971
25389
80543
92814
25556
86771
8317
59445
35084
83132
48815
65668
3408
7204
69225
98232
16125
89826
82004
24209
84756
74477
56373
68307
35084
42245
57862
56426
11824
32519
95262
3702
56478
94464
99754
2418
68667
11634
72031
44816
37921
56046
67723
26146
74708
17420
69060
96430
36607
31316
16392
5106
87620
188
28759
19320
16809
17224
74359
30539
60880
18258
21849
93646
21481
89805
36636
72130
16459
48611
96196
24513
85815
97682
76549
90085
67772
8264
98818
18824
20943
88396
37045
60601
40133
52032
35744
96024
45407
17509
86537
5082
77237
41802
29978
68991
82742
32996
42409
59429
43860
71309
17926
73076
10771
65967
76903
97364
40052
28070
86540
22689
65176
64072
54823
61398
84093
14705
89943
97125
7923
41002
40051
14024
91597
9416
32144
87056
76801
38953
86752
42243
69661
77915
74838
59839
45884
43114
8580
26445
97965
703
3499
69883
40455
24080
91212
12691
30567
98385
1951
92123
7838
19364
90488
19368
73149
59820
36577
4135
4565
36525
70113
62483
14669
50402
66631
6060
60249
28921
90073
97574
21469
62242
39241
48038
16732
71026
14936
58783
66112
37400
97060
72001
86293
77045
94843
70270
27345
3478
13101
95899
6833
13626
66382
39916
79520
97529
34464
23629
79305
21851
42306
57966
36469
11129
74624
8590
10313
25888
38389
15321
2235
92051
93010
16734
48023
96579
51593
20751
60420
14829
83594
20375
41340
49283
22915
36430
4120
54011
72131
79319
51785
25016
14171
60239
286
35128
1436
93874
74876
43833
32297
10845
5539
3206
72863
5435
68943
26782
92029
45047
11627
60104
63507
23154
68679
68352
87565
85116
7226
47313
89011
9564
42180
33970
90513
60356
10233
78778
31400
25230
30936
90984
38934
99272
36303
19719
89602
77374
39047
37694
84409
81132
48861
31066
24170
67991
32322
22744
67912
29625
43332
92183
92185
76039
46764
97187
95417
39911
49152
39579
91366
99306
87856
75238
31875
2598
66197
85574
97601
78962
50883
41935
71494
93138
14049
14676
27647
50737
41573
72771
4000
29904
92496
67229
59847
99992
85999
86271
60461
53792
29616
50351
80589
61784
32685
1124
14724
55403
89726
29115
74502
50903
13025
80779
2132
10438
90875
84068
48786
64027
52410
57866
47098
85377
43423
78757
69175
38137
63798
27739
10072
6240
70195
75330
13967
53622
49693
14733
72561
59239
85903
76917
80216
966
14203
75269
9645
33290
59405
643
21920
69698
44764
71654
86442
55818
47312
92316
49230
10207
10159
38862
44722
25410
28862
85687
41308
61578
23715
19948
67808
48208
38453
10129
68049
44553
72550
81249
77410
78113
31560
20466
68964
84226
88374
51086
8612
54537
47601
43212
76869
15724
46664
87998
4254
95032
80737
54759
98191
5655
95244
18169
53964
37703
95107
84132
30231
7626
72347
39430
45624
37357
48501
92705
17479
34834
29631
71083
36933
53992
42021
7805
26031
41468
37029
22319
82760
37249
91168
27164
36589
42942
54020
99611
98169
2304
73728
59508
17698
48199
75344
50592
68271
68356
65801
99110
19745
77137
4268
51678
4242
44809
90299
27481
69221
69689
55128
59746
38395
7432
61947
92146
1674
53133
9751
14933
34240
83791
86918
75067
70978
84060
93709
83772
66961
86884
79603
67746
94109
25922
57012
6811
39741
55794
94442
47154
12320
98136
82516
70075
85180
90182
45149
81582
14721
15058
20875
33104
3021
82282
49541
95147
28226
95245
78305
756
99061
7735
91065
15877
14339
83090
35419
15925
2674
95121
90758
70821
93838
27994
81792
6192
64724
19916
80730
22372
64504
60062
97136
15993
97855
76170
88440
32451
81274
95286
91637
77980
9779
82878
60384
50911
99154
47272
30680
56865
88969
78693
27301
18608
30105
47155
59194
60226
33040
77500
63555
16381
59446
26958
33146
12266
47941
64152
80456
9481
32272
73567
39376
85638
36832
21796
84789
27825
83759
43503
85916
9484
98617
96505
56885
2834
6623
17880
81166
74958
13992
84329
94907
64089
95043
12064
62871
80217
78158
6017
61571
51036
5424
4091
33040
8075
23120
53645
65731
34045
22056
86653
8917
55082
17099
80965
80760
96414
4324
16495
70275
36621
16996
33041
23399
99263
47825
54950
37022
639
76355
92883
28550
1047
73560
88718
15205
47858
72451
20184
74096
33541
4002
75076
21900
54586
89663
72064
4577
20848
31102
1867
95990
3843
56081
98183
46144
77054
41722
22672
8221
73236
43578
32050
90569
91156
96777
13474
36903
15880
33849
92098
11954
16991
84571
61990
3262
20025
83357
95467
35371
47090
12611
35318
34897
44706
84868
77626
53255
75483
88456
66885
45758
26305
90321
80883
63657
8412
32775
12515
80357
60350
64323
83074
93099
38751
2405
36351
29518
88037
62725
31720
45549
28861
38146
63273
94543
76406
65010
33870
90149
46919
74282
43593
16422
15134
29861
54594
12546
96194
24001
97863
14002
60112
82545
31213
67954
69256
15149
15679
72005
89371
40107
38766
19627
50343
14163
22773
97548
56733
35503
37370
25229
50836
53722
109
76546
11950
13686
85223
48787
18121
6558
14957
59836
16145
55440
98942
76510
88149
88671
85008
70043
38777
86703
54965
91828
82908
59957
83661
21309
98443
18337
81257
26925
21093
68514
10807
27088
25212
68123
72693
9299
95539
92062
20905
18030
70359
1906
92716
65960
39352
20150
3062
11263
997
60801
38332
53390
43989
10048
48869
46166
89578
54321
53290
25977
60939
99624
95711
9878
32572
97549
41054
5737
79981
57680
49287
28391
97643
55373
73843
58236
5308
82867
50090
7213
94773
73864
9972
47148
72956
7492
87047
48207
92445
94970
9346
52939
97763
83298
35413
36142
47324
12589
76173
3817
22568
50264
54734
65423
16232
57311
5939
75058
21941
72436
83800
44836
35427
25959
56521
95436
3703
65266
59321
43869
47157
41040
68950
32980
54041
45729
53808
49232
51972
32022
15471
39696
88640
91662
82604
30446
41070
28014
5911
56516
28782
41890
5594
37222
52760
85612
27570
55316
86634
78869
49561
24416
74254
55647
68066
80969
78479
86022
15483
47238
88893
55519
41711
13173
8933
60060
99122
79369
1608
26134
19769
53539
17449
62805
8773
50276
93964
87560
79830
20200
38657
60709
18899
77319
24462
70142
30849
69712
47210
53040
18417
4558
41865
15367
90495
61925
56697
32555
45760
22443
79747
5221
24122
97445
5648
33827
77238
80647
24070
23344
96882
59238
21440
65164
93724
12920
95049
82678
46160
89796
33795
20831
82710
6556
63362
92353
63457
61398
58393
15732
76608
48194
5866
80775
72905
43383
2876
32641
37765
27246
9868
45340
4550
76042
6183
48487
69166
4352
63663
62752
21589
46556
40522
82280
54601
36226
53874
65954
12938
53928
13637
14415
79607
62376
14070
64718
45826
33591
4307
28393
98710
42174
89434
66068
6018
5765
42673
58965
96028
24200
22868
50418
54804
97437
6516
82005
37714
69727
75343
31733
99455
71221
48278
91581
31670
67294
37465
39660
75283
96098
17768
26531
40770
80828
61466
28894
34232
91974
90254
45488
78847
56928
14009
13768
97443
26938
29957
64890
43299
50961
28717
22401
5146
10852
9511
79392
93018
89618
86653
180
57559
25069
7293
49207
52829
94935
99003
83002
85653
78559
15093
79881
2600
94372
9506
41473
4938
52433
53837
19512
4126
64455
15880
38523
76183
44340
69164
69295
66206
92083
21634
35530
46395
84145
23229
44404
20862
13134
84448
25062
34697
4513
56774
63700
99014
28860
6865
84421
70929
30489
58429
5761
6379
75286
10035
37622
9917
26204
2722
98692
4983
49140
35784
10743
83819
61425
14019
77382
65681
3900
5942
74732
58907
29856
50458
69678
29728
51429
94298
64411
57799
48258
41986
6802
71261
81300
63609
33862
45113
92507
23711
52993
1350
41957
7008
22619
72815
38560
9334
11161
45129
6781
8568
94265
58781
93163
65147
63604
29737
73328
29372
66257
51632
68565
67281
71261
18953
4986
41821
75632
93668
66635
87537
84847
46661
54063
15383
27553
43022
34973
46140
59156
10716
98544
99702
51282
24075
83591
85541
2851
48165
55267
47489
88768
12761
22092
88445
11145
19557
75781
24806
12240
37682
34353
72695
28007
37840
96481
90266
1438
87675
43183
30381
6336
63825
11672
71201
35350
40880
27634
46147
16451
24855
13342
34872
88572
63486
6724
81688
46047
7613
66316
10781
3553
17591
59794
47861
97659
6771
35192
91577
72211
34439
2485
54661
57420
79810
62159
94904
91782
20385
56654
37877
65129
31163
54998
20631
15196
97728
66974
49698
64126
18163
57791
7871
8712
39098
9980
68363
80069
48299
13215
76139
10432
68229
79302
99910
25219
23196
31205
7495
79595
5337
5671
34772
30151
30621
75889
93867
89239
73191
59176
15774
81106
2454
56768
84152
69152
19894
12176
36125
64788
54163
16135
35540
10191
36330
35504
69710
86477
70860
1665
71090
59822
25041
72952
66216
83978
6158
54747
16898
72487
70017
45895
94215
55128
21223
49885
7768
38959
84719
58348
51915
29929
71209
61908
18076
93899
42467
53480
10613
65399
46528
39578
76488
65034
67450
67910
28703
12233
56625
98074
34323
98010
35257
80827
72775
20561
6899
8462
22158
14297
37134
96214
39024
81903
2362
68149
30737
87092
54733
47212
54244
15005
36753
30486
32828
74901
2671
3439
48304
24351
39688
80854
69890
36117
18880
32925
96851
9981
61386
55072
49659
15385
75092
10899
97689
69682
17672
1549
65495
87719
46961
38876
23319
4962
57570
28693
72190
4134
15000
69540
64098
21063
54062
73875
36403
57102
62107
40035
11492
79342
58954
67640
2583
76613
9791
49063
73928
62730
30321
49832
94136
9207
91833
93357
66476
49340
40121
95264
88582
41644
65555
68358
62542
51780
90779
21171
62167
49555
82788
17361
46220
39434
60333
74326
22012
27294
19288
56797
92321
63380
98767
21111
30932
33449
3527
1949
83517
68647
31559
80001
36750
89667
9241
86288
70654
3760
84227
4424
7537
11314
11854
54915
59510
20809
84026
95600
81998
20696
10220
17934
75695
50529
80612
5215
5804
4709
40247
3894
26382
12402
64519
40846
79452
39695
69286
25441
3804
99353
7880
50173
13245
98120
24466
20346
93526
63054
72540
53974
51112
41708
2045
55845
44850
51291
10128
40989
58913
89067
96365
11363
25882
2850
70405
81304
84007
59362
76428
29565
56344
9037
42642
34168
65672
37260
56919
61033
28276
49170
71248
99089
57458
68470
91681
44942
71152
56844
75052
68381
62846
64934
11778
98178
33243
78743
92985
78040
13295
56668
93013
1357
64231
93487
74361
53365
27316
10399
1956
86274
33317
38955
7109
54453
14334
98499
41270
35718
52109
3134
11061
47179
1980
51947
94744
455
99006
47375
75640
54474
28773
77327
87733
68900
89807
94735
52935
29319
61272
7472
78814
46419
48429
36728
5787
84312
65725
79611
31892
51109
39995
55127
55742
43980
79002
49066
22924
3481
29915
74522
15211
81299
3175
48264
29620
21274
45309
6315
82592
21832
8701
59598
20584
55006
84276
91240
43807
54881
60978
79898
46760
39975
98930
93522
23453
797
33298
3138
99699
76113
64350
35627
33277
6391
66449
47313
69982
53242
1984
869
94520
87473
87140
68327
12470
88728
79381
95355
582
74459
40952
46493
987
43347
26224
11726
86669
24362
5877
34349
30560
55801
38143
64207
19281
59735
15679
4756
4704
24858
21340
46629
62448
7252
15219
74910
13717
28636
13440
7393
36145
90377
14080
32216
56467
76046
48545
30984
89564
45223
20675
52081
91335
45496
80732
32078
43865
14412
78568
13422
21693
7522
80584
75519
57061
7337
36639
62605
17908
29526
73283
92547
86547
23313
15352
50808
6956
84349
38093
76630
5580
34649
9320
43697
25826
70619
90308
4827
46659
30325
7695
44964
39547
41727
94416
69391
34583
69805
92675
18417
1543
74317
9358
13861
88042
51152
79613
72602
30297
84957
73500
14672
5176
60778
54924
85806
62490
50377
37652
62096
37160
28119
89499
17711
786
25255
41994
99394
32173
84806
31600
63324
89733
34740
75582
31508
64968
33844
26542
84411
6503
40685
27478
59525
40891
65609
55698
11776
84319
13133
93274
43268
18684
98020
52729
48723
28523
21056
26897
34958
29965
71832
96728
27303
88809
8078
57859
86420
96867
50238
39975
94092
40973
61337
33469
19385
58586
77664
28234
26394
63117
5520
5218
86695
77114
95819
8671
26908
72793
46611
46860
80170
57563
92412
94632
85026
13017
655
71087
50073
71472
21109
97677
79398
20535
48705
82741
65989
53658
21580
44834
51745
64517
72966
67439
19529
87902
13628
84589
89688
37395
51176
64531
97106
49834
38359
20482
79057
66072
18582
91591
28092
19808
84372
77794
83526
97297
71573
56636
43527
44182
97560
78360
28113
83598
57467
76467
90299
57774
80958
41469
50008
41729
78733
438
8043
36534
20870
89005
85405
17297
50527
93185
76318
70330
28633
57146
27973
46542
30750
34370
50591
5473
82134
73642
51477
99084
79520
90031
38239
65509
81729
57460
42856
23141
70217
30355
57226
55129
54135
48620
43732
83257
83868
82607
1203
54978
7182
67309
96430
243
29964
29178
9527
10972
94281
87055
72518
4846
69962
90528
38929
48690
52117
47879
82228
97809
87722
92185
94093
46183
92450
94431
99663
21790
22012
21369
7614
35021
90626
99073
10731
32631
47197
42156
85041
36022
78348
52807
27846
56668
3601
45531
83737
64114
90148
17952
83317
38051
58172
97959
33730
17559
96362
71466
80947
72519
22838
87330
86657
95223
35048
7816
49029
68
4329
5916
21220
16599
9236
12931
41517
88946
23809
37615
75376
54198
70402
56612
69016
64003
80588
4951
48342
18319
75213
15702
56453
90214
51667
34798
25510
68556
74228
61498
88944
54602
60747
63985
48789
37345
79272
58838
49311
90894
25047
64067
67871
15453
26692
10964
53124
398
14288
44313
87434
81410
34413
79192
24541
75037
89305
38668
86009
47995
29814
37321
85986
94863
72037
77347
30721
4546
26756
22406
98221
53412
51817
32595
12387
24324
58860
17150
60239
24152
28871
91833
33085
6858
92307
93538
44882
48347
8638
83313
33729
77055
61003
61316
72823
4509
4021
19837
57619
66721
7454
66307
37009
56586
48087
49037
55001
89658
74607
60236
8751
10622
29109
31883
39093
38897
73346
99382
81911
72242
15896
80609
40942
57230
68715
63956
75746
45727
45375
53216
70181
54239
45514
74708
8311
93878
13549
13600
32223
85939
73894
88477
64305
83658
72546
95042
9909
11762
95977
60126
71021
86846
76108
97775
28852
1655
13153
94661
43648
90608
21095
86481
16184
16555
91056
48231
87798
50399
16511
29413
90203
38076
84475
64121
88529
27301
16163
4895
659
90573
27932
86475
33464
81184
87525
85783
79707
96298
16399
38425
44371
74172
19262
61363
59251
66338
95997
8997
16496
68812
30211
55909
74639
68003
60785
85227
26504
65876
56301
11608
67327
87689
52749
14138
18665
26145
30196
59415
30852
92781
38530
35249
62197
34657
10252
41319
47718
32696
71998
75329
65655
85942
2439
66233
37522
54061
28337
66472
28980
57385
73340
29707
29006
26261
9491
38083
79849
43052
54423
66125
94974
98092
58204
22964
24732
45605
62939
67053
86563
66315
67458
75647
53590
6399
80323
91726
61113
42201
43735
59958
6856
65365
55340
85252
81684
47968
74553
2865
8774
12648
10730
33350
74258
4215
51202
96240
85094
57211
50779
53933
33911
30720
37359
88883
29037
93188
4482
66383
30354
56759
71377
6660
5578
51794
23264
32769
76770
55976
22152
46756
91133
71563
27252
54950
46647
29848
68773
57119
78021
29488
47712
20447
81139
40345
88775
81960
80903
27034
18135
80027
31958
79080
21246
85189
83032
64749
95198
53395
91691
21493
75887
455
79628
82031
98890
44756
80248
78201
93962
95877
79089
22880
24935
95174
7331
40418
80619
91066
65695
54632
36558
58277
46440
14299
80848
83878
97058
37595
33238
35965
13319
94661
22037
90154
73612
7692
35216
91349
18053
76902
16500
18140
91050
84720
55307
58978
95359
19996
97134
33634
11208
3271
87926
57560
89746
72199
48864
4454
72537
68606
48311
13580
4021
70720
90472
73683
75859
63911
78834
27834
47860
75870
4951
61480
97047
56855
70990
84130
73940
90029
20573
49681
82089
12004
80763
9740
10614
70393
95694
62964
19248
27121
87988
80272
33064
35327
42699
56076
32218
12168
48694
97692
25532
76137
91454
57313
93097
20706
78661
620
90750
75744
88592
33240
76918
33266
84984
38497
58513
4294
29203
57930
44228
1632
16398
49967
18029
13067
41484
47313
54369
10225
70987
54171
70543
64546
97285
70598
56965
42349
87337
22710
33759
49394
85145
79376
63903
11553
29074
84142
17905
90822
27128
82935
16096
80428
16737
83567
24893
99304
54792
92763
53747
90947
97440
73983
26429
22513
21850
97594
56586
16450
16520
7659
286
45488
79356
25137
69292
77029
45914
87847
57670
80015
53979
89968
96278
99378
67114
42184
36896
68164
68300
47812
13113
3831
30265
90102
34710
54111
10886
67976
25338
25183
6097
91343
25492
95624
55241
97384
49354
9775
73589
56268
53424
38538
23311
93595
76549
14799
45117
62884
37634
72886
10546
40455
74453
21945
66683
43317
26986
33317
46353
80020
40859
21921
67763
19072
37291
11599
29432
86882
4945
78386
38885
38804
67523
16069
96666
56618
50182
82165
6079
80987
5025
39806
50330
54334
24112
40782
42929
4102
18404
33405
76727
20002
9394
31664
67854
40014
18272
74138
43874
63967
11340
38744
16552
4030
39522
10936
93342
9222
95270
5152
63701
88362
69235
91103
87466
66493
22659
4978
11873
17645
11191
42904
45117
87231
50827
74434
70895
50233
51972
59697
89046
5681
52328
82936
42877
83987
72576
170
61445
68556
71803
35829
2854
86103
65362
31439
73410
2693
92729
28809
14770
75611
59820
50161
12126
37187
42018
58127
32176
76385
32281
6888
33581
86475
33855
37122
3536
66136
73612
2475
22504
74635
93141
733
95921
62706
27054
38404
7782
97831
61329
81130
17192
10794
4239
85832
28774
59874
26650
64078
52195
4662
75117
58212
69554
74595
65496
39887
67090
66920
58726
88238
26468
87361
85016
83592
36710
77203
32763
11125
99325
96985
37279
62295
30698
69349
16929
66705
50341
42409
75006
78768
36230
35387
15623
62421
49993
71610
99322
30287
65387
63873
14267
61498
11942
4120
93840
20868
91960
97221
71754
36543
77213
68018
33662
18495
93246
15542
86987
19347
58276
99915
28448
57598
86641
21831
83123
39185
86180
50728
6422
22052
66596
97255
63883
34652
39180
48053
81609
89956
35393
4539
8891
77069
47819
2476
57825
64845
85258
74143
2754
10872
46424
26676
81458
35671
50722
80970
83301
99216
97965
57616
51105
49065
59036
9703
39536
42554
49852
31432
3408
16071
32987
36427
69766
49400
65631
23821
8017
86784
34890
79866
41626
12522
43761
89948
83615
39444
18177
98904
80912
53642
70644
61897
45665
90012
896
55536
9548
94218
6886
56392
64342
90394
94596
64283
86031
88209
33611
14767
39477
74475
93374
57701
79892
25164
94683
96889
10892
4765
4261
51349
43077
99605
86835
46642
33812
11582
31834
40042
13533
93501
80204
79059
27553
60719
69533
23414
14269
6
17339
79809
1801
9556
99181
95281
91183
57813
43263
35631
26353
41250
88934
26065
10151
38679
17607
33200
87924
68047
71553
9000
82546
64508
44795
61416
92005
82024
53995
48266
66799
5747
45965
90826
99705
64998
72671
18910
30203
40573
58068
23298
94724
95576
29433
8698
51274
19912
53146
65532
79684
48187
50080
86746
27277
93875
60099
43094
6172
77263
32785
91004
6133
96193
86396
68737
64437
1247
75112
58227
67794
82807
91828
4839
98976
83525
35556
92464
46707
49116
32231
38006
80260
75558
18063
5969
46025
10348
66317
16313
91227
68371
72297
55196
43384
70815
16555
59307
4705
56747
76663
30814
44330
40877
42214
56288
92791
36277
62613
74027
82281
22299
66070
87680
54591
36105
3454
87421
76479
90429
82297
80482
76764
41428
78310
80671
28997
78132
39655
98059
11009
37457
56570
54191
16274
86254
55147
12377
55394
84118
12091
95172
50596
28620
63049
50334
2399
93327
65724
78572
85915
56641
60462
13401
35627
53979
13459
82397
51664
60975
53631
66997
9376
90749
22330
27112
2736
95993
94322
9676
21109
36029
30317
32938
83403
27183
36998
50484
79919
17524
86352
89524
26926
32025
96306
22882
66400
43
26007
69632
71342
64795
12984
44745
74494
42966
83064
36420
48227
99842
59160
12172
65875
40113
19889
44712
24070
4601
49744
70717
45192
63822
74255
54912
18075
78967
94565
22674
88264
61143
27843
28276
4370
1654
33412
39891
67936
56734
16243
67637
39665
25519
32773
52649
59591
15057
38795
19572
49844
92770
53398
30645
28593
72277
79874
38766
46473
86754
41633
87443
65606
27847
87061
65299
59073
99866
945
86102
66344
37384
78448
26536
52362
37806
72611
65958
36363
29775
24002
34188
10818
59251
1705
81984
17049
47519
63237
15266
53779
80916
11357
49413
78960
35076
51174
25737
76608
5856
87185
82248
63722
24663
92088
13067
17898
96998
9832
57555
65592
35689
36518
36747
64566
87965
71125
24711
53257
87809
98978
13052
60591
98919
79658
66379
36246
17644
95675
99995
96745
68398
73814
91908
7135
81549
8844
42485
28798
83773
88029
96871
21622
6672
15061
20142
4514
54225
67378
36909
73808
17878
72989
22661
11234
32391
66707
73508
61879
14375
96797
85185
34647
77052
87248
47863
92456
54584
76124
65961
5327
66734
52292
93095
91090
32510
74213
70502
44362
76342
68464
63977
10441
21523
79746
38895
13487
8125
61821
53642
92503
74077
28073
65438
99013
73547
26564
17955
52921
35205
41153
26648
67426
83616
96845
87847
86065
3120
99154
40486
76750
26235
17484
37188
41947
9422
2824
39915
41077
65157
63591
82900
53158
90720
54307
21574
92930
62477
52621
9174
93985
97560
96759
41219
18346
98280
97335
30381
39799
70738
88987
65814
45953
16096
92276
78945
68986
45669
46955
94813
83022
95222
50143
35395
8970
71674
3930
62302
79510
95726
31758
6585
38701
31396
99458
46580
8000
20930
75488
86009
5128
71404
38426
97304
85326
11369
52301
20400
19856
74491
25204
86994
90584
24374
62433
84299
40963
24294
11589
31049
7325
75259
96649
24352
58853
6732
48426
9218
31019
70783
17620
39188
74109
42151
47309
51967
17422
79650
67096
50852
69814
3674
26896
62481
44349
18489
18734
16019
18193
87152
45552
50126
23348
88091
43346
11305
63381
92785
77603
5674
47077
29509
60194
3322
35811
14943
90861
67113
8306
76715
72731
23817
43982
53340
78994
23501
11112
24901
28954
94751
83904
40895
8617
49628
97192
14264
27908
89974
72678
12862
14498
69386
15444
52161
93802
8657
68406
40007
26475
60389
22345
59200
29699
12461
87500
79535
20519
62512
26275
20912
87715
28066
44433
79849
74760
41488
18682
20673
87731
90116
99060
11549
14288
4248
16751
2702
96048
77892
37244
60163
43214
86978
54295
88984
15490
85198
78115
65548
89547
27797
10624
70984
80986
44417
21261
7132
57184
50644
17134
95939
49097
35771
49824
74136
36434
46734
83145
977
46815
20550
34931
91458
40520
50922
44693
38243
48223
27876
55584
89588
98262
77881
4754
74328
4858
61453
3578
75978
77647
51436
87927
84672
95142
73299
38723
63811
59246
94387
48004
45626
62099
78248
75852
60984
96066
72209
88605
36342
80216
72087
97475
75618
55672
65205
4648
69351
74210
76287
94648
3305
8991
45468
11031
83665
46790
13887
46564
74014
50705
71108
26004
58109
95699
3546
8050
79216
51877
27869
49070
21810
86639
50142
1234
53093
38535
93828
44679
60959
45982
46688
18216
86977
96364
41451
16581
89218
90592
83280
50113
68068
48645
23704
24440
4712
43952
59290
94679
95553
75829
82789
30836
38414
39326
27611
944
57149
86905
31673
72134
6452
85789
38279
47916
97791
23170
66377
60659
88213
83193
42183
29214
51440
63624
15622
95975
67470
74438
85207
68533
61374
89929
2787
43257
47264
60092
83500
77754
83205
85936
17537
63661
38633
25362
17223
71580
89939
45461
8813
77968
83216
52287
49041
60125
92645
28735
86000
95158
10725
43536
12928
24589
26429
29817
52829
82025
35008
13053
65598
65745
99836
5236
50480
80699
20122
89029
34848
44567
49812
25309
34065
20796
50366
71068
31706
49410
68679
40278
64949
40459
12162
52654
99091
8292
85476
15334
4489
97381
42833
20182
11851
16015
92738
47322
92315
50828
71538
59366
60534
19896
82944
28109
66131
74842
47221
60069
28620
11129
63722
6528
30966
4720
77464
10792
47242
58578
29165
87380
27926
61586
87774
41791
86640
26250
33754
97218
81996
38260
24100
7454
72596
14221
50599
88183
62626
7834
74540
47958
73911
50543
43865
55008
65652
55156
57206
24204
64876
7007
18483
89965
31294
72473
33365
69948
89600
30784
92103
34751
24628
63313
95310
9528
54413
13980
33869
86500
84285
69891
34972
88645
62405
92380
32082
51080
47768
23945
75897
90807
96715
69839
60797
1492
33878
56676
67368
54348
41067
3822
2709
2197
1454
48007
60979
23371
36779
17565
41518
67168
91521
71291
16489
19723
11032
40257
3222
19948
37845
17489
98826
62486
88699
80364
64562
66461
41585
18024
9344
98236
29041
69838
91217
41959
25826
5903
68886
21808
91432
46934
91609
18120
71073
66943
8372
17056
39118
37243
56815
33239
33290
28857
31116
1061
1605
18008
72679
13106
97085
1635
90014
67593
83506
93194
41461
82643
99064
98426
37567
10995
58046
95806
68926
16324
75838
92735
84422
91710
8680
91646
47774
5150
87097
43272
23327
31908
73744
32305
61565
71089
63980
33656
45799
75431
42623
34511
66985
27128
65993
76049
80772
82204
21242
96541
57154
67897
89346
62331
75271
29160
14359
25334
2211
79154
46999
42443
30151
90812
35578
34336
97329
22685
83400
52205
35373
37865
80998
594
8139
55353
74409
31950
70272
33596
32238
90444
65806
53221
55801
36126
25317
85999
29534
19458
32989
96434
69948
62429
46059
2439
55847
5060
38751
61330
92154
98386
42195
20467
8187
90161
7240
63742
53982
91397
88820
31886
84455
36598
23476
92919
51342
92093
93214
88078
77268
90100
22748
90595
69305
59917
49393
26824
85118
95389
41502
61405
44673
39382
95452
56218
60714
19083
82265
90975
58141
75876
7859
88742
26127
89644
5551
22985
74312
65709
96798
38568
59835
36337
49953
69343
25413
66654
22481
15463
88765
83014
54363
24834
1490
21819
77806
45190
87746
76104
6528
13980
95954
18419
7353
7458
15856
99067
53152
32306
87276
8936
52144
88275
4567
99054
21532
23066
43346
95941
11732
12099
59076
39676
22071
86828
72461
87258
21816
75903
62973
28803
74334
55553
21625
44889
97044
44585
56400
28692
50520
3273
54924
5783
34544
13336
73161
77357
94570
25458
62700
4184
92351
36015
20883
58541
52254
99848
22419
95978
32326
30011
35312
23157
33398
13103
96927
24940
90969
30177
42197
11795
50830
19380
93647
8585
12617
14879
21345
93696
75144
6359
38329
76872
71902
51001
9121
33503
22538
7163
77963
21151
45553
21036
24002
11335
32790
67304
63511
58515
14101
10910
30617
39763
8
8718
43166
90889
75311
32237
68754
71114
42690
54614
42391
19131
30630
7840
32621
68486
69581
59821
31528
5658
74055
18380
3054
69505
46148
44877
1595
73809
34480
42609
63284
68811
98582
85056
39489
56127
49031
56444
61290
90152
39373
31147
6884
23674
37649
70080
5017
60092
47596
21599
46064
38778
10374
86619
32310
69510
67828
74591
31183
78916
25619
42860
13890
56888
45661
90024
31567
91510
29236
90552
26933
92479
84964
82230
25445
26167
75643
62542
49314
32892
42294
3995
15370
49599
89306
33870
31472
44541
61149
206
21936
58820
36256
40464
95784
9766
97359
33072
46114
59188
62459
347
68203
9646
25881
97407
70175
30269
82814
72831
48467
22225
43245
36856
5469
29265
4486
86934
4513
65347
26230
89572
85531
43
27857
7549
47052
74965
95719
56562
45024
63779
13093
10524
83264
32945
27791
63082
79758
39212
93456
54016
19022
10730
44583
33072
22651
8513
75378
77252
81062
78327
35348
93553
28074
21305
93034
94505
66998
50942
41655
36595
80319
6281
61026
60279
49542
18720
89883
39025
24177
38160
54430
83157
58718
99621
12336
13219
28198
7305
84634
20847
70556
3063
36246
80686
42505
11441
47847
63043
50440
19867
56640
67090
24427
40996
25239
92423
10268
63609
46028
61782
30182
34167
84105
93636
52836
73037
85728
36047
64021
9497
2550
6455
15248
81426
10837
8776
46977
26810
21271
82471
16551
99929
45952
30640
95631
60173
95345
2411
55919
53622
98013
10814
49034
79883
11755
31437
21127
70176
67020
24427
85898
90711
15296
3446
81278
30159
35640
38308
7476
84900
40642
71131
86988
29009
7934
32793
48703
60111
43654
39887
44570
83769
69942
7309
66462
67673
50903
54026
19589
29311
93012
73557
32695
69081
48569
81976
24893
79634
69540
33608
2555
81627
14049
66347
20629
89800
5369
42844
75808
36324
53652
81535
78976
41566
19190
42399
2791
9157
43689
17063
96558
93187
25342
16268
99611
50998
93930
33409
18174
51216
13845
31582
26114
89079
72618
75962
83557
14653
94902
63327
4519
97885
12570
39197
32235
46445
70210
3131
59651
71313
22601
12598
65209
2854
41847
17275
3001
23119
51251
8461
80851
77691
81701
24902
68195
84025
48384
15225
46535
86887
71381
36664
59855
39335
91501
91672
26547
5710
21288
23043
83464
86931
35499
70984
43902
4293
27476
35060
95877
72017
4487
57309
77022
7008
48905
48983
43591
47822
15678
81741
63053
96311
8869
16350
26511
56726
88138
67968
27661
6861
6495
86036
40177
9371
35091
43315
87101
10748
25474
10118
65725
18731
58345
60691
84562
91913
34512
74111
94968
10269
88706
24142
21368
17641
21423
41621
47290
39171
87207
31597
72632
10833
8777
49691
4581
10144
24820
7165
54198
2805
77780
4424
85266
82922
78723
38949
5009
50975
62563
75108
24845
19032
29716
9215
894
4956
6393
52370
27735
12158
41643
64227
9326
35696
20513
60162
64091
32757
29444
58403
34975
60149
66566
44420
40224
69990
3486
17738
5595
66867
12951
6897
92231
16493
54928
52709
44867
70049
4345
69722
27889
49962
67129
61855
61340
5992
45686
86542
97551
56432
6586
54988
97110
44929
17517
13635
14491
3158
15556
76895
68381
31100
97182
8983
18455
89089
30802
24484
19204
60734
89433
32603
26244
99737
53672
99238
50942
22258
74068
45873
2955
3665
69999
4303
26614
69882
72111
12758
94385
87886
32472
76401
9985
10349
11583
11857
45318
22489
39205
3510
64154
55753
90789
28300
32564
91639
76635
23149
52021
35764
71351
90912
88378
42498
77985
7678
64723
16386
20325
3736
22945
11847
54146
54517
94316
84410
34841
16415
22066
66503
78775
13466
65043
43038
52104
19358
86157
64846
91064
91403
51496
18013
96000
93394
11433
19385
64420
38318
8980
25680
2953
93444
48554
85202
42335
3546
11804
47424
28823
17060
80679
92022
53280
87905
55698
38107
18188
97531
79728
97623
8822
56759
49596
58551
57454
75307
96032
16429
4170
49687
56386
73947
70618
43374
97328
20048
72696
71242
5313
22255
99795
70074
53412
2368
34810
35340
39359
74364
31868
2217
19480
7981
70826
11478
58414
41582
58387
7818
49875
34380
36742
91732
31739
16527
11575
63408
10123
55715
27863
83405
15146
77367
47610
71120
53997
73283
85489
89351
11478
53300
12124
1802
32025
52746
97580
60576
31547
75757
88518
985
44014
53264
4258
48868
53999
41155
13974
28167
94031
37332
57695
92358
98549
88942
92886
73088
72693
39397
72550
83672
7296
71488
93109
30572
4479
75603
79464
53687
64091
18901
44105
65866
89170
53218
64355
55599
55540
33467
18813
34122
61187
87529
84221
67580
7181
66691
91351
68204
38658
96465
58102
66604
92693
63133
76003
84326
79315
30727
7076
12764
78362
39255
7728
98030
94857
76761
90260
11491
67150
83901
96147
91724
52258
56561
69979
5527
61630
62074
92199
9226
51894
48897
64674
65311
95647
57861
45911
95994
6346
65185
42485
40754
54744
76373
60255
20017
57133
9394
71816
45052
64529
18334
46626
14584
34145
80787
53385
46020
14790
42573
76943
22982
20837
74932
69997
80101
35914
26351
80474
86658
64476
516
99151
74903
24787
57667
41853
33911
48650
24312
3509
29188
34381
83560
17186
6979
80105
91052
89344
63772
81435
62126
24459
73267
63154
45190
56582
14638
70177
63021
1728
38516
49770
22039
99223
89434
12889
84126
73244
83661
47604
71860
18914
81517
31667
46926
89821
67184
98956
47173
30532
45298
17478
24621
55018
26744
99692
92630
64388
83377
54773
5049
51058
38630
73016
47866
13411
80282
10678
26677
76077
4739
94332
70853
58865
42660
28317
96664
91802
14135
43501
28964
86596
44412
52367
54086
69107
81191
87982
43541
62750
51308
4404
88512
39226
23486
54021
27706
85940
8915
85101
6789
15493
64337
25140
75208
29134
88048
6227
15121
47025
63894
45623
44888
87635
6905
56824
3716
62890
52877
68
89304
64388
82669
54611
47712
44039
20310
61729
30100
19650
59811
37419
17295
96236
90441
46182
41676
38808
77680
87376
60335
24274
72758
10599
21271
80131
16398
23780
2966
56613
93254
84432
78599
7785
24762
34972
43286
54937
92902
35204
8747
55174
48643
47017
61164
22121
65040
72455
28828
13149
47691
82910
47664
50090
54151
32507
99292
26024
41449
68413
64567
51005
59419
89579
80784
65027
73443
54071
95340
55455
7395
20459
93217
54674
15862
22790
27499
95905
13304
39517
65035
73817
95718
84265
50504
35003
53542
50865
95838
64836
30704
21869
66298
6830
77156
4520
5434
33654
39856
57303
96722
77187
64145
98888
99163
28060
58119
74788
76017
964
40804
24067
96387
10551
29654
81819
93921
65891
70589
62863
12142
54252
46780
48600
52258
83785
65532
44225
36835
56758
82370
10473
47071
94013
19647
59748
32903
69070
26833
56477
54333
69476
52086
93158
5336
64591
5383
45199
27358
39972
30764
95498
34523
97659
28225
80953
218
92449
32366
70005
46298
47751
4658
57740
40984
27946
54121
75856
67307
11398
40416
22773
17557
63498
47047
63560
60676
71204
90960
72780
30636
31751
79651
57719
60825
9000
30670
46926
40364
34211
39459
91914
36159
86444
54608
79839
63151
63398
56311
90358
10978
93360
92654
99366
24459
89977
61909
65682
49029
83822
60805
2456
26176
45782
21080
8121
91955
36314
69115
66074
5017
6175
30750
69574
21263
70245
68106
667
85751
57535
70191
94192
47899
26383
40616
44625
11832
61771
43768
56273
46061
55971
99453
18998
24518
81535
42697
57282
34808
73158
1961
39458
86577
11452
98989
92528
89364
92108
28658
37016
14641
2739
53145
72718
14001
99638
95650
63244
56545
19293
36611
72761
16686
86694
9087
89584
89564
31159
33405
99340
38724
87494
13883
72383
18600
31441
82388
93720
93646
40509
23339
99934
19949
45330
52857
29842
9753
48050
92657
61159
22991
11978
94697
45927
49686
91673
98428
74949
49814
83249
41049
37558
29760
37797
49818
70165
55546
30104
60147
82251
26169
72346
97256
70184
802
86000
70839
98043
72500
2560
71371
19948
50960
21881
92808
87963
39761
72917
16182
55347
93301
36305
909
26713
28855
93986
31823
87834
48651
28774
76765
93548
63398
83954
44090
77331
10717
10163
11221
63001
83130
92409
24993
80767
50118
8648
49967
82047
85875
25778
53382
34886
64770
68816
56727
87593
46982
48459
47705
59110
34180
48417
12389
18731
57150
27716
32726
11412
58161
290
8047
92306
43374
64853
21797
40258
44579
42451
43145
20525
13732
41864
29723
35938
67587
30704
44399
38668
4843
66558
57782
62683
10371
25788
78923
64173
65731
69241
19461
70455
79950
48828
46210
77394
32370
95654
4950
57496
76972
77947
93436
3492
32496
91961
52515
499
55711
95359
29472
95741
23361
20074
46185
75514
60873
16045
75219
45883
81534
91955
85763
837
811
22085
49081
45196
78966
41112
89304
24921
16008
7723
36559
4197
36
10811
88084
57645
39802
21777
45113
98140
48281
66674
8817
5136
56165
57733
42577
10045
29554
39340
98826
10028
59078
78714
72767
43233
89657
55794
16276
28603
85877
67424
26360
60338
45169
32737
50539
83138
45666
87529
19727
96126
17549
34745
38125
49634
25191
31558
50976
23163
21651
58598
4878
15209
55354
87245
72187
82391
43551
31184
33445
77380
62571
63743
60440
98634
7732
57770
92288
32792
77307
43708
42263
13507
59379
46480
25038
77125
77908
44449
70288
23626
41578
6560
22359
30001
34238
49710
90055
64384
86859
97044
38006
45793
95884
42001
46741
43525
61066
91772
84983
12393
27821
23277
34818
58053
92829
59190
67272
94458
35424
33709
49813
64053
53158
86612
3983
32706
1953
89185
53866
91884
55311
30356
66907
84159
18657
7581
56826
37673
89988
12591
20866
52479
94599
25818
77647
2751
20219
79010
61734
56396
54748
41094
65604
26038
60173
71812
98568
34603
63751
9024
91730
68348
21551
23371
75729
86972
73214
18398
75239
56946
37589
72316
3009
43499
95328
45126
93811
19990
23209
63265
63004
85200
42885
29055
84727
36290
24428
55221
68963
90377
99
81339
33230
6769
14640
55700
49586
36565
14736
1377
26372
53751
44087
73173
40895
86139
82725
86337
26380
70595
93932
92520
94988
42269
48665
92352
61697
66604
63126
38067
82826
75212
20000
32271
66213
95754
10069
40735
19818
47282
88935
43532
21048
9856
86837
28008
61362
48928
43412
41952
79532
18307
99412
36701
97081
66875
43688
63387
50766
19591
26376
7678
18842
42184
91587
48413
99373
35032
60088
32321
26432
91902
66555
96700
32201
72631
55951
83898
25024
6942
63245
64879
1605
78419
19489
68682
68150
56831
25842
35514
58479
34401
84457
95094
93413
22368
72900
62123
83704
73774
66497
74321
78314
55944
7077
41920
84295
99756
55068
57803
90918
79496
94447
62299
16530
91556
14549
27750
70008
31776
89238
81159
15966
44512
53201
69409
68355
97568
95544
73309
4916
4161
12605
61205
27980
91932
13777
61485
13360
3799
55102
49441
95916
66257
93746
2427
74718
21059
91469
58188
60159
9988
52851
13770
53743
28593
68078
67305
12890
24141
33918
71258
35074
94731
52802
278
87408
722
63348
50404
42133
57575
85462
14019
95822
16163
96151
10400
96518
42289
23609
89524
35592
35730
34457
44651
24682
59663
17073
50177
13544
72049
92284
78560
141
96824
81944
2061
429
7695
62544
58843
85305
71798
43583
95428
23773
15534
12841
87143
66822
1372
2243
84961
70398
56314
38844
12757
27627
61678
81212
30935
96397
1286
45739
87966
31442
75178
14363
25150
72805
10573
61031
9846
75298
18523
66698
43197
67289
15837
30866
5636
73759
61796
67530
66587
87697
45262
14433
44396
55978
22174
95451
1179
71959
99646
15197
87853
60335
46246
58619
88348
86205
71522
18466
35108
36212
63167
17811
67403
54733
53505
66243
42087
26025
69183
48571
4209
83416
45432
40409
13224
72671
54522
19549
36883
64355
70649
41005
14846
26204
93538
74990
95727
647
57111
1419
71662
28788
69319
17323
28985
69890
84195
75230
25911
58234
48429
41500
96732
34239
18027
88344
3219
35721
37841
45007
9612
78302
74796
81811
46017
319
37011
22078
30072
54880
56948
7644
2173
92758
29308
71626
12926
2624
34154
69760
13476
37485
82560
23673
82118
4594
98435
29904
75046
24048
14501
28046
51466
25129
55119
73712
61074
21829
85080
89316
44330
25685
34556
53664
49330
72663
51088
21777
64209
80263
37242
70361
96008
63024
11197
86823
30057
1505
79536
37528
71655
66866
79951
54398
75483
51482
33296
14309
7925
36932
63442
50147
14372
6238
64568
79763
33605
8378
13227
38599
81669
68832
2677
28585
5275
52383
50427
95337
96368
38989
42473
43466
36620
89555
79919
55317
17765
92897
40432
43167
50540
3300
63631
1363
47313
12641
6611
30484
45634
50674
88424
42171
16785
17226
35487
28295
1931
61913
81078
56466
8043
64055
89686
91832
40892
69749
33940
33072
48144
89881
24466
24578
81347
66050
944
18499
97344
37603
84453
17606
135
90129
83305
49289
69913
81056
87915
90524
35343
55450
30580
19355
41655
84535
74468
80214
23596
24873
19693
78331
89058
22974
52338
47985
54130
34814
8683
7176
47030
15778
78287
71423
86161
39817
2707
91232
40798
38575
97773
32832
43159
25149
77905
4674
91083
13439
53487
7699
11329
16625
32225
31033
38894
90660
93493
12174
18213
48319
34535
1821
12217
31086
22045
67853
62898
65408
97439
86484
81447
66118
64048
17576
59841
21286
804
54984
42811
82927
93388
77751
65079
43709
93726
30958
45212
24743
60707
92214
23392
99652
25210
45715
18929
1054
90598
72062
14367
26773
65090
58318
36437
84420
95160
74091
31328
78874
41719
47171
23343
14684
11313
33136
98563
2049
4448
3189
32546
21860
26771
30697
72933
71050
86554
9383
4176
89121
68594
58768
70882
97633
36460
26056
45311
64803
80756
55428
49047
65401
58366
58340
23733
30370
98582
99625
78996
84665
71748
46191
30648
31705
69790
18859
30057
29769
50481
6025
50912
7621
28044
58765
27926
74855
34752
43337
99282
9838
21656
38013
96806
31676
78293
51354
59635
6472
53537
55268
52801
77815
84274
98934
32830
17474
24030
16727
68724
93320
39317
60831
15603
23414
91337
9986
30816
34640
3720
32234
26721
7572
95727
20586
87803
68268
30344
38002
88422
68069
88825
40226
81716
2921
12520
31125
17227
305
59764
38255
93808
16852
15412
60184
94425
66742
45945
16218
94046
86894
89944
16949
56956
25658
81078
11368
40752
2921
65989
1781
10668
23162
95140
84831
64424
10966
74383
57596
38560
28292
48607
29267
95524
80014
88653
10584
63254
98782
94482
30628
26646
75041
38015
11499
39306
65457
83266
93631
84444
55310
59281
16922
79818
9364
73384
37192
78503
88655
90962
8367
80337
99211
486
30831
99390
41698
40351
66529
87943
34424
76970
12386
88189
56482
18508
82148
61261
17674
282
67570
12252
28821
66232
85823
98920
44989
4082
60257
23957
49275
18534
43396
66092
92073
17441
18224
80104
47294
54735
66514
27857
70108
92856
75586
1552
63606
84546
54804
22280
64606
43484
84751
79015
99372
78241
71173
961
4263
46002
45983
3577
60452
42604
28153
38054
63656
39636
96425
35442
68081
13552
21165
39159
80309
63832
78269
93902
39296
22807
60301
20053
39055
6960
19517
7566
29248
51419
83120
24543
31701
41025
69424
39549
91477
26047
30252
90964
15808
50731
14702
79843
7322
44941
67418
67531
72830
89577
2176
45827
23276
69849
90434
36651
90249
26062
83595
7834
59848
70094
92627
75492
87485
87108
4233
53083
23661
33076
83392
91132
13894
74183
915
90288
86460
50420
60588
97119
16785
42493
49166
25136
62921
6304
49681
10207
38894
20713
43439
92910
53579
9994
40495
13844
6047
65064
54037
55732
70741
73834
34306
22693
98210
75832
56832
62011
15802
94474
81030
7030
69806
47772
84257
16596
93281
98927
95708
86956
65805
16672
22316
79843
60600
619
62790
45603
33449
81475
46267
65995
36785
12401
32829
59613
88809
16420
40537
73486
44473
7138
62948
74821
43021
72676
72622
45149
70502
86279
76096
76431
1790
69569
15764
19231
11959
67184
41200
12867
86940
90983
16947
29895
80712
82953
59773
86028
39585
48321
60845
57490
14223
30222
27373
77016
18457
96412
62141
20934
23768
46530
23353
30303
22761
51346
3538
33664
14302
73522
91462
28042
91711
11560
57955
63943
28368
50152
22640
58743
54073
50805
41535
12984
38750
62125
63778
6152
18906
82145
55077
23213
24571
82512
894
75889
49978
58938
38217
4526
40845
77626
80898
91631
9575
25494
12373
40188
10740
41367
14199
46087
23867
9795
37035
32820
21509
77722
5859
8806
79366
91055
35460
30192
20481
96199
77886
90887
59435
29624
89759
57980
14094
2913
66487
79730
39021
22683
67972
652
34092
99686
89120
12254
55610
79606
12173
13864
96378
10085
74094
61509
48293
16180
61242
37194
55452
29397
65491
31616
82140
29214
60422
98052
62530
91380
85298
14861
9478
74815
16167
17094
74412
98597
92718
49396
60834
25471
38056
80718
52469
23203
86798
45475
41549
98342
57289
19934
65830
3782
15493
45995
94523
63014
43804
63359
11196
85582
53637
6804
40543
71541
45960
68710
4106
67332
78027
15987
91580
95906
77502
26804
39505
73636
74383
68578
17210
56493
91381
42929
89065
61426
6494
95154
68083
80581
54692
70054
84401
45107
55499
35617
32431
28923
12326
23718
78610
74815
99659
95730
47039
55659
56069
3272
3532
40415
56535
3605
26437
66274
2864
30011
43745
40998
66656
73992
85046
84614
63750
33424
84877
42376
16905
14272
93798
47782
15148
40077
97454
25084
48193
77653
78849
52628
74264
26110
84326
95753
23673
14856
62391
93725
49876
41196
23534
42777
50697
13499
1439
43227
96065
80340
20289
74571
61419
39430
34446
12372
95310
12309
32248
60932
4555
54978
72966
31649
47050
94995
49791
10265
69050
70562
84630
14017
94365
53669
59215
7618
19645
18640
68360
72067
74562
81328
14154
23962
48204
74318
39425
47105
91712
1326
36732
57932
9694
74736
24963
18184
23641
1655
51002
25654
29863
63254
4535
32198
43442
40249
85389
95534
3197
14551
44483
40579
41833
88520
35838
50525
37321
67716
20652
34789
78498
7705
65134
66649
50645
39770
91856
66953
10179
96012
6346
15188
3972
42753
34944
26890
79378
69316
84038
31029
40715
2284
45817
83154
22640
18387
28899
83358
71485
98740
55034
45590
14719
45939
25705
35490
43724
29247
17277
46310
55474
55806
91623
54650
19327
87423
41350
18231
70321
99116
72730
94106
24600
43307
65912
10457
54844
13000
73376
41727
39932
55975
19082
94886
86616
63935
42576
10783
72270
36023
28081
34633
27469
48479
90358
61510
3973
31519
85587
98972
74208
86516
69703
87336
97301
16602
6773
15420
66669
92755
16983
99177
80821
89748
12148
30170
38013
92581
67189
6878
39304
1112
70431
51387
63486
8780
27288
97160
22360
54893
51725
46055
63543
44317
57602
80293
46361
22503
42315
69067
71904
15
56953
59704
93940
88749
19840
40335
42359
70279
35056
3596
28541
26233
912
58944
77331
39967
15688
1755
69146
87405
88087
869
7872
76295
70106
10188
92416
41306
30152
76004
78859
49914
4997
91522
43617
22899
55870
40922
24158
38383
18133
57326
68865
33438
98885
83120
72101
58454
88991
98498
69364
99719
46555
17951
77665
96664
56154
73458
88211
1001
32542
63635
88477
33559
90057
94814
57381
80426
98466
5576
33177
81010
56503
32454
57848
93475
85615
89517
42054
26764
39634
12131
4374
92756
74024
40344
14356
75347
60484
87075
92497
86616
7721
73471
94465
11299
54926
63456
87464
63440
95072
58945
77047
24138
51711
30747
22006
53246
99659
74460
19380
69464
94607
14147
97502
91464
99266
61252
67604
32036
68172
5842
67555
86704
23586
89025
73603
91902
26326
34824
7813
6802
87756
2483
22073
39992
31674
31409
30844
81717
25659
31455
19464
21544
44202
81685
44293
75963
9142
67275
65674
44305
91293
1233
59353
19112
87468
73474
97591
59958
18961
45031
13760
51580
79047
17992
38137
47041
8204
76929
79613
6827
89697
89707
31651
33218
20171
49394
71968
26553
26555
25545
64580
96324
76121
89483
50361
80536
91030
16831
26004
39631
32896
81110
23701
2778
29935
60214
81243
42113
23615
53015
20854
47727
66812
90845
92472
71672
18141
23601
5549
11332
59510
23135
21534
83598
19505
82861
69571
13288
36330
88234
44240
45511
5352
45295
49926
76980
61675
3685
65674
79151
34282
96579
44042
95185
79609
26644
9886
79977
42536
5106
8207
85151
80118
53914
1608
64202
2727
9780
55031
40535
50792
63320
16855
22
64880
91715
75241
15891
36183
1010
9107
91232
47953
14827
20900
13042
25437
47218
18999
85748
42213
23033
48269
62470
46249
94024
98283
84656
46241
1499
96887
34567
4225
25631
48885
33573
50118
89191
51290
94100
72014
4680
65345
55819
58210
30285
76901
97781
86924
5178
5595
43446
40483
15817
74672
46180
97868
86307
2790
17977
63265
30318
63613
73017
73952
81761
44745
37767
80586
3705
7555
37281
84268
43507
95413
45073
74441
23255
152
26801
82689
27238
19457
77684
75465
95515
29497
57906
26190
44987
40532
36907
48218
20010
11177
30630
30391
276
58412
82602
75048
13818
9111
45445
84670
52517
20736
61907
36552
22610
41819
42549
46266
59217
50393
16161
39415
59820
37672
11013
427
11659
30658
19337
99160
80061
33
49524
20123
21407
88698
5975
36593
73283
54022
51744
99032
85675
7389
9644
51302
11947
87490
60521
19812
79175
4598
28204
16905
42579
30864
16741
3581
75934
59606
18329
70891
46124
7306
26853
30164
58617
70931
48433
62834
68860
73266
87866
63435
17235
55857
88615
4081
98614
72247
22077
33910
78399
32475
40357
39569
76538
95505
39991
32101
14601
66441
85557
36705
88229
60110
13114
11321
27474
73422
79392
51026
13989
92506
43199
55042
25019
52534
93562
9405
44541
92943
9962
84759
48063
60466
61575
98592
48994
80109
86240
39930
31191
48538
73713
32592
98413
53281
90017
81960
27644
46828
97496
48640
59161
7067
47413
47694
18045
86114
18394
44395
12566
95335
51689
37827
85628
65802
7117
93665
54434
99059
62079
76903
17952
26628
69278
28517
19045
13445
26723
46983
21900
41410
20956
14411
6483
29682
17877
77370
72751
74354
88105
15155
89388
87995
82088
33124
12832
46238
39872
51737
33803
13688
48867
21178
37076
39072
61067
67294
5090
22094
25908
76395
49168
65276
40206
33068
1297
7482
81053
6187
1424
12774
94625
46764
88397
94619
25409
62641
17730
76830
80191
53177
19443
49301
54458
1440
64385
38597
65839
19931
50238
31661
59791
26399
75433
73876
92608
6984
45678
6487
41205
82427
43298
99925
35543
1272
49303
7259
25693
1834
44170
15561
34945
59198
10189
89494
95021
86226
64274
71186
33260
15642
29094
19244
19318
30441
82881
40023
33821
98995
34098
59852
39013
95921
44874
42695
31318
47534
37832
98318
68831
40558
32415
50557
79
71741
51644
43263
5985
31890
99705
39688
3374
43039
73060
93626
50227
49303
34410
73047
15309
46757
13691
63981
28709
86034
25662
69600
42350
20583
25033
29084
53244
63446
51421
40460
73810
50775
91773
73954
19927
8909
42433
94671
42353
71068
89480
7707
64729
54067
23386
54659
10677
8944
77105
24298
46989
99871
84017
77719
35203
79757
88199
34041
49695
90981
44791
86471
62205
33140
7569
12448
89286
29323
56365
81271
83866
68732
29736
67382
3283
6506
93693
58792
63857
11633
69772
60787
36238
78145
35749
6535
87796
70132
6568
33032
1553
33633
89364
73967
61827
99244
38526
22371
11447
20738
69291
81459
42328
13146
13811
35561
16059
694
28125
68549
15091
91867
69791
13755
31945
27239
87580
50225
72145
45114
53242
95416
75973
42531
75847
73804
20308
2023
7795
54386
51676
43729
65631
38801
27279
97486
59941
21604
49952
86543
38468
74975
62068
71666
33875
87830
31805
91372
73815
42317
76898
92552
10008
6968
63545
59044
95888
86082
52686
721
17318
57491
61482
99062
97287
91590
36989
85250
60553
94030
81916
98020
60224
3994
59138
53344
28361
33471
28371
58189
10723
75621
56746
34933
50340
35517
44552
60453
48971
47553
19091
5106
71468
71147
4529
56462
87000
25919
13680
97701
29069
14054
80662
2871
89593
1866
42856
71711
54290
82721
27474
75784
26290
53188
38329
33482
58185
98937
77105
86595
69534
88194
87544
12406
67017
52879
87768
12976
87016
13529
74365
33150
86721
76766
48141
38151
7017
78029
62165
19389
11037
79128
12256
666
54400
96979
8803
73291
13348
96122
80236
84101
89387
86365
54343
53737
56224
95955
65079
49474
91496
8692
45348
20452
55873
14279
16270
46365
92475
71823
78797
11626
47283
58018
29608
3369
23995
10653
61024
54027
30800
48461
70380
22990
67573
12496
93455
64850
964
5155
30301
25378
3268
64422
55753
10760
42757
5505
78858
89687
4993
99616
96981
62784
46011
60925
97721
95181
18340
2563
63812
57004
30126
71453
8392
11329
7886
78372
87006
95173
31308
58075
67564
5897
78477
10970
40357
1820
22601
85048
28381
58590
22467
21398
80961
12093
95250
38337
53150
61523
1983
28452
41310
93508
30249
90776
44091
36277
96559
21449
51429
24416
97966
24485
18340
24069
38424
73153
46427
55728
87937
48107
71449
84226
61025
97126
57234
53809
30654
34846
26206
57175
39410
21672
29166
54615
39389
9612
24018
18046
58466
77239
47737
80859
64186
44349
8581
27807
3304
5031
3226
50361
11085
20672
51368
36722
30720
21628
80358
26571
86093
95626
85412
49286
85670
12725
82652
48935
84265
17986
50615
52992
54851
11449
15258
75000
29027
81041
59908
79192
84283
39426
6296
25183
18516
21564
16210
52832
68117
36385
19412
68502
33342
93555
11364
73673
58138
56854
49696
8769
52686
57332
23668
3815
1435
67562
61516
9123
76339
90926
47504
94358
82672
93079
7398
95918
84259
22666
87690
68793
55338
75520
97612
69617
78668
44640
69419
25099
60621
8148
9206
66670
73655
71746
45433
76410
52304
68184
66021
95165
84720
59530
79803
80935
92799
3657
60755
5067
38024
76418
94559
73284
58119
58445
63918
48922
27820
4036
86357
78520
4570
82701
88988
49415
73124
12249
3996
35622
29436
69830
2315
26627
12824
63877
90117
11635
95200
35692
56464
57866
23454
86074
62809
19473
42160
62867
11620
64359
29091
54734
63015
12229
863
18627
95623
44870
34997
36631
97909
1616
82955
82214
54127
10823
47297
1100
64197
15807
87309
17190
8353
35592
15002
2750
22351
2181
37627
67161
47246
73124
89584
19655
45777
50299
43145
1565
69719
48105
23698
1718
57678
19501
39383
62926
48848
95528
84178
8342
59043
68083
71325
26731
667
58032
98871
94209
79690
56369
85181
27751
84526
43009
34823
89878
23476
48326
29673
40597
31594
85820
72327
3402
77932
16521
13753
24229
37996
33750
49245
40639
64519
31569
8017
19830
14413
64051
27129
1898
7153
47094
96186
51857
20056
30738
19287
36250
93987
65521
17936
41546
96487
66269
45657
37133
70078
2323
10360
43987
93607
38580
67798
1952
93112
6429
42603
85147
40047
52207
11735
28180
12632
9263
88757
23503
34647
25395
38467
3737
89075
74798
75545
27654
62713
54229
52112
75072
64831
85997
51468
33340
34389
43802
97103
70916
27452
87293
30273
80353
22252
59174
46599
67446
67097
12802
18092
78202
64833
37244
21621
62384
43733
33911
74199
63323
15650
8912
57611
5711
91340
13484
92979
71706
50345
14421
41167
27335
62811
94009
97110
17189
23788
6895
26739
21581
49469
84689
53895
56184
37151
10371
15949
42043
38073
88
19284
16053
16455
52403
87862
89971
16581
9438
25807
98566
54400
76282
41446
4769
98608
32533
73740
95813
64299
42446
60697
76596
4722
93662
23363
67776
23028
37412
29694
73394
31886
2298
5085
25956
44954
91992
99715
5810
87485
49651
10646
77734
34338
26271
57572
46664
72435
12749
80390
70657
67029
6127
78888
50225
5593
65647
31418
73349
75415
15036
89616
64083
39312
45774
94460
78604
45322
15629
59295
36101
59098
77412
10545
77331
38448
84009
55725
43557
99289
26782
17153
67847
5258
86838
78978
75310
31971
29315
20367
90387
16600
37181
95907
12282
73527
69593
94281
70449
95645
74237
11146
94234
41027
53723
83115
62696
84274
5669
56746
63769
21428
63289
46722
82136
76786
61787
47581
28772
19322
17561
78358
22448
35259
48855
71006
64069
89846
64071
79217
46539
87130
23870
71885
5375
86231
98498
2204
53517
21293
94507
4969
71797
97604
52956
93640
91565
38617
30814
5140
70599
77994
3459
31504
27473
74093
3250
93674
82626
60927
29903
30754
24323
92182
68873
20942
67246
93457
35116
58446
56999
72426
93004
68891
91426
77111
33914
13236
8116
57869
40601
69421
68218
32906
97285
14104
37317
41630
7757
2131
64199
68705
13214
62267
93609
10763
62732
5375
33821
66455
33485
99351
63649
96831
91556
85609
47584
39122
54885
46875
55023
87025
43275
5751
58101
23067
17537
12073
81072
36018
86440
14656
47573
26275
28448
80150
37336
37014
42958
45834
91581
81893
61241
73971
4537
97334
72697
24199
32541
23866
42067
86684
66491
40551
96759
15706
13652
65482
59518
53804
92145
57333
33248
3203
87713
90953
92432
32532
97775
76855
89691
25228
49040
75512
80557
18583
9157
44706
42244
47480
22186
62997
17392
50981
30905
57065
62251
99722
76116
58938
78889
98085
85176
74303
77037
28207
38925
88718
17893
54552
39545
32464
963
2632
12980
46139
61977
5790
36861
97554
54607
63252
90444
56717
24305
95632
7608
52437
18695
45667
95764
42222
85959
35326
62264
60526
49003
65859
7668
73599
80015
328
15621
12403
18178
17927
44478
68506
37534
36168
24017
70575
72078
90018
88092
99517
79481
32568
65457
55220
87860
46654
33254
77535
46170
53596
406
94412
23294
36170
56813
93003
42555
5882
45311
42780
13175
53391
88169
96954
44471
72288
74770
83187
78556
36520
60401
29453
45579
38028
34410
88918
47188
279
12325
27715
45031
98454
52636
45604
23732
23875
81265
74638
15960
56032
97989
18581
19075
7566
66412
76039
9640
54727
60565
90037
31626
73767
39324
44463
73788
79518
81279
45366
37832
58588
43688
85600
50790
26815
92532
22053
43426
21087
22403
50975
24834
73189
81689
99804
15688
59309
84962
51389
94454
10716
91985
70372
26308
20076
61621
45756
43616
20013
26236
34767
6195
23566
13067
8981
34428
48496
78522
13880
90405
62341
67257
34887
15976
72493
96686
36739
27846
3986
790
57368
27660
43335
51945
46480
45960
81514
89713
66399
83842
28436
73091
24206
45713
23724
11439
25320
68483
971
72235
70923
2748
25689
57980
20571
25525
89222
45948
57043
52219
11229
75672
9851
49987
73107
90237
18758
48566
78491
17045
64544
97425
10707
83486
26361
26428
9335
41894
47890
73416
6196
81393
73522
60457
1151
63517
98685
87609
71458
41620
25368
52787
59096
85119
4396
99874
42701
33415
48965
17259
11695
19898
15663
17077
84555
42971
76898
38449
97582
35591
66936
21286
51339
4464
71960
52741
84750
78742
4867
81121
73817
56084
33831
29841
73
16772
35289
59111
12674
74473
50232
14140
43218
86948
3466
32723
85029
72251
99746
99554
9328
79583
59377
88273
29696
30613
33874
38500
95400
79435
34528
93490
3542
13033
55777
31456
82209
28103
73294
2747
97446
48853
19833
73950
83207
54774
97818
38153
79121
6483
87884
97700
45545
20491
16944
19652
14740
20646
14495
52391
80128
49625
52624
6861
72024
41709
12596
83086
44433
10315
56265
614
94041
52938
72075
14486
57276
18452
30608
39026
40854
75304
14349
3843
38134
55850
75820
95198
98972
4103
82947
62891
20491
84044
46157
20965
93082
37248
96949
89672
80621
56554
583
16336
76840
74681
10583
31500
70836
97068
60426
68195
81527
148
40291
86321
9209
74529
21940
92173
42918
92020
5171
13216
67525
78171
93297
35673
70350
9399
98494
43628
31820
76973
99321
91947
97421
46980
90206
3089
41714
58323
36458
25424
16274
13673
61784
73601
56629
81717
72059
4029
49101
41976
86496
40574
17149
74213
96275
4397
59803
1642
3505
80803
39937
88714
17307
82988
85144
71403
87503
75679
60155
690
88749
66754
85906
98292
75736
52701
31962
70894
57449
53447
73411
17752
86694
84230
92867
5757
62406
66739
89789
62766
17549
86745
98133
19471
9982
30869
65246
50323
44498
33145
41237
57143
65031
78587
4879
81288
70808
25020
32006
19106
91442
74775
7650
47547
49733
35283
56682
21131
14982
35566
5775
59707
55213
35976
36854
35693
30608
93228
49311
91854
78713
88149
44136
20875
89550
25340
19151
86759
20210
93002
64800
48371
61577
33941
19871
81575
2472
25333
52766
77041
64652
98625
62147
56346
19360
5803
46462
99633
42440
29480
5230
15864
7165
78776
50256
70655
57463
86192
50657
12368
2498
2723
10659
22950
21836
21752
85005
73963
1872
16594
95164
30868
85481
21360
2190
5068
85245
12120
44804
8735
3290
80891
87676
91694
89901
59410
80708
64279
54064
20820
17974
63461
75205
70991
14505
70560
41752
37096
14656
34710
83925
86120
97465
72522
39371
23622
3676
37020
33846
49547
86847
77584
40840
67246
36582
51132
55340
42694
4104
41186
61409
7623
28189
31900
59394
33486
63431
45401
27347
50570
790
32805
12058
36844
20194
89093
85549
70729
55308
83186
2419
49906
55846
56610
52383
15451
92423
44671
57890
10588
7365
29319
85228
82858
13361
72108
79720
19988
49326
69025
43390
92633
74906
89716
22435
64529
73961
51567
90613
98694
26728
61897
14256
4464
31232
37503
61806
54055
77727
2608
92852
73326
14730
90345
398
14617
4313
23680
75797
70353
40111
7113
83898
59692
49147
8195
80069
34019
5793
42255
15346
87322
45581
46612
12722
1512
28125
16952
12335
39706
24975
71402
70959
73941
18403
61982
47713
54639
8696
79007
97449
36883
78859
37673
72482
97990
94401
68759
99625
77515
13149
18652
2661
28184
44831
48264
61897
37241
93364
37036
43414
89504
82606
42500
87643
78094
11588
89304
32688
15652
10533
96279
78060
11847
12975
52420
70653
80626
39688
68398
58058
45322
88503
33122
56383
49115
68514
56128
9804
92400
30671
98760
64666
23956
22495
51047
78199
68301
95148
10382
66605
28842
50988
95279
21721
808
19404
28595
52488
87264
92595
96714
29331
90107
88494
77688
26428
50291
48285
94754
24327
92675
68659
11461
12770
17137
23454
30506
231
36634
10963
77932
60092
4621
28789
55156
15853
77288
72317
1834
44459
43475
24980
95031
44470
4455
77649
44223
31899
95263
15739
50551
75459
35731
95555
40635
48426
52456
97931
52148
51988
25771
60655
50330
70973
14942
91905
74182
75040
84798
48652
87635
97824
46696
12625
13787
41977
1991
89080
77175
49618
46093
31297
86430
57494
90990
76012
27574
28348
6519
66875
92526
53628
8999
59476
62640
51202
73557
24401
4019
52432
77145
65477
78868
52146
96148
59914
25550
11739
92008
70642
17695
24259
48649
65420
29747
64042
48159
30067
360
69315
86844
33241
2213
57713
42622
1816
65726
2968
19713
66621
64790
78374
65339
31853
20989
4898
76308
55781
97344
23684
58306
80715
97309
39541
2165
62696
90091
65248
42988
27538
60820
54825
28757
33057
75320
23361
53443
18540
25640
70008
22948
74165
83886
99444
24730
85345
59022
3601
76745
62401
38452
74412
92042
38005
19776
85219
36224
14019
82971
28614
33352
10159
46523
79874
26647
33193
49363
37
84982
83105
15988
49987
63186
92398
18292
66899
99403
19216
51704
7624
63279
40053
16441
7366
89677
13949
28725
89736
29908
80002
81409
39236
17600
76389
97379
25746
35685
49424
9178
36406
73502
28477
6460
3057
1174
51490
52377
38212
84293
61456
54069
2547
42785
88184
80388
24965
49586
34373
39066
38005
92505
87770
4305
98797
66631
95678
30078
66276
241
62084
30413
58792
51894
24472
66051
87922
42916
83395
4804
88327
94563
90612
52214
18476
350
6601
74812
73712
33625
1331
85270
62933
47387
53243
42434
95080
7775
79786
45829
83476
9584
57092
27927
11504
78254
21496
24746
32613
34406
13195
188
62701
43648
32501
6873
28488
53772
86287
11881
39001
99630
23789
88771
11328
68823
77627
18779
50535
8385
62208
54460
18881
71434
57693
59940
20806
8817
97828
55056
56108
30106
44450
44595
81060
87861
26491
55519
28756
70731
75015
72696
73036
84824
85711
43487
37959
62991
70490
96699
30315
98862
90695
40522
10030
60236
38417
56901
8956
22949
80551
13829
98492
40108
28215
64590
54636
90148
41552
99096
33271
12516
4907
64988
89413
71659
38255
87005
41597
6533
75036
5546
35257
19988
57715
22212
23423
12716
22780
22971
57333
88368
71191
90080
35679
56139
83311
69612
59906
70390
55472
23608
10204
23028
45818
50975
15208
60989
27833
5256
43816
84309
87600
92777
4064
93876
68117
93746
41398
42572
39467
8126
43669
47846
190
14615
24137
20781
79754
60290
32158
7629
4814
67659
32688
98725
48845
32028
22774
27823
98103
77671
88018
58749
56095
17732
89714
84716
39904
20728
23870
77220
86817
64693
22926
98131
7696
15159
56929
36629
20694
6425
59028
69433
24371
22705
56796
18275
25166
30356
55701
78262
94890
33305
50633
35336
66536
79326
16990
62417
34633
47216
4727
40523
90917
393
77365
16530
23793
67026
2850
44792
80066
1746
56174
59635
39459
85063
45331
31305
72892
25965
23053
47887
27821
20750
16620
16815
88901
11460
72400
88379
62477
27470
82819
57318
21041
41335
44419
80889
30494
37378
27491
36651
66311
17911
50725
2600
31029
73168
27436
48902
62546
42155
30502
6210
26057
47578
49690
56946
56501
31097
82997
94921
72591
61818
28598
76999
17143
33800
6217
48103
1456
87524
38335
6442
14
25688
40267
95432
84499
7739
37941
5056
58834
23631
47591
93396
48397
19836
55782
20598
22261
23073
86973
48277
4939
85239
20071
57072
52886
77925
28552
27077
92577
92008
2854
87634
54624
1716
62490
25313
85062
68579
47136
62896
48546
31805
81211
48272
26476
38438
13828
1307
26791
36968
41390
67218
13101
24615
25121
64002
9043
6593
59173
44520
58180
54353
49287
2282
37686
32868
86234
26054
42819
46220
61669
988
23073
93987
88467
64190
66915
96938
83205
81201
16455
57289
85460
13281
27833
54597
6158
36034
77799
59126
73585
39999
29298
47424
16768
81809
69574
26541
97931
93663
52296
93883
44756
81601
52065
21867
83187
31889
30514
29172
19841
50419
60976
67679
60800
78388
176
89586
99413
17808
74463
36399
48044
29062
19921
68137
68964
6187
84978
71178
93538
22019
65579
35862
99258
68117
65010
81419
40505
66038
37325
70543
87437
48046
94956
16925
20446
72876
39395
90975
455
98058
35940
62719
97137
91276
9531
9154
9592
62384
95162
84765
76152
55544
55793
55245
39092
8137
72922
61534
67095
10062
11384
829
55981
9574
30670
26630
56568
5187
17714
36453
27184
68619
80069
25216
26923
95797
42194
64710
80071
80728
27340
86158
90880
83183
53720
1236
35286
62831
41528
6695
14539
15266
68299
73087
37497
26094
29514
94425
62605
17185
64921
44781
22923
88863
59242
68878
90941
11892
90020
21325
90584
75875
27062
85640
94545
49840
17568
51158
7147
83616
67210
2158
51752
42408
64407
85054
859
14502
45488
67841
69015
65166
37917
69733
5585
9107
45354
33528
61361
32746
65091
24757
98285
46636
79550
63317
95691
67174
93140
55257
27957
19532
73768
21032
30094
54475
2064
82581
22714
81842
82390
22741
38888
15255
67830
81174
82623
40103
72137
19869
69105
92773
84670
19977
778
98403
16750
66043
28123
83837
53197
76841
8909
23119
14213
625
34633
62497
9163
18790
85836
12010
1424
29154
7294
89752
26852
29119
97086
67766
2633
84295
93815
61468
32205
30539
57617
17667
72989
51028
45440
78502
61826
37967
24909
98230
9454
67276
34656
43827
61682
91089
65205
29174
10987
50941
22746
25329
93040
39995
35776
64096
96946
94189
84828
95494
80439
10004
51726
15581
63417
95728
7808
80584
70959
98545
47256
67547
11824
37696
67148
56183
56037
34409
58411
16880
92092
79658
87963
65457
74868
21235
70562
97284
5126
40111
46387
79734
5928
47528
38155
85584
67609
89596
79099
45646
22605
88657
73630
70652
2418
76528
95232
76961
21403
39709
62264
88495
95822
3152
60149
1578
49250
34371
6728
53424
54856
97221
8081
99295
20294
46607
98867
19138
93131
79712
19171
89107
45126
99292
62665
1074
83702
45212
14314
39480
62123
38508
66283
29043
359
33263
84839
73766
70177
81716
91986
16363
736
21308
60738
38276
70725
6398
71772
94854
39133
8913
36869
82470
94294
55794
714
33920
84585
95260
76715
27777
64208
26134
79032
70386
35923
30871
51663
22266
53812
49855
44628
90050
69203
31459
48491
71237
51609
29682
82916
83697
72935
37403
48624
34598
29365
40129
23948
8420
11832
66860
7854
10200
5763
36325
43585
64048
78403
96394
60751
55666
24969
20333
82528
9813
98921
79688
91248
15328
40068
16343
24865
29643
74111
1797
67969
6867
79440
80310
76468
95260
872
80638
47165
1609
26219
45354
10818
19317
27400
79526
10897
68387
81927
51519
977
13978
382
49278
76649
87019
77273
34507
31090
48235
41949
47538
61821
63384
24009
54910
41931
15404
44355
23057
8489
71933
46271
51288
11419
26166
83367
12715
32806
21368
34796
12930
92540
30133
14164
87386
66493
60397
51132
2936
11750
1354
56219
19204
5251
34486
66614
83972
52971
86670
26922
99710
50800
21999
67874
13299
15368
25105
93935
29810
63100
18128
62027
26771
63162
22557
14482
80047
12401
94696
84559
52482
35534
25321
83893
99278
7350
46262
43557
44154
61989
79432
98557
10652
74610
92150
56148
44513
60240
17077
70704
7956
57362
51680
29609
36023
16897
45040
13853
47661
2590
53310
64836
56813
37213
55248
16143
90943
9779
29120
84969
30326
84572
2625
49434
1331
50120
71598
69124
30353
95066
46429
17357
69104
83718
14960
39708
32918
32719
60764
2010
44207
56354
5879
61865
88127
18255
78114
68257
10392
46612
12598
44195
86488
6125
78268
61814
56054
96300
28492
62973
62579
41486
37122
56355
32338
47352
73249
37341
96159
75182
75940
84701
57373
67590
27065
1298
40476
31005
90391
17299
53822
23671
4122
1320
74417
41071
39075
92317
80668
10094
25443
24477
4308
46983
67271
24562
43411
22181
42306
27206
36740
5634
63642
52708
88294
12373
42706
8796
12316
69063
71453
86310
27926
99772
71390
76323
92028
67108
31413
32792
93226
98917
76628
64197
37454
4965
24758
96830
54449
47737
32163
99660
77108
15647
51537
58742
77255
71493
22717
5919
45398
17886
71915
95755
30814
60569
2243
89057
5612
52175
64766
29817
28239
14664
49892
96010
42979
43345
66861
16068
48741
65664
78602
42586
33781
66191
3352
63227
59845
6561
31946
53106
52752
87508
69868
70951
40137
86499
26531
53677
89691
6316
72587
26477
36062
84227
5169
8024
55418
97270
68538
15601
17126
75126
81189
55381
93651
87532
43444
78140
78237
17122
58653
30316
1452
93927
25785
75335
68935
85948
30366
83630
94796
52295
60889
74598
21368
61730
36043
94199
37583
83090
76808
819
36353
17874
97470
48997
63186
51498
67832
21415
76090
81274
28264
10903
68456
77016
52663
93110
9602
87372
35564
3510
16228
82674
60129
18563
38173
39086
87414
85951
67656
80732
43891
73684
70712
31601
5
64927
88436
58455
57447
30958
67806
47776
77612
77812
71587
23470
26546
1989
73133
71981
70235
98955
78732
69842
95044
21874
94896
73243
22081
38846
25309
63677
37026
6824
71455
96721
32115
57087
30433
6196
99829
78456
86223
25432
2388
88472
41615
85946
46994
69478
21786
69621
85801
95105
68999
89230
35363
99359
41545
50556
36358
49990
65108
18258
20155
5663
37517
65109
22000
69941
74342
51620
64173
84771
45997
36083
60974
99841
87502
90496
35015
23552
48813
96499
54653
43021
54154
73657
11773
51186
22074
44577
85399
67919
53234
92975
67553
51540
13693
97179
80838
94327
93013
15620
32701
75743
58221
17678
90693
47849
42222
61570
18663
20913
13743
82907
34627
68793
27734
95558
41792
91857
54267
30536
96317
32675
90901
39851
26301
61133
63514
25893
11120
45970
54454
93847
98765
88434
69772
41156
61314
67518
87652
98843
96110
15854
55777
12215
99177
70369
32558
51871
41068
4961
88333
51076
96826
64894
64398
46197
67387
87067
84613
38459
30869
3621
4475
14230
41424
17761
37073
37515
95819
45042
63
58001
55364
23490
26362
26259
79530
25644
77576
89119
72569
1982
60215
12596
43656
52679
2790
49345
71916
81325
81626
95185
99386
14052
93174
20150
20386
75981
25052
6326
89235
96243
79476
24020
81108
93897
68409
35990
78070
92455
7338
84968
14131
17635
67166
11045
73823
8434
59024
65252
96422
951
27015
82670
96760
42933
45430
86179
4876
36769
48646
44040
97889
96258
67019
54213
53679
13240
30798
3193
94862
51760
50018
71681
65425
90802
17635
71551
47975
18124
2646
16189
2262
7334
29088
68473
20344
90318
58725
31874
55886
96821
36135
88114
19804
23929
45452
15909
13970
11872
29706
39576
10517
56882
89882
48385
24588
14819
13461
98565
11389
60587
48584
95078
32547
93208
64397
87412
73357
59623
89874
70210
77894
13018
14688
38570
77542
69524
45936
60147
85077
49876
39463
49544
23105
82771
63742
24026
18863
21520
75570
13691
45100
12935
16455
87035
50073
69008
70876
66184
9479
37921
46687
77355
21032
66489
78138
37843
7446
53016
80730
36678
10884
15083
16146
88041
19675
96141
62858
98341
64553
24595
89326
62914
92166
23258
93659
21846
40586
13925
41917
71863
90352
54229
74113
57583
20340
64682
53362
10145
90284
73205
95907
77112
41616
73063
51031
21432
8489
90284
13688
76897
93868
40471
47125
59656
56078
8565
65142
29234
92176
60131
54061
41141
84767
81426
59981
57647
97981
17312
29124
95380
47578
40764
9685
11353
81270
19839
16770
61810
15995
69350
11543
43195
50736
52619
35744
47543
49455
26637
92024
43627
67157
7331
79011
54255
26735
51296
2727
59579
7994
27544
20180
58095
58036
87547
6166
1793
73443
50015
38412
75729
91925
52321
89392
77228
58794
87251
50501
29345
13969
2002
25814
49146
44161
59978
26387
33232
87820
81903
61780
92754
8515
15282
53196
66269
85185
84460
26141
54539
66673
11384
90145
46878
61389
12863
76476
44196
42410
5637
33958
13278
18218
7167
46182
2107
27523
32287
36840
90846
98464
17240
18753
260
62026
21201
29500
30582
72981
52395
5608
22027
34060
9018
40775
54770
66864
88985
2015
70327
70457
45434
90349
96788
99941
5851
31099
38189
27982
73757
71978
93619
33832
72366
61181
53875
10494
30250
34844
73885
89176
75250
47119
95158
64138
40947
76224
58240
29235
34946
49124
32220
2477
2013
30546
18694
52151
16224
64050
99631
64245
14319
71772
11672
32638
1882
6880
47493
76914
65565
87316
65546
92674
32327
49100
71361
43304
18937
16753
21643
58230
56458
51120
37475
63718
16230
81860
11973
48755
99089
12578
37990
54321
47917
57968
54206
45553
43632
22602
95618
39580
21838
55909
32676
63606
10
66486
90320
42844
55356
28763
59163
80643
21524
14191
76335
22751
21622
15959
97671
49158
43787
19082
92823
98845
35925
21768
58782
79292
89433
30597
52391
17976
37616
43435
19522
57431
88609
27076
89824
26554
52160
11185
74923
84979
40523
20558
49900
34707
21272
81964
1157
10845
95752
21926
72581
7736
89856
98915
91905
10441
66838
95556
20805
56987
92724
92939
36221
51433
11233
83855
93640
61082
38370
67945
34208
25543
94104
45140
86301
25046
64318
15120
60812
58153
81767
79314
68496
23025
73122
78561
48092
74938
47300
12913
7302
69686
85625
61196
96718
23834
74486
10605
53658
53916
72338
58914
92357
96095
16225
73510
40477
44743
98795
35242
55198
80069
47616
83727
80512
74993
37108
59300
74204
22898
30598
59143
89252
30863
1138
35023
5579
91771
23240
94901
19783
34753
28776
15874
92529
8881
85280
27746
96480
66642
34840
27184
57139
21515
97730
33834
30712
35388
80509
11765
89123
19958
42777
51626
84242
80857
4318
36011
25743
12345
54794
31287
93474
94004
53867
83902
4823
19110
51291
48094
98062
82208
34275
39989
21139
43012
47614
14295
97361
9688
68875
84462
38159
89548
46189
47557
97610
82875
40684
76715
37298
27281
24758
93472
59538
49281
91497
54588
61273
90144
15108
65517
93639
24303
96580
96348
58856
35874
9204
3036
93091
78447
34297
60269
66520
98904
63215
61994
96314
10730
67256
35583
4941
60169
38198
69083
61667
81595
94768
66378
33785
87897
52371
98699
59374
85263
27174
18102
7961
17461
753
27442
93389
29788
42179
19455
37079
74829
32436
52103
43411
70378
10945
49478
8437
46516
75945
2565
93472
48488
305
44549
376
73966
59339
29838
17720
1020
39029
34334
68903
47825
67522
76788
35589
48718
54840
43843
87768
81993
52124
41865
42936
97880
46169
50467
40515
46193
2389
67070
7631
49996
77107
10891
18572
98598
18916
19569
77196
37548
4254
60975
73738
63307
51384
62415
20590
40920
30980
19284
61182
23354
38100
29441
10149
58133
98105
70898
10203
75453
53583
92487
95214
89183
21476
63521
23953
56728
19605
4419
95316
47244
18187
33092
99262
18915
1054
99905
94291
24425
39621
44156
22719
34190
94646
52362
23371
75000
72500
54857
8797
22061
43548
11251
68336
48641
5294
40863
7023
13365
49081
51678
87822
20009
7033
29113
6118
4013
39997
29990
37941
7749
38843
99270
55563
62822
17341
1756
16913
51301
13341
42146
86476
76683
31681
83065
45695
76736
89760
2388
94341
72940
62984
51859
35531
61194
91446
93531
34009
53478
15267
19813
17413
79735
84841
87571
64931
73161
68585
42157
45582
79669
30852
81977
32877
17429
70582
16051
93957
21855
3433
23065
96804
69174
41090
2417
72138
25283
85347
88223
20433
44703
11810
95771
51241
59465
9205
107
67159
46452
16117
10589
23969
97093
19838
64569
69479
95215
31755
16354
90755
16766
40914
82902
5573
94338
47732
27722
76966
15631
4863
95388
6396
37835
51200
75941
11260
81706
45854
70164
71745
10719
78661
50051
67685
66040
54888
93178
53328
93143
7942
56208
43178
91305
61534
84738
31049
35747
8291
86799
43568
60218
67886
90716
71841
36590
74579
50290
7086
85270
14898
97713
8291
91282
10801
40012
32232
33851
82380
21518
11559
96799
72613
83337
87523
2112
61895
27188
13909
57024
96355
60329
41556
1092
60999
67443
19603
91368
22865
66427
25510
3384
76453
11830
50113
70464
52169
46276
4771
1793
69531
76144
94073
17070
79512
63419
17403
73181
59497
26784
42623
75845
49858
39450
96834
93491
67980
58560
62314
1448
59560
39542
58470
99727
14347
89115
58048
63800
5778
25362
31625
89479
95758
41523
42055
60368
74873
92048
45804
89182
33744
81233
19213
95986
75567
6501
56790
72774
16636
8728
83563
90049
45374
88798
58112
38924
13289
93038
10447
4140
53786
60606
50847
68331
40258
61857
4780
46184
13220
26564
80674
12122
82836
106
35554
53419
93402
79371
38257
896
62946
69765
92770
19922
5712
54096
63822
45494
11161
48505
12171
6014
67963
71209
26919
70067
50205
19953
52821
80432
78563
92866
68490
29260
2752
12994
34351
33369
43923
46455
69853
55446
65482
37301
71288
49287
75579
39009
77939
36721
56593
71789
36395
17229
80067
52771
66434
64631
21769
52860
50909
65265
6977
90378
21266
75035
53188
62082
75557
68576
40530
69702
48494
95629
21232
10282
15466
33597
82145
56205
47141
91522
84066
64754
38347
51047
49443
12720
50094
30837
99884
29560
7565
82495
98679
78784
29720
78763
74439
60465
42340
44760
89401
74384
3881
86343
36308
72793
60287
40882
33636
2024
88317
7249
95622
9710
46097
32705
71186
3085
21547
84191
83415
31653
61429
8182
3408
22752
1234
61889
75632
54584
91286
1497
26119
10946
38576
30536
21735
55152
32521
30842
32042
2815
15428
44823
3382
30069
81304
17406
32022
23740
42975
31466
16108
18310
78641
69761
16107
95131
63909
9065
99309
24724
87969
41029
58353
82713
73213
86867
63749
29100
42568
90298
87311
75800
84984
7993
73213
8883
44719
84259
57648
2828
93553
93385
1909
27900
36889
52702
76579
49058
33621
63972
40811
17072
83912
40074
63667
97023
39794
35506
59252
56171
23463
72007
75358
67545
92404
55227
21904
78619
24714
50567
21591
31069
9869
39087
59015
55248
74278
97405
5980
86419
34694
51381
95544
10943
21904
20984
61133
88947
80927
49038
56178
56253
51103
28569
64021
89004
5953
48313
4421
52421
74487
5207
55071
88753
67564
71613
62790
25403
25316
18591
74659
21734
77044
32979
93726
1660
98700
39926
64232
53109
70940
96687
501
77615
22658
23086
30563
96299
79187
65866
2564
61371
34372
72901
79848
41442
26668
49735
38369
38837
25926
3263
19885
84180
11463
16126
84926
86331
40672
47328
67614
83936
61593
49810
25768
24758
7517
46821
71169
71824
57093
51138
74744
2562
19794
32673
52254
3660
78909
58620
49098
48125
79295
65380
99749
51848
4699
63365
35992
98481
85728
68783
98117
36914
27555
72567
76812
31388
24465
24768
7004
45868
70340
82036
42519
82885
9130
50478
19175
80939
47744
97878
77097
61399
7046
69067
58457
41047
5566
23481
16574
5878
90567
17844
69648
10445
35849
64441
12090
80294
31257
71043
3508
61946
72807
86668
34673
43660
52566
99091
19934
90739
91587
76107
9057
14247
22422
41165
6407
88864
86546
85895
51513
94687
14629
75708
42996
20338
10003
6470
43002
92749
33033
12474
15358
10172
66206
83926
45036
59694
2191
80840
10923
32618
48003
28696
59351
91758
17158
18741
8512
66303
72107
94386
87865
7354
48082
71627
73185
5442
90773
52227
15668
18232
34001
19675
18130
84219
26
31128
13581
89019
90151
43591
81082
90084
17656
42514
87761
88291
92285
98894
48910
11967
27039
8400
57469
20178
74205
54362
82689
43713
93152
96777
62936
21199
67190
91719
25997
63759
86377
78794
99283
30670
26698
75330
18907
2238
22903
55614
35770
64277
47870
85183
26907
81963
77031
69545
89076
66522
15190
46213
59589
765
77342
59522
91830
29687
21480
99083
88429
36290
23897
30598
40074
16908
14795
46550
99906
9621
44873
8174
2747
62895
75216
49561
37661
55728
52487
2247
9939
32916
59475
5956
74621
14515
74593
73262
61449
71839
38587
9492
58954
99939
98793
53429
78049
58936
58121
80780
6077
36266
95827
21332
12515
57414
51817
59630
44702
2363
88992
71186
88248
33614
58376
56725
65693
57552
75950
78291
42196
2394
94978
8971
92684
97304
7051
72598
81321
91429
79954
63476
51341
22516
57877
29414
36593
74734
64603
66415
44371
53484
80949
89849
12593
84409
78268
7308
20468
9601
37079
50108
97195
34053
26334
78893
27633
85080
92917
92836
41680
34415
34293
80027
91791
30550
43982
48384
36695
17256
84683
98
76021
25787
81841
1722
62763
41574
27954
16787
35327
35873
44928
97857
37709
24036
74860
28177
50872
30030
72026
8280
36378
12615
25488
62872
35362
59428
27790
49242
50438
74084
3136
73603
52507
2443
25709
96391
54085
37806
5058
86942
94904
10236
31485
49989
1346
11417
81346
56186
98713
94930
90812
56158
31918
10180
62789
10416
40626
97894
48165
95116
51030
92410
49122
66235
77248
8518
8313
61479
87882
54356
24561
23398
51432
76013
5408
840
52938
97614
83238
26642
81095
86883
78235
38923
26188
77633
48033
96014
34098
2017
21654
28494
55893
51418
32553
15938
8989
42339
44683
59183
19141
12731
11530
45925
78807
19329
48901
71240
11796
73473
30070
18958
18890
69172
58373
79600
46835
81939
31746
94397
27061
70611
82136
33276
93358
50773
42761
37072
3012
31422
85184
61456
86007
21937
749
6343
2272
30762
83592
65839
11897
58673
60933
31580
24016
70836
96935
62018
96234
2801
48043
17853
8903
36397
10309
6889
48301
60466
32332
99304
87916
45473
89492
28024
7804
53923
76330
9676
30889
717
51574
2593
6576
84494
73045
91938
99569
1410
26562
21803
35357
86132
93626
74676
11151
48359
76017
91293
7665
33106
47195
16699
79709
24661
35103
79290
33795
96420
94993
98034
80242
45567
78947
84133
57246
79173
40624
57489
64291
64985
33208
35961
22463
68526
17831
88744
33963
69539
93919
38544
99194
5142
4713
45702
90127
67177
92689
98622
12550
49864
59603
37512
51822
78021
12346
68132
81524
67962
96819
43759
57058
39863
48861
52629
10207
44580
48431
65777
30648
6880
41503
99658
92860
66960
66353
26783
12175
12660
14386
36338
79296
20197
73499
73928
22838
57884
92141
58149
97613
13635
83988
73710
86842
42082
46892
67619
92712
24801
75468
42717
92940
8215
51789
83133
58735
63868
83978
70977
5303
15701
69939
81985
31704
16268
25255
18067
49090
93308
85725
21871
24014
86413
2181
29931
85358
59438
27732
82958
36409
52046
85959
8708
59971
83602
56301
37689
68748
58986
22682
61052
53764
4222
76126
14345
47948
36644
3200
78946
97081
21059
28561
13533
5356
76811
72629
45977
44726
32853
64748
63840
30740
15555
6141
92019
66411
47502
70172
20204
47863
35322
41791
80076
72724
67208
5108
38927
16029
55588
38000
98190
84294
71597
8713
36957
3775
45709
68214
56944
88405
99721
39263
61088
62865
31706
34676
21041
1998
10405
77906
90236
89108
36371
78815
24052
73379
96604
84313
11767
47781
39333
3490
33746
22420
99640
6067
13119
53109
8518
65365
23006
77934
36573
2956
82003
1677
72327
39283
28910
62887
48536
12482
27144
920
31651
27324
56560
41096
1032
7047
8621
10390
4393
89708
57398
68038
7657
89963
40512
10149
38103
87444
51149
34586
45800
96307
29691
8999
48611
58448
407
20008
37672
87795
29376
46168
45827
21085
21798
1850
19549
23016
85785
58748
79236
44547
10721
58194
38546
26859
99907
52906
93751
25288
84524
98359
98142
73220
18381
80905
64227
30334
9961
50339
84476
84533
6349
74335
69349
94897
53073
20858
21426
11157
70661
86444
46156
42608
69216
83917
71950
75455
86775
24250
81359
47633
85336
1486
45529
53197
70233
71313
63482
47420
90815
61888
71107
66547
62797
82331
8091
39648
59118
14230
24953
43312
58055
36905
32574
36221
41776
55266
46496
69810
86290
39051
91005
72153
30562
95635
37275
69915
52323
14810
25107
28037
40255
76204
12413
73036
46821
34873
91206
23193
54656
77556
25460
16543
94802
17712
24464
67569
84914
31845
81727
95648
5127
26219
37770
61688
28874
99812
91899
57136
74066
65349
29276
60043
61137
94682
54136
89020
7853
20701
26662
91781
87552
80010
88648
58947
87725
47768
32784
26929
5073
20928
62609
52006
72844
3356
72574
18246
1439
12498
26072
90700
70450
59306
8024
49248
6069
71538
24293
66507
59917
94388
10332
56571
71042
70028
82657
54934
69704
6881
89983
13870
689
64351
86629
9429
38561
32204
92021
37967
40995
68274
99148
64320
81932
60477
29734
76217
96574
53434
61500
40138
22790
53826
35004
713
99420
27656
58583
10984
98221
27950
37106
89481
26009
43527
55587
44261
18564
41034
21749
88445
20845
22837
79877
17186
8396
37171
96134
61251
61074
75396
6726
62557
42876
19551
13625
57417
5087
12993
16450
65695
71794
73314
38688
38582
98531
5884
61314
73791
90657
33848
60563
82274
74748
9113
5578
89539
8473
69544
90713
58292
29503
15381
95664
29957
13828
27697
13233
51492
25780
93022
25878
30258
60105
49231
48004
26631
75792
10059
94950
29156
78090
32322
73039
97472
60807
63418
37706
77116
93391
20118
20867
8951
62197
38878
20536
4705
59149
61938
14024
20644
10573
84041
51320
34458
41495
40757
15293
2780
32887
48554
42113
72297
63130
93897
59791
95013
17455
45773
87588
38581
9674
11525
47344
2766
17912
40041
83559
73824
57903
98774
11646
23144
44436
75990
6107
41374
45742
94410
76405
39961
15416
38638
28062
1738
11889
81517
20190
70418
10403
12999
76381
81556
2107
74173
1351
63369
96981
38788
41916
4612
33186
59850
62100
9954
72420
91869
28624
15890
96156
48605
21402
53295
14882
32136
82718
15820
59692
45355
95209
3861
90006
9810
83941
88765
26371
28295
90198
60082
82842
39106
7367
22978
76487
13556
664
5003
60096
70487
75588
84728
27254
16522
94990
10485
45220
77465
40238
38736
73723
26553
98634
85164
84700
75999
20661
68699
98866
61188
95580
16551
88433
80530
50384
82737
68450
81112
88251
84111
53551
50488
38120
92609
72517
20958
97984
36288
40401
32940
35987
31081
32063
82530
70424
70377
35938
71550
62441
81829
32675
1252
66919
84678
64382
13335
61527
62322
52078
73724
98129
37423
8353
50899
54367
47190
77248
51323
74246
23019
71061
41132
85164
96536
10312
25972
43072
34426
94487
99830
31191
62402
15583
43367
79742
68890
60141
86288
92928
50285
84499
97529
9787
10212
72564
92779
71162
48577
86113
56480
96530
11145
34463
73044
47951
88923
70088
60996
58098
20192
75268
60800
76846
65267
4289
32449
57850
93314
16529
27421
82998
13283
20057
6599
22033
21401
66827
30916
12544
50342
31717
16273
40999
59518
30595
19824
54528
41062
55875
56999
85876
70773
57202
4795
80931
76227
83465
84902
1776
52038
56862
1212
60838
90238
45393
46515
28081
96628
36794
98289
98829
14018
91193
16979
44269
85391
13570
30024
14575
49
97609
90242
40222
51816
94365
15190
99481
18602
64132
954
16060
27799
75732
78797
71222
76151
99391
78078
90936
50752
41959
40149
94434
49693
51542
9070
32994
73129
28254
32217
84867
69942
65433
37341
43098
55130
85282
58974
41932
35734
61730
32755
33806
61772
94143
65259
45313
39718
58287
99440
82837
53740
74681
15715
28982
19492
22993
25189
46196
27814
28564
16758
52653
86217
67666
75539
55641
71259
32274
92954
34964
76492
80038
80113
75599
32257
58736
92464
52129
23122
2784
55274
7746
95556
62328
74093
48842
88165
19000
66945
95386
8122
87749
59887
42553
73102
82804
13490
62602
98587
11536
90946
10708
74732
48878
31699
75995
16634
62492
34664
66092
41477
71720
46225
60529
16643
25410
7601
3954
13281
78086
29309
66396
91610
55751
30068
12701
88516
99993
29901
69494
5746
4459
75604
55011
81334
40765
33827
69233
9975
58058
45231
14428
84686
1117
87020
71190
19896
91276
49946
81527
76619
62809
37428
53466
86843
73318
79994
30766
13737
44922
69522
17611
66224
79682
8006
5673
89497
43918
31737
94420
8856
19492
50117
76717
58109
47274
39783
43567
14454
89118
68451
94812
59446
74074
88628
84618
8509
80097
93800
44938
24255
46923
66065
149
91000
7678
40827
73036
95088
20162
2719
60556
8932
6205
91648
84488
61073
4069
78322
74243
51256
38441
74730
19765
39349
78675
58186
4944
71763
71823
38321
976
32473
6967
48574
63101
85295
62295
97016
10964
14495
48544
12945
60715
25832
48195
51135
13343
66169
24501
43998
35215
36297
78598
69269
37084
67342
4070
15871
55290
14636
73855
7342
48665
58993
72938
16301
99721
93646
42105
12770
72477
27045
42905
91099
6273
66157
44044
57840
53350
84837
28966
73186
88128
5499
109
11450
39670
22293
92845
75013
38599
53333
21589
1867
75159
57069
19168
56538
33589
95488
99882
58962
72970
35386
10769
56500
64609
22392
96533
74383
34415
40643
76999
80204
90467
41126
90159
69827
70557
48461
37851
39037
5941
78390
72319
39014
11110
11942
18541
63465
37691
15667
79083
85201
72128
74515
16375
345
69663
22405
5591
50095
99688
61496
59509
24421
70621
15274
74557
40977
83690
7262
63244
57772
99602
80414
34738
72406
63992
99360
74025
73477
41825
51222
38631
10103
96256
38291
40734
77405
73093
40666
53482
80046
49857
25289
64780
74456
65972
8541
71703
61067
63169
44422
26454
69240
14783
75523
7610
58173
10699
64960
65522
13097
21210
15831
15605
16084
16675
74754
90840
43939
30872
34614
15265
61836
18044
85429
12354
28661
72418
25940
7420
23637
30297
73611
33217
44688
25012
89822
32562
57687
21804
51175
80535
93921
89446
98882
7752
9499
73687
31401
64169
77682
33846
8460
92814
83598
97684
32321
2800
75405
47644
55405
52758
62897
10478
42069
31076
28175
49461
76282
41707
51178
34276
73150
92591
76903
88198
14042
72003
53820
37925
40789
93187
38535
11227
91902
53713
58056
30956
58223
92584
43078
53222
96487
60127
29449
57287
64806
13500
3657
58060
1935
22154
95386
11583
27443
35755
74555
85847
21004
51742
32120
74761
28133
9525
44419
67168
63878
25574
36680
98897
77139
72833
24073
95536
49521
32020
72035
7382
10728
96527
46258
71569
72388
23304
18567
4558
67922
33529
8220
70746
66482
50343
75279
48325
75391
77102
99790
54583
13093
53575
77648
28141
23713
50598
19325
30324
49267
84248
57873
1779
17187
12647
59372
92135
8844
14841
63481
91083
84543
83389
65065
318
78686
9984
64025
4672
74978
27805
83380
72340
25837
64762
6893
38769
90521
33264
57422
58220
77793
72832
70109
69350
25604
54448
13501
37710
43218
5938
24028
23395
24743
91458
34242
25959
33628
77956
57102
65788
83943
76289
88968
60139
4938
1927
34168
313
69714
21560
16507
66858
47641
42003
38710
70472
52684
68623
82466
8944
26914
46516
26491
91921
64315
64710
10656
47338
88148
42428
19689
93354
60659
64871
62112
95291
78883
49974
16783
51694
14443
56475
87498
67063
14693
83817
65182
59309
40242
5361
70061
53345
64632
46341
63284
3097
97223
40547
96226
62837
16073
66341
78072
9114
82393
86068
41491
77569
65511
46290
86212
32585
521
2010
54039
11844
99000
38098
15826
10337
24430
62392
74345
82970
87907
11855
66793
10016
18045
54751
57731
6168
17545
16114
19900
66876
6079
39318
38907
72196
42405
6916
45086
43362
55177
33543
16483
70362
62208
1926
13252
42777
57635
22606
90452
93418
14592
22136
90753
72257
69713
17168
67246
36977
61046
14860
53603
62280
92064
81361
61839
93061
30729
78327
74398
82432
84292
52246
19521
44515
3970
29784
98895
59757
88408
80705
39126
31308
86255
48547
39411
69057
55879
51923
88839
77462
85601
46795
73820
50470
30356
24588
54137
63999
33377
72378
92868
89471
16107
95427
22325
94350
84219
52973
47528
38442
61720
18417
29886
88028
45329
61318
2207
18089
24571
55948
82945
73137
91420
87819
25480
66228
92921
86865
80460
19721
65301
80376
26022
33472
92779
23959
84686
13433
95759
89547
9623
26048
89284
78619
78201
64253
52699
97839
74492
57142
72419
2434
13191
19960
76566
23897
35077
21199
1435
33179
90565
98495
81319
70141
1398
31836
12569
95744
26429
64688
27581
28374
96913
70959
28020
46844
47555
7197
40195
98494
65830
76396
17958
1072
57452
20275
68768
41835
39180
55896
81762
33795
61135
76306
76577
47565
26669
67170
15695
61612
68763
23784
45317
69572
1103
16562
63554
97737
13879
75692
9922
23653
42919
96219
48532
21563
28758
21863
47771
78101
64146
93852
94409
3690
52277
53633
13167
78327
66249
54378
1007
1662
19901
50944
52163
93727
89784
45848
495
34589
10371
7034
38799
78767
13887
24258
5478
54186
80870
18091
7425
19836
77320
63059
94518
46087
55745
43887
28323
59674
54883
71921
35009
36197
50587
81223
45316
28396
85288
90906
43994
71630
10712
78934
95247
67122
74016
90316
65033
15459
34816
75745
79891
45796
70750
31607
10651
53539
54508
31504
7941
73106
82885
72531
14098
63137
79466
16241
59637
17631
66167
99940
70072
66372
21568
10427
81583
78013
12172
70148
91366
49198
91564
57677
45565
46877
67661
81150
91227
52943
97702
66736
10398
70879
67589
1308
41332
63850
41363
40659
4763
57650
66438
38319
39833
97249
58640
79127
42612
14951
72346
44447
2322
97575
53225
35782
82526
92659
30687
30253
3726
16873
37504
71652
74741
78542
36822
40500
52218
81935
58986
15006
40266
39973
78393
92451
32323
89502
13713
47292
11941
13112
80701
39217
50468
83238
51297
80060
28512
28802
21755
29687
68294
90295
10511
81955
51078
11208
55166
23217
9711
80352
76721
86383
8093
24249
82769
16020
58139
76611
28962
4682
42596
94612
33642
99864
12569
82958
46559
39358
1535
18112
88431
40539
660
4640
68995
50500
58595
92694
76862
95535
14317
54019
96243
95749
17405
33596
82337
37836
37564
83049
58119
67403
20068
45714
1205
8700
31499
92834
79523
9370
24880
86339
84337
75595
5518
92015
25211
98959
10949
1733
86554
88848
55989
97043
19716
89214
28993
76825
22306
18339
71617
51374
84850
3370
94870
74417
65362
29448
64818
90792
18798
21649
71168
53353
54033
2958
82997
60503
62610
23667
844
97181
44354
25339
12464
45857
29687
54107
28279
41048
89866
70753
39095
75456
4942
31001
64552
36005
90963
86951
99621
64289
68544
29514
60966
4617
75196
22780
794
30421
37466
21939
80410
44823
62878
58615
48346
72585
55475
96325
90366
11658
55424
94126
10960
12449
65496
59925
83977
58588
83264
78732
92187
11821
67368
46925
744
44031
61103
16363
68938
30052
81268
48052
1295
70169
96315
90160
86800
44942
74326
61324
58567
38887
29108
6291
99076
19308
22364
35688
34342
49912
62771
64562
87049
69666
23856
7956
34426
25285
42973
48097
6459
47810
97525
75783
78148
99383
94414
51942
73507
73651
61651
56857
85174
37461
55435
63595
92849
41145
96051
72036
32976
32851
78352
43561
34161
91959
394
5106
77951
60389
90249
62021
89325
87354
1678
72409
17316
5367
83912
20631
15305
67823
53669
94432
98183
48769
45865
74389
4126
66954
56815
86527
16067
92718
57579
24188
58812
63366
78392
71840
43510
80003
82385
24401
98010
17647
56033
28750
50924
72307
20633
95680
62165
9583
18266
491
16035
89175
97208
70811
98126
23859
95703
95734
89475
28088
31970
40078
57297
71108
90290
82314
31549
16530
42234
13762
82216
48591
96145
75883
27003
88804
83908
16808
85318
24368
55706
15078
55242
68593
57522
79664
90589
28257
9389
41603
82380
34660
3260
29621
73178
36993
77753
58010
57144
49710
3628
1566
39051
12214
91815
98800
68576
2918
93780
42749
50505
63710
99837
14569
55757
6862
92010
13504
86924
69803
55796
93684
93979
23020
79496
15481
39149
48274
331
43422
22184
57876
87851
76886
10711
86008
837
44770
41551
42300
61134
59506
31249
20559
31524
91807
82115
80073
49184
42424
65449
9149
63880
61271
86112
95075
22904
99055
55757
68961
87431
91827
97026
39717
22347
18354
76498
59180
38529
10374
6702
73888
75691
88071
59966
10449
95278
50918
51736
65187
99615
66755
17906
5398
7741
10311
94484
97501
16829
31796
44647
44667
53215
44664
38937
19962
72469
91642
82312
36491
54000
87896
36909
31595
71229
63126
11122
12092
59470
47591
18910
1451
81432
13284
13049
70859
52677
97073
3524
6404
93138
13773
61058
57710
1773
86566
59412
1991
11224
13988
70394
78800
67751
20769
25533
40260
50738
34029
23058
55238
66803
91312
8993
97333
23238
56790
17573
78625
90168
89409
39129
77727
83759
54717
3559
87250
49871
46981
89147
6185
1716
50986
54227
48911
46744
46244
95037
91901
41254
56952
29834
19642
46660
60056
83440
19221
11139
36107
1050
40573
71848
31012
3489
95661
92002
88089
19815
3820
22545
23746
34256
89727
44894
61742
48045
32556
513
27368
50269
78959
9877
90991
92138
18632
14994
60590
23519
11239
73785
86164
35218
22789
29208
11845
78237
76619
44807
1062
86272
35039
32823
89554
83225
45958
62620
91831
33989
80889
35253
48629
2065
92367
96636
64302
36960
59236
88707
43798
7257
30429
29791
75056
45250
71700
10561
55609
34906
1666
32591
9351
85802
54212
45316
11000
83212
67440
12436
26295
6353
24645
3186
16279
35951
53875
17005
73882
31826
71163
19107
64676
86321
5070
64309
40563
89735
94711
4361
43227
70292
59186
93126
96145
32772
31107
49211
55144
35605
99395
55193
56860
9802
33307
63004
10932
99767
7922
55711
658
27925
5201
65597
47580
39476
47569
2145
2159
51453
78019
52333
93859
39822
73758
8824
64615
76817
83788
80313
33860
983
66811
99553
40177
4629
41309
65110
7241
86620
30543
51073
38326
21861
36797
94019
48009
47485
14177
79473
51331
93692
83882
74548
36748
70850
70203
24693
6349
92011
53842
53187
38464
57656
98881
21110
64960
80693
24817
46364
71751
8431
33401
75884
33556
69202
72782
14371
7420
71170
74705
70403
3106
29757
83498
39411
54259
36687
8195
42180
65829
70959
54621
70017
9080
52242
31272
63411
20562
41162
17652
47656
63662
8776
54636
60774
72937
79302
32922
74815
68685
92514
74409
19381
17544
13304
82172
25805
50443
20308
64306
43617
59011
80028
90878
12042
11946
54574
83293
80017
4392
83430
83304
7924
98012
95470
68576
49068
47984
76795
57303
76705
65019
8006
19173
30073
91663
64329
32784
56767
78986
9051
82147
54011
80636
60266
67583
77832
12125
45889
97691
3561
33444
72874
84201
86884
5143
33710
49869
69229
74826
5079
82376
26920
30164
98045
36026
41533
58754
749
31549
21177
55049
73127
24404
94275
49749
35817
26524
28495
74526
4875
71937
60304
74804
70268
58056
95483
43594
83632
43785
15761
7936
34027
92634
65610
43447
11599
88819
72447
24921
53353
11315
29033
6806
60523
27390
90400
6827
45776
30755
90638
45861
61475
35651
76136
62388
75383
16313
42956
2022
4938
31644
54426
87020
59794
67873
50233
4619
98010
38828
905
64061
67579
73963
64127
68289
77793
32356
9467
88417
79667
35959
83012
87501
77798
44652
83306
79427
10730
80006
32385
43116
72294
72687
71181
52299
75155
27120
8163
61469
7755
25118
15941
37776
46141
68962
42363
34894
35829
22664
20869
47100
53191
71930
24089
82364
42939
194
34049
25614
85539
70759
31785
54033
61802
49274
34004
18302
3343
25518
19879
81116
80251
42989
59506
38470
73154
66008
40520
45606
14836
86011
32825
38396
55840
82106
1487
45616
13572
42443
48081
72084
512
684
55647
79470
83276
76607
21248
41073
64576
42042
46138
41940
49077
88918
4292
44817
84120
4959
67094
70590
66654
29301
31830
75337
50579
32450
64438
99228
30239
96916
54872
82054
43682
82967
25473
14121
8745
36441
91321
81946
99759
56381
79126
68846
48752
50298
91239
78307
82452
54564
15133
40930
57264
66311
70651
28547
21745
62657
99607
75736
58281
95145
75523
94668
11461
20163
24629
97027
84328
90825
35172
30137
81888
95343
53767
11799
598
36547
41596
83435
14942
33260
19403
24265
39706
51623
98705
72755
20587
13361
95847
70798
12436
30317
51523
79991
53000
37356
78514
39647
90050
86795
35550
70317
88725
78202
82262
73219
90671
53817
22041
72758
68403
94801
79734
64610
53557
61068
76890
785
30244
5015
68013
25109
15427
14020
24241
60618
3938
35068
79516
86005
14915
81953
62300
91143
35758
64795
84864
26470
1134
70059
65260
61137
17340
66227
52440
1891
10883
77194
56906
81229
61644
47891
69956
42019
60750
33848
77062
88582
48111
6501
71471
32703
41952
65035
7925
57688
66674
3105
65496
29313
84416
71410
20827
24762
50876
99007
36532
77948
19608
36856
21383
10768
17942
17261
40402
81472
43613
58384
85080
96979
94412
19373
85608
27248
27927
34786
53176
44961
36363
78846
10869
99893
99788
4190
91117
96083
39135
54339
2134
96768
58118
18634
78442
9375
60725
47690
98391
97687
52850
56974
5874
35548
41322
87911
31551
48855
44224
89769
7444
74740
75523
46186
11166
55527
65760
45148
39210
87043
15315
67737
69921
81251
85657
222
35536
59577
16620
49189
33728
81722
46843
20653
93708
72159
5816
6369
86229
74136
64776
12115
15838
68196
77771
1690
62894
21231
63858
9811
84934
47342
23049
49552
11591
27179
32440
24992
88193
72208
7018
97530
50702
76211
41682
28335
86740
9382
15451
74170
78456
67865
63464
34222
11763
99420
50802
28404
80510
75248
58876
35280
83709
46096
4402
83521
41227
33061
67140
92460
5735
9862
74679
21430
13592
17906
3627
48249
63516
40708
96754
57320
64576
69733
32508
25727
81293
85342
87911
8866
53435
43665
4260
54898
12458
18416
7255
23550
12763
35112
67791
2788
8601
15315
1586
37526
47352
31511
58238
76785
24439
14051
40726
56060
51574
52362
56102
40093
48941
56431
65205
36373
78954
46567
40368
95906
71708
27964
44572
66040
83632
38608
79825
40708
95259
10168
51879
93412
72038
82125
54010
78703
97353
86041
56690
38209
51256
49661
38380
79720
99663
43857
9597
54600
73706
41867
5443
14580
2175
42231
38424
7448
75374
77703
22176
82246
7741
62250
52645
40990
87870
54238
24830
53853
78849
62352
92109
45778
86905
85983
81799
29858
76925
85821
27746
51415
66512
49202
83176
22444
19264
28624
47959
67510
50486
45970
42180
98880
90617
82534
44302
55073
50532
7851
70271
6637
45868
79614
22975
2157
35981
37080
70466
84987
69310
66013
80228
50749
54527
36378
35178
74743
12003
67182
43024
50295
98475
78456
27305
65496
86984
79238
26775
36558
47608
81610
31000
9123
66539
97766
22301
90126
38862
82310
99009
43718
54355
25630
98211
75623
35039
64509
15368
69018
80583
84339
9709
83564
40240
51360
34656
79504
48074
97447
82745
15858
38466
33174
98095
64281
62616
70606
50086
67838
53130
97258
75331
806
85071
5237
94903
47827
50754
21170
65150
27815
47965
14213
84444
87520
6337
91052
31411
70783
53530
212
33803
1968
53767
45543
44156
39002
36937
37813
7104
5936
93622
94866
81111
4842
84873
39852
20515
50831
57437
39104
75014
50424
5631
95360
89728
81459
84855
8471
49667
55872
64680
92171
53859
89063
98426
17574
40515
35576
25368
27165
22812
84485
69603
63131
37153
30872
47476
69044
60171
9877
74567
85206
46641
92242
67688
2020
63198
95124
39388
91193
78998
19667
82340
69863
69265
46943
37109
63719
53269
65380
73651
89234
99231
88598
83781
96314
30484
22504
58860
36922
52015
75433
5522
91716
42688
13771
2018
27246
1651
91410
33624
44889
57652
40319
77996
58646
12010
57794
88655
76336
41224
78344
27029
40321
88413
83891
87660
82782
44862
61926
40170
11743
29412
52426
11449
57470
82441
12980
79475
15499
9566
94720
87670
24797
74291
95993
6074
49934
75676
65648
17524
74444
75072
60081
77189
91318
28988
7261
35209
69754
8205
10256
82602
9565
91485
19257
92657
67875
33650
69093
53329
11776
40512
50
76611
2254
17306
98877
50637
97305
40345
70865
77713
16526
36323
66385
23807
52323
82757
30145
58852
18877
90624
78482
4286
74379
13258
49174
34389
71798
83881
14083
3201
35800
51151
78468
14958
36741
33458
23687
45357
82345
83915
97494
28034
13959
69742
76029
60955
69807
1978
52372
62549
39974
58682
76055
46027
1590
69987
70752
16061
73942
10293
73052
49338
86726
34873
85216
81512
75760
6236
3148
17405
74137
52174
95437
88470
83318
33219
46465
47945
8833
92281
10121
84535
77345
53011
88565
44524
7135
97347
20217
28924
63799
62402
43985
20159
48498
31592
6331
39434
21087
63692
45884
89289
67694
67699
69897
87668
69693
21456
31150
75601
56924
51158
79671
51893
2842
15324
73907
53342
12746
55844
98686
52942
10312
85426
91597
29691
86986
66894
72153
78254
99984
36407
49098
68454
11115
9956
55323
40703
73303
92789
917
43638
99103
45837
29467
41792
30781
79077
12901
47004
88736
73397
49248
92250
39602
48680
54353
18825
5536
26193
90800
79822
81013
88131
22329
35701
16856
68365
51716
63622
15599
5755
29289
71912
38205
61500
68090
24510
74221
79368
6587
53792
78469
40506
35560
3413
88333
47404
86296
60386
98567
86964
34400
62851
62285
40456
46276
94384
7568
94949
82952
66902
676
59505
89758
19095
56346
88439
44005
13897
73616
86459
30751
26115
48274
49523
80489
36510
8780
92784
14108
99152
39535
70427
11730
21216
56579
22374
80026
44585
99438
32349
10698
3512
72085
66991
5543
45865
67867
95274
41524
93231
75509
83804
5328
32329
39864
17498
96772
86497
88248
64621
82915
71714
71816
64098
52123
55197
69020
14305
48138
76723
93067
74538
82761
91547
36994
97140
65840
68755
92736
1197
6197
48895
69158
8702
51008
61642
54790
25043
40309
92834
2174
22028
79389
80376
20919
54719
8670
44110
61914
16334
92821
49975
51943
62974
93396
36068
18296
64101
34215
99579
55420
6424
31942
37255
49434
92928
72349
84608
83924
54246
91569
21719
17172
73412
71109
12836
3049
57779
75776
21465
67155
83429
35278
10520
7967
15094
80615
19712
97471
87676
46796
71827
5024
98985
7840
30785
75899
56899
75416
27182
24024
37969
37077
98187
46975
18049
85891
62408
91655
14250
92500
30916
16677
3287
39228
96648
81598
78904
20396
3963
39757
13157
45089
17673
78837
24404
98755
99315
27831
24119
32661
40703
73076
44638
25580
98638
40323
91073
2621
15636
16888
96037
99173
63602
97494
41917
42773
28948
18515
60922
97850
71571
94735
57800
39684
17090
63729
92534
62939
42655
89053
26575
92191
98873
59773
1011
62668
13600
9269
86200
44082
70427
55259
88555
78125
4860
82017
86077
7667
78484
300
23108
19379
93136
1210
83384
17068
87281
92275
37531
11229
69322
68838
84828
58177
29444
57137
6761
22952
38921
30033
14245
29303
55181
89033
14174
97445
32984
17300
98064
66845
27096
84636
51458
35611
40293
99763
33899
79617
66217
73899
17819
87372
9113
62377
33459
56102
84347
7264
21302
82011
48134
66380
96492
50566
60660
82712
33671
69325
49893
39508
66139
58784
9429
37540
20209
1134
74114
33797
56504
77830
62761
47580
26712
18514
37709
90581
96733
22054
32358
52382
40505
18604
71614
84242
88559
53029
58468
99985
95238
79324
4825
24805
2362
74876
58471
69672
19379
76200
35022
6954
13955
97524
26122
182
29499
23982
29959
91569
82318
86226
26835
88253
62193
10168
47130
59468
72695
54424
7863
20494
51550
60986
94733
8373
40959
85957
70098
13722
95645
28709
57336
82220
97792
96918
46100
28111
37985
23975
66078
37881
74991
80028
51945
97293
33212
81865
20326
48139
19604
12244
98098
71730
38167
85624
13239
27197
70241
61885
53513
96382
13988
81827
65258
965
71400
65359
65720
19279
63762
73331
38032
54415
74332
60376
90730
33164
19640
77328
37950
55846
7116
4212
83136
34852
73829
55005
77904
89633
61913
99835
77706
96089
37786
92270
70246
42334
80085
6285
56964
60055
98608
15568
1066
77553
91481
93755
44759
26599
29804
57268
15500
34100
21323
75430
3848
33958
2828
25313
8532
22591
3639
11771
29469
60896
934
94825
25
58869
82791
1817
87743
95299
27089
78774
82995
39180
52886
55452
82323
99900
53983
85781
15625
22612
42216
27290
72739
38924
97344
52605
78735
68107
58540
5730
19736
84799
22086
73103
17734
83641
58878
61330
66835
88574
29991
23517
61306
90411
4960
51176
37043
49774
98631
47711
75977
74181
18873
54798
9595
41200
79869
39663
99072
48059
72384
78509
67864
88442
26612
4962
49313
45907
38291
13441
87850
59254
33087
5055
36142
41948
81514
94984
55467
70802
92194
96288
53003
33493
89008
31624
54149
27137
76303
99223
69159
93028
36910
89104
17941
68512
24018
57023
11320
25430
37060
50628
69156
53500
23607
52980
83771
49232
62726
36889
33992
58318
68837
37696
79420
7770
97298
81417
58344
45842
59851
52959
5071
27187
30922
28961
41570
64345
98288
26687
41703
84395
19530
12097
53359
69980
4370
67086
70743
58792
636
77670
98736
69853
83752
21264
79726
67306
99234
60398
59812
56357
15938
37396
63540
35534
17598
23656
67812
8018
65930
11180
45715
83764
85955
35166
67601
51392
11589
81742
11651
40883
61484
27800
82896
72685
37080
77476
76879
17739
59416
72380
65110
49086
79237
78520
3915
92840
76383
96300
52903
50813
26071
24789
83217
66788
84924
29866
60542
38125
41690
7220
21304
58750
28475
86317
70141
55679
18145
97711
51876
51454
44684
8461
68048
2090
39207
8669
74590
821
60466
99866
3023
42011
66370
74146
10201
55177
23409
66300
28832
48802
75854
67666
97082
89830
33312
53541
47918
36686
7293
17325
20659
24350
77731
42471
72763
49715
6067
74910
11786
54417
44131
49135
48083
91610
40624
63921
28396
25540
38352
19102
73674
62245
60006
94525
15639
57067
16582
36223
27584
13530
12062
47113
92178
3974
45298
84391
88697
70490
15841
78420
91997
85791
15508
10458
89421
55764
96350
64270
16293
94179
91116
66265
68489
6518
70672
55940
19449
12625
42361
95695
45698
35697
40385
56111
66646
82871
78094
84309
44878
19148
33886
70300
91298
40838
51909
34794
26305
33441
62132
78199
69793
91433
18309
50963
40509
52214
26733
63252
74149
83878
26482
96148
43620
55397
2984
10503
87804
55014
19396
4088
51004
13925
17103
85519
36974
11087
97293
61709
3942
51677
26401
49153
3555
45270
69876
45049
31399
48948
64625
28420
74220
6547
97205
21110
2157
13366
53383
20861
66038
60181
69494
39271
73886
57608
3788
61232
90942
82947
74598
32194
9462
80854
53940
332
24959
15495
85877
25528
97711
19420
87755
48363
33547
98772
73412
32040
84994
45437
80828
19293
5851
81071
14547
67589
18997
38477
49758
68640
48216
26104
66266
60624
5691
121
57238
58457
6361
73859
75892
37917
52750
82619
95269
74458
31250
79362
96934
35875
56417
64683
74197
58106
3169
26286
5160
82780
77832
34758
25624
27538
26897
4081
51299
25047
62130
39341
95506
7388
65287
88196
93677
60759
77664
92166
6370
88394
42688
82014
55469
47279
90427
20122
55683
64516
68022
99681
98374
57728
78063
45746
9431
5981
41985
9944
65449
7925
40349
75898
49203
66344
75475
93262
71679
54326
18194
94146
36270
83875
52981
62618
70738
21767
31606
87093
62643
48614
72211
75576
73823
78610
73508
33240
46998
49337
82029
82296
9786
23123
54803
59840
34016
99163
56557
14997
3054
85484
43970
81155
1091
15383
56323
54100
2729
66308
65245
79812
90456
30521
45585
58266
86499
75751
44167
87458
43882
61081
23258
11048
18259
42871
13631
42601
72625
56872
82630
61956
90660
5189
2856
25597
44176
76989
58178
79601
1381
78140
72571
9147
30684
33396
9329
19816
56666
45645
40540
92855
84171
75847
40585
10539
9080
28937
8401
78020
65501
39467
60517
60085
64472
89957
18607
92234
20980
86760
76165
25139
82411
33169
13055
25772
89909
25047
1281
92161
77938
58360
69130
36406
21407
68654
56621
18983
48690
16977
23417
91501
60236
56430
97807
16896
96847
56502
40611
63344
81236
52141
69470
41090
65357
73473
95560
12361
57025
95810
97086
90103
12991
19466
95534
22877
47484
71853
93421
8809
10053
14717
14807
55368
92767
13171
5747
68735
34728
39384
92462
86978
64180
55640
6847
63346
37293
12986
89885
73860
60434
9766
61128
50920
65553
15875
55506
62434
80178
65252
33818
5550
60338
67099
21423
293
25779
71089
4413
92646
16923
39086
59055
86763
98855
31416
54874
99272
55084
81316
45097
85061
91372
16661
63232
53172
81345
34935
96676
6745
22935
350
84431
35960
54693
1817
22985
91888
69196
40412
86998
23235
13200
53971
76660
53035
94462
10308
36426
60399
45143
21250
92837
66123
12926
62577
51695
91381
90101
76319
67828
27375
37209
69293
53915
12740
54187
28917
79188
44286
3084
6797
15931
54764
60848
52484
52035
15928
9470
80063
83542
36094
23645
89617
96274
78048
41749
56633
91355
79263
94122
28596
4669
94241
86490
71789
38361
34058
92501
74634
17237
94399
50717
27790
9689
61021
17499
6362
80241
45596
47744
43269
58289
24475
30831
74536
68710
46399
33686
18692
53099
13771
90669
11573
64766
54368
14045
22625
76856
60286
4483
14897
96423
7925
12269
69935
50554
76155
55721
67980
43026
30025
18445
10015
20072
18378
37986
40011
78501
43621
55151
86237
60867
93270
662
37845
51654
18891
64500
66136
94640
63066
44698
41968
67588
47544
39731
70293
36136
36109
51430
1404
63665
41984
28124
20095
77002
15252
45264
87576
88638
75322
1253
40006
26057
49310
87678
97829
783
44149
53068
51494
54150
88933
78947
97845
17650
22301
58409
30202
20241
33814
13957
20257
793
46993
84096
89629
91095
56736
34446
17011
70383
39672
66949
31781
22027
41446
69960
85116
51151
65270
61481
20489
91032
29086
19054
61623
38094
86589
74834
22171
98097
82660
28208
58988
89578
6078
18979
32844
89357
96224
99574
1795
61562
73732
72318
45340
13264
36930
74813
87181
64805
89929
25697
49335
71088
50291
36781
44950
88901
37933
40266
80713
10121
31690
48919
50759
21273
13299
1001
12132
65675
67169
76062
86635
99838
28144
7966
64966
13271
15306
98314
86165
30853
37218
4555
21249
58341
70885
87877
61334
33890
72646
67959
11139
55559
27938
62325
60554
38392
18519
2923
92740
34480
73781
50834
94582
38777
24902
61961
89266
9163
44111
15321
60746
8365
23754
59729
62960
83631
95758
90590
54748
11654
79544
53498
36153
84197
47610
61486
81542
2790
56234
70312
64775
91857
68067
23489
66351
17059
71184
42085
94759
3985
98476
69905
75095
92607
76812
52676
23940
79558
71959
29807
93219
61424
57103
39679
90135
59882
61096
68248
70979
68474
24724
9787
41138
32633
63403
72066
46717
89617
79374
40731
65665
46535
18822
1717
23271
41556
53792
15486
85205
55722
44138
49496
98246
79943
31153
23105
7148
15651
30760
29746
86971
25243
44120
43374
49926
32208
64512
24639
570
37037
55262
47796
72869
73950
74241
25621
66746
7719
12576
72693
81627
25804
68185
87739
37486
54323
46727
12247
83216
52595
18000
44139
46854
82300
88396
3315
93538
72455
30492
80832
69927
1060
90493
64765
52378
38959
43609
14145
2530
61959
71202
71389
95673
1718
32170
240
29216
97860
55792
39031
51545
802
26379
43896
28536
24
42159
79455
5247
56054
52457
11269
71878
67340
40896
15673
36695
90826
47664
21562
79752
73152
16684
6296
90034
41985
37755
21954
12217
51542
76235
18779
96594
53084
95057
20251
95651
64800
81880
52448
13737
12957
94167
41874
94137
70088
31937
21495
54725
44366
32323
74440
68368
69205
74290
4293
9614
39704
74828
64608
67902
22986
12442
39324
48440
35407
93393
38369
64414
82087
46448
16301
72497
54933
13429
72205
72790
31763
74392
83072
37613
57997
44370
44585
59267
55125
84279
36016
24969
89387
89341
11785
40550
28373
18149
89328
36161
82787
56226
72602
25249
42644
36271
77570
89916
10365
48913
52983
95840
45608
61048
24213
46554
55389
51237
3356
97272
6177
45991
5244
17747
38778
90852
96890
4633
74424
30830
69703
80822
92010
12364
61593
227
21513
21761
60075
83927
39790
66782
28119
16290
30853
46279
96032
90828
35045
69168
70592
43706
62229
61279
57086
18626
83858
85346
64490
39111
31828
91037
34640
26195
33905
79877
71802
89511
47284
96918
39557
6620
93784
58029
37790
48281
35659
74950
74442
35709
51285
69622
23718
84340
67936
65886
79371
46331
74704
9261
97180
50973
62508
98261
70937
49317
48157
2730
2884
89286
79335
55574
30385
5089
56150
84257
80647
69446
17260
7100
38007
32766
51310
69524
96037
89222
33093
64711
83664
43662
44097
63425
28082
27264
15644
67782
26298
45845
10722
72513
25667
44230
10745
96169
68268
72186
31813
67705
94341
3259
63188
36760
58118
17390
80859
13505
79822
75775
10793
2824
30588
66317
16856
39861
31594
86323
86765
90036
75984
13573
16023
95744
28238
95136
11003
70816
43139
45331
81646
18461
67704
56737
10844
22281
99013
8953
7440
94999
42159
68268
42150
67396
48167
92959
86151
28149
12026
63191
94271
66639
76066
73416
46904
8346
5141
11203
28043
4807
6567
90240
18973
46696
39072
89059
50939
77343
27597
26724
55324
88624
72006
46592
8333
30020
35477
88687
45664
9109
76291
83917
60919
2136
48718
81865
85452
17577
51321
77669
99588
48606
161
65042
64441
60295
89025
96742
16492
56515
57784
38832
37489
62758
87575
82339
7045
44046
60711
23090
72642
31508
2324
8219
70198
98847
48437
94472
55655
65842
20915
60080
23185
89581
88535
44915
56302
82569
80679
48942
60071
76207
29918
75775
59873
58294
14909
4921
6253
90723
58445
71959
68224
9479
96199
97764
39353
25874
1358
26874
32832
53165
92287
24472
60683
40874
6558
53876
89788
2226
4313
19841
99121
6383
92729
91622
6000
5157
22882
3512
68341
58070
82732
86496
61837
50036
12676
80667
95181
97023
73106
87261
98206
90886
69073
54153
44071
24411
68692
84016
67444
57189
27984
25537
85360
21627
67005
35691
30794
8319
85858
17342
34275
86792
69399
61371
4278
8228
13256
10938
6768
13887
45957
69311
72305
23531
70694
91819
3448
63309
6776
62332
78419
68815
31492
27313
33290
67875
45587
87273
63746
92793
69730
15815
5322
89158
8801
95236
53132
18001
33288
11447
65482
97739
15626
63934
95127
80260
20513
41090
73413
2694
59423
65694
13133
41481
10908
50310
55949
47648
75316
83801
31682
74311
12833
83557
66294
35267
21127
55422
36637
67391
55639
88000
93158
17399
81467
21236
44329
73476
64688
58785
39791
60262
70756
42802
20901
15468
50688
87302
81439
29825
54881
34931
81250
49650
18807
21782
98254
70242
33340
10764
85286
46401
85211
98209
29157
81721
74916
6002
41849
50500
86946
26197
2453
57469
9336
57936
98097
22079
62594
4041
23665
74592
49592
79922
1662
24758
51929
49175
81000
60771
56585
52268
38920
9694
65727
68498
78875
68609
22337
23298
91149
16066
80371
62117
76995
6507
66817
40749
23211
57136
23733
17212
2527
7858
91574
47851
7496
91547
45993
1188
87863
66774
61321
5436
54378
53891
15278
98655
60975
53417
53608
93444
80793
95352
10038
52334
30668
22735
72126
24705
31228
97421
11397
72641
32920
98954
52985
99152
64831
20387
3211
96711
10907
98002
90238
2424
18027
32264
82824
41657
89039
99829
4779
29137
89843
44152
64985
19068
27924
67205
72566
46841
50082
90467
67375
71031
25404
67018
76453
74748
50097
4166
5944
31974
75996
34462
79927
20685
13865
92108
7493
3469
60620
3406
41681
18578
77721
18956
32184
96842
88470
27320
89590
21038
33557
1627
43724
86707
27305
1604
85675
5665
84898
38365
25782
89123
25760
89270
26296
55931
51476
87741
35231
45065
22600
11866
92851
31426
91251
72093
48745
8777
69829
90558
98600
99563
7919
27523
96313
79822
86074
14316
10945
26441
35678
71139
2957
4047
41220
95974
18826
18903
30042
84661
4371
56719
11765
50467
99650
75794
6177
555
59348
84002
305
38956
51215
24408
86399
59432
95548
50135
49050
56936
7244
82357
93190
58681
88675
36467
11819
36881
51071
26372
63392
39067
94924
48912
75816
54813
62026
26281
74023
93353
89434
70564
40085
46592
22624
28490
7628
74042
46424
68111
49059
1807
73591
85905
32017
75923
62535
87109
17420
79278
99460
37506
38611
76968
95081
13941
83456
53922
90272
19033
2419
5581
27138
379
92831
88055
28036
15291
40480
22056
82034
68997
84715
87032
82516
19825
44526
14669
9592
74112
81910
61569
73620
42303
21821
84165
30104
32290
86987
2095
70441
71674
24895
6256
46910
33218
58298
6798
39040
26658
91706
83617
45567
43378
81239
45536
5048
61110
86489
57543
71681
64730
87927
94581
35916
96371
86856
83728
84724
33346
81395
5350
240
48205
15314
52879
6498
24659
17654
7512
98273
82356
13413
82037
59065
46809
99551
92032
77964
56157
36917
16016
71911
46095
22661
55422
66000
74372
17621
55891
90395
79709
10293
56208
28699
10542
33313
48873
83245
16006
15723
59671
43885
8351
3275
1081
98002
36082
62250
87622
48027
16788
7834
75356
15097
25527
57679
65916
9511
71143
39124
78512
53328
12725
40504
76853
39263
94373
23578
15488
76230
16663
8155
48154
75171
2004
47098
44560
41316
5821
64633
85931
35351
92206
41850
61923
81713
72833
62764
64256
80332
60863
27911
66176
86685
33105
91655
38756
35615
55449
26194
74934
19892
47920
6800
40252
61448
85453
37320
53839
58047
38348
82452
70826
84697
12033
83466
65533
33456
2237
37751
8423
83453
86889
74812
49262
97939
38049
63947
84219
44180
84305
39399
17885
60415
49152
12292
89807
34765
3240
49049
62964
82215
75608
41868
90163
58448
20141
75635
18599
30399
76445
10514
87765
35130
42449
77101
291
24097
87606
66766
80154
60724
57147
31542
87643
83483
88008
68710
35189
7738
18250
79494
68221
17325
50447
38297
33661
9487
71001
87276
39118
45193
70254
46751
49636
95658
25312
16636
89641
68736
12181
16546
29768
7864
2917
90209
95650
31834
75763
17542
60193
35603
27614
1593
59897
34710
14113
45723
53862
11010
25713
74671
8247
65611
62039
27783
21063
40777
4
72442
36201
61330
28660
88171
8259
35391
12216
83732
62468
25414
73356
37102
69062
58189
17502
18663
24979
79514
37119
42210
54482
73051
87340
62732
59316
73355
82884
38377
25997
79548
3151
91105
18900
65113
1803
47723
22038
70474
214
72116
64549
62118
426
65537
90221
70850
91185
65673
94735
40671
62278
93738
95414
90326
36863
64032
63252
8304
88178
81048
42752
20079
60749
83709
60462
88220
31694
18417
77343
12087
25892
89076
20106
27722
47884
76909
89777
3771
36683
28089
78197
14895
74596
80425
56042
48252
55333
92710
14462
27144
13315
30552
799
2077
7522
46289
25647
73595
74681
18047
33748
54493
6275
56004
70634
87831
18957
74773
71157
10776
30585
74124
38388
92031
44641
56696
26135
39725
54444
22320
27903
29842
45513
26388
87372
4299
42414
127
43608
12250
36822
20959
5775
18716
8499
95573
34325
90612
78781
83942
69216
68789
21470
85108
60682
81093
32293
83182
39926
27197
76654
90347
75697
95061
10240
77558
14651
35875
2034
15431
45309
26200
2227
39667
24948
84956
78363
30994
25451
8825
42650
53393
19670
29232
36714
23111
13207
74100
8459
42323
22089
60155
47488
13838
77710
62056
31891
77793
26177
91045
57498
55086
82284
39890
22894
99677
82080
70265
85548
30006
11876
88154
40986
20919
23325
64455
5028
56109
66716
78675
39854
83720
26009
24408
24149
55980
44729
10486
15901
11024
1109
42952
22793
50487
59180
58339
19244
41403
69579
46668
40787
19255
42863
80195
42575
39331
95182
17881
16531
10412
17954
76085
77142
97307
3284
42178
91648
63423
54583
52135
74764
61379
24433
72846
31833
12245
56484
81304
35902
3033
40288
96553
75505
23023
59573
24092
18454
20984
2035
7027
99208
78607
55850
77721
11152
4005
89602
15632
18971
46572
65064
42957
19972
65565
39101
72020
82643
32614
2653
87606
48981
52315
81411
32141
27209
48153
88600
59039
46233
51009
53491
55815
20571
28239
30338
13119
80642
98541
93760
33946
65159
74077
21406
25709
12237
40948
2253
39004
21969
61273
71861
62083
12222
39764
1886
63543
93257
9597
64310
19055
33155
55574
77987
84751
79814
47763
34864
7645
14725
33820
37965
50539
69265
49948
90605
82251
64984
71578
84538
49518
67768
6761
4769
59321
78792
16162
11153
89042
58328
42368
89429
66593
75781
55918
64080
33207
87017
33739
92754
67195
89224
5604
15866
42134
29882
9069
77638
21562
74060
1892
30422
47380
38828
63551
31285
90378
62915
73567
64187
84093
94308
49370
6753
82787
98880
5331
37552
95898
74929
91758
75104
7880
69797
93645
91486
63246
64787
6251
91673
53109
12083
19785
67699
39998
3885
3183
30306
34314
71182
44429
5066
69246
13084
91314
19178
76611
55441
90615
61385
92165
11331
1266
40819
46062
72391
39980
47376
59293
5121
55277
10969
30264
72074
36796
80959
64671
91582
12324
54282
33193
41159
30942
10277
73952
25916
17263
4580
10527
7250
31562
36397
70977
73039
32126
45103
45704
22433
78716
73863
44033
1188
74219
37479
66754
38552
12530
27538
84301
26703
58729
46097
89452
46040
63853
13197
61721
44876
86827
63795
86161
85457
1320
23044
62080
66120
18757
80623
78239
37424
23654
7200
39494
49010
47681
12376
43603
27284
91911
5344
10763
33638
64707
43987
87484
32040
9875
47245
74188
93063
57328
70529
12783
2827
8555
27935
5981
91786
6190
47236
89911
49656
76505
57794
59953
13810
35634
57527
24469
42715
9857
11351
5966
28434
47336
22266
85545
42528
777
93868
8791
33700
22897
86589
41259
42336
97837
96610
22524
38233
51815
55090
16123
7480
4486
9676
83154
98057
42338
5794
40637
7911
12871
16653
19674
39764
79464
43268
66804
97606
98977
76007
33633
48914
15574
42154
87884
81803
39194
50790
63867
12523
82136
80612
56809
3618
1212
29297
74255
26088
15347
93096
32011
42774
5486
14547
91937
95747
98760
57004
96405
29919
30594
96026
38231
27039
30640
93272
17409
57935
95775
41322
21342
47704
29490
91936
33568
42245
70360
10375
99773
91012
69382
58187
68085
97331
62290
73268
54763
62075
78482
17429
60730
76286
26098
84770
39869
37804
89619
22257
8223
76984
84409
12002
90689
28531
37826
12082
78304
72969
45189
75152
50209
350
36768
16246
82855
56347
872
84526
34959
56174
4766
85001
95159
75458
98954
8819
40656
7025
16733
22233
98155
45161
99656
33642
53526
58694
53953
66800
32926
60634
39273
67497
67832
9035
86415
97433
49819
88945
1203
28027
55016
52610
11088
4271
21897
70326
10310
69284
10144
38244
27263
715
95342
51163
61164
30186
30908
69467
17548
65834
40515
48577
46804
26798
15756
52902
51004
80728
68936
70013
50245
21029
25400
60972
84920
79674
21707
52355
72264
88470
6258
40155
69001
15956
63985
10331
17755
1104
3282
26362
67648
39906
32070
75107
24079
64527
5662
92212
47482
77269
8856
96034
52144
30329
21930
7152
11921
80118
13588
30682
72067
35587
26211
38966
91531
85119
68280
66480
93561
3015
9316
21399
13799
4271
7022
32422
49432
42970
42774
44932
63719
27152
48839
88618
83898
73680
22598
93814
45960
22345
84562
26215
80290
60534
27407
13733
92411
8145
88621
7141
45873
36589
16028
41430
1588
32706
9940
25356
46293
90628
18972
38776
95769
91116
9646
3373
25140
76153
75171
13444
42321
22451
68326
39942
82718
75490
1331
23212
95468
1874
40230
5471
21614
55686
33145
78167
77875
56661
68605
13872
1866
31029
61897
50676
98694
43378
21379
58665
85973
21261
2053
64884
91518
37619
25739
30100
57804
83320
75128
34278
96279
42537
10446
19824
49190
79408
78642
62357
1748
13122
31069
26084
17046
70827
18460
44077
24282
27069
115
35722
83516
40888
2897
19288
7825
84914
51271
59752
33535
88656
70949
74147
46786
11179
75279
28301
19025
48969
21930
81449
3569
82039
5222
19405
45586
18569
74331
2176
33211
46865
22385
33484
9795
15276
59315
79511
85321
30901
68705
4853
70575
39220
33859
35114
25443
84280
70133
52954
48382
63429
51775
85459
37876
61344
92828
31515
58634
88548
72017
34322
84290
65190
60787
76695
67177
87968
51054
14159
21184
19780
68045
32652
86445
82994
44482
57467
55305
11394
59547
90551
2198
13759
5369
86826
33671
29475
41644
61365
77195
382
14552
63419
16445
28678
99883
7325
39516
78645
11024
48447
51068
17712
54781
50049
50746
57477
46799
8702
64108
11888
9238
74814
47375
68251
73460
83096
87402
68893
11871
38104
78504
93137
50812
40515
11512
68492
1074
17450
11054
60220
66173
50960
30513
77616
87491
39629
5052
14348
73895
51888
6805
9981
89308
50851
53876
64433
37603
87670
25378
21039
14902
46998
113
40210
79591
65276
76821
28799
46664
98807
27928
8777
17859
37754
44799
98249
34884
84591
4423
65569
47933
29240
76346
93645
40570
8727
33762
56510
84743
90911
72502
19897
80192
34004
36355
77362
13546
97631
68301
80078
55448
92675
56420
18881
49962
86887
23457
45958
93171
85100
34919
11238
87596
68512
34341
71438
45118
53384
91661
85
80054
81178
32631
15178
45899
72098
39268
96851
29426
2299
22047
16081
14692
13051
77870
1008
91592
36852
8780
81214
45325
47934
82346
54077
61213
21419
39666
56824
22151
75273
57649
63869
86522
46248
70102
26825
59208
63561
98750
79034
98008
24680
18038
6343
13592
21881
11398
87633
22755
66520
71049
52828
12929
73077
66496
80018
83200
51472
32962
57598
51694
94386
31585
55911
79148
58752
92397
84685
96810
56373
90245
18699
39401
63189
92205
29055
90760
60258
78471
87793
24468
34461
6630
17967
88779
19684
81435
59326
48304
96103
73891
19867
12953
55384
76354
23763
96033
29432
3264
27123
98248
1737
54924
23776
46618
54342
17350
6057
6420
61391
1256
64594
46745
19063
48928
78435
17208
6430
22571
48496
14642
42851
40079
36095
16362
31625
85601
97049
41428
67157
59836
94450
12028
41560
42005
26312
17583
13952
4703
61545
86313
75188
90431
98841
16748
10908
43511
11422
73340
18339
17291
84864
3384
7672
47712
60036
82765
71273
14775
53182
20220
11415
35865
7704
76346
28376
65895
94556
68681
19303
38983
15494
89150
24445
31980
54566
16001
49631
74876
75601
416
11337
9667
13344
18206
17325
19568
86063
31743
77505
99594
63106
18011
20309
93189
23949
90964
72673
78600
2945
65930
32843
61734
63069
55119
63540
29559
89141
60901
62649
3303
71068
23730
92964
59861
78769
67489
47470
35877
80276
20321
27954
88725
51429
69843
2304
35865
54008
76342
48799
40098
71262
79421
87271
24715
49847
4429
51273
13608
53458
23207
26808
38110
32476
68044
21602
98330
41833
44249
39705
51881
19933
71214
79703
87607
32588
99907
16379
41593
46965
48105
57996
7131
21404
26096
37206
11056
91223
17873
8630
40518
20288
11061
82343
25874
13170
78741
78874
71402
71115
16496
16968
81163
30349
77141
94376
29321
24847
92485
12217
7693
57970
80995
48893
52097
16524
5597
16786
52416
89601
4682
99991
33229
67932
99365
39348
60172
4937
96787
27056
22122
60944
29840
50020
68194
54880
7213
98691
27229
80076
51677
71783
58299
6787
90239
79569
35993
16950
76485
56023
19506
20247
45246
85383
4921
74132
77934
63800
15615
62613
19481
64008
64319
17336
6538
45739
8838
50150
31272
96700
31936
9201
30811
64009
1318
43635
71752
25496
61124
96298
67702
52530
66221
22938
38955
6875
38737
79886
22799
61799
87575
49964
53905
43875
15275
1859
46587
42665
24073
40713
3530
62860
74414
40662
33443
66336
9002
96396
61489
30673
1468
11722
99022
81699
13738
31668
66881
29767
30824
4094
20068
75108
27497
48369
76898
66677
36493
78811
82578
96184
39664
54507
73217
43127
54521
14724
83894
73241
28221
46966
62535
22046
20138
17209
63294
10977
8709
8384
4747
26610
33350
59980
47109
25655
33003
52269
6703
90692
71757
94315
14953
82964
14559
43000
89390
84262
39290
33604
19996
39096
24732
32197
41001
63510
12519
4838
77944
35205
98516
4961
19447
32922
70987
16006
93832
49078
51218
11580
55139
10195
33350
90983
62093
11915
26141
26146
39907
61499
6532
70807
94726
37547
32948
65896
28621
92933
13581
9326
7398
45650
37107
65942
95950
92231
40097
39851
83853
98102
24309
5113
20232
32951
66658
87449
68441
329
51218
9536
72774
66151
12518
59156
73352
5737
55835
23768
29437
24112
68413
61071
20417
55163
21914
46295
11103
50749
20029
30763
49104
24142
43561
68230
49899
11596
79622
97705
94200
56370
99469
29509
33251
32367
32505
81358
51567
60139
97314
65047
4814
63217
67083
41983
55948
33675
62132
65160
85928
17322
77765
53196
8642
24970
41659
67703
70148
53179
31679
24849
90616
91789
62302
57646
27759
21009
33641
26238
81776
63592
6441
22611
79407
7005
9473
20622
70452
54956
77136
10587
6294
48280
93498
1281
48173
5480
96845
8060
60984
48582
20527
28263
92070
26370
59676
72736
26874
7094
90270
85022
99152
27622
12888
50835
78999
25657
7575
65109
9073
65515
55747
43437
7927
25619
70673
93046
22846
56976
76952
47834
48137
29501
77750
30043
50055
74272
76757
44803
33019
49163
82956
49516
94830
16847
55970
88725
46233
60036
934
80606
62051
25048
72586
48696
33794
41136
34828
87917
98172
30100
63512
42740
2066
96659
31802
91465
58464
16095
68320
91289
31136
76155
20975
26936
49056
19160
33807
42990
3372
85624
66644
82342
85234
18225
83750
82223
61056
89997
81890
96122
90581
85951
29842
3051
21042
26775
76751
46074
78744
72956
81087
9952
10563
81781
64032
23729
69074
57012
59818
81811
39197
86279
61269
62568
62391
1653
35451
90584
47329
62754
97823
38573
85384
11053
19361
8580
28952
21373
22755
60989
56534
83606
4327
72268
90895
3928
38865
69149
49750
58696
77153
71785
94390
88290
41582
19617
13066
2164
75307
31431
33000
48265
19642
65825
45835
73697
23675
48680
66605
17481
80055
54602
84895
40199
29306
52842
53191
46364
6798
38175
53877
64279
33700
51728
24478
92667
37516
95210
38501
99893
17804
29822
15054
14353
76956
14950
82290
13267
17527
27892
51769
29843
66176
48157
26833
54926
98749
13227
41316
13860
86999
29488
62811
49376
96226
62594
99682
90817
77029
89419
50669
48016
80205
5036
55152
22421
12040
86373
63862
30922
27046
44271
37945
16143
63513
99406
44949
93870
82655
56235
63986
20073
79263
80113
59817
90634
28571
49307
57871
45266
55750
58633
20007
6565
68511
70152
77436
30451
81330
43817
58626
97186
32337
40614
70051
12342
93203
78449
90879
90832
17363
13935
32834
577
74654
98460
91795
85254
67119
81361
50009
37230
70360
18059
84630
18721
15742
34498
11251
1451
37902
22926
14301
59168
61205
97978
47788
96771
9527
18718
40532
74322
25258
63637
36514
76784
97277
54099
62139
63028
28311
6088
10169
57166
74436
84392
90394
23758
93841
66790
78028
48415
65048
91837
82104
56168
14046
42092
34057
39329
47553
37870
1368
29711
14110
35148
410
68456
87547
26366
13327
40712
64310
52905
98123
36779
79600
58398
80931
22146
7179
7568
14233
95895
40008
13677
18530
92793
78864
13168
45098
87169
54510
20145
44445
391
60628
18920
50256
60151
5094
3165
48454
65638
9784
1305
52445
10729
21132
80876
60895
27051
32523
22380
68452
56276
82293
32301
55906
74966
95324
17509
34553
29961
98765
20751
645
37320
14146
71247
65590
62761
31204
36994
95600
47474
7970
77672
60252
34659
26289
82489
9682
53952
14679
75164
55096
51538
50093
24768
39334
60455
84154
88358
86031
1244
84954
89986
6894
26531
98953
36634
82696
39748
13023
9121
31726
5345
75008
91521
76624
52570
9409
83722
4064
34292
9308
39417
94227
80210
81119
492
33423
54890
3593
47404
25194
75047
89486
46466
78548
68117
15824
94370
35055
68034
40476
20351
38347
79813
20851
79336
38637
58161
48387
65099
14024
80456
54510
95057
36337
67616
15738
95974
30221
89314
72977
44167
30745
59046
24605
43042
69498
92286
68670
22418
8370
22824
8021
65249
10913
37395
39933
59429
21833
77535
26559
74194
37263
42864
72584
55497
448
42572
37027
59824
38397
95898
32430
55037
84817
69935
12973
63436
48480
90198
78376
38421
20682
36345
92071
83132
949
59022
15730
65547
24997
88532
13137
25597
41187
58048
97314
79581
49942
98341
81907
65073
13374
19523
54343
36525
3757
22754
33192
77537
48515
38985
91859
85250
52976
27306
72592
92233
75015
99445
35085
41232
19126
44279
89078
60867
70523
79533
26752
204
16384
72704
83921
81034
46863
25147
84005
76497
78936
5292
60949
25362
19333
11160
41119
6922
53092
80343
88739
59310
95978
1647
16632
70580
45707
52059
50773
66431
63071
86197
12809
8595
37365
92563
66345
49742
83520
96711
13656
69577
78530
29144
83477
22096
72843
23261
22567
65206
21669
15778
96845
80873
4926
54044
33130
85036
95308
53589
26893
34592
55242
86329
21230
63895
17779
21376
30030
2630
95990
68052
95688
26370
6714
4941
26613
17283
70346
39949
66934
1710
19221
83781
59177
68581
38702
72499
41348
64129
77787
8191
96283
89051
4598
35719
45235
40229
59476
19490
81532
72744
22617
11975
35221
10626
80424
37762
81243
3054
19918
58247
95564
10997
33262
41158
48048
84044
50150
73506
84272
59556
13284
62068
3122
20581
73046
59461
62280
48941
68412
47113
90108
5932
87864
15323
45328
74154
68008
48636
60174
44710
42016
96425
54371
58154
33467
78022
85051
70433
7605
26026
13580
14000
22106
23887
39287
29765
89643
93052
32166
30859
18505
18733
20548
67588
40032
61537
65522
86353
87231
11851
59491
70725
20033
58659
27552
90787
18341
78829
13672
24900
29606
82575
22865
12464
40887
3043
5710
16187
45492
7975
36742
7283
15221
33711
90750
39745
88836
25527
95608
77709
79998
87378
68657
53012
36385
42349
73259
89560
1840
87942
5659
38541
5204
49315
96234
19948
92648
37957
29529
37668
73901
3010
54339
38286
68486
56935
36688
36569
98970
87930
51265
71775
26538
79225
81365
75835
66969
40581
84374
60242
81710
41266
98328
12792
63003
69003
32230
65625
30341
64390
51609
1657
90190
8200
33086
41367
16909
64914
3867
75305
10350
84478
33720
48663
93241
16074
61999
85533
15251
53391
58350
50006
405
4686
17175
11921
67997
43351
72329
84681
22704
57391
2904
51656
15853
42933
53100
48582
68884
4377
38645
35803
16317
42943
19331
45369
35468
89120
64002
82631
91620
4227
84139
1426
58510
42365
38830
49790
12849
21081
49197
42480
50294
66024
2981
93536
67917
4915
44333
99963
30949
4613
84269
2267
97865
12551
56241
76770
90027
88626
21899
70991
13539
74832
93734
12977
39515
38701
71181
7889
36395
86838
84922
56978
61424
68070
57819
39613
89906
73564
14418
41519
14889
4968
11058
43364
62035
52597
4198
94714
22217
64846
10897
74051
18005
67934
89564
27966
43820
62744
75764
30911
99461
74257
80275
29427
36087
42049
34003
48004
49893
87582
59133
53591
77298
5529
17299
15217
39255
57249
32446
22965
95949
90256
24399
62553
35254
44767
72543
89759
51969
57490
82871
26105
38253
12123
58805
24606
1756
25604
23084
77267
56097
74775
1580
64226
18417
65922
95526
80772
59060
66008
26429
20927
32321
47120
97443
80653
6582
96695
46062
49767
61024
6124
63869
28925
1150
5589
13491
77814
70787
20022
9825
7698
15771
70177
48487
39831
37435
83792
34253
19379
37348
65671
53660
92051
24628
70173
21266
13630
31997
79026
68154
9131
56696
53803
33958
17875
26152
2818
88180
28053
24651
96275
42722
27975
17323
10675
63513
48542
24939
50476
30502
65278
44652
45457
4936
9502
52402
71435
37367
39082
41860
53081
32779
49709
60032
39651
75673
86513
82082
78861
35027
18080
8182
83128
84710
13972
99318
55675
62720
17871
84757
36076
77361
4450
28535
14159
83970
51801
5547
28715
27041
44249
55953
90866
10551
60968
66966
88494
74579
81358
83342
35221
56782
13522
63688
65657
96251
6046
84613
86709
16196
24778
49333
97465
14644
51354
11833
47980
56040
55663
27187
33832
91724
45467
38626
93785
91707
7178
61287
35653
86482
15215
53783
30112
4615
78344
68986
8008
60236
66798
89488
68037
82789
71963
91407
64766
33715
26001
75009
46848
93232
75641
83932
3678
4401
76561
41349
89201
91178
37381
53487
61623
556
30856
9267
38862
96283
18371
49950
48842
56428
75864
9585
5570
70164
442
20675
63567
43877
13873
4494
29285
67440
56923
64518
73009
20526
66721
83983
58425
33089
4270
55041
80206
95226
19424
16635
22948
42846
30799
85193
61567
95091
29463
90083
33279
35375
35762
48597
67545
88723
92377
48189
12938
22702
4423
80501
15722
75836
36951
41407
23437
77331
95770
64677
46042
3209
49788
9596
83698
72801
68132
53027
27011
61284
413
20707
69557
17249
29814
3469
16353
63822
68294
58681
78042
30748
29657
41462
59880
98591
94858
19588
55861
41095
43849
11213
56928
90599
81226
78608
40759
59240
44585
76978
52611
40726
21922
89830
66797
3931
80415
67716
56668
40103
90171
51326
21677
40023
45697
24110
93989
68693
79699
18840
58634
24231
69410
48459
25294
51690
74230
72919
79106
73653
4230
66320
79785
82409
15911
8910
75402
35483
90581
71980
1076
10952
60335
21360
15477
94000
75726
76950
51661
11807
55739
99592
32008
36809
4060
49020
16339
6566
41685
91821
54748
49359
12563
80243
51256
34422
37519
69534
15344
91214
56038
11517
85790
58616
18889
37399
2976
29500
81412
10349
42229
69324
96815
12058
92753
45114
91894
97228
437
53694
50027
4468
94858
39827
28935
33006
64416
18462
39283
69069
71213
83586
1621
90995
59674
60898
91590
4081
12633
51311
86167
2118
64655
1891
7687
80456
47656
19710
82148
94551
77886
52617
27417
16621
34455
68040
18121
9155
79389
84619
14955
62315
91302
96560
53762
12559
50064
56678
74041
31482
42853
79317
74878
56958
11874
18366
16487
51993
46977
67941
78335
89722
99830
44147
90989
60912
56058
284
60077
36080
76140
77356
53236
85951
61662
73693
64568
70905
52574
33050
2426
94832
10094
69350
22191
91823
69139
25008
18829
5969
79628
56898
35445
22413
74060
94666
48793
64628
72577
29089
24405
45379
60621
74949
96917
55142
287
2365
64798
65606
86807
42381
12565
62196
10564
71925
47064
61013
29701
2752
30476
88646
37293
50061
43526
81960
87396
16573
10162
50406
39278
30953
49226
93002
94471
93271
7699
76397
42104
48878
76638
71102
2216
81370
47188
37141
37853
12402
2945
93329
49835
60920
36509
84070
2812
48974
43039
74234
24007
64324
56564
89716
37721
7057
2669
97802
58152
69157
98429
88671
25522
53486
14823
68145
31120
78922
46725
72109
29776
68432
26337
59678
82388
89330
67532
53726
4332
59502
90783
2936
35213
36950
19537
46843
82568
38995
31937
2309
86888
78096
42676
99951
18448
21903
61568
49955
8462
92669
1680
53266
12555
71062
72131
32168
89692
63009
19386
74591
82895
69302
45849
48316
43453
79040
48281
476
50160
59268
54630
52613
27407
2594
55605
57142
6224
60478
98741
90839
98059
46829
59956
61238
70530
53913
67035
79188
12774
12206
78073
79122
12502
49287
43867
31151
19068
87874
96106
98653
80804
68741
54503
83028
88217
69601
28778
31057
70588
1194
23923
37157
60421
70641
87261
24000
19420
2281
81369
3692
63754
91691
38291
61839
41599
88771
81916
47348
15957
31491
39396
48255
92698
28334
76901
85304
3488
24058
31048
86417
72657
96647
16417
60877
45100
76678
3748
83192
88796
66812
83849
56754
31776
84076
81813
89828
53188
58574
43117
87416
4625
42055
13053
71009
74297
41141
70227
81839
73569
83695
53447
533
9636
14854
91881
42247
22933
78251
74612
30275
43828
47978
28475
26169
15476
47054
58365
39764
29527
28735
16119
85279
30301
10742
77404
72494
66693
51243
65219
94639
95115
57418
10071
8543
66285
27695
14032
77047
99498
73202
43198
61732
4024
38705
91392
69156
28612
32654
33044
94189
69611
86100
5127
35444
60684
19657
91652
73371
60070
67851
86156
72478
34952
60397
65672
38341
90841
1653
93748
66507
48980
11839
31854
63435
59001
49826
67745
6911
56474
43882
64534
66092
87345
7115
98226
71458
68827
90873
91428
71385
12254
57135
35297
99810
52686
51913
99228
3152
68386
40805
4112
8212
74454
43644
59956
11637
6803
1926
29628
75756
30351
96949
99362
88370
57729
48497
83347
24259
16397
24684
89774
53510
88918
36887
72381
60282
79004
28439
58672
47608
99924
67418
44427
20062
96139
13294
54135
74557
70928
2648
98547
71997
87577
96954
81435
72457
71793
91831
78206
38780
41330
17102
62571
53942
45817
52725
5481
12985
19538
845
48905
10650
30735
46903
12619
4724
31195
56550
75439
22737
66644
37818
91820
52863
4228
53792
24474
58259
54678
30815
81753
53228
98407
84089
96293
59132
84700
98426
62667
8673
94299
68638
32119
97105
29682
37187
94915
15621
35456
97349
68949
82263
53717
47993
55418
12694
75574
76102
67694
64709
50155
1800
15865
64759
77920
45818
85576
19259
42207
64815
62883
39940
75886
54728
83903
12682
83359
18819
81687
20689
34695
36471
7206
96512
69262
96362
33819
9441
67333
4079
881
95243
9479
2750
28682
30931
79173
13493
89040
91431
63695
91367
20333
2856
22905
5363
17745
70895
95991
23807
30692
98818
68260
9117
93246
4560
55522
28850
77422
71512
36519
47167
38100
29163
26698
35301
66835
33330
46469
13024
13026
68002
12443
26278
42229
76367
2646
4989
36667
3238
86835
24783
43024
6090
63916
24501
23718
45269
23463
21168
25815
35906
65604
78792
61586
68991
76063
19715
45407
32656
83460
61542
88030
60075
56744
53766
4925
13367
9263
24407
6178
63399
39153
81380
42814
38685
23904
33742
73121
84965
80418
79905
13975
24724
31591
32367
66694
10794
66258
19403
55506
3539
65419
56624
41321
16806
70523
80988
18631
50651
54342
93199
39157
23962
55220
21157
6140
38938
60097
50158
97935
64272
47975
13247
61290
16623
78946
24555
40026
90258
6174
52947
39350
50719
41408
96330
30880
23985
94041
1287
26360
89717
40673
91691
23845
97469
10335
78056
82194
91009
62586
73147
90764
28370
9531
52617
78678
78035
62529
75619
89711
65769
93077
51432
64340
72099
40926
51991
58978
29174
96552
38728
67433
87747
17749
6712
29483
86147
62801
47602
35450
25061
8331
60729
89944
321
2234
81191
71536
13219
19148
11281
53360
70632
80160
90487
73252
19550
27145
79153
22948
26548
53112
3962
85855
43720
60252
81717
97854
76947
84382
22589
71161
44877
38676
98634
4244
45601
4850
90772
51972
78161
58785
99532
88727
96960
29082
64025
49441
42797
43551
13445
87483
94210
57667
69044
11275
78847
43181
15226
75400
48266
93453
93722
78088
34933
33228
32074
98428
66201
70782
59395
52792
11108
14442
76515
70231
50704
30324
36179
64305
27043
62934
5723
36941
99721
65290
84306
31637
62570
78465
69452
31164
1423
64585
45346
40796
83430
51064
98051
83255
97222
22843
92015
3269
93044
6245
65705
113
37351
49079
40177
81911
76651
78493
86267
36822
89639
82501
70773
42088
13033
67656
69457
45875
84286
47755
2064
378
24883
20116
86051
55279
7170
63682
13086
81377
57583
74825
50897
59787
40096
537
66681
54011
14677
30634
78421
99448
64513
67678
9057
76313
59734
66356
68736
51083
80442
51748
50333
30297
34016
53914
22542
63770
41897
16632
68102
19383
13443
6496
64920
8159
73569
48863
16011
3275
46705
15920
99764
79942
92823
10673
16273
61805
73155
20995
71520
30901
57629
86824
40083
38192
9102
81510
21646
32686
57594
15824
11081
82912
8175
67811
51246
9856
79131
1094
80846
69574
94668
42334
67431
93747
90139
1172
91696
97899
99830
87042
9224
54116
31050
67437
30739
76822
7830
47584
32084
47692
50134
76401
42217
32673
81613
88542
54979
12917
80052
75340
51635
2311
79033
35933
97873
9431
33592
78097
96653
69711
58644
64297
45787
60583
9066
27983
76526
42126
97589
17624
99855
96941
64272
85675
55897
68057
58937
83090
17535
4613
76052
66053
55761
92599
7860
61525
80741
69341
52868
45788
47544
56943
25576
63726
66680
15347
10732
87529
63567
75276
15684
81734
28852
24883
66086
9592
58085
49953
20977
44913
59735
88619
41317
26035
16090
57214
95659
61260
52013
62284
42440
96817
34202
51017
49432
1295
92844
72741
93536
26070
83802
61814
81649
78394
40809
71971
11560
89905
85144
9910
76932
67666
39302
92221
36876
19250
46529
75493
96627
5781
31444
91375
71308
76975
1110
14305
80407
31460
82995
87131
6106
91642
22922
15896
20939
86530
70712
52062
87540
63881
14895
2889
23294
13727
86950
44456
74185
36313
43479
90756
39023
93269
2921
2750
99601
40544
86290
73023
20156
71376
96385
11917
88049
34628
84028
73731
76734
91944
56807
77958
7570
54228
5138
81772
56101
4111
7736
23042
99773
52329
49805
19811
39124
82422
53239
18995
14122
19262
87608
14888
1043
99794
91516
30469
12684
18489
56504
52041
40463
28473
97066
32337
51589
68795
83967
60816
77427
64981
87778
35715
37987
20254
82170
89759
81696
69595
64269
92470
83947
73134
71900
32381
53873
43616
42953
49117
37411
50120
42375
73202
27883
20156
31181
81246
68922
20381
64035
20889
54807
1635
35876
71989
50939
98360
34355
37946
22011
93495
92098
1549
20003
3417
82094
2387
74575
63090
64340
79501
74185
79682
75001
33394
11084
1629
94254
99442
89070
8854
16766
16420
79954
79492
879
25120
80388
31198
75871
42802
75856
10246
62613
49074
48445
51609
59133
26164
98211
56159
90683
85259
17592
66703
37852
35175
66097
89711
10259
7421
39577
46259
21507
37535
50676
67020
51
17583
1228
30102
55268
92697
11246
88511
38696
15474
2955
56095
86451
58128
37494
4409
32083
12854
33951
76561
80711
69366
98069
38963
54768
14914
95626
58897
25450
90789
58512
19903
63640
27315
79166
64043
95
52406
37091
28656
17369
75994
501
9702
51900
75405
54224
4625
49834
23872
93899
14734
43341
32981
79937
94914
776
13921
3595
48265
28729
67823
2182
63165
88565
79494
84513
41433
75824
76808
88084
8989
68249
86986
19738
83932
90725
26430
23172
93116
80138
8104
57478
46304
8801
15948
9281
94031
41400
80448
83342
10138
44804
61353
91318
19104
83327
37880
33526
37148
50497
81549
94243
79846
1585
60227
77385
78044
52918
82861
37543
47329
51121
56676
16450
9166
59782
89616
51136
64723
41225
28399
10113
78935
60469
53803
89488
15742
64915
95442
41444
63837
74645
86445
7439
54917
41052
60722
50699
37221
47888
82195
13356
25103
57239
54482
29784
65806
15199
3512
90895
29299
6416
97715
86867
96121
21484
54046
22307
4571
59796
59416
8745
66291
56601
24010
98774
89217
52590
26272
53255
9015
73982
31446
52549
90098
52194
56066
17401
17058
22545
36999
41264
57728
86360
59244
44803
77347
81803
44405
71647
86724
36047
24324
67951
35083
42920
11985
95461
73508
97076
32725
61068
79614
14110
23374
62792
70776
58188
50449
69510
47421
56926
43484
57981
12785
86311
94198
88290
86028
61207
62314
82814
74119
98085
67781
66244
65270
46490
18549
15603
15967
13825
84941
50884
76856
28562
59254
92403
95037
29061
36047
41617
69600
84595
77472
35604
36787
31050
49691
69142
84786
8852
80452
34716
21494
25378
63545
96207
72144
82760
76651
10615
32936
68845
79110
77900
65492
66058
87193
26530
8359
25796
16053
15300
3322
33142
12661
71126
87758
28190
25441
53173
6040
79178
6370
47746
4659
74803
20030
4276
31755
7036
39544
10072
61414
76508
37127
11491
55340
4782
99203
66730
2254
87191
52162
57198
95683
15755
67446
81523
21859
52224
8794
19923
2759
96026
47956
61107
43031
39386
77278
90989
31743
50594
15842
39908
79021
95882
42279
34704
31214
92100
66896
95107
65022
13529
15019
62172
81168
15803
237
22880
23667
28972
12919
6464
35571
40755
12629
33687
71726
27353
84395
30315
85145
51600
79196
5160
83618
71228
84449
86100
57997
92778
90102
76971
61845
44337
35818
25840
1041
34527
68403
58433
8862
81921
28932
83659
4478
85279
76703
16937
24142
41391
29894
87932
42171
61315
54841
57384
705
60830
18650
61464
68125
2279
88139
99026
93607
75499
51348
31363
12993
4624
79271
54804
91926
46182
95985
66730
48191
22948
36720
55446
143
36252
12000
33769
8
47029
55802
80859
3202
58459
68998
55941
60083
93040
1641
23934
25595
80572
31048
57163
82416
90978
5157
41154
69588
89759
48036
45658
41824
58687
40904
56054
16868
81736
52693
64716
32168
46656
17394
37297
8980
14843
69892
52022
79206
61189
45472
15448
75312
63257
84296
59810
8989
87986
12501
47269
32736
47901
36338
25769
27221
18727
52466
287
83544
8606
80248
58847
72343
11636
76880
97343
8598
78669
32011
65765
53357
79827
27624
32869
18870
4398
87625
50475
77560
44109
15841
92605
79261
20136
44243
1682
71273
42388
62390
14548
39256
5470
7455
16347
27081
40789
46447
82931
17654
8033
8093
17954
622
81313
42952
39733
33110
30497
51123
39061
73459
9304
46751
3447
5881
91932
41738
93341
94946
99651
39487
2674
56660
62222
17275
20542
15620
66770
22294
80649
77631
50371
68353
70656
31582
32174
61089
54841
71290
5790
58018
56157
31671
10336
97616
212
21851
10603
78792
27503
80680
74572
54274
81044
7976
36508
60308
28367
42483
60044
32676
3083
1850
42896
99054
42456
96895
59094
60809
35967
15909
60797
25765
60504
6546
48602
41476
81877
38960
46135
72315
78678
43616
69460
82511
55663
53863
99584
76851
96454
30167
29486
99691
59020
97128
43262
66053
78109
50865
88648
98685
8288
16189
60931
63613
84663
60029
32751
10694
30761
23394
48690
38925
38504
76073
77872
81505
34250
97914
3133
79921
84426
53206
96579
96538
85540
89046
17414
37964
31452
72156
74907
4768
80017
15759
8506
98583
50679
35752
34883
86345
71968
68814
93923
580
23602
68076
98071
37772
92069
55882
43754
52656
57296
61904
33734
25317
98879
61493
18829
12445
4998
79058
62802
87176
17928
58284
88209
42264
7209
73805
54829
18001
55072
46201
27810
45848
49508
60576
84372
19102
27538
8331
90565
59941
23944
85510
93313
77278
38237
24907
29670
60698
6906
24811
19017
32778
49649
97297
96640
34989
88953
79762
10579
31030
19627
4913
28130
89956
6620
89745
10066
98143
55452
35096
73668
83070
1636
57835
44371
49319
40493
81468
63169
90384
99934
31231
60040
40084
38981
95784
70586
38985
37810
52070
6005
48551
49613
55182
23839
50230
44673
74624
68261
80456
60879
71338
89574
89153
71502
83067
97986
82575
78023
34655
31572
43362
30455
15498
52406
19442
57504
33164
30999
2915
25540
86150
15653
7377
10852
66157
89632
88063
19159
91176
46410
97564
69187
49967
85457
36919
21191
96034
19179
77395
19123
38855
838
66908
55236
47201
58617
25991
12804
25468
23120
39214
65503
39077
41014
51762
42334
84980
92515
9156
7300
57259
3747
11745
49429
98145
13240
26111
72251
37655
11880
91295
6063
60869
25698
83875
81497
14056
7053
27749
10845
37083
64035
44338
2501
97071
20159
46625
12521
43389
26455
72894
33158
82420
40992
31465
29300
86034
50984
57626
31860
31105
92567
41086
58653
8115
92177
76588
97642
40461
94067
35437
62233
1630
37213
36672
11537
87698
59736
97381
44547
28555
14060
75199
6468
58191
25672
5221
3778
51711
19892
34367
87636
9500
66104
73741
88927
91789
72154
91311
46973
11999
36446
37222
97669
65125
3827
59093
95603
23558
53746
98386
63070
24362
26158
50937
2917
85264
1558
734
17805
23646
46863
85444
63992
10572
56655
81908
2682
99286
60988
77239
37777
83826
826
57425
46522
52977
81525
83919
31544
92896
18780
19689
85582
39363
37776
52750
65682
27338
48996
12865
97470
58431
53306
66306
5240
19186
15205
37521
1877
42430
75810
11936
54224
27985
57647
1256
11605
67691
13339
16435
85269
31254
46875
28081
88809
69031
54057
5856
58186
1939
58228
26568
28850
28831
16168
66322
81277
33269
28190
97347
56855
1966
86395
93598
74987
11119
29962
76341
93803
55446
80564
67005
57639
71469
34398
11303
10026
14833
30832
98699
83338
97737
91590
10712
33655
17210
71586
93626
59247
9196
29354
67306
55902
8107
97558
38395
29571
2360
17996
79918
96616
51574
25777
46045
49805
72220
94213
92367
74756
37705
13162
16078
52663
93430
53776
23623
73680
50897
45520
45826
52355
97497
86542
9270
80048
42176
30346
64726
99091
88168
84881
10412
87245
64102
26742
87687
66355
57138
31256
91032
72498
92309
35236
31986
81096
68168
99386
69246
45479
5458
96180
59404
86764
89125
40066
36244
30453
70367
36787
81974
99365
13201
69539
23997
28800
32210
72268
42561
98628
50244
45744
78859
57087
55920
23935
29869
94070
50697
38852
44891
65145
36519
94344
64663
5201
19113
46601
69658
32700
81307
49329
84915
45766
42137
38014
77057
36790
79762
9979
631
45870
21601
40555
46612
37841
12435
16739
3933
21377
46066
86589
34758
63393
25644
55040
48077
385
29825
29222
3748
85165
95777
39187
69209
19431
45383
59230
43974
5481
18409
82516
93055
9964
22554
16393
43241
17817
69719
54973
37637
88653
64175
82659
28378
65977
13596
82052
51683
54251
19789
90312
37522
59649
66637
77826
16881
99670
173
55710
18541
16425
29449
51713
87427
90265
8508
78178
24222
85557
51997
27350
16735
18861
14226
56877
64023
41482
30990
25580
21535
74963
5777
20165
99393
66628
39642
41143
43842
26386
64402
12782
59619
96903
83635
87931
49746
62503
21424
87084
61365
70628
65784
81171
99363
31246
16014
50872
81397
81922
90725
75654
43123
32519
51504
10023
3868
60270
46660
61977
27029
65769
7411
96249
90389
53074
65501
16667
51595
95843
861
13199
55214
18974
83481
96457
66522
25009
53212
99611
60079
88939
58396
96922
51265
49887
54634
39304
55912
89192
32251
98009
57825
60857
25105
18062
1551
4990
39216
59161
87736
90206
59983
54195
40964
56766
12784
46644
13189
10603
88423
42382
86206
7663
66168
58220
12455
31117
73666
94835
87853
39940
6174
26776
48463
88687
97644
42811
95670
22269
87784
69863
60338
77598
50192
97415
83266
13979
69610
47934
20705
39660
35838
49291
14682
39160
60322
90553
90867
94828
10898
64386
5054
44057
48940
13213
61756
567
7251
7518
78910
3485
84843
57778
20473
36719
12585
32837
61463
45261
2091
92722
37606
85974
6563
8887
66790
22399
11928
8080
33837
10726
43772
11821
32579
40245
41841
80790
61424
5784
16436
17110
14933
53438
4020
17963
83278
73903
76394
77402
3360
59229
37968
46030
7025
2777
62586
85913
96622
47118
72359
58559
82812
3274
78759
21756
4342
8651
82295
69072
6452
6070
33682
30545
84271
41932
88891
62315
67966
19229
48769
56204
1079
46508
21372
34512
78858
6513
4108
81193
22
27336
6262
15669
79278
69552
25670
73223
20439
32481
28057
28263
85111
97161
35172
33688
86382
438
67398
59091
46628
79287
94824
50996
32678
6722
51685
44922
79367
66011
17451
27878
37724
79550
29650
62538
270
9850
66881
38011
61371
16785
97297
86628
38220
26205
69655
69044
14105
9888
4205
70933
8887
53855
24034
15374
45663
17409
78085
73913
10179
57081
63262
1181
63131
52319
43147
66269
89563
85695
63778
101
9516
39151
33947
68548
3565
38020
22435
63205
72480
29513
35059
19056
74751
13117
20416
90054
62427
27918
31559
11634
34879
84307
94338
76003
70641
78811
58832
85408
56550
31338
55238
25938
43539
87205
52406
18240
41527
83964
86329
67817
25285
31092
92700
68725
99014
81054
98202
59511
95269
59270
72132
43831
95333
81565
89585
55186
44240
56788
48636
56911
26433
4948
72225
84376
50748
67181
74181
82966
96784
71862
87723
61777
89411
69234
12730
25223
30112
18860
39014
47269
55159
57567
95119
25759
42298
66780
49301
32507
31465
68275
82612
82478
13956
39206
49137
961
38241
2391
93601
68511
1741
31713
89390
50117
90669
99264
40866
99898
32352
15468
84342
51875
16947
67200
26057
83884
29478
96102
33003
26721
43547
89396
85592
27325
62138
23578
68525
85794
73388
36290
50462
24889
83761
11677
15107
46179
52945
80129
98534
20027
14296
42663
89405
59168
71282
83610
59389
38255
42680
93005
60261
31565
45183
34100
48511
65719
3636
72167
46235
5646
73138
74488
73776
65942
66142
32112
44525
80737
71195
33162
53084
29617
27460
25753
72116
31840
73447
30856
11186
32471
69537
8105
41996
72067
88382
93659
19236
66182
20505
37944
47633
14745
72911
96407
17123
7685
7264
6801
91149
90724
44384
52178
34258
78607
90109
34131
93210
8893
97697
22506
83181
24488
5315
61952
3802
43520
1276
95943
10082
34565
55703
54615
55669
38919
74392
58000
21415
11517
40566
88514
34001
12419
70988
80722
42379
72436
63921
57305
73102
73004
22452
64171
97007
40978
30021
77092
27949
48432
31325
3535
37603
37876
48186
69344
84255
49252
26574
64768
99233
5954
54068
20621
51959
54970
47035
72844
57190
95406
76089
59927
17390
43094
15542
52287
3757
46999
57151
60783
60453
82620
89992
3373
42555
33518
27044
32002
34132
69829
37998
19194
6479
61049
50210
88306
52715
68823
97275
20949
71635
67850
75560
35383
58096
23054
8123
51597
34105
93808
24981
9184
29240
95522
97027
69120
38810
20801
20791
71259
85952
16310
59600
10079
89625
69543
27204
15529
59320
25235
65964
6897
15257
31059
66032
89996
56629
77872
55673
37813
14535
85383
96419
67470
7516
57557
52934
65092
13238
21595
69916
90422
82126
27782
47655
59096
67708
91274
77101
46448
50786
31546
37327
85082
16692
55731
89090
64965
62486
12249
75281
20961
71449
4481
35203
197
38734
26972
96642
80070
38213
36563
65074
34645
62562
50567
41912
3475
33054
18466
30522
54608
69880
37240
47259
18064
82635
55099
90493
85210
76381
24995
64663
83674
50299
96056
42513
37367
34727
42850
67689
77793
37649
44050
12966
85101
47898
42744
47410
1708
99544
56015
77151
23160
96895
13290
74828
62239
57525
39340
4604
41303
48477
71718
70932
33795
41553
18321
102
35387
96927
18766
82322
8380
94323
9566
57229
25361
96647
78119
11883
44336
81777
97967
55478
67960
59216
16687
30647
12987
58826
31329
62968
15360
47991
41817
26765
35376
14873
18527
67167
7516
49961
89603
50933
91719
61439
77261
27996
17590
79016
62599
89399
9343
55105
80343
97133
21024
65999
92877
81667
53313
34819
95296
84772
1080
60446
65679
87730
47465
79841
35421
62498
67051
29556
5838
51991
66893
56303
50061
23567
37946
47157
64719
83168
28622
12114
24598
30696
38950
55260
82839
91544
34777
25406
6271
14909
19575
59928
80273
19689
14702
31338
1367
93643
81942
50550
48455
70065
15455
17330
49364
53735
92292
76036
49740
15686
81979
3336
22572
63384
93995
34174
8658
21430
98681
35877
82472
76207
98334
93231
31829
38793
92314
21267
3317
51778
37520
97626
68948
14034
80536
61805
66638
99482
24638
54998
97353
6262
56920
76179
19874
22525
52652
73537
1086
30722
87416
37344
54067
42387
46651
57764
17554
30063
78212
21989
66005
64370
82727
61356
71186
98954
99640
70931
27960
2979
69978
77989
97891
39055
80056
41217
84291
16513
94217
69824
60869
1686
74201
88653
17085
71005
11233
97165
33285
71977
46466
14417
43280
2479
68986
66443
42006
51174
39201
72417
90018
71019
8
42802
85285
84369
89248
88470
36792
41044
6681
82072
33065
25473
28545
81319
85977
51020
46019
9563
17905
89111
53709
6979
90615
23039
21698
82677
8188
56227
23709
47540
29618
80180
11195
53272
5127
89851
39545
32186
29971
73370
58561
46860
78921
17013
79062
19371
49663
72730
97338
73214
40846
81707
73336
34754
32083
59882
46302
48935
79526
55258
41979
296
85611
60810
14789
98534
29743
24353
641
14308
85859
85830
82966
22824
42268
80057
80780
88078
79813
87466
46839
5508
38662
47737
94852
18632
29153
17755
63720
29920
31936
19101
70513
33674
23124
33141
434
4087
94262
69843
40774
65507
18424
60326
96469
81311
31982
85455
9703
76014
84480
38536
26503
37404
21333
93659
1075
51592
63323
9600
99261
27860
51301
12735
80726
91814
95309
53900
39183
10780
97753
64202
27048
8632
70232
53319
4116
89625
38451
24229
27983
61243
79829
48425
39811
41363
13589
20570
33636
93641
75582
21487
81536
6541
85648
82905
81111
5726
44938
45478
85111
74112
40767
90529
47789
23755
28224
40295
79744
35764
19730
84019
24798
57806
41233
68912
9247
7191
68944
93336
8271
86916
41559
70167
5334
95955
23068
89645
76976
36051
47671
78932
57851
5418
53746
6470
78136
31899
94323
83786
28630
90709
90166
56686
33550
47192
99184
32513
4379
63525
70980
67806
20964
70267
93562
13067
21249
30728
26797
71473
10219
21632
40594
20119
22238
52239
80577
4082
65624
94373
38407
72546
7374
60790
78694
37889
90506
98395
60381
97174
9354
69180
25334
77607
28273
34359
58419
70841
5963
67902
85593
31108
18722
86639
13154
32446
87839
28823
85555
62808
74584
59436
2702
7302
14426
68902
7376
58084
77851
37910
54571
75941
43319
74252
93634
25730
14349
96768
66967
57450
29331
86553
40015
81953
23895
8392
52794
59960
10184
87196
4009
65418
94483
84502
34454
14789
13618
68752
40389
36350
42468
44268
78922
60026
93951
86230
35993
5781
64820
54925
38104
4434
32656
90534
46780
39646
19308
50746
37588
64663
67316
17245
64412
42050
70514
39028
79027
89327
32329
56149
63378
67493
61065
70999
67192
83588
97489
70747
18970
30569
50759
15412
1442
74065
20509
66731
86687
2781
24907
6117
57516
17095
5824
74417
35042
8355
81673
80078
87385
46459
36617
23347
14547
40234
64231
17744
13367
28928
87587
77052
93699
68408
98610
99530
87268
45171
30799
51820
92107
66546
69081
31727
46102
14758
76932
97323
16210
47536
75420
69569
40329
12845
69574
68173
1619
50020
72373
73940
55054
49682
30320
73230
71873
50221
11547
21699
35094
75237
44063
63383
59436
1441
4202
13987
45898
11979
19940
58558
21587
1879
61577
13911
39880
88605
57986
4039
46039
25430
58774
86941
76521
77450
78467
61089
89128
26421
44332
7108
85196
44659
42938
62354
82257
9830
68413
6017
45213
77341
31665
86017
96068
33659
69193
57589
67567
23563
92588
29060
82600
22446
22412
95402
71437
16405
65210
51884
27312
6109
12495
48951
97085
35816
78867
76134
13672
3593
56014
57533
16311
26764
57471
97913
80857
83401
70033
63455
73072
24597
44745
65240
2015
66959
19114
12732
75584
52356
76981
63599
266
41880
13353
95723
37291
51596
57826
85143
88398
71008
53801
27104
7570
83636
57653
79762
52322
31240
30694
53234
74526
7058
50862
33070
11911
43546
28977
40325
35723
77772
64345
25353
6695
66236
73972
50379
39
80550
59411
32919
69326
95247
93694
12254
89963
95380
99812
21151
79085
6800
86360
34104
68366
18326
24206
32629
49461
66597
59652
97777
12235
87770
70049
28083
86106
76197
19782
70684
86209
4843
81481
74399
66571
44669
63389
62544
25504
13269
36932
20116
49599
86663
72907
67251
35669
86002
55020
41735
35402
23708
48748
76631
35585
7482
17612
15512
43545
25019
1359
88161
2139
21124
43263
44590
1121
92160
75369
82742
61316
2622
39493
8577
24168
84719
22728
81150
55421
80875
28434
56937
21
80426
18441
98344
55797
67554
45937
61751
74232
87582
61193
77201
41581
88365
33487
16293
74070
75145
58000
41721
58194
92331
45023
62212
1270
18014
22552
47439
9286
14047
84990
91010
45520
97809
3480
43014
37353
79318
74543
29018
17226
18371
60553
49577
7565
48873
31589
61154
54389
94727
48168
45477
19674
7445
36120
62236
8410
62375
13709
480
16015
13114
2409
87175
47654
41410
11211
27937
96273
8310
6135
85428
24512
58301
96980
83326
45864
37867
35411
4534
36332
68770
46806
68942
94481
57197
28390
79873
4681
53167
15187
80838
93519
81432
47552
83645
53797
17244
53148
44478
71995
84713
9591
55865
73493
86364
94845
64187
8349
21046
28262
24790
69019
64425
86258
68789
87205
75814
21252
24669
3964
83791
95252
44110
79733
30907
69520
56679
59110
68205
9129
84310
56584
82809
55395
30078
73053
17552
30311
76002
76745
44653
7825
55775
26560
66316
79934
90110
29697
35354
6441
4022
3560
94246
62936
96552
64633
80465
92759
23319
95868
71304
18160
5946
12948
30305
45305
83862
51987
76628
63241
98053
9787
61591
85182
73018
37129
72910
58815
35952
69839
37279
431
63374
72630
26827
48457
1152
17786
13157
26802
52911
72409
80996
45097
3552
25756
49070
27946
52833
3981
70923
84698
29574
1675
47132
82105
29348
28818
64980
88348
29202
538
21055
4965
91595
97347
34281
75806
25566
21431
72452
14013
52056
92325
42552
3073
17437
8991
61402
19328
97967
63458
18374
6393
89741
17015
95161
39574
8294
41466
17379
12330
34333
3647
42564
1120
17058
41530
991
88275
28868
39046
99418
59392
80072
44186
32063
88844
6467
68603
47680
9049
72880
76273
7260
99552
17448
98608
38276
848
48134
9309
77438
5790
30335
80095
95919
2564
25039
96090
63497
49521
13313
54245
22456
91559
31878
88787
58730
79010
85282
89239
51814
64454
24759
17713
25290
63491
62190
48468
89422
21636
59902
40301
33533
23901
64703
36939
52850
58306
30341
56399
30446
14301
9402
73318
67243
31389
63267
45415
12021
42564
74298
89603
6597
67665
51125
34875
78326
13531
15487
10282
46978
43319
35724
97981
596
32692
31250
12885
38991
2883
4073
97683
11347
2076
27562
99873
10866
98609
92775
10293
39295
77513
51587
88246
33620
80061
62787
50737
12071
71438
68983
24988
67878
34216
89564
9974
90156
2523
4847
42008
83534
17294
82752
87087
72916
61389
59039
28743
96371
58903
51815
6405
90320
83813
42372
71724
75600
2091
83298
94885
34267
32682
9197
78529
61498
63683
62361
66097
56343
81626
85220
1535
69050
81687
24170
75910
46118
45157
915
8210
65782
46507
21019
52051
68793
35468
85929
26412
89845
17760
77673
69540
24867
98577
86564
23287
89281
87568
70967
95663
2985
35915
5295
7594
48048
35076
68474
48245
60605
81504
81093
64556
18741
39113
22854
96890
38356
19567
15077
24910
70099
58700
41349
4421
93893
30624
534
40179
84748
58614
43233
52061
58954
455
79559
21374
80434
62034
87830
12924
63190
39821
39812
94990
17199
36438
27610
54766
51074
28072
8012
84929
49428
36838
54432
20859
41950
95732
68401
91465
50414
7392
51684
19170
49128
59247
66240
37798
72383
53623
22797
29163
78902
81974
65912
98417
59688
20805
56927
62199
43493
51958
24629
25242
21743
58384
70
17337
67582
7972
18587
16045
78388
68731
4602
82030
52169
60327
40491
47580
36706
97531
14996
63097
94476
14059
44002
68173
70557
49910
59410
64662
29843
66045
86599
25743
44687
40055
89379
28996
51894
87254
63496
72225
54713
8466
12943
46601
45561
28366
45036
16497
10539
78192
61762
71111
34466
52880
31097
34249
40445
79329
81285
5908
64834
48670
37637
17710
68811
72060
2672
14683
63855
25459
1091
69176
52722
47509
96869
66401
86122
23024
10156
665
27713
63402
27452
61764
62340
39961
39280
5807
80915
50483
86183
18850
51538
17288
70070
66362
38521
54877
84863
6640
34617
89622
21259
35802
49425
57078
3127
76006
2580
48261
62926
72862
21394
25435
56051
40797
31033
90449
78570
76015
33062
48865
2496
26734
60899
98216
72656
1913
21589
17660
1901
85394
2727
29793
50761
10489
95852
74215
48861
9094
324
70466
28050
70067
672
86250
17403
19065
26841
80891
4889
24297
52435
53936
59311
18956
45286
62729
86392
96801
42606
2038
49211
11138
22125
71118
48126
74003
3673
63480
60255
36218
10211
99182
40623
39321
14360
4462
942
79819
11600
22938
16481
68548
77320
33327
32215
10999
77047
97718
97303
58442
58663
11779
28976
84079
25297
88566
24542
571
11367
19155
37221
62946
27035
40606
92348
59889
41882
42193
76970
59630
35343
63421
51752
22223
6538
10232
72646
99334
42303
34788
42073
88549
32557
90698
97592
55808
87997
15637
32628
14663
8388
95155
3268
84151
75202
56259
13693
58104
71740
36337
84127
30800
25048
17406
95644
31992
31491
31008
81616
74281
50120
51813
56351
93429
10675
10268
36170
91984
91631
87391
95324
99382
13387
62794
22281
77602
91362
71047
38678
85117
8172
74017
29421
59705
96041
5685
77548
5827
99006
4495
64331
71578
65060
25228
20042
8328
40322
44505
42547
59563
10617
37223
99804
49981
83594
32984
24821
9833
38605
39855
43662
67031
97699
80789
46970
54710
81528
23496
25552
13100
22314
62330
89222
81079
93013
14099
14837
89222
84703
60392
96252
16118
19254
93227
83303
50419
14742
78169
39715
26026
49750
1275
89039
8455
74921
21183
61237
31800
95755
99973
76887
45200
98598
64535
90484
42801
55061
20083
66326
14297
75803
59172
29714
60201
28698
83742
98515
52638
95401
93070
34152
75129
16182
93642
19428
71862
4577
65916
46062
6069
72445
4621
50214
65901
71361
4466
67518
33966
76274
82422
15469
72125
40033
95181
14095
32446
90685
88512
8429
6808
39449
502
84732
8358
13939
10378
60388
31304
64558
29910
57815
2913
12005
28819
88786
66267
19892
72619
84947
92089
98318
58054
49739
39791
6191
19006
70149
50620
25403
13268
64166
16622
77519
34725
20608
71013
38037
13617
9581
2096
55065
76430
31004
36981
18895
49933
6496
35968
24966
53021
54306
82035
66341
95968
8008
84310
75249
41974
66861
4774
38334
21306
76336
37832
93495
58297
4660
89479
8748
13782
33951
49211
74756
54883
63471
20415
33498
89520
13209
19183
98161
46091
36567
64094
76357
39611
83074
45947
13221
57093
63188
54026
415
73596
50626
58640
62605
65281
23450
97484
52801
66947
37685
47754
98558
85908
86669
94958
34723
7910
9606
83625
5343
46381
58172
74436
15580
76966
79339
41448
27512
87027
16320
24525
52188
11554
92019
62473
65014
50274
60843
44859
72088
28547
15050
62781
82174
46288
86183
65427
19004
65567
82165
99230
57618
69548
52209
75178
50118
66759
72988
17820
16347
44662
32510
29393
41947
65627
58476
73375
94372
73989
84273
60927
1210
17569
90425
77847
31836
45446
31661
56615
48045
9146
41311
6720
32009
35243
40723
84053
11078
84809
43717
26709
10712
56401
35833
95420
13203
46338
57649
91004
96947
59264
75427
36301
91359
95548
35578
39861
99457
7115
46007
61340
90436
61150
6006
67145
36138
89789
51766
27644
73939
90509
90180
93708
65685
85263
24617
68334
47865
63357
438
54646
27006
92907
60963
67694
99968
14142
80866
73728
39988
87125
25886
51843
94224
98342
9086
77190
47255
20649
17509
92616
12403
21550
28848
65276
50513
5386
48865
86156
13853
20963
86225
21093
67149
43876
91064
92799
26748
51562
63331
38759
26828
76696
164
20115
78881
61325
2847
19751
29694
26750
96437
21095
28207
6478
79801
83949
56447
71922
34816
93554
313
79776
17050
81437
29643
39219
31712
71594
89770
47476
39222
96945
12585
66627
23822
1086
15397
26744
62860
60383
198
88318
75122
70683
38210
38312
61554
41621
70314
53887
5567
43231
78649
5913
92469
62649
88482
74831
12993
45137
24626
33650
34311
97682
69804
24457
15956
71992
29389
27714
13333
39849
45779
82037
17406
64180
34137
57601
87021
60576
23845
30414
2555
52425
45724
96290
15783
79643
71701
56902
84809
21162
13687
71693
39599
93043
36035
17238
82888
84237
55813
59565
89176
15401
61511
79933
6419
28816
14612
68075
71647
90763
77702
33053
78675
66768
4346
34778
96267
18294
84925
60889
60584
56336
90535
63324
9590
5209
11783
17459
11598
13724
32441
9151
28965
52809
38057
28875
49989
69375
64523
75822
68734
21846
45832
45458
4637
55780
18170
31955
40622
31292
69690
45565
13802
92061
22020
14795
161
88088
38493
11575
31295
12453
7127
57138
6570
10489
40431
2239
58655
29335
69387
39419
40301
17438
83515
62021
81970
73071
69556
50031
11260
22945
94170
72905
24381
59241
47196
18932
94892
65063
92631
39850
62349
65060
5274
65923
28056
89832
78641
59075
92833
46507
43580
85388
96610
16687
7100
79631
60615
76275
51135
16643
93186
60938
18696
12494
79074
61857
10381
98510
94672
6932
4744
23744
99141
40597
28329
69507
84008
11761
23659
87843
58574
35947
48189
83495
28669
41030
29107
82475
90923
79877
78463
12892
78482
68521
12280
53089
7824
72124
36829
38207
66740
6603
36885
98646
95804
58393
54074
51010
85244
56639
59025
29126
13772
16431
69981
30855
93739
45035
37756
9542
9593
48823
1251
48238
16608
52432
61426
48173
62797
86322
69030
30041
43220
73844
6913
66137
63554
24132
97082
10086
65907
57430
20670
91205
52661
16987
79864
29456
7229
82746
72249
33958
6087
43718
22309
85753
8405
40745
93984
14522
67694
83750
66692
81410
52869
34960
37335
22172
6021
42585
67154
4468
56605
11074
78696
3117
60448
37558
54186
5597
83192
44828
51774
71278
20883
92096
27571
12677
83383
75079
26970
18698
48116
90436
81532
32174
32372
68868
12267
21589
95769
40613
26410
46739
61294
52907
10700
64065
39276
46010
92819
68747
14922
61446
46442
45553
30249
15234
18298
89487
31458
25401
61572
2993
79718
28994
11099
24922
38594
10449
33080
51918
59297
47969
57970
9259
36606
73545
68420
2474
453
64422
23641
32021
32326
24987
41133
56369
20215
62688
73396
7654
54080
81113
43533
87874
21382
21425
18834
46063
64073
11820
76878
94343
22904
32046
89943
69567
61487
16205
55559
66744
55480
41970
10453
5052
79700
96585
75458
93495
98184
12723
93030
58478
91262
36400
27360
73611
95013
58188
4068
1135
85234
81222
35207
8109
31163
99898
34176
97660
18817
79266
29525
80538
53203
70840
91159
17850
31590
50984
3496
98814
60056
33025
80212
11343
25423
20190
3906
97892
72022
29940
51012
28803
4377
13557
3934
72278
66881
88973
62115
44544
33390
94028
76567
65961
88660
43864
9723
96876
87707
39393
42500
3171
95735
12955
33839
22401
76739
11606
67734
33529
23655
76013
54836
69916
46290
98193
7477
21926
22478
64890
76278
32735
1573
93493
6478
97332
24795
81042
18786
52007
95707
26975
9177
77275
51348
3809
15688
16308
32894
3161
27428
57413
4713
80188
9087
39208
54781
30917
65697
84108
81804
49764
93370
21099
55802
59059
97492
10587
42508
85435
90909
60667
89394
9972
71562
26484
93327
86110
50552
35946
35236
33159
59352
3115
38868
13409
19720
1041
79854
24097
8158
65199
89804
41947
89915
76770
62026
67293
70560
39066
96992
85433
70920
62025
94179
87644
36021
38318
61104
30917
25632
91895
89359
11913
74439
81858
8435
31535
42349
10089
99169
77524
333
88527
8218
17193
23349
12030
32815
46587
60557
89969
8201
8579
63020
93107
53897
25410
86424
17002
72403
84624
73421
23115
60844
7562
80090
83726
64547
82806
5210
11992
52869
63504
62817
17294
91322
92583
82807
61812
40406
63435
31182
32186
33845
36269
57775
28449
53547
72935
99901
55578
60421
66043
94670
65928
30239
94959
55381
62401
14033
74676
58265
71820
97509
59499
16063
87163
69700
23181
67676
69859
18544
62118
51233
55844
34555
15626
23098
81294
72984
28253
71748
96628
37403
85324
44310
72066
45255
31555
76352
62177
94205
17292
76709
7813
18802
89606
800
25319
61813
62728
61390
77002
54249
9605
4587
92771
80788
80620
196
67329
53181
51253
31153
98667
65586
38245
93563
67972
91387
3496
42778
82303
90114
27064
49442
16908
50319
11271
2186
30180
68087
24913
61316
17029
28761
43831
40419
35217
32037
16649
83483
95213
84169
55643
2764
76538
53197
38745
1103
74473
56700
41071
51962
99614
84575
23523
27876
72770
5294
53202
59902
19490
82721
90389
10174
34824
89326
43053
78513
48099
9398
46395
53064
66602
25479
17674
27216
75239
40846
9713
83835
43191
26385
92283
54698
83953
97807
4330
32391
89383
46561
68506
53667
49038
1212
18155
68189
40220
61906
8806
28466
14709
14637
70434
67434
81983
95102
39403
43663
538
19498
46988
8289
47838
18966
70551
33156
70003
44854
23433
94856
22863
55678
44145
51403
15064
21014
24976
44147
82580
34470
61740
94813
53184
29837
5266
22258
36384
87866
13239
77070
64753
5488
94048
87229
64722
36050
66247
86572
9117
66191
79079
53831
48101
87264
12562
19162
57692
26362
85764
14083
38819
76455
33620
4044
35926
36709
19636
88772
25906
80280
11405
82789
13352
27204
72732
45410
73351
43604
18154
39042
11517
15424
64718
54939
9501
77171
32542
31594
58291
10085
63070
77588
94334
54404
69067
80705
51195
20683
73380
74037
17636
68716
8725
19045
82593
41729
82994
19213
50423
35146
44167
78121
63640
94702
16122
14507
39589
48510
47812
81668
46756
83707
41026
90499
93220
35159
48803
86379
92579
49271
1671
54176
68263
28252
44343
84585
9198
788
69896
22929
64590
77521
40628
44803
6393
62721
7197
50305
2260
78306
3791
23565
63774
50693
43073
62758
7966
45942
64124
91471
8136
40707
6259
75024
6114
62646
11899
119
19951
89845
39247
97991
17217
14225
33579
87666
37564
7759
88889
12071
55994
20190
45166
50314
69565
7424
82835
80790
91996
80407
96184
227
27667
61980
86638
6513
47834
54736
41804
41233
66403
41549
45193
50326
61708
56941
55229
85163
6259
1905
58735
97301
84086
13137
87198
9217
1250
58070
73774
69643
64053
53324
35613
98904
86759
75261
35725
23999
2867
42624
86133
33621
83417
14350
60519
41883
29964
52842
88117
31185
5329
3673
17225
12167
7770
11623
44831
4689
56043
12206
18729
4173
77109
71705
10445
29948
79584
73835
76403
44950
47710
16371
89769
77435
11354
15767
55664
88045
45712
27834
37205
3056
75739
7729
49559
32285
2281
10231
30163
68457
79855
43525
43781
84678
74447
96044
64766
30467
50724
42624
62763
4387
46360
94780
1053
44628
70976
61664
61210
90668
30488
29161
68583
61414
94727
49395
14649
46123
88745
23753
5081
11309
40221
1725
34378
37421
87428
84617
88518
21618
15223
11297
93039
8592
51904
44950
77848
26970
68750
69993
96845
58228
66429
58962
68331
19241
49362
20332
90989
72772
36624
80674
75198
35372
50786
13283
88097
77502
93840
65505
12100
78996
70333
34882
14560
4325
23386
28028
55654
10438
75800
59687
28216
70395
83538
56887
61479
40352
53151
18353
64354
36701
21846
26164
42007
73761
64367
36942
9880
5697
36949
78488
57534
33349
93581
25291
51254
73517
19045
52759
82655
50123
98070
33211
50928
93896
65500
3431
11162
6992
89954
54555
27163
33205
14263
60447
66538
16531
36234
64593
31510
2413
97738
20058
18697
47898
30231
24471
15221
36944
23794
22760
20685
51532
67275
44361
13950
8731
25812
41533
90142
84116
32127
62656
7049
65573
89411
80624
9643
40013
73009
1272
98223
4715
64841
31089
36227
6382
71646
39723
52866
43237
81470
36468
881
51605
67764
21495
76614
32109
44890
16856
97354
17147
7644
46662
77415
12855
21181
21648
74234
77974
8625
18091
96047
19337
93185
78293
4390
39009
18399
45189
58857
12401
80682
6653
73000
58345
34111
82636
9539
23057
91464
90802
60218
2122
21372
21774
99569
95060
20662
26789
1764
3875
85134
411
62210
41828
34663
88928
77371
17880
79585
37019
73586
51516
19013
99327
81491
70963
76382
57625
19627
99976
5442
91236
35834
71157
97069
98569
73670
71461
19884
65693
36064
88574
53910
91090
62749
28337
4681
92719
54989
40959
91131
89976
9320
53055
35889
59467
34863
8919
68810
43725
14137
94028
97383
28838
48856
6201
51631
64803
30560
38607
53000
10604
99554
40204
14440
99855
123
16656
87323
5521
95942
38533
5666
71813
9149
95366
1162
90448
33644
15741
91980
71837
83567
65019
94725
86273
33361
1956
77501
2157
95948
61325
17103
83841
87212
18404
17216
51779
34807
67695
88830
65129
82261
3568
17249
6707
10692
11058
27096
22228
18138
32525
11006
39825
36971
48904
35949
2788
6746
68093
3587
106
78336
5571
19172
58142
2908
96477
7584
89530
19087
14702
93887
75707
31394
93672
93221
72981
85983
3824
99321
65346
46630
32890
12784
59323
82271
31607
65746
39509
74800
73954
39405
32985
78269
97996
44498
99650
94100
38013
21959
7203
80380
23714
40558
97976
94614
23396
45674
65299
85464
82840
45085
27687
44336
53997
36023
94106
13219
17758
49928
63680
5630
97930
30586
34588
49395
48003
54426
60749
26501
18900
97711
95009
48899
46756
43488
12573
65389
63017
42264
38583
33055
37848
34006
76026
78916
84168
4639
20711
77063
22217
5325
54216
85207
15990
91968
66224
33466
95835
87897
52732
63134
85523
60379
78437
68903
95453
37279
60407
81926
95611
91771
33253
59559
51480
40049
75772
56821
17777
4049
50255
69580
9530
13855
13441
45123
59144
5679
68926
37863
13423
37350
54000
78143
25526
16357
85512
7255
40608
68278
50087
24006
30452
47099
35739
73142
16479
7153
39251
10781
46666
18282
1122
47391
94319
98518
15990
87178
19085
88879
18755
69382
99293
79494
54780
16708
8566
2010
2346
88200
89405
316
13663
17668
87791
92399
8293
32618
45040
56693
63701
33772
49595
6429
21386
76791
39393
82855
53284
41131
57706
68688
81339
3020
82780
53196
52146
53661
69190
50773
23850
19613
57760
85552
61861
2907
92206
7415
4078
74004
1755
75031
23546
56758
41095
32393
62448
67335
36771
99873
28841
42021
11893
16994
89413
15522
3018
49011
42632
69626
67197
29516
47068
46712
33605
36343
5569
68213
88444
18523
22501
45754
21994
7364
83180
18132
13298
93292
97125
66219
30761
81463
3912
79083
28235
69618
45199
83410
3041
38247
34211
26835
76447
69836
98159
19414
90341
69422
20245
87371
95896
38151
76074
18885
79712
6724
84517
5804
51427
86112
65972
99506
23498
97425
11995
95099
13232
32229
40245
88896
63670
59591
30895
53293
94050
47561
33920
22726
74562
29470
79339
66790
13575
32843
64465
28672
7201
88781
97468
35766
84218
3730
33378
26522
50258
55727
82416
54232
20281
91883
7283
3033
87079
61643
92694
44405
98027
37454
98447
91554
46510
74906
10090
24354
36689
5868
54343
96623
75532
19332
70109
81205
66579
81119
53376
23117
63794
48009
3129
99378
135
60567
20651
41524
55038
94941
91160
242
79747
77184
62357
40626
78359
98711
46973
648
13219
35277
75188
3531
59630
53026
71249
93482
84850
58526
74185
12911
55025
35114
28894
15665
21304
69529
54133
64733
64702
39974
82835
71452
47088
86526
98785
17437
99032
79121
222
69625
90347
69495
49972
569
58009
89102
42954
96924
54097
70179
78407
17100
67172
74275
14889
29153
23718
9098
66499
71298
1870
61131
20996
85840
28479
77770
39030
41690
56026
1526
21692
8759
28215
55461
36953
81749
58695
17278
55332
58300
97842
39207
64656
91671
78531
42819
36503
23397
70259
13752
38234
58903
79116
60475
72303
22578
33819
76698
64168
42134
85103
42850
9633
65548
25318
46541
41158
20900
3663
17504
29808
62684
91780
2500
88755
30972
33732
42257
66511
86136
86786
31051
25389
51028
59463
41662
1175
17131
33197
45387
86603
48157
61550
6452
98524
69614
56366
1433
23040
103
55528
10567
70062
29728
170
5630
22583
45064
95555
42535
54926
91467
92210
76969
49347
50840
68782
72758
86776
40685
19330
88047
7373
49108
61456
14714
71697
5906
13915
71087
99892
43104
74208
69237
99249
19138
36182
68395
85906
80521
47554
5747
35807
54465
39470
57230
30797
10391
62750
41904
2332
17923
8722
4819
40178
97979
66606
18959
20538
87768
62733
68274
48391
79887
4269
82674
72506
3635
58401
87559
75584
97538
12127
46455
73222
19749
60352
95927
36242
61638
57182
63784
36169
13901
25295
63456
94234
34442
76141
53890
12802
18449
25437
19064
93819
65767
91333
73940
35244
25343
93837
31808
9140
37829
87844
21374
94959
73061
3542
37674
48676
57049
62994
38003
22404
59144
67254
21229
56450
26262
62725
86057
25630
26424
93278
25985
7581
71531
70303
37196
91650
56474
97966
67904
53550
89899
70549
18194
11590
42555
79833
58819
77440
38390
22507
64626
76015
44864
20923
44938
70909
52539
11663
83102
64278
53825
36677
32560
83719
93012
64861
20159
28415
97759
26008
94315
98302
92092
13920
86868
29466
5232
70092
7196
99314
33377
55989
39498
849
92894
82707
51629
97926
96622
20963
17710
85763
26774
29935
2919
88084
77039
31730
60827
70705
7887
75862
82734
17975
56529
83683
45321
10055
25733
85079
10153
4833
89725
4659
3009
7026
37695
52316
9952
13953
63395
95065
23851
45823
65451
59940
75321
72536
45494
36554
67507
46976
80103
90948
69512
57264
75137
4879
96308
18243
51180
27123
38908
77409
28593
43300
26892
3712
42661
71133
27481
23208
8861
29699
85072
21010
47296
55472
90272
46358
63202
51691
38607
73488
73705
49734
43806
14178
52938
52618
73807
80036
15965
66158
9474
3456
16289
34188
86233
66874
18853
15638
67719
60798
78417
69655
16650
88600
26143
19548
39490
66463
82984
9516
75625
66175
99351
79721
52045
54320
88464
89404
30860
52700
22553
94732
91823
42957
1092
86391
73127
31464
49905
65381
15041
37927
34607
25582
53945
54772
28645
25856
87011
86127
501
15496
24918
35737
88912
80425
26249
91683
88509
27197
86023
32772
64410
35259
2578
5263
44203
5422
60472
51418
18843
10342
57357
2227
51120
11466
34641
67391
80743
7512
84482
57612
34517
38124
12547
17221
91751
23511
88763
78173
82518
70434
20125
37491
77291
92953
3218
41351
17993
61851
2358
27505
52718
84884
99514
22047
35007
73547
18607
65631
74584
94357
91459
16330
43394
82122
45284
64357
18910
49103
10793
1909
93612
10156
68620
76510
28458
27549
96200
38622
52836
10008
88653
4560
46789
67587
51999
76551
95278
42386
51280
70767
3539
8569
93476
48165
58499
18205
19112
14639
1591
99537
17789
76337
15833
2280
39233
4067
76060
18594
50030
20459
98013
68042
21193
1340
2060
36276
94420
26121
92202
52614
54305
94477
95489
8678
16607
51204
86971
58991
23776
45086
64029
44341
93658
51836
45062
83213
27959
55909
63310
6769
76277
57410
33663
7057
73981
39841
91712
50405
4228
62400
26522
87782
93610
318
77552
1560
40534
20727
91320
84992
4730
42566
36170
41438
29289
96347
49941
73555
3768
5456
1760
16996
69994
80040
44757
50395
55657
76814
71080
31828
45732
58162
98952
23388
12062
63157
99274
4476
64048
37139
62848
85851
86786
73648
74301
47500
79623
21967
42672
98023
66336
48207
99561
47216
68805
41066
63970
14478
1476
10208
83976
10361
17718
1405
41684
89233
57408
88199
20147
51379
34017
95432
4142
27195
51373
96403
26187
26194
32006
42228
48604
62699
40318
67713
4873
56991
72443
1916
5359
47479
35383
19659
74674
91733
13745
83602
16401
27490
93017
34523
98786
9864
19940
82824
26684
30482
26389
67374
11489
91568
55096
99027
33020
26223
34579
94428
75871
25222
45462
33906
60895
27996
84052
87533
7142
94632
77442
40943
27861
41518
60984
69375
49796
63366
37950
22838
95238
74905
21539
87054
89921
21926
52354
27124
29914
39362
83229
9600
97444
3455
6437
33933
9782
90
5839
64285
50332
21996
4831
7395
63462
26797
8253
51264
30415
11439
39422
5138
91968
5371
96139
18783
38827
61412
57165
55228
4366
94063
68605
18333
71425
17056
91576
45947
26816
75850
71666
67906
46064
50270
50551
44260
64211
56861
29040
11920
96562
36173
29990
43349
28869
40055
49552
62160
61987
98882
62192
2193
20753
55632
15916
10315
434
5971
69999
7099
86071
89175
73569
86123
9534
91430
77062
33432
64202
10543
73977
95686
63206
75931
59230
52116
984
82597
39643
32930
91378
35710
37862
54397
42230
52654
82518
83609
43672
47188
93018
49065
88955
32706
61976
6300
73569
8370
40125
6903
6347
19673
43114
80094
11591
98594
69367
34402
5016
80771
83586
10201
40723
59896
62857
36490
88658
89499
25290
7265
71668
68888
51840
61067
73617
65563
39269
80532
11808
77508
91215
22165
32313
68929
12635
1009
23941
8356
89464
12172
81393
68845
16865
54851
58728
51369
11801
40004
43175
17354
51509
8770
43289
92531
56522
66731
10964
21695
76124
61019
37021
37113
40239
74820
91803
25782
2643
30675
12842
67841
82958
63404
72757
56127
49335
36901
75007
99819
46765
26855
46015
59394
1999
76731
74176
2835
23965
53867
32371
8737
42533
65594
66302
38947
81062
43637
36603
85691
68190
88463
53283
13716
66690
73137
75018
66805
14535
23735
880
34000
89610
44640
46517
68607
97254
96746
20556
52837
5760
59741
75399
29141
54829
57168
23562
71533
85456
8515
30781
99956
61598
36985
48467
98843
71545
77735
69153
64814
26666
79834
60494
73227
26853
82787
59403
65542
13327
75894
82200
95839
61190
96552
29550
17225
72849
64159
32536
775
64139
45223
69897
55514
11309
93259
34295
74255
46409
49500
34165
62823
26535
44542
45839
8726
856
63756
40526
13113
52285
95790
61738
70973
87647
50075
18867
67901
71006
31225
92784
15942
26203
94364
10315
57559
82374
9435
46332
825
57328
30421
55866
94079
8617
46179
24926
39216
3650
99258
80738
23223
51880
41837
58773
78222
55440
4206
35444
10786
57204
94409
2063
89898
80512
83133
40089
61306
28614
6792
85700
84585
78004
93950
60612
35339
45937
53377
42707
57766
59544
75403
30252
16175
50256
82078
76851
41103
13603
57783
20525
65332
80655
99234
12184
61918
81714
60061
39713
6917
81085
35131
82611
31413
24637
94159
80033
92309
47268
68869
62174
96052
40719
80531
90266
69270
59057
16877
37858
48536
98052
95248
31701
90645
11121
20666
10330
26720
7511
81847
34465
95869
49848
88480
19932
99874
23255
75521
24936
96165
29088
97149
37391
40076
1194
9997
80494
5618
53592
59289
11525
34427
8470
1935
17193
43938
22635
92786
11490
41254
46296
30564
83495
86565
43310
78353
19216
88685
13058
13542
18463
79655
16564
38408
78613
69066
64354
28952
35382
58129
69149
21695
30635
9655
50647
93356
99410
13970
3568
61497
81899
96720
69313
98861
79616
50485
30334
1790
4502
96602
30461
75731
43576
74168
21681
3974
48251
28452
48268
51707
27736
8126
38904
48926
88485
11722
27239
89381
20781
93599
47238
32583
43717
9298
14082
57387
12563
24859
56328
54213
65125
27262
18272
34576
45280
86812
29117
64882
67169
39089
17819
80067
93862
67889
37739
78302
91153
77463
80395
42880
69390
76052
39615
12419
97805
29708
77526
8613
43364
61700
18404
77189
29293
55266
41289
9396
82214
6277
81398
78813
66422
21492
65171
14546
46595
55927
60043
62703
36784
34510
46316
25591
30789
64017
81526
8419
13916
13485
74097
88461
60778
74898
57124
47323
89802
12413
40844
83425
6818
17332
41517
52784
4414
21005
51301
48716
88878
21632
61661
84449
29696
25392
20023
91613
89625
70564
28100
92866
70903
63731
76663
44467
50063
71856
2648
47914
58501
40962
41717
2536
72340
21592
15950
95861
69766
1483
96205
72312
55163
67550
39624
14938
42442
73016
22763
52543
78182
68038
38656
21709
52901
19250
17928
78236
14825
81867
8061
5372
11792
74509
88391
66229
32089
4102
79768
3718
11607
46506
70681
57929
96292
64760
65718
61383
44724
38978
57357
64304
23269
81545
55164
79283
46750
7745
10344
44868
3463
67914
4359
62116
19881
93239
37969
12021
61449
64136
73657
32585
24773
56976
56506
66898
7708
13998
18956
64165
51042
6635
72269
93707
42549
52759
41451
45698
99522
61973
98438
48813
24834
37062
78341
72624
31314
58515
66925
35945
61800
76827
79933
33228
68595
20152
23767
49886
24710
9691
5365
80481
96331
49896
3851
27715
50745
38980
22930
40732
892
69418
84806
51779
15103
53875
12338
60650
12717
69134
72938
51571
93608
67920
82240
77349
41528
71818
45581
29005
59904
46801
31798
10076
31671
45706
83427
7752
5718
97221
7464
79339
29748
59877
2979
22621
7493
46801
20979
42357
99418
67345
88273
87007
24168
13232
21847
63395
73858
47351
30218
41084
62476
94439
13903
83762
29445
98721
40835
66003
57618
59905
37343
98520
78582
890
5829
40932
70047
93923
32176
86081
68985
42016
34065
78070
76261
94721
57139
97675
33091
99292
98381
70772
1679
6560
89246
12433
91918
31646
37023
79855
88861
42115
88985
31001
21453
9099
427
68611
79321
20964
88269
25724
16972
98480
58684
26812
54143
9310
16863
12072
79655
25463
68778
35724
87562
98253
82876
22082
88349
33046
33708
85027
59605
58936
89923
79056
38182
6748
91734
63401
88656
60984
65706
30661
75767
5605
22735
58093
89319
94397
39592
18427
51843
2712
32662
59668
57553
73249
11736
75307
333
90560
32130
21482
32206
24818
53323
42324
36638
7446
54090
88468
74041
1774
41056
1326
74967
86977
7759
93142
61846
93863
15231
36331
88008
96843
77185
31482
91518
64291
78965
90458
8214
73125
79844
69234
91248
97175
66932
2123
74979
4567
44905
32019
66914
6884
93216
55883
49951
62116
13235
20523
29336
31148
10612
30438
25013
98507
68321
28423
73424
71655
40826
55186
26260
52941
2736
9617
33424
80222
19299
33243
3541
70660
15198
54163
55803
30780
18666
16802
20873
70213
63139
38301
51694
70364
29514
18647
42015
31305
5717
58132
71133
35567
93530
85357
30914
10953
63831
45363
96740
15845
47062
70225
23072
7888
28798
89680
30979
99957
75812
7028
82581
52441
76048
36017
34564
98643
506
35609
77218
13336
38188
9904
22055
32908
84317
76838
7256
75939
36006
99099
68387
38765
43035
94701
51195
24114
51775
11035
88271
32744
62381
99633
47926
78021
52806
77469
5635
33024
80102
53746
14093
15429
49225
84498
74441
41307
43389
92929
48990
5289
54051
32664
88697
42736
11733
14603
88685
39611
30062
71810
32234
36581
38912
36008
4969
45378
47488
43759
25762
12902
68219
20311
49334
35761
29906
85420
13249
75798
64607
67400
12055
34171
82314
20379
12304
83146
55616
39895
39882
16444
97769
98018
48826
97464
93754
96637
11308
42998
21117
52909
31619
62090
21221
71571
92692
63825
29123
95089
61858
78290
30122
4929
19679
81145
80489
36769
79966
84843
58323
44334
16876
76243
90573
57435
56837
32757
63339
36401
46001
29835
50326
83019
34758
64612
36675
90902
70617
28978
32351
74749
94884
84467
43143
46034
34736
71078
74361
68218
55627
98426
3452
71008
24172
88680
69580
72860
45320
37390
97353
77650
32872
48120
23034
81569
46764
52360
87368
29877
66479
56533
4154
23260
15376
35367
49826
45781
41301
1804
38357
45527
46186
46815
84295
37530
63133
44454
36688
89092
14226
22738
35524
8743
14180
63453
73184
52568
89734
77107
13134
68933
97434
26394
27165
44054
75264
68605
53275
98572
22800
78388
35554
83362
71669
97690
31971
59834
62005
52472
32046
72464
98229
5965
88452
93783
61593
17698
76663
92331
52457
36418
67348
55766
3055
55783
38375
53596
5516
40290
77019
12302
44660
59246
3128
60735
47699
39428
16543
76496
28129
21296
45002
45977
34888
38524
17059
65349
78779
86465
83770
2596
65897
74105
67236
2964
61425
21633
44347
76859
70721
84130
43715
60858
77901
82713
9087
60398
49403
99465
67761
19703
57550
99054
14604
10475
81491
79760
38384
57149
30628
29840
95722
88973
77196
92144
16007
64573
98040
20070
34307
27076
4993
74056
3353
96116
54368
1133
34034
5423
54224
47692
72764
60130
50696
22398
65369
29496
11994
35001
20605
37541
84390
79049
96622
44198
30495
32290
4325
4902
63842
89774
6295
96096
81188
52763
45621
91309
1800
32825
41288
38529
61777
28003
4003
99694
65972
14224
65140
94245
65231
97960
30875
72987
41537
1841
36009
67117
27266
22503
55785
43165
58225
85606
32761
80509
43666
81892
91554
94295
77229
9359
60367
78291
54127
42597
49912
42382
15203
65836
49412
78543
19149
24807
50313
17525
92810
42566
37675
34218
77252
40442
32475
22522
11979
34625
56573
75123
88420
56632
7069
27225
34040
25784
52545
49369
52379
14062
73104
9645
35419
90968
15794
86051
38776
76800
8170
57251
52829
91998
70697
61527
27099
84039
43830
60000
35205
53529
66821
88627
86931
28573
28163
22441
52
5186
58124
31273
85919
50039
46899
6812
74279
52470
34736
58625
12742
36376
76975
72908
64458
95802
31640
46213
54732
31292
92824
72063
5641
34596
12480
10643
74000
81894
52543
29210
83761
65880
25533
95212
12157
90199
81864
27692
47688
7170
42914
98575
10281
73292
18870
28027
95608
33688
62349
82445
73288
31072
39247
74159
10545
80433
44750
47808
41835
1272
5533
28869
9423
95751
86903
91862
46324
85391
92916
55077
9192
12545
7564
97353
53721
73784
77660
26056
61577
61031
21060
70738
93285
92015
83349
85272
93261
53078
16531
17536
62920
18723
53420
81149
66721
850
23236
66275
32851
95550
80920
59630
65018
21563
94453
4701
82136
26068
32233
64893
99110
82811
52344
70245
1432
95422
34951
55092
29809
3530
86987
99856
65565
74699
72207
13782
40030
84594
75966
13031
24986
41740
96701
41072
4621
86023
1781
23293
90305
61194
64212
27987
29558
32123
4011
99667
58379
97453
95015
89826
10508
89738
34951
177
62513
96663
21575
58931
7901
72731
43654
18559
2434
86803
3615
18697
57202
41986
44727
86484
96961
29576
75954
45952
98861
26460
42709
8298
1385
87340
46026
69773
18358
5206
58091
95522
84258
78465
88017
76972
1772
22720
52030
42485
66728
7368
17439
59042
31320
14172
32437
24210
80294
27896
9133
56729
5489
42346
75180
81566
11612
4371
53299
96403
22540
31470
92434
53842
49414
7983
72219
44083
60437
82641
15482
77561
5233
34804
67380
25952
48327
77981
3837
99768
67584
10344
2741
61896
84490
71661
8833
56730
3749
91400
80968
68115
18106
4469
24313
67593
38806
74548
45977
80834
80188
80102
57295
82659
62486
8288
94987
93864
25167
95478
12645
99049
80682
97627
84141
33723
50723
82733
81255
24729
90115
30681
24827
11319
60328
55053
99790
4236
68452
73065
69731
84944
16557
69649
79451
39083
62224
91400
55207
44667
169
91646
80345
89417
51580
9522
79862
61253
36546
60790
53349
46296
49302
77715
47717
34062
54400
40503
18922
63751
63556
12261
44507
51859
86092
36278
14004
29857
94560
27345
59833
74617
21932
16745
47534
32816
13136
70651
88408
29647
41813
93911
87416
87206
8028
2701
98357
49101
89548
95633
48556
38690
5070
12484
29145
81150
75840
32756
3396
16262
68347
29462
91465
12482
7719
67035
24155
63896
67358
74607
96530
46446
12851
86000
50797
44076
46400
72085
93102
99261
25195
98069
82543
4843
55089
34858
41099
71815
56373
86354
64405
22819
99423
98630
82168
82543
85127
37711
25869
1328
88612
91479
30304
15200
98393
11356
16074
57978
18015
15033
96275
93443
84981
14195
28018
58191
96278
99141
56550
58426
98775
36422
71210
45508
88848
8848
54753
40345
55919
59429
98195
70134
26432
82738
85342
54747
29994
45889
5216
90461
83537
16448
56711
37848
65698
62919
74490
83316
31494
98514
46661
31170
72826
33489
76943
44286
99854
44587
83506
82450
78888
94469
75867
57129
3921
92603
30342
47945
88241
57554
21141
68817
28034
53189
62933
311
73198
79859
23198
53801
21285
77790
56598
63552
6649
82020
84082
29207
43557
213
96638
13327
6806
29195
89575
60494
45802
15700
21608
71664
69533
88592
67415
27429
8600
38959
94476
41925
63539
85418
9245
42750
40456
867
41239
68706
70831
3046
6021
56188
31492
62048
64158
252
45863
36024
75149
34838
17203
19796
80110
84455
41476
10610
29311
89645
28507
11929
36674
40201
77019
87410
81648
22340
64677
94486
39814
72187
55966
57969
60705
79034
27606
25275
17019
12337
12211
32486
28703
19430
88706
97548
89984
76099
14418
31916
95290
53088
96990
38099
31535
11430
64586
11762
64902
73671
93928
63072
46853
15045
4582
84650
26646
37298
23066
97481
39967
62476
3505
76441
45989
10254
57770
71716
9270
83861
96310
48266
15300
63379
32808
43056
33913
81647
93971
40894
16474
62885
91566
70171
77485
74170
10890
73362
84641
79872
20387
30136
49718
70623
14247
92233
29373
59311
29000
8850
51260
48869
61989
64996
9970
36669
58915
42684
13806
10752
96694
50048
43801
97244
61054
21444
59014
75038
50353
72526
13707
90471
63277
79409
69408
90236
9580
5123
85945
30171
78499
65293
59763
12005
73388
79702
88086
12709
3116
89291
13268
98681
26906
67249
44957
69146
16388
24600
21342
53807
30486
51555
46388
29374
32337
29377
20573
20984
44430
92792
64636
99137
71633
50966
30097
24184
19797
78908
11847
31890
87146
47778
55034
86791
3789
39815
28607
83843
85832
65768
67045
88621
8134
57821
51360
27334
78755
73177
53671
45743
18604
14430
83402
95020
33040
77359
7214
11524
66104
59148
77498
52273
49940
41185
57400
95097
55137
69324
3652
67758
64087
64348
70376
57325
61969
27447
44902
80649
16445
75903
31828
65794
24622
38646
73615
28548
85458
73671
91650
30799
4624
56683
71645
52840
40205
68461
12076
39689
52431
9123
94968
75778
33309
45697
28512
1764
43600
9170
78030
59071
27951
55736
4469
49164
82058
62651
99630
10640
39781
71384
49758
24775
15291
58396
17422
8920
69394
30534
43535
51262
67983
93811
77906
45060
89312
62686
14975
26186
63441
8797
17149
45117
67176
63860
38011
24565
83184
63762
27306
21376
18839
73154
36439
62421
59671
40530
58248
23576
57953
68909
10778
24419
91332
62418
93696
69330
15865
66485
13955
33670
27386
6566
39179
98791
55771
38071
92240
20386
67144
35827
77458
36708
98954
39120
4968
11685
46229
86719
73097
56165
71304
75710
54488
68301
13908
83652
47364
94678
11807
51221
28891
71480
10224
15635
92220
35435
43023
90417
76063
17260
30000
86804
47994
30499
41510
96225
10321
62098
46412
11173
67233
81270
2173
23801
56064
65300
7231
68485
69295
36608
25186
72913
37607
90978
78287
59921
37119
34608
54813
97147
28232
62960
44050
2348
35486
76908
71560
11183
93942
72250
21777
45272
49080
55086
305
41923
25630
43948
98416
19677
38307
44070
9397
122
13501
95123
61416
50558
99145
88556
66477
57123
8240
56461
91322
94439
82331
27691
31879
7616
77457
63277
57279
39612
81273
69756
99494
99154
53020
20351
96285
55397
94299
4347
72117
85419
65206
60172
21661
34451
32058
86445
9051
24565
36595
43844
77284
45762
26711
31269
69676
31259
97860
34722
95900
27613
89319
76712
62324
24902
53292
46200
58316
37049
79302
40714
3200
46450
9307
88260
19407
4911
61317
5342
36265
23529
93648
60761
52914
21849
72041
74744
72924
33098
95051
88901
56295
5929
80045
42273
93021
37286
31307
21712
25796
8082
8338
46317
54523
8529
53455
21980
65002
57959
31769
71824
79788
16153
87910
85528
98912
54963
64715
82508
26053
5795
31883
7608
95046
85480
75518
63826
8133
99276
2230
45718
26733
34781
77853
39283
80606
22818
58864
55762
24675
94747
76606
25288
96653
35940
42547
43086
58835
58873
52892
54600
1461
40633
1312
60137
41411
8209
26369
26724
21173
70811
24076
34565
26995
31171
47013
11621
13224
12277
86101
39181
92200
44901
42584
28860
70285
2647
73553
38216
98950
28076
80552
59549
21132
19527
77647
9225
47798
55958
4436
98632
80276
85599
62023
78661
76082
51565
43609
77999
45419
74169
80533
5696
30903
56328
77742
31620
7312
78511
80453
175
67770
45464
85179
4770
76018
74316
82791
93248
19467
62781
70630
14482
17940
7856
59234
35442
45264
82604
59231
60811
48428
72625
27696
3457
36407
66929
88989
85838
73541
70368
83653
6081
45519
44426
40343
63426
53341
81919
64932
98386
54877
69073
34755
13093
33544
79120
14065
34962
71687
70055
13668
19385
67375
49598
88622
41827
87853
17081
7913
4626
74730
87819
9496
36341
5948
86143
79625
24189
76297
44408
46259
26377
76870
48797
71756
48378
75320
95023
12765
98123
1678
23119
82091
75684
14998
83854
67822
38404
63217
60233
88223
57360
11014
71703
51341
77925
22740
98168
36514
29333
75660
44125
69214
35186
60403
83830
34574
38582
85460
8316
46597
13808
67290
56129
55968
23336
4787
694
74823
41282
95614
30518
14105
28873
60965
25878
50106
82577
60507
94210
72008
89931
62093
3468
54276
41336
97492
72277
34916
65867
818
80446
72955
13464
12020
87638
12448
58823
72106
64505
97500
62898
87769
69098
11350
43273
14318
47802
57261
42416
26408
52555
85348
71264
34858
43440
33503
31730
80970
33728
17912
35048
61883
49485
44583
47447
7260
58596
87477
72250
34103
71305
88579
42900
52798
81394
48127
59083
98369
72443
7141
7594
78309
23044
30140
40556
56162
7210
79533
18391
4825
62453
39407
33133
39219
41744
47656
69166
52197
10994
59600
86408
55785
71497
40983
7372
65191
95703
60363
79648
31247
77156
74022
84545
69664
59147
26438
23743
76842
31667
39309
48615
8025
38421
59793
37873
14738
39347
8388
3877
74147
11631
31665
84246
13468
16248
80971
17176
39701
25970
51884
54635
46017
30128
19214
93758
39032
26115
67998
79905
38761
62055
70778
332
55691
70801
34418
95089
91489
22194
39344
42314
29478
94856
43800
66271
51062
72187
74450
71316
85142
54423
91782
350
43454
58401
57367
40836
53122
53102
41616
24106
48428
3617
40761
42112
62120
21338
13483
66944
85084
43019
28701
48723
8242
96658
67890
42678
54412
36455
11333
49034
82048
46625
45141
67456
3339
24921
88160
30499
34255
1426
88703
18256
54269
51880
70242
54223
97080
45627
4906
63567
95754
45679
1127
34045
34255
40680
71304
34137
76761
66227
49851
59388
43849
49144
65385
53702
73663
99262
78731
3945
47911
28360
22151
9693
71931
36743
50360
51732
1331
70953
68237
71782
5946
36213
10034
42485
89293
1454
61416
28842
74404
59887
2234
28357
31514
15778
10926
18847
5721
51157
55401
72746
31413
58710
2598
98194
25530
42320
63931
38717
45730
29948
67267
24416
56889
22670
52162
60155
44953
61593
58590
8183
47159
52029
50924
92397
2232
37229
78043
65106
29556
58710
70575
57383
68519
82438
32372
18822
2068
70038
31095
40115
30975
34392
98986
97485
65456
42450
76214
42698
52935
38783
53729
95522
11954
33948
94935
59472
81352
77559
81306
2487
52682
53435
49596
71692
22113
71507
8053
45684
70796
49811
97051
18340
65508
65009
67171
29203
52789
70947
83809
28426
79789
41884
12927
20731
48578
14095
52612
73263
9590
73426
23334
78499
10818
22380
87199
28845
87502
10568
99238
82689
39682
45095
86203
83653
64266
26061
16273
13428
5219
79582
98313
79450
76988
55571
17309
17461
18137
72802
76766
24025
26219
31944
22740
53172
30555
80224
62680
90703
33967
17519
91418
22279
91456
16604
38754
87198
28457
11542
40375
93381
44770
44194
44773
51254
26872
80299
14939
9305
84424
88669
50537
14673
9262
47859
19601
57647
583
74348
60390
28916
81674
32489
37648
77325
66191
16279
99150
45139
70937
10069
80519
52369
774
35277
33262
88623
41998
93258
21914
25923
61586
72458
28195
65577
43391
34708
10361
58077
8203
41596
36549
65333
76901
3079
17044
75301
78571
445
83818
17877
95847
78691
80791
95334
23062
22129
13006
22075
8546
21047
74394
64431
76070
17306
95301
48608
53747
6939
34143
34182
51175
46950
42952
8382
34944
90964
82338
30104
21219
46886
66430
55216
3218
87475
94676
18934
62332
19049
88180
78484
30984
45950
64690
70568
30930
60421
38049
8537
9163
3380
30931
63035
76090
61366
93922
34796
52479
47325
25304
73188
5760
1373
24379
44485
8511
69559
40589
25676
32257
97930
59546
18430
38720
86536
2133
41573
9793
89134
41433
92069
38282
68152
45698
8880
94636
89447
54144
27046
17323
24384
27503
41216
80164
8680
66613
88551
56214
21420
5018
53486
69881
59908
42234
1867
20363
74399
46521
60800
87867
71742
52734
81391
95796
7461
93976
25757
43172
78208
95584
49520
58739
3398
24268
91248
17575
98697
46434
79800
53964
26315
82574
33416
17171
33270
90440
72714
3774
4815
3675
45475
75206
52367
15011
81677
74096
51873
91612
37498
29987
34707
49337
58497
36552
11350
40121
41847
58384
27310
23601
74070
71053
95889
41709
78680
11605
95304
40552
66152
77284
16941
52707
26457
71186
8034
6742
54926
99737
78501
36014
37625
22323
75782
81327
33136
86236
5819
35064
56356
19424
80468
50159
23050
44863
5425
63768
96263
98909
70386
300
30283
99466
68753
87146
64000
40098
75459
93748
53311
72407
48334
83664
13470
55861
75183
53973
26291
90147
95622
56754
68174
24200
33060
59230
82797
3418
34092
76975
14975
38438
9105
33009
45439
55653
12327
23432
54628
99673
91240
83075
12352
54438
7416
12497
80601
31182
15945
82387
38571
42960
51560
2919
76527
2439
68715
30431
70897
45992
91793
30225
70068
7860
45071
95435
418
63826
19837
43923
16111
48746
76648
35727
39816
81867
98625
75511
5195
65337
18397
84615
26522
81925
819
60454
37434
86940
27237
39533
9329
83778
91758
33650
81835
60827
58061
32534
81602
96167
29665
85607
48509
93109
37866
70319
22111
26801
86030
73702
32946
49830
51571
18595
28650
5983
6430
38886
98838
69493
15905
41362
69209
62496
62747
53986
11551
73913
27744
74143
62771
63519
64694
53899
14317
6520
22109
75046
67971
65515
46132
69506
86431
63290
71463
18096
9164
49581
49710
37063
1239
65719
8130
45831
3683
56100
29900
7770
81773
90518
60420
20059
61681
38980
15408
75157
73103
40366
45979
13970
98295
6
70014
42042
54999
98424
23945
44304
37237
39562
20941
54219
387
34857
86786
39325
14465
22078
79050
34903
71842
39887
73571
15848
57368
78913
70263
57139
81202
67623
15077
99252
79371
9825
10056
24336
76505
19379
66452
85816
13368
38762
64971
96960
30461
5353
27012
2666
38630
49725
95030
84254
62399
22131
85675
76352
27079
33338
44393
54777
53039
95874
52342
20930
11823
14547
39474
83295
63935
94062
21024
74062
11094
91749
19478
9135
87051
77927
14810
74203
73090
4151
24142
84497
92193
41750
92146
10650
57518
68648
7426
83891
51785
53366
79365
41091
11290
41745
17073
39010
71130
33182
46787
37192
5160
75612
77409
53467
77053
15955
81603
8812
24756
3221
41245
48063
63503
37092
93679
24491
64205
56473
20041
96767
61621
57265
71861
80429
66936
94026
43430
24239
71557
23237
93421
54456
96340
76687
96273
89396
1706
23990
76128
42259
31530
52776
83125
96986
84073
96140
53199
63337
60989
11115
79104
68461
48411
84866
61959
72831
89404
62115
63029
27181
52828
19661
15505
74580
55944
39750
36933
32391
6487
84851
66185
61315
85829
73518
67435
9988
42024
86939
32556
32791
87737
73042
8307
61462
16788
70424
52368
11611
50923
44510
48842
19379
26871
91469
82685
77997
14966
77432
53171
69518
80898
26897
38146
92178
2953
98644
87512
94039
79596
54280
89916
58045
63144
12821
56594
70119
55982
6846
9245
32179
69556
96739
3709
96488
43829
11201
57606
11832
22939
68096
17485
24835
52445
69160
35660
3403
64813
68487
33660
25801
86910
89351
38053
45296
73062
98070
14611
46534
24596
57172
92421
91084
61757
56899
1763
5261
20127
17856
14740
87213
78233
42779
29727
40488
15343
12682
47899
56978
99073
29026
60447
16331
3288
24125
93661
39788
18401
56509
5255
48154
94542
5466
45382
23146
84840
63228
63547
31016
76774
75049
22137
12766
8142
82880
85900
72729
52464
35131
65156
41015
18920
68262
67136
72983
3860
52413
37671
318
37053
31633
408
67224
8618
82478
46645
48150
54332
75549
92505
86816
10719
58260
1807
85801
20695
67090
61595
91414
69817
43597
11023
92076
45284
40622
58124
26251
76978
63688
83280
25433
2225
93592
57803
49993
65081
55397
5304
39467
49033
79775
97675
56520
42392
46246
48798
22765
13669
97331
92676
39631
41848
49162
25572
64644
95729
35766
42710
12790
315
21371
24924
60347
96457
19939
69477
58381
35737
57300
29350
97522
1132
57200
80805
55950
26765
84775
10923
59290
40783
12971
95298
48806
9341
22076
45072
72045
22590
5272
24483
2216
44358
4728
7884
94760
69036
17093
48348
28296
4330
62724
37199
28011
27201
2760
70866
37622
26006
273
20713
55619
59410
11026
65005
87213
64794
28318
45823
31469
12395
79957
51841
16576
11236
93699
47399
93190
70299
13657
8567
35516
42162
68355
90396
85029
67352
9281
23638
3729
84791
79206
24124
8223
38961
43359
26571
28426
99810
47508
29105
79797
21769
76460
96291
15673
36247
91350
16734
4991
54963
80620
1534
87651
95055
21390
89358
80529
26131
472
94636
84477
14440
54799
56220
54658
39948
22164
64279
5329
58715
26382
32772
62719
197
81981
7196
97972
9836
78313
95683
46633
89270
44816
8118
31850
39923
54706
52924
41372
28991
95062
11957
48648
970
3009
41722
22014
22577
10895
98582
92507
61574
86248
92783
78635
93717
82685
66593
10269
6930
610
41747
40204
12754
6231
97456
65673
23565
23797
24479
81098
6614
297
33932
38731
11465
63126
71188
68675
51931
93752
37618
78768
48364
6118
19579
66066
46144
32988
16940
70250
63780
66142
84530
85750
78795
58735
58450
40242
85572
1610
23860
61741
88483
61362
98633
91205
40268
26091
83162
3359
76888
92144
3629
40934
59411
20265
29947
54681
35929
12110
74747
38651
4245
81325
3552
72270
67875
80821
8845
20143
16729
55003
70172
85312
74315
36342
45770
48709
61677
45486
77194
1261
28293
63249
76967
69200
26242
91908
92635
54843
93199
40747
40254
43315
26610
32523
46501
94885
96238
58789
272
54542
38872
72142
44886
72771
4335
51226
47361
80849
76911
12561
45418
55318
5489
94072
95618
61372
27710
39877
59079
60945
60172
25778
22353
93671
18926
48448
75878
80487
7246
70755
19063
20930
89135
82674
99210
28818
33405
67712
9474
59740
89603
57856
99050
91685
97010
68522
11647
72138
29749
60440
72446
2033
58554
69897
51506
58867
16646
60973
63714
99128
38771
9550
49933
93625
71720
54042
93009
89295
24868
4612
69615
33098
6430
90237
63976
12567
38618
83973
74876
55517
39165
80340
76721
18246
38138
29311
52340
39016
45379
57218
2457
34610
9160
46850
78030
72307
10630
60945
91929
84682
56846
63794
22349
70932
52334
62995
85295
88167
67137
64078
72887
92155
62991
75673
50445
49080
41224
21872
95522
77452
71952
91318
18228
30875
21647
24799
73643
49894
13731
21849
46921
79458
66022
26570
74054
13408
91146
46248
65482
18510
66858
1946
18947
6657
64127
91520
34696
53194
48985
63972
97023
20942
91921
23023
15022
5025
14789
11531
75695
74249
16893
47915
55668
41788
26700
22681
42539
49934
139
37996
77990
57344
58826
70732
73761
86168
6065
91459
64090
48440
46293
14957
99803
29288
38964
97805
78387
14169
71718
47440
37255
79977
54084
82431
66889
71847
20750
10197
68939
46296
36007
61964
83706
26745
52367
52233
53616
96222
2198
36943
9593
86104
62017
15225
3859
95864
92015
59125
90649
44982
36050
41826
56637
71556
54242
50902
42586
61581
77769
89066
30349
26603
58959
21549
10878
40728
47888
73210
69335
74566
73659
23672
99118
65302
96596
40429
33594
50664
84368
93166
15087
67085
87090
30893
16922
30364
22900
95651
59273
70579
32458
58345
39178
76464
89409
79724
81268
24839
93755
60222
25233
40636
6492
81513
32905
41159
94032
90654
27094
90224
99914
76493
60288
90159
87864
17088
30901
12012
7922
73553
94212
89466
44133
77857
54559
60320
14011
11283
37850
44615
82395
18290
77055
899
26385
45955
39513
92269
13402
80915
92654
65562
61173
4074
71844
79573
88555
6350
4751
10124
18116
86933
23765
93319
43108
82467
12778
92390
69345
3769
84657
99934
9206
69054
75244
66072
63921
88864
77287
20533
44747
85728
20980
15490
50822
87655
7799
6046
68482
48565
78656
10538
16075
56493
46483
99426
84504
78814
88361
60908
60471
88224
11410
17050
47449
48854
65633
17063
64050
40589
70256
82327
75631
26934
28056
91042
85330
49332
27954
18447
91936
83520
44669
42687
39972
35788
65032
19464
34768
68685
49745
97540
7957
20061
63216
44292
97286
6539
43832
23839
96274
69055
61759
58392
75065
15754
26498
18640
85300
32949
65204
22561
50117
7636
11458
62667
81478
62011
49071
59389
7101
95646
24202
8928
17361
81276
78313
54716
46389
98979
9484
25489
79051
52082
13404
2554
78198
42616
37618
44671
36489
35346
99619
76162
84284
75871
95985
97099
15353
83180
93724
24448
94151
2817
55880
9299
81687
90530
11282
71577
35541
18082
40210
649
8190
6442
26259
21079
7941
75714
41518
91248
14677
63895
77192
63608
23564
68685
84096
89194
83434
49021
64146
10881
85564
25090
66228
21389
49124
61480
46970
1472
88905
89550
26868
49754
49492
77032
33676
92210
26322
2058
42749
70435
44780
32767
65955
10250
68138
43407
51204
79068
38940
91668
26557
48552
97437
34031
77849
73268
61986
12577
46540
85987
26691
81440
66163
62160
63357
21720
58210
77234
33006
78028
17897
84545
30033
30163
558
10159
83591
80290
80455
44302
32838
62789
21885
78111
23191
97951
60478
38060
57132
43710
36515
41413
24461
44855
53932
2749
71275
81536
58338
79358
88199
1824
18768
20350
56905
15174
13096
54716
11513
61892
19135
18534
13405
79142
87679
85767
69113
68881
38808
21586
51655
58287
9192
40833
73714
43092
65049
82343
71415
10699
81836
25264
55041
97162
20849
87556
34478
2473
56881
48437
94697
64171
39218
97139
49007
93426
73491
57591
44001
44526
47348
91080
59030
73748
177
19468
55212
76209
1712
28737
19496
76697
58124
5061
85132
3186
78317
63740
94264
12120
97160
7240
2227
74573
6862
98527
33848
14302
44560
58417
44982
80430
39964
85575
94926
13716
36232
41514
77351
79434
58058
5396
32144
26984
85763
81055
60600
6294
14293
15608
49246
81652
57052
80203
44953
43548
27068
97248
34647
47318
35407
47696
47047
78196
2307
94146
29552
89592
84173
8714
23726
3115
72984
16389
39915
21527
97207
93669
6564
70505
38660
29694
70141
25809
22609
18490
83537
42912
85083
7802
79457
66540
23615
52886
90935
13177
25696
94234
40862
29742
86718
2327
11131
85842
69294
15880
65681
60988
78022
45870
23310
62042
43932
58196
54908
42017
12841
93786
1095
78320
14337
69762
53836
92106
42488
48932
33863
7031
73784
75519
16028
30857
8489
10802
72900
37307
34104
30895
49743
84743
88775
63813
72252
61752
6727
25926
8607
51138
1505
52702
89249
3750
413
68233
95368
74670
55304
99938
14791
50800
8955
74326
46865
57869
80520
32587
49172
90497
5144
80791
57199
32451
44160
57429
84774
87485
16475
80907
91282
26001
43519
59793
90711
30891
31359
13262
86523
56556
2991
99955
16011
29820
70708
13264
20060
12099
66836
32202
74417
15201
77945
26843
92267
60707
71425
39239
10584
2308
86805
85086
11195
20330
52726
64656
50393
20990
80695
1417
11806
28393
64239
85227
3995
70123
33384
11047
57754
68482
5906
71737
7393
9975
64245
58887
88543
70354
7786
74343
67162
81145
20716
54787
71698
19428
66968
3761
53081
13517
37934
29095
33047
20650
43085
68603
3274
24239
1082
84435
24127
68352
25290
58954
38911
75063
22873
81438
63347
41138
91241
32577
83547
89939
29056
36968
4320
97650
57640
28089
63503
43840
57563
42578
86153
11974
53796
95697
69997
82988
89986
18535
62873
32337
36113
58844
16664
57678
57827
38857
96258
26061
63857
55042
23909
27773
6265
13460
69476
62536
23289
93382
79505
70754
23494
12894
39169
58421
86448
88626
87127
31746
14633
41185
99156
76192
15763
16262
64627
65111
78048
53279
69152
10538
53596
40536
78505
45404
26144
47838
59889
76270
35196
81391
36764
96290
54069
55722
50360
44073
72609
69115
89591
77503
44903
30579
54893
60040
94416
36051
89065
74712
12750
70380
26029
75593
6887
3506
38924
30467
4521
30822
49375
44593
44928
22144
23196
15866
85062
66538
88330
3562
82672
50830
3967
83514
42512
50553
72251
3694
45627
95435
87008
84812
51830
83044
91004
7392
3444
93721
99602
30098
46389
80790
4799
61302
65207
64326
4274
85543
46119
17725
26814
72155
8609
26791
42586
54133
48640
36409
15735
54828
12401
2070
61762
33855
33009
22232
5143
67520
28376
69569
58405
55358
42312
48737
6527
2773
61096
22722
12482
24246
6255
25225
26750
53939
86090
72442
52204
42192
86648
95760
6702
37707
46106
1143
75433
67541
7361
36315
77186
59628
5308
37509
54883
98708
6066
26285
12290
48082
57284
66177
5974
12423
33326
86596
28249
77048
44845
6637
22559
55735
77425
97541
46792
67512
24070
44495
27438
27291
24445
22149
39038
37413
23924
87260
17656
59745
62939
58656
84525
30347
9638
86273
23912
95819
91504
44039
59684
58651
69634
66911
90151
16021
40568
38407
70498
74347
5514
94119
86858
55333
36267
54768
24926
97708
47596
17168
98272
83643
10650
5803
61421
53052
78290
63259
42641
8667
80737
49411
634
64429
66608
28967
4312
20702
5945
33641
20656
85198
92993
47794
43477
15735
62674
47664
29160
73094
15490
74484
49309
93115
77265
12632
74780
25828
97765
11302
99452
86013
6567
4808
24051
31327
44348
90072
12675
70389
97451
94458
19941
24393
75908
41587
76506
77821
17665
41102
61680
5408
64182
89251
76798
62718
42632
90772
84141
2462
82388
53484
35944
95524
99551
39545
80127
23397
68967
3755
2459
22500
2033
61891
75733
56793
40947
78044
89969
70916
38419
54129
82002
38076
10996
57347
63253
56417
34186
3785
61268
77475
56783
72163
12119
98429
89879
13851
98425
69476
32810
22831
16362
67989
45346
10272
77918
51449
45102
11160
47507
95949
81928
9588
21193
52038
17512
61078
82136
14034
59487
64335
93159
88151
31858
76408
57172
20234
53196
6430
71669
30192
90932
66686
34183
74359
67714
13447
17800
20368
23586
69102
39857
30703
36353
59371
95975
72445
38837
54524
72937
98144
32126
2139
73796
38882
96374
58402
60720
23796
77652
90192
83914
7833
46111
79756
27514
91575
18445
65924
95369
84112
65668
10501
44673
30457
89239
63190
18091
45073
47935
73714
10709
46900
74353
86993
2567
55709
65325
34078
72488
45630
95493
94054
41413
74361
61239
98549
7354
32576
57890
31646
40939
10176
15022
45798
15446
17109
22214
45686
23867
4686
83876
37534
82973
9598
94079
82862
29514
75983
81266
90620
61411
72290
2939
73168
24396
43000
3232
79574
94395
6903
89791
4169
71319
91995
87693
53504
97441
17669
25773
44047
76347
62640
31384
51634
8257
75861
27313
6896
94069
8137
75954
88344
49625
99899
6946
56054
76877
8332
39079
57533
37209
71672
88755
98894
84273
90188
99898
92268
74228
41669
39018
38015
61755
40811
48804
53278
31384
82815
2891
38622
20428
89539
13376
86745
60960
42470
93680
80211
53012
3189
77971
43096
6196
74208
89227
9813
11138
88020
9331
26255
82360
44694
97096
25552
98211
10690
13734
6294
46725
75325
82550
35282
81409
25345
77054
79281
89110
93063
25495
61378
76695
44253
907
24429
51244
9029
48108
96715
58584
23839
23807
58156
35740
96784
37835
95397
7522
11454
62867
30010
62569
6546
54997
52023
94511
53385
75271
65851
62087
92141
61123
41190
37485
23655
59752
9534
34991
57075
28959
68598
25580
15418
36397
77064
88448
21656
99331
72694
62670
80810
90460
51289
99482
3398
70834
33488
65969
63887
55591
38770
23233
13554
88417
95014
72422
78771
92431
50525
48995
33808
32651
83141
28180
91144
96650
50291
76634
86071
33646
4973
15763
67248
79749
34508
61390
31149
6083
29968
95005
31932
41992
29805
10710
66975
75766
33862
12556
13083
46501
28035
54497
71547
28629
41918
49257
66076
96153
18138
46647
82722
72458
76578
84022
71804
99396
45807
55364
8077
85016
31403
14928
60415
11516
68046
24023
13937
26739
22514
39125
88729
54198
21864
44637
67346
79640
50053
25204
88723
75474
44113
27766
81178
22067
93675
74503
86493
44064
63303
81129
95942
7958
17753
97521
19670
14136
3216
9707
41786
62326
75604
17906
45725
85255
96447
9902
23134
40213
4360
45808
58051
65606
64269
47825
65449
62779
83275
45712
79381
39543
81877
68787
28516
28706
55975
1708
45654
56043
34118
85306
13063
92024
67539
69556
16021
92875
52458
41923
8282
84501
70080
39375
55388
34006
88103
29922
10339
67592
39159
44783
71369
50652
19354
7831
26407
70663
24460
32706
25234
20730
81973
76431
78721
24134
92250
87416
15705
5772
22593
88009
94533
14440
52457
65848
31335
10314
95929
95688
4659
51597
21307
43979
33237
47250
26858
15944
70518
92411
45309
92962
91873
47709
48072
16213
72155
34269
46654
58748
83567
37631
55589
67104
15428
84930
29758
33668
31619
35421
7785
3953
44169
15860
13258
671
15879
6745
67816
7611
10486
48859
28187
3044
2840
34013
88491
11418
36761
64484
31842
55702
62046
20846
67371
96457
49271
28738
5246
66468
16571
43863
20008
32961
97178
91136
84211
86239
8242
37218
13371
49403
38068
43169
22205
40920
17445
78320
19551
66263
68797
60240
16775
65219
17766
72787
70780
90457
86346
48409
90824
18294
46447
25090
30881
93086
28702
17640
97317
91711
55621
25248
94
75926
34677
57463
80282
16914
92286
28383
25294
20897
77842
27286
49024
24617
73435
65967
69857
25104
7176
24430
14832
49578
47755
78515
61768
34749
88826
36570
78216
68212
71020
76877
39176
29524
88447
77374
86866
5494
76893
37978
99224
21168
52085
39761
26315
52714
39362
65631
3003
49169
63655
76164
26826
94389
8665
4302
14518
86699
89512
46779
96384
64640
75163
94046
68980
57036
80891
34499
78040
97169
70840
20900
2384
88429
49544
84977
43855
70184
38570
98331
51050
40462
46662
51880
72285
185
12113
35712
53171
40240
70937
41167
91926
83024
59291
28110
89496
51560
78165
63370
51591
63336
75515
56914
57345
37787
62482
37778
50701
85422
42946
52700
34257
94150
13468
28455
93568
50635
10575
19811
3943
61459
59838
89251
19652
74269
20477
68689
49471
50387
60041
96106
2566
29938
16776
13126
72438
88695
64952
23318
72572
90099
1563
12674
43773
85299
81372
98700
44525
670
19401
65091
75172
64908
4182
6849
74496
88807
99013
14865
44199
3053
25249
86249
99393
63973
37730
76526
9926
7390
2951
84861
21017
63543
39827
63923
68654
69842
78477
54430
84038
64896
48740
78604
49411
64770
38933
80702
6833
71693
1130
40362
67193
74030
14022
80224
35219
76075
69936
74657
39881
89406
69601
71877
57726
33260
74531
15897
62661
81987
96130
42483
18536
63814
23560
94854
72221
77312
94647
24469
71015
59901
37726
66503
95817
38449
96610
60470
22241
78322
17160
45491
75838
86583
45489
85973
14532
49322
72391
47380
83652
70829
70339
81229
97410
62011
46756
74552
88987
20678
96148
54459
40000
43672
66316
54060
796
23755
58951
19514
74155
73841
72650
40394
17566
22898
75845
63983
54975
2799
44795
43224
50441
80373
61970
5791
94356
31366
18896
64411
32929
9515
30422
20827
83938
8663
16270
62802
23561
70726
41989
34030
8289
89344
87510
74993
4116
73518
4512
79272
71409
61440
29209
36427
19513
96589
78619
42652
30483
36177
86688
248
30688
2884
64675
23173
64610
40254
93234
96354
77628
25002
41587
32241
34759
2148
88829
18214
35820
3862
89186
80446
53768
28477
64833
30423
27332
70687
61677
65825
38641
62282
32366
8716
94010
62823
44528
74179
57133
4749
909
10401
49944
95552
43070
6003
23397
49744
10230
84962
32194
72178
94721
92818
67611
91493
81791
19888
36125
98267
72600
4718
60414
13475
49220
10775
25116
4372
40014
55031
10098
83605
47887
34920
29894
34533
51865
3532
43266
26327
99119
48176
60681
57374
70204
87224
98981
53749
98495
59636
37150
47466
61362
13804
59059
68178
54988
63248
66282
80952
33428
75310
73488
93811
22891
91463
72575
33467
14661
81930
54440
77921
74100
30122
79187
95356
93287
88074
91919
53806
83585
6403
29018
60827
83673
42931
64004
53555
62553
18174
42495
35786
99565
6436
48815
58033
44598
87659
14764
18950
98645
64841
51489
42473
71688
79692
40117
97165
83200
7393
52209
22720
64496
49471
2182
31432
42709
34787
38131
27813
90704
31960
26683
85466
24760
76716
30603
50140
64344
74159
1741
77924
9829
70457
50227
54967
76770
15402
64128
27809
38339
68232
77630
65490
29360
66887
36762
67671
36802
89368
73055
90999
78347
53996
73351
1456
61013
87384
31920
41452
41397
92381
32186
94557
32826
86623
53465
26164
96404
15638
65970
21836
27199
87795
8203
17239
54099
43612
28405
97490
98167
1657
31951
36632
46732
24697
15643
1063
79797
88436
7551
34538
41601
40973
70687
98025
40328
34690
95560
83075
44828
58297
80355
78752
96541
22558
1888
65425
98100
34418
68403
50847
61009
94958
65348
5618
73224
82981
33057
15363
68239
64839
38089
35973
27856
27637
31081
71667
93205
10726
43496
38749
41811
53247
28761
35370
5657
16742
61053
4680
43834
64365
88310
60442
84864
17887
82526
29276
3396
59500
44684
92289
31813
99657
18042
28717
64799
42828
95304
59906
38471
69316
58988
42555
4186
55175
98951
47386
47125
41404
67708
94085
48554
52224
69860
20656
3296
2731
99695
26592
13313
76098
17780
80967
10310
20693
7622
38029
61137
22166
19539
64298
87787
54683
39797
95645
79972
68457
60880
19100
76432
19793
3310
73471
75031
18294
81598
47652
84822
53275
32451
68976
91183
68951
68724
6995
34166
64305
58134
96966
23564
12061
73873
50142
51117
92449
29822
40107
70801
75932
36062
53189
90764
87365
23553
22034
94178
53826
46978
58891
58068
68470
36277
91740
57020
57143
54596
21492
7562
11563
64828
44442
62361
18942
28494
47745
33518
10261
36001
7966
77133
75082
4343
23488
28940
15152
38941
14148
25620
25101
84458
10619
30648
53376
13443
4132
90753
38422
91910
83028
14870
22968
61009
86817
16973
87851
5767
80937
37980
47871
94084
8283
44363
3874
45474
52576
67855
22985
20501
69227
42919
34200
80264
82038
50583
34144
10240
71193
99536
35115
17494
38778
52487
90908
74276
75074
47849
9194
60579
13240
15516
7183
28101
99063
57917
50054
38440
98818
42858
46634
3307
36393
61605
32724
76282
97475
82547
39500
44170
84397
81715
58286
81044
47617
52422
64006
96728
91158
14476
24169
56770
26953
98388
75504
89468
73144
41537
36965
32268
1323
14657
26281
22356
60379
92724
7807
89173
10282
84376
57562
55376
5562
6482
27900
27054
57367
82668
29321
42178
23357
77532
11533
28798
63041
61108
20736
66096
96302
66769
78781
12752
48966
45095
22662
40588
93421
88208
25858
48329
29780
92729
9085
32698
55483
69358
68502
15221
70541
60722
29663
9390
73035
27445
87586
77971
23465
93330
58123
66599
12743
91598
81513
98
22777
83237
89388
51948
14060
23982
32243
25252
2913
16267
34449
46703
29961
9478
20502
49528
40594
1522
51208
87121
65467
97446
96704
91332
36338
52876
23348
95397
47204
75861
8832
50977
95087
73620
11116
15026
78846
37855
26552
1754
48206
29069
46743
79517
5817
52420
67246
94161
85354
63216
92841
18800
94519
2835
40714
56932
43905
92368
42158
72114
87857
445
19349
12612
17693
32335
89096
34750
18008
47987
34014
93663
63773
66154
81912
29850
63865
35756
71303
9087
61693
75582
83415
20103
51186
6559
23652
55952
62420
95457
55353
55701
10694
42665
37854
2633
70941
7559
28557
71756
95699
31428
64273
45205
21893
44302
88711
84702
65084
95178
51950
56388
10081
69333
48447
67083
14193
88916
300
67816
33622
39866
36674
99724
33017
39080
96965
20263
64239
11713
9561
86898
76648
77724
87542
4915
17310
50910
64956
44262
35152
219
95210
7573
51921
6371
65308
5690
18031
88072
40756
67853
92032
76733
50726
25695
66999
4553
67165
56537
68737
13720
28215
26734
53019
57225
98307
32866
51562
19683
14049
58320
6399
41777
52150
65239
44765
88678
19197
91196
44277
3560
15135
25789
90751
71777
40735
10234
17606
47641
63388
5095
94314
33749
38584
77785
10151
77181
29720
21970
16374
88490
75531
93406
8194
80342
17178
97428
5400
32207
46431
30846
87962
50738
2505
19893
46535
18824
72467
75155
21557
16552
81509
40425
12459
90532
50873
8047
37267
59640
77670
94163
36339
59461
47340
76077
66133
30461
96367
60377
15537
96837
94711
61780
25126
82937
32686
86678
25214
85904
88052
68607
54066
94032
46652
58664
26544
63446
19311
82773
69122
79635
40976
53958
16005
40280
86250
9353
7473
99593
29436
73238
82710
88484
12273
78811
78643
52811
12212
2705
92681
62521
73433
13507
98951
91773
31385
51937
88367
99688
75787
9950
40558
73603
34948
79500
39591
38559
80024
45067
13418
71515
49813
93287
75626
63344
63201
47037
55794
23148
79316
17372
40232
22341
42134
4481
11358
30736
60075
25653
85481
61026
43295
65221
30617
49442
95869
5299
72605
36624
69068
40116
52994
42411
12687
24170
4273
18868
60752
3948
97479
14292
59897
56271
38786
44249
97998
41627
26833
626
63885
92627
96316
97117
39719
11390
21982
99302
76657
86055
28222
56709
6005
94222
29493
97087
48688
78028
20505
43916
19198
25161
99806
26625
80542
78456
77939
37103
88354
2183
85418
76353
2442
6101
39013
34557
78490
35076
85798
5672
59499
71138
97913
85351
28003
61605
14915
81715
78854
69891
83766
30165
20656
28059
51966
61849
981
71103
49006
3019
35128
18785
46194
49589
14394
75792
63104
65615
90288
96934
13380
61663
26380
70469
52606
61237
61175
99474
7022
54369
36774
84399
17320
16181
61915
22942
71783
31378
40218
39149
61772
46627
98250
18729
47617
16261
49941
3785
94453
45809
51366
55393
70301
33679
26606
86954
87392
75771
50169
54773
26489
91837
34501
13578
50024
73122
86792
26512
86971
36706
76157
9532
51644
40977
95746
35621
38819
97976
88824
45472
72649
36981
45520
86435
24250
6492
8549
85217
18382
85412
60257
70392
80094
89161
77468
62376
78033
87368
44818
85768
65288
20098
91489
30379
73874
67257
37605
37935
24304
20105
12035
29505
58579
35705
74872
89521
66226
85325
57495
50577
43442
41284
22205
6889
14293
61050
5810
11958
21638
76616
23117
10661
19498
75052
63372
33426
96806
30228
51573
59794
99722
40725
11941
16941
15708
37175
61145
22380
61980
98424
95405
20349
46143
18226
86125
44970
10545
52496
31941
9682
69629
16789
36527
47146
58153
32116
73218
62643
19995
55251
19629
70451
26251
68698
21853
12924
10016
3148
5983
16309
66991
94289
47230
79626
87741
35408
20832
87370
96105
57149
43172
50546
94360
20324
35292
97308
56530
70932
91880
29354
66201
84280
51940
24978
39959
95675
52994
22843
19744
1269
53541
90466
46781
4200
45088
25016
17093
2147
83630
78952
15121
85777
48982
28793
74803
81918
89840
74726
64648
95430
21528
5199
58
79804
13103
76419
33862
80780
58170
69961
17530
34327
99620
87023
30211
57775
73128
44863
35380
23117
33428
95990
52552
56425
31738
6263
76520
16179
85548
14671
66969
97282
67518
43
79915
9597
1355
22154
85478
7493
29736
39921
40639
55426
37745
34956
86017
52112
1619
95373
92239
54108
38635
91446
32053
86882
78022
75929
30936
70662
54444
46172
76934
41383
14554
15506
12424
97041
39468
62875
31144
98883
75083
39154
10470
30885
97251
8454
15586
44942
65194
64552
923
89352
6278
45382
15871
84488
19794
49705
19973
42456
52152
28599
70301
42587
62432
60663
17802
61688
87393
99649
10547
74147
87026
66716
16375
28987
88212
95673
36093
27473
33007
48156
17810
9915
81641
78341
83664
96584
33479
707
9951
96159
76699
22974
90592
96539
13116
92950
91985
43555
19829
88707
73837
19230
12207
64620
54516
72366
42865
28976
91408
38508
33767
74368
90553
65217
63793
56829
80033
85832
83224
59043
62123
58370
48165
86389
6630
23896
93604
34349
5316
1535
54841
91737
19210
3126
72898
66295
95618
83660
83959
76062
18169
55251
85310
87955
53589
73840
55876
67521
64562
99348
15346
49982
15430
94674
33079
33316
94940
24634
82607
51435
14422
51419
5144
95755
84305
36364
47391
95594
13404
26680
67245
27954
84630
96975
13623
33221
52291
12456
58694
73664
37854
86689
99269
2820
64454
81960
74042
56065
27255
22524
43984
73061
29095
71430
45205
38854
97696
47059
42752
28405
39107
31519
52717
33245
96667
73262
17467
51704
33725
96233
62899
76186
96354
7824
82275
52112
71392
97641
46806
48490
68097
45688
54212
96405
15297
73736
58388
23538
3652
99004
60548
16522
49480
56344
65823
68603
72757
40546
22444
99008
87126
45969
51313
25591
86992
79448
59076
24032
59206
43979
50682
23842
11353
90045
59528
67856
48036
97291
78740
37201
57585
95099
77433
21018
93605
86450
3526
33337
79964
66303
54272
29030
79897
62871
13399
45604
74854
11493
80227
16763
63372
82472
55247
82306
32675
97206
85419
6828
18258
4869
24654
3429
63220
79422
9758
36876
97480
1597
62337
6158
60308
88942
27248
23943
52782
91089
25998
47135
62015
60093
5424
54700
71276
35360
45226
79435
34619
26920
64114
32497
4013
37318
90592
91431
23852
10926
75450
42523
77035
13133
41138
92578
28920
29772
57779
72158
30686
97317
53362
37464
90503
59715
60176
50588
48410
45364
67374
10026
84277
43140
1966
4995
1291
99025
4886
22842
55530
88921
22736
36182
16104
68695
16871
16529
81487
40595
17491
39454
99489
34318
34323
80042
77634
51315
8681
68619
32561
400
22116
70714
56679
97938
57412
71985
78239
13978
2248
8071
72761
87767
37023
47251
73073
54694
87830
76464
20773
4998
28232
9944
77782
13729
29329
99254
66647
34718
68951
98626
39318
13818
12166
36472
10571
61413
49988
85912
57705
62216
57961
19581
96006
54393
71819
11554
57557
56114
16481
15725
77105
80087
86416
50439
4464
13219
88622
90151
70775
70382
50734
50784
65988
85477
58712
42433
90444
66517
81583
70167
37279
4392
34496
50969
49020
83714
41576
34148
43206
44321
4082
22896
59641
54791
71664
12780
98641
56031
21323
33504
50003
82708
35355
17066
17419
77122
84824
45450
38476
17549
6621
13143
50831
64590
39753
28629
37790
8853
93125
68318
9121
75525
89688
17250
34259
78817
59500
46102
65143
41363
4309
36646
3752
65194
64978
68202
39833
30569
11876
56750
57884
41248
74004
45381
99356
95859
17516
56368
29520
75084
33533
72327
97318
26613
23280
94238
99382
83553
81035
72319
5132
38173
1883
26093
20640
75759
86229
77152
43524
31984
71410
25616
87858
42763
25922
44283
43086
28216
45743
72144
45700
65744
73009
90561
45850
51909
63048
43876
35637
72388
16484
56420
68321
69935
92302
1208
35093
59809
3743
43925
34912
25058
68468
28435
4564
42872
64052
173
1704
3600
81496
74857
70317
69937
25971
40614
25870
51828
40799
50625
14942
69061
9935
48810
57810
16935
57009
84394
94139
62729
61219
70883
43486
98149
78279
48542
72800
51609
92086
65187
77559
84589
77684
92873
22191
74311
77091
67977
80901
94384
15006
12176
28547
59383
46119
84987
67289
24727
92207
40710
39233
88048
72493
7649
12166
46392
5268
21574
87467
53027
78977
87720
70340
88534
73932
97877
38052
43127
2830
9742
79161
50309
80597
22987
2235
27947
58617
64449
17262
80652
87154
7542
84593
20314
42887
68355
90494
35735
23834
44462
6053
15434
6947
85194
4470
88415
11741
30752
39696
9124
72227
91705
71669
19736
31761
85476
44705
1363
37736
52576
99961
95760
4031
24732
59378
18616
90339
81027
6896
60494
42237
56900
96663
30916
52743
1087
57384
98897
81745
7252
2537
92832
41777
15455
99835
50013
80605
22885
91732
39033
44701
44231
95428
24620
44437
49534
58361
10466
27736
41169
51472
37851
48914
22470
81688
7416
11120
92457
89284
49059
69154
90542
11412
73291
66545
56910
92333
93906
38399
38098
74435
26213
45189
55700
3162
41247
11730
46034
26324
46679
59252
3703
415
11875
49739
20849
19332
37051
54224
74835
88332
11319
25269
52935
97762
18942
77563
88673
29694
93338
73983
78366
33672
82016
32869
75928
13529
44427
77882
58208
1907
16296
12698
35062
64332
51735
73982
47683
31322
93136
81727
33871
96876
46989
3275
57076
37382
72001
11445
11675
71207
46969
59920
91529
76782
66815
65881
93836
20285
36156
77215
58153
8994
84965
18501
20012
83887
59548
31351
26984
18404
80219
51265
83982
48372
79319
96623
49091
90546
15220
54984
41945
68637
77411
55929
15122
3600
2737
11816
60296
1494
45095
73562
20076
98671
961
86533
69672
39026
70125
30716
12348
92373
12424
39145
60833
64074
69540
79872
89601
90265
37599
19049
81610
3528
67475
74285
50454
43511
49333
43277
70093
46117
12880
19820
89916
49993
82395
63224
85283
26480
73750
82903
18047
87490
17712
61896
84042
54201
2054
82977
4878
83017
86179
96215
20794
71957
41936
46401
60332
41165
55877
71273
75059
34279
25032
75011
63013
3694
10897
36043
82754
69524
82553
26897
80083
72897
42196
55458
92021
42995
42828
82846
67805
96794
42423
50398
42976
38596
23532
76586
31073
83
82643
77801
18427
78920
70944
30089
49389
33180
96767
5809
93985
2726
79695
2183
74006
92375
30582
31240
53246
64475
18532
30908
11648
71471
55307
85825
19773
24488
78574
35099
21404
80322
21087
18522
44678
86411
36415
90885
32703
15824
54768
24682
49862
9472
65357
58183
62008
40132
58026
16237
3773
75064
78159
46002
12997
97660
25125
17572
39556
76039
52187
26814
26222
3540
28586
23473
83261
47013
6647
55114
88668
99480
51355
52936
47375
38124
10001
44625
90149
53047
46341
40453
16249
59214
2310
27665
70083
69441
51775
9367
20993
35683
634
44106
24268
26101
66268
91408
92822
77561
5112
78683
7638
1715
52417
27764
62196
5453
70525
21144
6492
30600
8122
98429
44704
13454
26102
2704
63651
56703
89544
61662
72645
46614
2853
86488
2598
52962
44724
37913
50065
49967
40606
64159
4742
44967
4128
17476
59932
20434
39172
13331
273
79486
62768
832
18379
31048
25842
86876
78000
81378
28538
8377
85074
83258
70898
3073
32220
69489
55359
30297
45514
48367
42051
78099
44883
84485
25017
70177
57876
98938
10223
71842
56249
79436
60199
22257
3957
14190
18832
92403
67810
78089
51473
49233
83312
7072
47337
29533
78306
33118
8922
84327
25001
13512
84342
96428
35126
81262
97379
28015
90553
64500
88894
83217
94265
70775
47998
43161
32923
4710
98146
40939
73716
52248
1490
10645
3921
12190
73724
7290
59410
64095
86782
77654
53113
8156
77744
71889
96669
27925
46951
80515
74484
67515
2713
56776
81640
85719
39238
65563
39161
55159
57824
75752
43565
69348
26715
48005
34121
56821
71824
88154
74453
75946
80249
35425
17461
48811
65935
43117
31631
35944
15298
50857
25638
92700
23312
84369
76955
57597
1606
11286
69484
38470
91784
28312
51629
62215
18145
48913
69899
63590
17202
43149
68854
44762
35733
14226
19804
78241
66497
54997
1535
97812
47136
5250
43486
55348
51453
3565
1331
94101
39842
70597
49874
75353
98967
31094
68903
96474
27309
67247
58852
13462
28132
15731
66770
15623
15440
33617
51878
95602
62795
82520
25088
57626
86108
64591
82946
12381
41313
16416
18182
32709
12490
91199
94233
1181
20674
97723
68665
86848
12893
47561
3816
84173
74382
80525
47624
73145
6904
62363
4183
85868
53966
34932
14421
94779
95481
95701
91775
97217
93105
61064
9211
28474
65155
37119
72354
28207
98677
5825
13928
49067
12862
55747
57868
96099
41337
82646
44774
39018
18885
90434
38757
73356
76083
84449
46456
9921
69221
48166
31016
58790
84268
46554
98908
18964
68787
37727
24207
80564
81725
12810
14782
28709
11580
49504
71872
6394
73073
31222
18622
87775
29353
67735
56893
73545
78484
97000
9710
49679
35368
16090
90301
50560
74799
11783
81565
18178
60487
44401
90287
5715
53395
52001
44389
31527
27794
85244
54962
54963
92556
9753
65006
66534
72005
93274
36448
83786
57101
39490
71011
29105
90723
34879
97545
55591
2672
39144
62484
19111
88513
76211
48412
96497
75961
57344
54956
41764
46804
4440
61443
74890
76839
31438
26707
98835
86448
64776
25849
24141
21827
35695
25672
99123
46878
29037
81578
29090
46974
31998
50407
36365
95736
45291
31332
72475
84194
56619
34987
62931
57369
59169
89413
43490
44907
71452
95684
22774
29977
69214
90444
97654
43381
79949
49867
51118
25889
84080
93421
51564
24220
20303
64877
86717
84663
93404
90484
74
67668
83632
50237
41796
80324
64421
68575
77547
47271
11287
25940
60426
41955
32308
27487
61625
63922
29650
37906
7606
91051
15646
12627
7613
38502
97085
92484
96600
7647
62440
50129
12349
66608
36896
23379
42042
66019
36786
24306
36811
64567
29003
63843
59859
81555
57829
8479
2811
14098
43434
61052
85067
90599
82180
22169
35989
15335
16107
41541
28480
64163
91019
89066
43253
80401
62936
63444
45689
11432
41231
40786
42532
79483
49290
67740
35917
95889
99109
85643
36401
23549
44422
82185
67221
24584
26443
2645
29172
9047
82754
78082
36060
99458
62730
22886
3001
84425
58485
36350
93811
11687
86390
63709
51170
92922
13296
7679
69001
59847
47009
14454
84840
34185
48141
43156
9210
24891
79165
61782
18323
89567
36757
37824
98602
76440
41089
61530
54857
30444
76689
84129
20345
6609
61209
98015
36168
83722
84510
34565
42132
27425
82444
6056
44027
93610
28963
91215
47154
61863
64148
66428
48042
59724
57838
59563
11738
18112
68229
54654
22474
35777
45880
3086
38701
56297
54624
53354
20988
9751
36283
22624
20786
77419
22313
73550
83457
86
78033
23079
30976
34315
77964
6847
62745
97695
85558
23965
65601
15346
61871
72817
9138
84242
61617
70538
79587
28269
31458
2332
32861
89208
40072
54530
46696
41524
46990
32707
55750
65771
4665
83399
10883
21280
28228
24193
45896
42167
2260
56192
8859
90146
16602
33863
49415
43328
44155
42196
99946
71904
35698
90565
71489
58803
83723
48208
72585
2708
36991
98641
26941
72715
37809
86779
18025
78566
63936
7198
50257
19814
61040
26788
24475
48022
70202
93843
70029
54438
21606
51063
53997
61715
14062
9864
53052
81662
15043
29962
48102
37126
83171
57490
20897
26273
85339
71428
21193
69629
24038
72217
23417
70370
69731
56468
47813
99178
61431
74305
56426
74534
76699
39775
42707
48115
90466
57757
99136
29793
55104
69655
70788
71911
98519
57456
94393
18350
38915
13013
94489
90452
5988
43041
96094
78040
32487
91577
8106
48216
28493
8703
32612
98518
30735
77656
11232
74951
91532
82023
21451
46685
68073
30876
51048
64386
83255
29451
29022
97890
89847
20284
40224
26655
90962
82767
3412
70219
3954
57399
42055
14844
16406
24276
96652
5919
66176
69076
26209
82649
55539
31962
9493
33522
29761
34323
32555
22039
42464
24255
67833
84696
54265
69799
64869
48845
96512
35737
28990
68910
70792
54998
85500
80596
98934
33001
88904
23631
81839
76285
6123
94018
13662
60030
81567
62758
69632
48721
74930
95917
51770
40282
12245
42289
45986
82268
89574
13866
58354
73806
17293
75696
75875
49777
67193
60035
93071
3378
68560
16690
49191
74620
35080
75432
80782
47286
75718
68389
72077
74817
21336
82959
31751
19173
50786
2338
50041
12660
91907
7271
66623
19970
15544
62420
71854
29871
69900
84559
18190
41409
97323
74471
35346
28412
96476
38313
33952
69689
81221
25325
75662
8314
47952
317
77208
52987
39425
84689
24295
24925
30800
96546
87045
92741
79770
49969
48852
18876
40466
62848
78114
62063
36838
62298
94604
27630
75878
51155
17318
47715
43065
23335
3213
95149
88146
90574
92534
979
70993
72381
49274
10542
33292
57684
85661
90576
95618
6712
28604
22170
20115
4515
93910
79299
46806
59141
40880
22148
41095
11024
21735
191
97123
60354
69787
75296
21780
57571
23496
74273
45955
96553
81026
54496
82708
71923
14824
59599
88108
2858
17095
68638
29146
81567
39669
8844
67935
66088
30126
36733
62886
4827
97645
90495
4810
34462
97214
66777
65637
76914
81649
26198
79846
66717
99966
34080
29586
37900
37799
5546
84
78672
62479
59332
2002
58003
70258
62484
98404
30786
20111
21212
61575
64804
71180
34110
67097
21742
60158
25860
95346
11875
48994
56483
7568
68605
49996
55915
74874
1789
4771
38223
93966
87092
84381
49379
49800
79161
11185
42839
43181
3500
5448
31568
15942
84159
95327
89332
8198
25635
71412
47521
98421
39695
61517
91918
24139
64180
10432
79013
57880
38139
32908
59683
47002
64515
12248
31435
92124
55629
13474
44358
80039
68518
60058
46481
62039
28636
54814
21022
21563
63333
39456
71671
51679
36956
39335
36549
89104
40811
86233
40652
71918
4806
55197
12152
53523
23573
60635
47990
3937
24251
38360
7613
57979
82001
65424
21940
82115
77179
856
38493
87490
20650
63210
76037
79312
55480
95610
89795
69810
74300
75414
41321
82437
56846
87761
52579
54969
17510
44717
80266
83880
81273
85457
53056
12171
18227
36273
38482
33979
41082
44959
12536
28298
65060
43010
29648
46797
53741
161
75767
92529
45326
57744
60532
24408
40393
43171
67597
8017
51656
84849
96432
17557
99249
54180
3241
48430
30168
61728
78059
679
61245
20379
7486
35139
76007
22468
73441
75000
17816
90558
59254
85677
60152
20409
80022
43752
45963
87947
75280
3330
81221
50806
84730
35523
9117
69483
20898
37154
57594
88592
57024
18263
25790
66861
34956
74944
9148
50725
32837
40165
30714
31116
60980
63770
76073
48108
59830
50096
92353
18352
85733
8650
66067
27316
89946
94641
22962
22847
26940
74043
94758
85607
80497
95158
89430
8733
27054
71511
41084
40082
67339
31681
82297
7474
911
27142
38914
93652
84686
1525
43165
97280
84318
67851
75435
14529
32089
3365
57535
77082
40664
31271
67361
77575
33767
28341
74269
98308
28290
51706
90780
62654
50986
27585
39041
44969
62206
8280
96725
56709
92293
5511
89372
6529
51717
96541
33498
93661
4659
35725
91366
23132
89952
55698
51355
68975
61305
98
38917
79024
14468
2460
58194
74337
74622
23486
93239
62542
64817
79867
77278
30896
22893
41869
35404
59007
98216
71025
75025
50569
27048
63015
60786
15750
12503
65430
94796
93126
83538
70670
62565
96751
39498
73006
60151
41686
114
73157
8728
23660
76986
91813
76751
64893
29676
38027
21466
67823
24473
96857
50332
26102
68009
82489
55908
58434
73859
72018
10931
16945
38467
91466
44037
20054
95188
17617
59620
19684
91651
12110
60923
27972
13222
96953
4144
69002
37373
61585
48946
78293
21161
20246
86811
37281
20406
3261
63710
13926
1260
85862
50881
55226
80106
5794
3572
16948
85078
75125
57892
6559
5148
48550
28647
48098
30098
11862
21021
54519
53824
47199
77777
52758
82015
78142
55004
6761
42585
58658
76595
78252
90507
16958
31506
74237
95155
10016
45893
88381
92935
29205
83920
95139
74352
23842
75897
19026
89280
89147
53425
48994
42738
97932
70475
18048
62592
94773
65054
56020
80400
57208
71193
37125
47885
49276
97128
75311
1445
95642
22743
9877
14069
29949
49354
4891
27524
10559
57934
13873
14130
47210
36445
80100
96570
60911
21437
37507
78149
61349
47394
9960
34583
63363
58861
9529
40742
87452
20494
82407
64124
77639
67634
84347
16385
27030
87756
25233
95232
25328
34651
5444
46611
81012
3519
76524
86513
32809
19407
96007
24632
59142
34418
25925
23009
7930
78599
38925
40147
994
12785
45140
51108
99002
73929
11798
53685
51789
50465
45150
56560
40052
91517
64600
3543
41005
7640
17841
22994
74936
86352
71495
6673
90943
48177
47720
75300
82487
77655
29435
41257
60639
72716
15220
92366
56131
10486
91802
42419
76822
78974
8703
87739
16229
6142
81941
21263
82516
788
51394
63183
56500
39547
25918
78518
40687
44959
94921
23572
853
31374
48535
39341
96776
22285
30976
16770
45683
77973
74053
27152
38277
99246
92076
38065
67908
37422
20747
86150
32834
93929
89303
78155
9516
9123
88278
29457
85299
50493
35173
36198
78530
56335
25050
25834
75917
74430
323
13679
58558
57311
23642
40165
84079
69566
80321
8709
5242
49661
77727
15118
8798
53338
61208
57641
72034
67228
13365
62411
89209
53833
76153
56199
64184
78542
86239
28813
6405
81585
13025
40660
78228
44435
51397
86551
57149
56773
70874
6377
91453
5180
49522
34354
92464
71906
54749
67028
785
60422
18273
44408
19891
40469
12427
9184
99294
33463
68164
11573
68774
14018
2764
96622
9614
82896
27083
94708
64698
90078
51116
45362
85534
75253
10374
85849
71719
1008
26530
80445
9112
60356
51370
9960
11114
78658
81858
34875
5867
26318
33183
22337
4372
89654
8096
45456
18096
64236
10807
19598
12553
70085
13452
44246
88923
7854
60563
99728
90921
79423
60538
15845
68844
79164
9109
82220
12650
40634
72269
78809
17294
85126
19651
48670
13019
9662
22732
39677
51066
54571
38028
37244
22841
45473
15936
17756
31319
11098
63658
71929
56498
27770
31782
83040
51000
22011
46314
83667
57038
50427
16278
66497
40417
85855
16591
99700
94271
31624
40647
67400
17839
72275
66733
54178
55977
30162
46954
8560
10215
22233
96266
83432
19169
88926
63870
40182
81138
60088
770
18802
73939
20540
72078
21113
58974
8086
79924
48739
49993
42600
26408
85097
41678
45206
56695
60670
89767
3441
45024
79352
39866
4902
47848
19953
92690
25672
2577
55820
99200
10055
72980
58368
33406
7420
8596
85738
65959
67420
50769
3978
18997
73626
64240
37440
80690
36406
73926
40225
49105
7678
20244
89260
25634
85580
37185
13464
51742
4390
47721
76293
70037
14757
25664
18578
63042
36268
65159
95465
70596
74233
54958
81884
57484
2466
53977
14804
14643
57106
16163
39517
14681
24712
72942
12086
76624
59425
3975
71518
9306
57449
70837
66659
76422
47972
80788
66961
34347
37324
10254
34186
89271
761
39131
58558
55561
44245
50690
21743
96362
87227
34144
66195
28942
93998
82026
89176
75165
60762
64546
47455
54980
64716
84451
45183
58842
23347
39680
15696
47396
34539
78961
89262
58404
88554
25324
54330
13821
30594
34024
53675
27050
43771
62088
98815
25332
35800
7860
66034
5103
72445
43387
80879
25475
93087
44541
90052
54359
41001
59022
35421
97121
18188
16653
29295
96134
92685
15371
8653
10036
31197
26070
40013
24433
78612
36270
14662
38530
79591
70601
10575
84729
67984
96891
33385
92526
69494
85186
81227
53561
12244
52853
87385
32432
39407
20014
98466
1488
98261
63320
96174
92216
10765
93874
6297
29453
95897
88369
45207
64201
4563
67778
76295
24219
14979
7608
29639
67735
86602
14044
12503
10422
30699
44319
47556
96346
7288
11241
16087
2418
14086
77438
23671
55502
85007
29484
81055
10356
4007
82770
71922
4001
69069
73419
90434
17536
92413
69342
90768
96633
86162
94158
87408
895
73210
57930
34959
65328
70546
27188
25966
27929
2983
58756
67719
89457
67036
55485
27696
84891
42252
38894
69333
76135
7057
97383
22474
86733
50252
84360
41836
54360
93438
37627
70487
89963
26245
95566
60649
61754
66070
47521
86500
6659
20732
88315
88259
98497
11621
70435
4153
98493
2263
18460
41
1487
81524
69449
37895
54389
89219
1237
20550
73327
46037
88062
99695
46392
23830
88422
99028
54818
94106
65576
24161
7546
37125
30639
55990
81014
55760
27199
84359
95907
1755
57592
41481
12219
19494
23151
55586
33034
86058
66734
73634
44116
50664
76390
494
96331
66774
3756
69137
79581
37572
3648
29113
8646
79190
70961
82063
61483
94728
96005
79826
46572
92708
90479
96517
94356
94905
88494
81279
8320
5
86450
93305
58229
18046
12682
27327
58649
68460
11068
47148
15237
84002
85405
35363
38730
1533
24355
1261
21865
9732
20642
47351
91669
65310
71421
68730
57228
71356
93749
34688
40829
15905
91525
81954
20663
81180
25826
9500
33389
42152
84755
9777
12921
15204
61306
51687
93687
93359
66031
88516
71908
45364
28302
90847
28012
99469
99367
5792
35418
28742
17797
9938
13966
45972
63976
56520
64630
515
51333
24751
96868
35656
83910
80971
10998
92794
11457
77029
36385
75657
37990
44668
41401
27590
94156
33633
86547
91954
80878
12950
23040
55804
52824
73691
58356
71722
17002
40358
49557
20808
61022
59881
48359
10044
16659
10782
94181
82206
13488
30911
95548
89257
82645
23939
78575
98512
95847
33992
48893
34368
17449
86389
43572
74643
82152
6943
59046
93961
12513
18346
74672
77495
93646
45142
29869
78969
92620
43287
48005
22713
26251
89240
40149
2434
98954
65744
22897
17124
57201
69384
38562
50916
33674
98577
75531
65501
31290
61237
39310
76466
55441
89485
6881
96757
83479
51382
25299
22583
57646
33737
94206
23091
9177
36916
46924
41757
14150
3873
38247
38954
76244
21525
21610
14483
49453
90719
73772
32551
69636
80052
92207
57970
9121
84411
73491
21386
30999
32109
21927
84509
16467
13875
17818
66866
79164
43492
33621
8566
20966
67092
21749
3642
66324
85739
19981
77407
53696
5569
34262
43022
86696
67824
87822
96092
25946
39794
93870
53172
42954
45849
8723
3944
69607
57280
30420
73863
41104
68227
26366
65699
25180
49485
39425
74110
65642
53111
73517
54978
52907
97009
46822
16416
50827
30469
63027
20670
1195
23042
17904
23157
12455
41220
98040
57240
90628
24730
382
39056
60688
79457
7136
74644
97199
54633
9859
47610
53880
20040
57321
21172
78429
95076
13977
93326
2941
60892
39243
79669
27623
21480
24947
13210
89976
7932
37554
53494
85673
53458
58843
9494
20652
33123
65021
40449
15219
62328
72263
77498
69961
53003
67709
24540
49809
37656
55012
38633
72139
450
36872
22083
65568
1255
95050
84606
18321
45403
42132
75258
45249
95799
88647
16746
48650
20044
24523
17636
95149
58542
68165
96945
36873
41570
3722
80169
28043
93760
59888
90160
28721
26762
1604
97362
32259
31945
19823
1635
47526
20320
79519
67541
65047
77257
20732
42484
45277
75055
39703
48741
48015
48092
56765
97096
43469
42694
46669
70191
31654
65871
47503
13970
9264
53360
58046
38511
70458
78306
7361
41267
11039
82914
62600
65432
76376
41579
87751
61625
75220
74078
72843
33162
70151
23277
75880
82768
23713
86645
64975
65387
50772
76384
20537
99438
40833
88685
89988
6481
80019
73339
5437
83434
83951
90380
90034
1480
29660
79084
11095
42297
59529
56097
94564
30835
35728
86749
1081
49770
72939
82144
85803
66611
51017
6350
70812
78982
42379
52158
78633
60233
10015
75452
78762
46008
16029
76678
86854
37367
54209
31775
75980
47905
89556
95138
47754
16974
26360
53485
88943
97004
59198
14876
88468
2863
38264
24559
72415
54382
46804
24686
38887
5145
90720
32650
3857
50519
12790
44692
20004
84378
30959
46085
86724
66487
38309
95239
25358
94240
90666
84639
99593
44609
39879
9877
36067
9956
76667
99182
71127
72008
23095
44924
82408
31009
96811
56017
42868
15356
45093
81289
96631
92002
43483
41976
84081
73439
96952
8210
50183
74032
90611
35813
69759
10769
29093
45490
27124
61318
23357
96660
45929
54584
43730
76361
40865
51977
89499
11945
85833
33252
47782
44444
90726
4456
18906
83195
51565
83935
72906
21234
27523
97592
50872
18937
36182
75908
79588
17290
87835
71485
80606
291
81333
98162
1519
88223
5905
81561
4115
20522
69523
19640
71431
72202
19137
23430
92487
31350
92666
96114
82800
72544
45150
11859
96771
25979
66454
34744
84794
5780
99984
68583
6935
57498
2922
14244
50844
74865
11445
87904
91154
48436
33717
97192
44542
83878
50526
1312
95219
20304
71965
57166
65463
29246
92336
19498
87000
38895
9109
52945
1334
76286
16758
67599
85112
72046
92030
26270
90054
82588
74614
77477
19464
63461
79547
78314
64540
66540
1411
77601
50163
83517
75394
19924
42604
78808
37294
61521
36658
44094
84457
91280
26034
98533
47363
2393
97166
78461
94392
96505
26038
84032
82241
67072
35524
9591
5034
10691
75387
62374
6371
51867
61196
34781
50464
403
67526
58850
91164
10267
47518
55975
60581
33231
21846
69051
41789
88294
34090
85844
26256
3769
14715
39126
91423
55504
19962
25791
96433
69630
19959
52434
14968
86605
77447
15148
80510
29425
69457
81878
61986
81491
77422
85141
77001
52131
82911
41200
91648
62275
73479
27728
98936
60672
29612
62244
8440
94553
45442
3728
9688
96639
48647
76504
9873
72224
19759
47370
90545
77755
41024
99652
45568
77470
84290
26765
41979
71475
77321
17579
42680
43387
51882
74188
59304
52445
97935
27849
6296
89449
4020
87716
23955
2911
80054
41593
31305
56098
23900
29137
85187
54724
4828
37887
57469
32399
30171
55229
93021
51102
40919
24318
32333
79402
57360
21009
30789
7386
94900
86772
65655
86982
69121
61786
9657
56736
80534
41953
6
98344
81779
92909
32062
53208
13181
13974
26001
91790
30373
44876
509
36855
99079
49154
46095
93278
94598
33712
7505
7591
92411
14500
78474
7392
14664
36369
1556
25699
99676
79395
22715
7633
19582
62493
61827
58023
33886
2025
79315
34606
65432
99125
34343
81545
16614
64285
15872
31496
6317
36782
22055
24805
56048
62316
3200
78276
26234
17151
54817
47926
97329
56717
76958
33921
42973
81466
94479
5823
20949
76183
1242
87047
74067
206
98804
34331
84681
65230
458
11612
91922
31100
47942
94888
34900
19545
35833
33643
22803
83814
3862
439
46613
26775
29659
90961
56992
13417
65713
47464
64214
27297
3151
74015
44678
2634
36086
8962
89175
49021
846
28038
91217
61815
42806
58600
41765
12257
21673
72817
34560
86225
40675
3296
75353
42123
59188
47692
71522
21033
23559
28476
56660
90365
37493
3962
73071
45677
50651
89232
9286
73307
81251
55829
44073
54150
56812
32676
99100
23656
36948
25777
67744
5697
70253
76877
47355
89699
18247
78955
19797
87235
16010
18763
85683
97429
33607
4130
98536
26412
35143
80124
80674
60854
63413
52785
68473
17109
5032
63187
316
4813
58227
4572
3566
88443
35774
6754
74938
56852
29214
81218
26109
28222
26798
24102
92532
11203
1947
83878
21350
7308
79880
64575
63889
7031
24387
51618
46758
72575
91920
30172
75004
12535
24119
64515
60654
24640
87415
81894
17523
87772
95778
4752
80892
91194
34155
18746
3365
3829
71784
25372
31953
43015
57149
35412
66658
18022
78220
4566
50673
43304
59204
29048
25168
78674
50328
29695
88027
33765
12039
5619
84001
83413
45406
93062
76117
78598
90231
67479
58527
50070
6306
52074
95532
70869
91009
33220
51816
1663
1366
74621
86108
46174
56507
66004
85400
37837
56492
90489
58886
31432
33143
53618
78627
54955
84269
98778
48456
43657
9998
17849
49390
63200
8278
15995
5012
98781
11411
62845
89919
41927
49675
33680
21302
37396
32733
25988
24737
87102
8744
33023
72672
60473
37017
46451
18047
61340
5481
79220
62024
54760
72956
82050
74470
14126
928
1983
8371
21463
68453
7039
86156
15486
86959
65544
10018
10871
22046
34956
8896
31710
38398
18514
78497
96414
5549
72522
26728
70117
16862
56960
1969
4043
24471
19214
67851
90546
26816
72634
10021
27762
75011
40272
13885
86032
81046
87503
51006
56284
8154
8705
32454
80198
73913
89999
10295
86656
67771
77813
10978
18788
77349
22382
61346
71696
45115
5988
80082
70138
85101
1179
98582
86081
68827
28307
90330
71083
57595
8103
70852
28238
85520
7646
59343
51992
36029
47970
54357
39253
85824
20991
77214
63168
71058
86887
90779
60719
9875
98486
95428
57481
99862
86834
15633
1725
87242
63383
75243
93516
68779
70646
31935
9686
87438
10309
32399
80533
60923
53111
60636
50756
27239
78870
67112
92353
21912
78255
70164
21165
17911
265
54865
35511
58685
12310
15748
52783
70371
79781
81219
50364
86981
66874
57815
12576
10422
11646
73336
72568
2418
67399
91204
23389
79519
2283
24050
24070
98486
7600
23085
53685
88561
45187
62980
38062
32748
21968
14479
89684
89716
2001
80768
92478
29963
72582
13788
2385
15786
80367
89951
95313
95591
63753
18870
5800
58997
59055
24886
85498
20572
44077
34012
46716
4179
29835
10523
75750
66683
37216
82208
61761
66848
30602
20013
34460
41233
91967
73698
22552
31164
26317
77162
99737
29176
32189
7537
85242
60695
52667
1848
28130
87515
7076
89031
23329
48961
24204
22016
80077
49900
26855
48762
76608
80945
11170
54664
28475
14253
71712
52940
69275
50784
34686
20759
61662
26523
77010
82339
10786
21545
11089
50800
83833
17681
72947
27401
61975
51172
58921
47899
78589
20165
55008
49033
81580
96387
42484
43908
20036
51064
99389
61540
68417
80594
13217
79522
6216
84216
83314
76010
20924
82765
88076
89359
3935
16004
6613
37676
89157
53336
95433
87161
44893
68284
3487
93853
98328
13145
29847
29567
60002
43092
44814
45932
98071
74737
47915
32829
43397
94095
46332
83708
20670
97290
84968
2098
50870
9228
59025
11094
78731
74632
70153
16936
71490
77464
63668
6374
49298
14313
63831
69242
1753
4348
74607
41235
31923
47998
90192
80838
2443
12785
23227
66252
41986
15864
73296
52884
11739
82688
16895
92403
11906
10656
99934
4287
23727
79702
45724
14704
19190
41605
79909
64461
21780
28242
20936
33349
53427
61806
48769
69505
6706
44844
88531
82810
49502
48018
26302
31124
8862
88000
41667
57131
50352
13134
36400
49008
94961
44724
56654
59363
17330
87410
81870
70049
18713
23621
37716
76826
57454
78062
38131
94443
58378
80535
53046
14158
32204
93140
59993
61496
60826
48542
52941
93773
5881
23485
2169
81062
54380
76494
46248
88970
5529
92669
79811
33635
29231
17829
40630
36598
65313
4002
46316
42121
96625
2753
30046
54273
83468
60455
76713
73170
71179
81690
41604
11670
27212
95575
10097
69759
86329
55730
49846
35527
10131
99702
56242
65079
57958
80986
43376
85510
70679
84673
37094
39174
77670
97047
8859
16156
40348
13310
51603
81327
32019
77322
75046
90721
67513
67986
85044
86185
21729
66000
34426
38782
89067
11647
69972
393
73288
18746
60023
10883
77233
28492
95111
78834
48092
53664
94421
93692
67082
7657
98991
74054
84346
25179
48428
98467
43545
62048
90271
72493
29687
96116
81797
4224
7576
54502
32513
11610
64429
33944
65961
68793
35616
35086
8030
68042
97033
90274
86632
9135
23176
19439
84626
44099
43380
69147
92951
67840
95707
55436
1929
17172
45586
38384
7664
78755
39292
90135
18793
84987
66113
51564
65764
99670
58009
26150
19251
51021
82722
77502
90732
89637
14844
23297
38741
26646
1484
87510
22391
76182
29026
79797
20312
27509
98580
24676
81541
8443
63230
92414
28271
91991
52408
43570
76236
49242
34991
94998
85392
83583
65414
11906
5518
55138
72225
34345
39317
34195
99067
76318
42679
75685
55950
91373
63141
96946
96307
99000
46406
64799
30437
12535
25728
37639
92007
56592
64641
57701
76177
86824
55775
66109
32942
57394
92332
61106
77887
58915
5396
54988
12895
44511
80974
84005
90686
48096
89
78216
56128
26621
62680
6843
77381
13130
17941
20871
69237
47133
2740
38039
47199
33496
56293
62810
65151
15608
39540
69475
66566
41357
83142
48347
60793
3577
43317
93084
38003
25009
34625
97357
75106
72655
13808
97320
43591
75470
73083
56755
34903
12970
62123
69112
91738
56605
98222
96674
38457
36192
37185
13282
10310
15283
65744
81545
72254
97566
64544
15501
83874
11692
97332
42840
89638
16078
5333
28673
16995
30435
41157
57137
39287
58803
5683
4487
23499
2303
21770
85611
16773
86470
72779
80539
35361
75847
32040
17627
83161
64717
37309
57139
17479
47345
8651
15636
60966
34603
11050
99482
46764
71697
42809
79325
30165
43108
87372
25856
8449
21636
46860
28206
96493
27694
51315
34756
94667
18958
88633
89469
12388
73694
9611
28132
74735
97427
21059
37232
56076
98191
28304
41446
56708
1930
47456
94674
90662
82392
83208
20547
76277
66479
29030
91227
17040
85992
66240
82899
34720
36958
13807
30021
22417
50470
54572
33148
65545
22624
32439
48194
66097
66202
22503
21237
64043
87582
2379
5819
45590
98125
5975
76050
60101
57135
47665
6068
22555
42071
35170
99993
8153
21055
29252
95561
41457
42026
89725
41178
92545
40212
54652
75468
3512
37434
70133
36224
9998
95160
19167
7213
7319
96809
8062
87985
50586
81894
26709
5365
63652
56013
18960
45792
20248
66410
10644
40649
21147
24768
67388
14293
49534
32468
346
60259
85265
55435
5727
9230
63140
71649
14768
43743
33106
63825
51585
30732
54000
68848
77363
39011
60427
29925
37012
3682
17759
17858
30073
54237
91854
3092
94364
62834
42081
84645
46629
70060
66287
87345
8045
49940
52096
31615
87347
40553
21968
2977
71417
87667
54820
28813
28556
38394
25619
19843
7295
23779
36067
23709
32800
45041
5027
13532
8034
38160
69753
38627
91068
50085
66686
97408
3403
67861
15450
60372
63491
32441
90846
72562
93904
39874
62779
13145
45328
95021
7459
69072
47897
35045
90650
5763
34537
38650
53220
55425
74794
17885
52623
27147
7600
96532
64312
75939
55306
33140
57734
11995
8135
52730
1097
16884
6356
39954
99866
87831
55904
78371
61367
11362
49665
24515
30740
35665
39557
621
34937
25388
57856
39263
57045
9565
86776
90008
88768
4002
55972
50691
70775
74436
27402
94930
67644
66403
84818
60171
8482
62778
39237
23555
77841
72905
1994
14668
90863
45878
8702
79972
26291
96765
44656
55824
37064
79012
45452
79241
10945
71599
56937
4140
32910
84097
70993
53211
62305
125
64457
89412
4646
34411
27937
36205
84567
25575
70812
30683
57863
16865
21130
8540
78570
72846
86299
95780
69868
96556
29206
70951
13616
28468
77430
67962
99487
55510
12735
95050
23592
60916
68218
11792
31707
57681
70957
20903
44049
97220
33937
33281
96492
42682
32853
70697
66428
85210
26981
94731
15157
36974
62588
14833
64341
75421
31377
41309
54592
10457
70064
4200
94136
74206
95012
47653
93269
23090
78209
28727
87409
15303
19269
79825
20146
45763
36557
7185
65516
48447
95390
42213
19717
57258
52127
83903
18239
66183
16737
21401
63425
8602
80707
27462
28682
16162
67937
43950
97119
97765
97761
10877
44550
4544
87172
61457
19925
45793
7496
58264
36663
99626
12887
6748
63783
47034
8424
9851
42968
91956
85237
92637
22352
10917
24393
45591
88938
79528
41760
90127
13717
65576
27113
38482
37835
17154
65752
50074
28582
90698
66778
54400
22602
70491
94537
30942
8763
25364
24561
94622
46678
