83122
7899
53103
20602
22115
94466
61096
92919
61457
6941
9392
42410
83703
83034
28411
83348
73610
73088
86313
68563
17272
18610
1516
30950
79040
73870
70465
14174
91590
63670
50100
72774
89252
41461
4279
33935
70214
22961
65484
57597
62011
99763
33125
40352
43906
53233
60732
39188
6675
55900
62820
44412
4727
37453
1408
49119
62293
94526
5534
6069
83018
50697
65943
69190
85095
76184
3719
90372
28147
84921
25015
83957
77858
26485
33206
20360
38574
43926
80092
44931
99182
6728
24676
32646
31685
29530
11765
92881
28583
20234
54629
26424
53768
45469
51398
96095
76936
4697
60513
8006
18079
24783
67006
70162
36141
75671
78440
14661
22787
13981
68279
93383
27769
45481
84595
94311
49605
84547
1387
61384
95643
37232
39090
29692
12838
22644
69230
92649
75686
77818
67191
12653
15219
66022
41992
78190
18362
66480
63882
33983
78763
96233
36499
20199
78353
92969
56039
48066
59857
99165
55467
74023
93570
90189
14202
71868
27689
39588
23993
99234
93327
47027
6795
91088
23291
43448
50669
65196
58350
47563
52492
67954
57508
97699
62379
88566
26716
51249
20707
53414
14514
31288
10442
52514
92345
61628
34169
30161
97280
74638
16605
41649
60506
36980
67260
717
81094
82294
76570
83171
59341
95043
75947
41124
3335
48259
70418
80452
87081
87157
99592
81266
70618
93154
24562
74830
94041
44281
99537
49298
34096
20037
56777
9678
42545
27804
78293
26644
28416
31262
76237
68071
42442
54644
12412
60526
18185
69401
95272
63317
43556
43036
35259
27021
24526
23443
14934
26487
84930
83028
902
61619
42283
1473
44225
81564
92803
33600
32152
55844
80498
25001
30151
30054
74164
94715
43332
88695
66161
7571
29038
44674
84261
89371
75040
48284
93702
93064
68538
61924
10281
76366
69013
39744
82124
34073
73521
72689
51815
9425
93854
9925
43705
51653
15249
12065
26823
67288
87940
19305
6228
88306
23698
39920
38790
73279
44372
31878
56478
51537
97318
58020
51036
50288
45775
27590
45551
94979
46782
7741
70340
19896
61610
53918
31806
58472
75640
13368
52276
30470
91251
53612
49537
22794
55410
69110
86867
74996
1286
14980
20123
47639
81382
94099
73143
6346
63014
3004
67420
41642
60009
20875
33472
2246
96522
45629
21545
53566
17848
81959
48879
3822
63040
77166
40841
77833
12353
35588
62961
89012
32126
70605
29590
25465
23505
48249
21994
45756
59817
24849
97569
11073
3386
20254
63027
12981
48749
22102
47466
76539
44352
24508
20350
57237
17315
51883
27734
16075
13240
83578
20361
66898
17217
25513
23464
20775
32502
26950
54277
14914
1773
43699
19708
99074
87923
82357
49026
74271
7076
10617
76527
90628
45591
89880
65868
12458
98794
5786
29385
68924
24657
28150
51702
8572
13418
75602
13539
81663
11495
75657
22695
95628
52697
40032
6450
67382
87381
40264
90659
47255
86112
92342
10380
73240
33883
38353
30605
22945
63698
31553
35773
4127
65671
20384
49382
41911
49370
46259
12669
37259
81057
27779
49975
32507
1094
72232
4590
79025
42438
60912
1880
38839
42969
31210
54931
16090
28095
44835
30604
15703
8574
53258
37113
53000
5974
38086
79094
29062
74659
83299
12585
14053
52365
73928
487
88557
91953
16527
81442
91026
61407
98419
22622
45393
10948
1063
2608
77509
97013
98166
20607
15512
24591
99085
8289
11646
83783
80334
69180
39914
99843
54857
85873
31108
4796
79975
94604
12291
49525
95626
11300
87572
33151
56883
17586
1810
20644
20312
2662
61084
32881
24111
18194
46663
35552
98286
29500
24830
57977
5452
51933
77223
33708
43046
60927
14947
94033
14141
91142
46510
92384
29992
85751
9818
17690
51637
10111
50115
95227
52310
67723
22142
38719
93857
79677
73019
71890
37185
47858
6323
4397
90653
60893
35358
70117
22914
95460
91771
37706
44284
80496
51710
57668
56638
88965
90262
28755
98924
75554
75637
91244
71118
7668
10520
55046
99637
97898
51035
5209
8041
9835
77458
26919
56183
38055
54500
14435
73047
71398
9635
61558
13016
20848
83834
13192
1471
82777
71888
34289
26267
71663
35898
93453
83629
73481
26625
41650
24207
48655
86615
95929
16158
65084
8310
60865
37467
80893
63564
29559
2897
28427
38690
4013
4986
49504
11121
18159
73449
69866
77756
998
38438
22043
45400
16198
95424
18609
11155
11957
92866
43313
32882
25275
19440
50482
93479
36469
55897
41372
11101
38961
82995
64421
58421
66684
84201
53640
16712
52971
83588
57322
15618
14219
473
53801
20414
17182
13174
37254
16313
58122
12386
37543
23160
6097
66036
26446
11477
61213
35138
21439
47714
79391
70085
79144
62141
11176
61490
90515
54511
57251
85820
47511
6257
65754
20303
26379
53126
31571
43067
58172
25319
34389
33715
15962
12735
5569
86790
23618
70062
15843
81128
16753
6672
4587
49415
83037
62140
81840
67219
7836
44019
27538
10666
61608
43624
75088
9735
57352
69060
76001
53127
41128
26121
54021
78418
64102
91369
12390
65685
39743
52459
90682
64962
3856
50924
57473
44604
93739
54634
89237
51092
20860
46345
16288
23159
88083
15038
29447
90783
30648
35847
10902
7774
85702
11843
52728
14021
87883
27867
64625
15305
70957
62778
50921
61181
28736
54639
24407
87565
84879
47563
94111
94340
83417
85179
10046
85732
30966
76902
22581
85216
52471
13397
67283
34678
79120
70518
9541
78463
98102
54800
9521
99906
34505
62560
89856
34973
69103
95243
56217
76885
88408
74652
85744
61729
22707
3469
60481
52703
28879
73480
61939
27486
14860
96113
37308
190
64422
68203
61768
83465
33016
52489
39924
32812
28313
24655
70374
39988
6681
20910
39071
62000
99235
294
72271
20817
70448
87273
27889
61710
63202
50249
10644
26358
374
58190
8976
90870
72172
3823
82141
52114
8648
28967
8736
91640
88748
50724
16001
61098
77632
81863
42154
50614
51956
58106
66747
80308
1953
35155
9648
21651
96768
6100
50630
87513
95349
88075
69550
54279
4699
93686
28741
7911
32389
96263
80518
60188
80918
40904
31353
35772
47080
34176
92906
48779
14977
46735
2877
38548
36858
61125
59438
37922
56582
69265
32173
57673
54740
54199
4217
83290
25544
45170
71566
49889
8469
78706
45427
26667
81299
78799
38707
47021
40750
59311
33007
42573
34615
50115
31681
56082
75381
50214
50892
17304
18961
96840
74527
97785
31537
12824
34401
67906
72011
4979
12545
80060
62536
47602
27685
3426
3138
80095
47222
12044
82886
11712
3307
66148
51905
85901
60655
19874
68304
86884
6190
58023
83152
46783
3347
89306
95209
60677
7723
44877
19253
81614
95296
24321
83004
86480
51519
74580
86043
94250
40362
50328
59238
41751
79736
51852
20171
13405
70207
9739
91116
64255
19874
95440
66638
80881
18511
32629
39633
55188
1440
20250
50261
11596
33132
66199
18636
41285
63211
95677
17686
75055
75524
64604
68354
10892
9750
81544
18770
56964
42951
95501
75395
72627
41376
5363
22687
85683
2865
77465
2237
73423
54598
25066
5419
39748
2941
74879
79993
32210
72518
88485
51393
49072
73231
36899
19555
19942
83189
9603
40722
56889
95022
21397
71692
93494
30618
84256
48790
27369
74170
94612
95407
68949
71567
68283
30219
92619
5518
90787
4237
76214
52129
5242
31949
21667
33621
73435
40970
42450
86180
13284
69485
68824
61527
28715
41694
19249
38098
98867
65726
52232
51189
11703
27034
2620
655
86776
68605
79070
78124
84178
88327
50810
35605
22325
70088
87342
66118
81423
40957
6772
44604
39932
71520
25144
54205
89678
37315
51302
93229
25134
98471
31752
20816
17014
39331
93811
41310
44150
54721
73921
22519
97985
31207
53169
45958
92408
21605
13167
35969
39588
98035
60307
9612
80268
51337
35331
97866
46170
49569
77726
12685
60474
46541
74364
26046
85225
70463
49681
46794
39024
76733
83062
54746
11490
48841
32458
53135
88675
16106
99170
12770
10933
38941
47724
12883
27332
39602
99748
58411
96267
75066
94446
62825
57876
9260
81086
92491
23741
16828
85361
51921
67129
55733
522
46597
14778
78092
20950
8410
75966
76313
95888
91674
21170
37053
40279
74595
16157
51316
70314
72713
90585
1615
13620
70786
22992
42264
24984
34045
74846
83927
90547
82955
46535
35200
82702
31427
81529
24330
10156
35587
80078
70316
97003
92491
27753
46238
32264
11261
76606
93816
64711
79491
90587
98028
74308
1288
55946
42104
56417
47244
32730
56096
23034
11564
12467
19538
87655
87347
95513
17435
21156
62008
95282
97327
37341
431
70589
98223
94843
8795
58906
93217
67867
36154
52698
30566
20679
762
18205
14121
2553
13726
86961
31136
71444
80213
57464
25833
17832
52703
19641
4440
77992
63034
36318
97510
6727
7782
87230
22671
25724
81372
59359
18943
26572
11958
19185
71883
14257
26864
60441
11870
73697
99235
13342
33376
66118
98641
81173
79699
649
65982
39065
92030
59541
13224
33080
86592
92953
26438
91455
24522
23847
97168
54295
93660
36104
60474
19052
27264
39304
43391
25134
57661
12475
68534
16356
56062
46395
6598
32478
70031
51887
26913
62814
91168
20479
10270
21675
16435
67230
21403
53115
43470
93518
9978
84011
40104
90259
23315
54126
97634
54167
43661
27063
9868
40265
53953
90475
76603
19241
96423
35196
21322
44725
29238
77445
73992
81546
53534
48589
44657
30553
33542
69034
54359
73775
5396
80278
2797
83587
39823
15820
19748
45192
9077
24820
22896
22111
36777
7935
9006
34812
27709
3581
88059
61543
76897
75193
61869
63546
59460
97209
91725
70364
25500
9696
61175
42358
29428
37081
21031
35068
51034
95681
68427
33414
53918
44597
65048
46706
76189
81772
89832
80720
53232
54190
34536
94455
87567
96888
14032
50143
35034
4903
54442
95314
53052
72927
50075
70941
22374
48954
25065
32839
96643
9668
62058
35029
4664
36200
57578
41669
66589
85676
38337
69576
81141
44218
88415
23565
14682
43600
92773
90424
44264
85100
38527
72459
12200
3109
85661
45609
51970
4992
362
95425
71970
54249
99733
17778
20637
84069
79891
43908
34352
74004
55561
96419
62890
40754
74667
78028
13677
62185
46272
62628
27375
70245
46263
78816
44679
35563
41446
90391
70124
88098
83735
5867
58887
2446
72133
40693
44188
53703
57591
91905
25598
91989
23880
43942
98682
72940
43815
50997
69243
4508
42592
61496
74602
18771
20343
76073
68242
53178
42844
97537
59363
23608
67019
37199
96579
85922
78521
3628
21019
60002
76985
30813
50835
57035
14137
52784
26823
18822
55287
89681
18890
79015
91136
79567
73892
64544
46001
73644
71569
87007
15338
24339
2454
92656
1043
17660
83076
89650
59554
57674
52319
68095
80670
77753
90372
54563
31585
30047
97044
70153
80829
76168
12899
48967
94829
77214
42071
10559
73471
96298
82076
96777
28040
19151
33747
93759
19813
75570
87527
34847
74052
80866
52798
98609
38489
10690
90327
29485
84099
23577
94663
46427
29284
7597
88477
87361
3771
8516
59243
7875
17300
60802
68958
184
60612
26622
78440
62932
58420
88361
24969
9303
99524
50753
36414
61703
55283
66305
34578
63041
8211
1305
41297
90344
67900
55526
1638
77523
6916
68903
86388
84488
70928
65570
98499
35903
25153
12883
40715
44066
6626
81553
88972
4165
28729
28833
45086
99771
71164
75758
12822
34197
38592
12748
52108
84003
74426
62895
77389
54248
66616
54277
4529
52154
54368
13181
34508
37281
57054
58292
28086
35491
29711
38115
47306
67708
68658
56860
72707
52450
74723
96140
2264
23656
53916
24449
23471
48115
59285
3756
17546
90917
22619
68849
14653
60387
81558
11429
96199
66622
46020
91131
4062
60139
4369
69679
46291
69117
63302
85592
80481
97286
30778
25511
3965
67854
82811
33869
68369
71067
97780
15592
95065
63205
56491
84929
51780
2269
28147
6490
35919
42417
99401
25737
98295
84509
6171
84591
48242
94865
4031
35569
13733
63908
94369
31875
59022
61835
57450
15121
52147
94473
82003
11190
48477
19607
90368
14033
82601
74284
23032
28776
12057
2372
56856
88298
6744
43211
47031
18127
39622
18066
87035
53790
8918
17423
40158
92509
40638
48583
88974
46948
98598
96117
10626
27434
50737
73637
99444
38412
37913
5347
60560
87178
21731
97118
61755
9685
85504
99072
92248
38527
99074
35913
36354
66170
78426
51850
65519
6078
32844
67416
63154
75606
69691
33631
30828
26072
56342
4761
68233
87545
44859
78898
65380
36250
27475
66249
33828
54626
33271
38545
78460
33844
62388
90112
17552
59385
66210
89568
9669
24588
56723
50382
41435
15033
62075
84289
22946
5732
95377
87672
88164
89890
22691
61792
76812
82805
23396
23919
16156
86886
42950
43777
35956
67670
29498
67097
25774
40955
89567
15543
14983
77784
66398
22419
38319
72001
87247
25516
34802
89488
18780
51166
2785
40427
46465
77437
1339
99492
80143
55523
18665
65794
33851
23955
46102
50480
13386
69603
92087
77383
41792
94631
8290
30792
14156
78419
77266
57471
25027
80958
28612
46576
99263
6017
76935
75854
45225
85928
87241
55595
47535
24897
16681
26376
38765
54258
77449
75061
67563
76864
28343
99038
49536
15809
56650
24731
3937
12148
64368
51473
90410
2919
39087
44988
65623
73948
28239
11685
84993
33568
93041
90399
79052
41287
21655
89471
56282
31573
11934
57697
35663
48797
81786
20316
47495
65372
11464
86779
28463
98641
34462
62799
62056
65331
68136
5410
12642
29019
58557
16426
98424
540
74957
93189
75285
62682
71773
77476
78499
69139
85055
16911
54800
10956
25001
5047
56136
8023
94419
94477
45739
39879
52267
45901
8389
37999
3573
46842
41267
51294
41684
82197
81043
62022
55081
89366
89571
28202
98902
21516
84906
6727
9931
70177
61741
13280
1115
73163
95540
83269
38602
23135
68921
70877
61334
64606
10140
27155
6969
17212
72748
12500
6013
69416
11491
44461
546
61995
6897
47535
71596
51985
31048
91620
73242
25684
88088
6878
67217
99763
47468
61791
72205
17669
321
64544
81422
92833
58095
80680
18595
14326
73288
23398
44563
38971
71832
45162
17797
16051
1946
44291
79201
48925
38579
44331
74074
68640
92997
67895
78938
38107
47952
52075
37442
78506
34770
23869
56773
82683
78712
81482
49589
58865
35640
94270
43474
26086
41376
89805
37884
93534
71569
31359
6722
62934
81473
72069
83631
17005
61636
87189
34130
95477
77642
45806
75997
3089
69033
9084
31884
90253
89610
90738
98717
84638
76075
70097
15294
33170
50975
1060
89805
86036
95127
57419
54550
82047
30288
49191
68977
84823
68499
21026
88464
41675
51859
55213
73248
96005
64532
20321
46478
40626
86296
87284
43520
15740
50549
53518
44699
68975
22409
92671
23740
22496
68674
7677
58395
11798
71845
71816
89496
81952
48884
88509
9526
74804
15834
78853
15244
93244
11103
41863
99431
42875
17343
52221
3048
71095
9558
9415
42094
11138
18859
45068
54462
52001
26817
94830
98495
15149
2450
84758
5555
54655
89892
10363
57574
92974
5159
16191
27807
57197
37157
56497
66846
72500
26069
73872
69658
34561
17370
2575
71074
55042
27465
10218
50824
17426
11086
20098
57276
55109
3485
90024
81468
42433
50333
74018
27727
45210
86061
28127
6633
61398
69883
24677
83800
4806
21831
70967
83084
68941
43319
88602
18688
42655
12440
82132
54287
66121
62640
98449
38248
91657
74044
58449
74280
63929
87699
61941
65079
87125
62676
49810
90942
56642
43048
1635
68358
20185
59840
87140
88946
59812
96525
65693
46021
20714
64251
9198
16137
30792
23041
88288
68163
60621
2765
37460
91817
18289
55689
30869
28772
28695
96730
9011
80777
30544
5364
44329
11350
88609
82832
12890
6830
41954
12190
94438
85694
27993
67661
77713
18376
45773
4635
23704
16346
74429
1868
95235
74020
57272
8285
97857
58635
83200
899
87195
74900
45648
42718
2037
75325
53643
25191
41678
5107
46085
41363
57820
27212
79865
42117
31294
23035
7133
71323
32533
69531
27234
31541
59510
33378
26846
30382
56197
10807
57999
37846
72318
10687
29110
85351
69818
64608
82380
17683
48534
92768
57129
49300
23719
55176
42604
68164
69327
45382
36595
12698
73609
79468
77620
73268
99622
48260
38473
49092
29024
43118
31166
77097
45060
87806
94598
56523
29556
89875
52631
56059
52187
98234
43613
5776
73800
89199
30490
91292
31504
65239
79165
99881
76438
96965
70216
18247
30044
7640
94450
34440
79462
3134
68065
52863
13754
68970
35076
42418
12382
17510
39812
47982
98495
95439
11929
82886
80558
58017
84217
35172
33580
18506
9200
37857
55852
8527
88332
80510
85906
21077
85943
27143
67656
31233
4755
72997
9863
701
46908
33526
17938
28900
25494
44242
44678
88777
89019
26353
85546
16434
5362
64911
89549
62650
40270
995
75415
99171
28776
28758
18031
74069
57799
35665
73457
60567
93032
50317
16908
6221
72185
70515
4192
54912
79265
62162
20907
90461
16589
89736
33265
59456
21177
3124
6539
21643
10044
86297
41505
21298
54577
8103
79116
90148
90089
21876
57228
87971
86315
8471
93681
60350
54065
54670
72982
89502
74623
33366
53
75620
78649
46419
63095
85461
38741
78081
11609
13845
726
61432
60465
27975
69073
43344
26607
33682
48767
40825
92294
88062
78053
59913
32918
57579
33477
26146
12694
14397
34330
60603
80594
33961
98652
22926
67991
86586
61423
9115
22230
24986
79765
91494
4160
48386
31553
62703
65548
64738
99522
49394
87723
85060
47387
73948
62307
28007
70574
2817
94460
14925
50211
98152
80588
31470
52011
38380
10157
34102
92597
79491
8366
83878
30783
72926
36813
67612
98019
89359
16390
64192
74337
75166
29892
72856
11910
31778
56042
31007
66293
34280
98342
37490
48166
76148
90660
3832
26982
8373
87674
64246
92443
8910
24877
41598
51782
87566
24612
66351
90074
22071
88905
25036
30489
89140
55226
95686
84756
69511
26905
98180
35510
19817
13715
93679
53610
15525
72085
37700
81078
11788
57342
58520
23046
10732
31905
13336
12282
14929
5109
23912
60293
70905
35458
39958
11812
19310
98254
79724
3359
45513
88645
86082
30317
4879
33176
33577
94731
23900
94247
52623
77147
91951
21323
14301
24274
66571
35956
76714
83917
70314
73833
14098
98563
43563
92842
49658
53826
59182
13355
13916
72304
97672
26335
2990
42587
6096
34575
37818
10646
23471
35756
89960
18153
37697
28007
78343
72885
60147
19241
67364
34047
12951
8360
579
48343
96229
35348
98310
50908
30964
69846
54643
59792
36350
15513
67899
97844
61102
9324
84495
57378
63561
91213
71748
82682
29069
65418
62019
61808
78282
67302
173
79792
30896
66459
49962
81435
70150
37467
75485
30920
84402
51847
40014
28868
91825
31589
19250
8951
40183
59459
87604
10800
32912
60945
80171
87644
47564
21458
80189
64973
86420
4484
41827
48608
54901
10851
39508
6597
64876
34738
36532
6205
73873
79761
87970
40796
6444
44557
93200
16706
39058
7589
74608
99054
6405
43766
59888
61177
87486
81107
80902
446
86408
71085
16354
61970
65890
9450
7812
13112
56566
24418
15300
11404
82069
88805
75063
55759
24949
17756
76974
86058
80440
69685
97797
73831
65331
19202
67052
33656
58386
59589
40465
67314
5025
12904
58047
50526
26412
12784
1220
55182
4982
33394
31553
87922
17151
43718
39742
26082
68485
84995
65534
7467
67573
50609
83525
44843
60941
36416
3796
81347
45829
64101
9981
10169
62371
18583
57456
3070
78728
58849
61695
88591
14090
47945
66584
69519
16064
84660
36275
19524
54379
90772
2665
66718
23826
41606
79852
38178
47118
29070
91839
89921
38027
41887
39016
67881
80404
20161
80394
37047
5947
52250
53813
72400
97035
7285
65972
29429
60782
62274
51687
82541
22202
74265
5710
36214
14732
30228
57564
3805
39595
92291
52421
2522
40227
18016
11123
90917
98308
85738
65252
6479
68950
31707
18590
54423
4114
31346
83937
74465
67008
83482
11939
4939
62912
16551
17089
90236
49634
18567
53377
22549
7754
2637
98992
57777
70553
31508
31222
67601
1639
35481
20170
12288
60327
13794
18638
61394
60914
56967
83759
55487
27420
88885
34303
42675
61467
40939
87754
50742
78002
7902
80333
54074
64267
12326
63271
92477
99741
85510
93007
7757
55568
31794
43037
11217
4594
29778
128
30131
2807
60376
24945
83629
47939
49841
43640
64556
96484
96918
77486
91506
62734
5627
98072
63671
82980
27021
44666
181
47962
3882
93108
48648
35395
82137
98630
35142
55675
64575
76322
92269
76752
67371
87742
83158
5036
65959
9174
94906
3382
260
81358
45769
1488
26986
21695
23962
84425
93401
38504
55847
47834
42023
68292
84752
42923
43602
29044
11551
80270
89456
32559
84583
60278
86687
93117
30617
58631
35223
336
88988
74031
98392
47323
49970
80999
98501
43732
2088
18339
77641
58198
85121
61989
55329
33915
54410
40713
6039
49560
50260
3621
89171
33722
55506
15366
33061
91788
12210
19937
60912
70078
80665
13551
29165
88040
78244
4979
771
1404
32120
36353
84254
78452
53374
59705
37869
18230
18877
31992
81707
91913
65403
73366
56822
27515
15804
27792
26235
33068
43011
38801
84089
38640
97889
34202
99807
38039
17948
25373
53693
10608
77881
32495
85022
9735
48840
29879
33637
61762
47934
6669
35830
52033
9322
65573
97414
42320
8648
55343
80255
83334
70994
99049
98242
65618
75876
24681
82477
48626
45593
52916
78601
26392
13391
11451
64861
90177
77451
86582
55841
77189
96632
94472
93408
13468
54085
63879
15166
12206
14154
52384
21146
73912
70972
69856
5550
66510
53687
56587
13646
5047
65284
28750
14836
58402
33067
66537
90203
39604
82755
14499
94476
95058
20105
13765
15097
40947
24088
36712
20184
26284
68211
4362
91828
11091
54117
46765
10364
43289
91426
82667
51296
5596
26843
80460
86323
50720
92545
71170
68450
42649
25761
41337
98699
46906
66850
14389
99987
73492
26931
14917
92616
32011
81118
62921
67162
90229
99950
3075
22679
16926
48840
54173
49595
18533
9933
15554
1177
27105
88012
44528
50687
16560
31385
29167
47499
65827
43989
98687
58951
7719
57741
39255
20042
23847
59462
53651
3430
18181
9235
42506
69531
11753
97597
60059
40263
50896
6546
62143
62239
19069
23121
76229
59377
74734
30295
4108
5383
29233
62694
13458
12821
38229
33208
76911
84295
97767
5693
11869
53287
14243
28584
88438
59444
10804
89224
46108
37099
61507
60765
40718
30975
44026
37035
51877
92193
63134
53068
82149
37057
18247
44061
43310
91975
56551
43144
63588
78985
48110
10146
51091
22815
32473
6433
27123
44969
17525
92940
32049
83431
72907
90431
4570
128
48326
8590
73070
51723
41933
26546
5620
26107
98005
28821
96286
22162
19290
30717
8523
24760
22954
72411
76732
92818
91830
59736
36870
96746
51647
45294
69445
98475
98411
71201
73313
20064
98463
61974
87701
14057
48427
10447
81258
59475
13084
32855
64830
41502
42646
82529
49487
94458
39684
45977
11565
81221
97897
92878
46108
1636
99100
38219
45760
61184
30069
58397
87305
23622
5122
69592
84033
74013
24178
43056
91387
96920
18712
39499
77193
27068
12834
92560
34924
71227
86870
87942
96411
88159
4878
55823
78486
63845
98367
38178
54347
86182
58976
94764
42679
95901
51677
49965
97566
83108
38781
17593
27750
89
47567
81295
91071
41266
65970
15004
85667
17004
44223
8
8324
16636
59393
99236
27179
46697
44828
88569
83287
29958
20270
97535
55587
89372
97114
89248
13747
18193
63504
64886
34063
71697
23363
39575
11116
64244
42113
8145
37005
94187
68141
7300
25815
80887
38288
20650
96042
54214
93162
67999
62731
51041
9830
82006
56678
52553
11012
15514
60197
52105
27421
66597
62927
67440
11201
19027
34900
45783
77859
14380
10125
62686
13272
74780
12467
45150
51320
66410
49795
62366
78861
42885
95978
30763
59711
40265
58197
18927
13004
58195
14020
51340
59087
11913
1692
8888
448
67293
24288
53005
16728
21924
20200
88363
44145
40370
86167
63332
36331
95495
26100
79761
6398
15993
37139
75376
79627
19583
58908
51636
93143
6580
66465
60705
21956
1826
77521
353
99910
53009
69778
24197
4908
86971
31871
52827
53016
94504
69155
73420
11320
74146
61114
19896
39973
87259
70079
75905
11144
64904
71899
55905
47310
13982
52208
25571
60556
89954
61479
62989
23920
59420
98071
95898
67767
51997
44028
87873
29477
25473
89921
62732
26114
64464
99474
85386
7819
45728
74536
39410
70354
29135
35809
68240
27070
23872
28447
34156
95358
37319
2708
17627
88691
5821
38905
59868
45421
54880
28450
95683
85451
14562
29467
31022
82345
42885
59035
52147
46074
32578
93586
54474
73532
34436
87750
78444
52521
21869
58683
44542
63563
57945
5285
33632
98109
8849
27562
32665
93072
9602
6752
49161
30054
71133
37355
5325
55827
22165
77469
60482
17426
17446
93375
62346
22573
76950
77833
67741
57629
17150
68750
89147
84946
18951
30269
9647
5536
51082
67841
23981
82648
89350
31555
26294
58361
28135
29059
24474
20717
88739
88849
79760
23373
29572
84814
30341
57223
84945
82865
61743
24572
61309
27571
35663
85636
52128
6154
17459
19266
3325
86314
17732
17148
5050
40421
91219
61627
96786
37746
68344
28502
95178
45775
54535
75961
87075
18184
85235
14696
23704
16680
58422
55949
87029
9774
40949
80078
63433
53809
21754
81966
76255
73787
87210
42446
51862
48242
18379
93910
96658
56461
60957
66418
24660
39008
25171
26434
87112
78161
33598
14371
67655
75077
27840
99821
27794
67966
61471
56531
75890
53096
91935
75595
93656
68272
41635
48358
12039
40
73853
42390
98586
21009
70916
92169
76337
11739
79241
79793
31548
3737
70074
78620
78333
49312
23730
25736
12989
60807
14831
91264
64358
96704
49637
69466
10758
63415
43175
99277
68652
24002
78727
64165
82002
51996
64437
22063
12879
72615
97461
99869
96747
10236
54512
5942
56230
16145
64887
19250
70068
74008
44392
8579
77378
31855
88202
75126
15700
17914
85696
49164
15745
61681
95270
67544
68375
46479
98793
74852
35011
36000
21000
61352
806
40941
37385
58720
11077
19704
57464
29952
46752
46181
15826
21036
77366
65722
34559
24158
9306
67607
1384
2585
12275
22948
47242
54287
89160
65248
75213
12448
96140
6877
99562
88282
13716
3722
57644
30706
10285
11987
82416
78861
80964
20267
8308
59805
28886
54670
21493
66083
98553
93767
13772
58828
56579
44475
17955
63685
33298
84916
51903
20798
25359
75083
91856
19515
58267
70110
19327
56101
32915
3579
12921
30659
2340
93808
14901
74705
4319
10963
32078
89374
99765
27318
30071
57422
45191
66909
62637
58563
943
84068
16608
46425
88184
74579
92243
87163
23672
3413
4559
57966
89458
75530
43387
46210
14195
57505
30122
21825
9445
22389
59934
70520
2061
73478
92442
12245
36176
75839
93804
70662
84734
55223
19143
10780
35111
15567
76565
46907
18657
703
38737
32364
50754
60975
66515
23838
72690
24139
80383
33659
1517
12606
44984
73467
86917
64956
95142
94880
98431
89118
63445
2404
9978
25489
341
57631
59030
63506
36302
4058
63965
34050
67265
32624
89217
332
2281
52704
8103
5184
69032
90909
75647
15435
78259
38030
35800
77451
4656
48948
28010
48485
53481
48031
26988
17797
79954
91376
26804
2372
14449
34782
43530
82991
24122
38518
99789
41048
60100
64475
91983
92057
89532
20611
65027
13890
72537
63212
84731
86882
29063
16737
95110
97623
99616
4415
21151
65781
87989
90234
46328
63748
5548
50496
36584
11563
79873
42148
47515
33725
86464
94873
29160
87726
41105
80676
21492
96414
75470
90821
55479
55198
75234
9388
48781
83308
29440
23118
29897
33014
29215
57791
17920
50561
84216
41410
67619
25678
94730
53883
15356
41211
1016
91612
54113
25556
59819
44682
52200
61580
43582
75475
96235
6445
27885
1199
93709
30700
34396
44749
70934
86523
20887
43163
29330
20289
51519
71312
96643
2244
87845
56119
99786
24200
88327
66372
26860
68089
19527
79738
955
88580
81231
46498
61584
94024
88908
22661
35639
35618
36087
61156
72214
57636
17912
14783
25866
34271
51913
82677
25740
85109
95373
851
47219
41949
60605
24420
6891
87207
67254
71046
59048
56030
27056
25135
24037
68327
29255
47737
73689
54946
75077
40280
91881
7045
57570
9417
20106
30802
28582
34130
47103
93215
94140
29916
46567
424
4216
71403
71934
39442
49183
12667
98984
48316
61448
84058
65639
82000
40135
51547
69977
55768
54249
60298
96344
32530
96864
85340
32321
98548
7673
76478
76225
88044
73323
65316
92516
40216
15077
18379
62707
39986
87508
91110
5714
16859
36026
16551
82333
45805
67711
91980
7461
35509
11035
25883
57493
29002
89931
54078
35625
38048
4431
97987
16733
9458
78419
85900
94283
64635
58509
60665
91639
88637
3743
12474
85811
89493
79582
31362
98673
52678
93188
6573
24972
79039
88057
14400
22036
60080
15339
18178
37275
68707
23217
26091
90771
71644
31315
13635
57097
43694
36397
51024
62614
81355
18804
99718
6794
91264
28315
81837
81718
62095
26290
2539
72925
48245
13184
15575
57441
95345
50437
30442
71968
53389
79195
17300
40346
31331
65954
21986
63773
5057
63915
64300
83629
84892
83065
59206
82819
96030
15701
87889
94991
29263
30025
63323
99983
70613
44987
14238
20753
52974
91660
98441
67677
61759
2492
82365
7972
36316
67071
60141
32553
49841
80315
31425
75845
68397
20659
77850
66144
93505
37540
66913
21576
94102
90048
94003
73440
22527
64815
91138
96986
78810
15190
2394
49804
68639
44453
12481
36031
81882
12083
76493
52887
53534
89183
9153
35051
19556
16060
43995
93422
46763
88854
13466
13041
12633
40367
87825
71497
20098
85526
56709
33063
96243
32087
10804
84939
40197
2916
91128
20950
96448
74613
45522
53968
32197
95050
50715
21502
67508
64082
55416
25354
82005
23728
44322
14263
79135
35932
4870
28881
6827
76273
67542
25117
12846
1890
5611
3328
75530
34456
28267
79359
84981
252
39955
27888
2541
54140
92075
93265
88844
51005
77627
46192
20210
6901
27143
32267
85454
12025
83089
62264
19391
7085
37238
12164
30310
46037
9803
9255
32598
77395
91350
87912
91528
91541
5549
37332
32020
36713
56305
72889
34350
42521
76617
17756
80781
67470
79390
25820
96444
55915
73945
25141
45110
10047
48162
38299
14840
93251
68137
92441
12605
11791
50744
90644
82645
21700
52990
30705
75803
13744
70868
45333
78806
70088
70059
92207
2374
63409
21865
86026
55775
26951
61076
1625
52732
53682
76966
2040
32973
67132
90715
28485
75889
23109
14705
39703
89317
81351
53640
17816
80510
27765
81799
78324
92828
322
16401
3602
95104
35452
86618
44802
38843
31754
76158
57892
53698
49784
58858
60603
87236
62595
20715
11257
10739
89956
17780
21523
35309
72751
52007
78795
20953
70087
63733
88554
50208
98063
24933
12693
28845
66053
88752
52314
67665
13382
18571
1164
1016
92858
77142
83587
78632
65949
7570
47129
60343
7720
92454
76213
22798
91519
15867
33192
89321
61270
84935
48116
526
17402
12517
86504
74643
95702
3919
77897
22191
47407
37004
65255
25222
97921
50365
77915
36743
55110
75287
23626
47955
75619
90062
62539
16755
78494
52077
13254
13275
8353
51244
26218
47481
43214
72498
22341
81577
94857
63275
48900
38987
16370
35236
9201
17809
83012
46323
3908
96226
53910
75488
56070
33281
1897
95003
33700
54247
1019
34902
43334
61159
54077
36978
54509
39090
25421
17464
69534
44452
91028
35874
1976
30448
32210
73418
96334
7421
96420
20620
39346
19387
34434
14199
68788
3525
19920
98935
63193
94806
5228
8526
30044
39999
78788
11849
40599
80660
49347
7260
62675
97418
1960
10624
60207
18721
38855
8092
47038
54608
36029
87912
18206
44611
53371
76523
14084
39693
91482
99777
23264
1037
43169
65338
97860
49105
77002
40102
85592
83633
34781
53214
81756
31626
1697
77818
77708
72142
66540
51319
53902
36914
20664
43926
39992
93790
78729
30210
92254
35176
68476
84687
40350
42235
86540
49729
67
16463
9045
69226
68437
20730
53823
7020
88757
31319
93185
73934
62139
86289
87812
66408
3094
34322
54711
74210
1183
89263
84872
6231
48926
43161
73605
37418
70388
72124
3485
6377
54871
59210
57992
1919
56771
24696
74411
89490
44059
88711
80238
89792
13239
24954
96520
31836
79998
73195
6651
16101
9132
96554
25783
97694
28653
73100
58195
43070
17649
49637
44457
77471
65454
57032
51359
4216
99273
79682
61961
83290
87671
1327
55711
66109
14671
68977
55237
50655
30509
61722
54300
61437
86841
93080
89791
51071
76409
68261
14060
10789
89945
2151
54116
88442
5175
26711
42040
39493
54543
27771
85607
11449
84592
73950
75647
13473
54393
49312
4366
39083
29433
34078
17110
71825
80791
48765
69612
11353
79308
71987
96836
93514
76117
46677
51517
16753
8266
38609
53376
52034
93805
15235
1713
31018
5040
24774
22501
5606
90234
88928
56430
42697
97876
97919
53807
39581
13620
60494
48786
86142
33823
71440
58581
45075
61405
56221
69314
3401
2881
86341
43371
77001
54716
11199
69947
95522
42652
6303
18533
292
78810
86555
35127
55982
6328
38556
53006
9850
43281
1809
78952
94487
68256
25118
91134
73368
95586
93153
11328
29200
79833
31485
17122
74786
49155
14008
64537
91570
12198
19974
16882
3664
13295
1604
4820
42502
38103
45757
21640
30567
81019
29522
7523
91653
20767
2327
96326
6899
32210
782
19728
63475
71971
59297
70909
4680
37713
89175
96049
86832
84139
62532
85925
98659
63719
34102
33277
38023
31024
3138
38565
206
91587
12434
18196
6904
4182
91869
20274
22695
67057
13154
28135
19817
74306
43344
92912
90202
18984
14636
90765
58317
47917
18275
71249
55499
78996
10749
49739
75634
31986
18038
63436
23655
96145
36666
15596
38690
15134
36529
46885
65524
2892
30005
65977
22822
45474
59017
10688
26986
87324
98455
74215
55053
7929
45492
75902
2758
18685
57290
9078
67255
1700
3176
69544
66320
57653
3978
66020
35755
82816
34230
4568
94026
2252
34626
27643
27411
99918
14345
51066
47048
93479
70071
98364
47534
17357
54935
32775
92140
54925
16117
35883
17016
15399
73431
69938
79182
47451
24969
2194
50098
506
34219
95528
79003
24687
39787
29499
19044
74331
50479
75825
94460
82895
49060
33273
15331
73390
59139
59058
64630
18311
16500
5535
61073
4816
43169
1507
27213
8695
99382
61681
83243
47950
17689
64011
3468
22442
7347
98572
56283
73593
73713
13696
41824
17769
754
62620
92734
722
75589
86742
62052
13123
31668
74269
92484
20853
48649
51121
24820
6889
22544
86747
97548
94465
83498
68063
26745
42119
98123
86859
32481
31156
23391
80253
77593
37188
91589
24867
20309
83032
1376
7032
13706
51597
33497
76660
60442
87260
71546
39989
63913
63435
6860
55668
3994
98118
43321
60146
66670
53670
55236
49669
46622
55670
76667
43341
93932
73361
41555
51210
60240
32659
93074
86876
83136
26764
15273
14259
50631
5539
66801
53970
39711
50169
7827
84681
28513
5703
65837
37718
18574
29425
17018
34543
4586
9407
35986
30123
40406
23970
51853
98997
32302
35999
17656
69966
39668
69917
46364
93628
86207
43069
43510
80351
45197
58662
78501
18712
19985
89268
18823
59529
4999
21984
76584
83001
64796
41391
30384
37714
8582
43557
5201
45171
51757
65050
70213
74331
16545
6356
58143
75597
10250
25924
82933
70289
18532
81547
35201
29771
79719
65380
70165
44782
8337
68312
67692
63154
10852
52897
24396
59775
96562
93272
360
48354
72511
37571
21497
17211
24994
5363
9666
88486
74812
98500
11175
49140
19605
36810
12404
89159
93630
15732
94740
64902
37069
61287
84091
50032
32066
23598
84447
94
35780
14709
65489
69519
88553
27329
86031
25230
28211
16536
43272
42493
52331
14826
84357
73207
83382
62946
47090
72955
7000
82057
41607
46359
20187
76094
85235
10390
75886
99341
44339
57836
56352
4536
48525
30909
68290
28936
21839
73892
88685
81296
86699
87169
1432
15269
62615
97174
73472
62614
97007
86093
48968
79857
34180
47612
5737
29593
48480
61576
45176
49589
3625
29735
87996
25266
53733
40838
56415
80011
33634
12581
21421
63134
12583
66216
69642
47813
68670
87283
64170
6329
61650
32096
21787
42569
83035
4157
66710
8195
81841
96859
67763
92075
40657
35407
30370
53570
79118
24950
57751
24276
94527
1744
5090
22605
31238
55484
482
4699
41488
29656
10897
39072
7975
27850
99782
3351
33444
40635
58290
33949
87245
98747
53798
61872
45663
80345
30561
71229
96817
73004
69742
52667
46126
78882
31949
20997
1950
32019
54839
90260
36077
51168
66411
54011
63246
18851
41835
82879
40292
80801
59259
23840
65696
32190
49141
68286
42064
6164
84854
55511
12476
67261
32273
54301
16864
70538
84821
79128
79395
47113
28795
92687
46633
97768
26216
74484
93003
7842
34268
86899
21663
43989
766
51655
10326
32781
7709
92406
83983
74512
73646
35516
37080
95178
67294
75784
54654
58684
62948
69863
44827
97587
36064
53116
71350
11051
97772
52838
56518
3132
67301
3697
58542
46642
65048
10938
65573
15401
90136
13898
78602
15554
21314
33930
28753
78627
25914
5552
15360
75299
1315
43335
48916
20021
75088
2314
9538
36045
7698
75598
79578
21762
11541
17924
27425
30274
99357
34396
15759
18271
53619
94698
62446
53401
35056
78952
91797
41419
67801
6998
8585
59777
12849
53529
40018
31904
82297
66545
74386
84542
40273
4455
86720
13843
7698
81167
59029
79386
28724
64057
2783
1363
23643
63924
10066
79026
65160
79414
83426
22302
2250
99699
60616
40660
5548
80822
28609
78911
27874
37714
55822
82204
11576
86486
6389
25196
18132
80339
75866
24107
15134
33693
50319
33912
62963
35507
79280
41054
76954
82510
46409
64298
2247
95969
4017
958
92246
11060
46993
38780
129
67278
64698
60672
7998
53245
2237
90774
96705
42508
92947
15314
55101
11804
30593
74227
24578
77647
63468
87689
53863
65245
86530
21585
23006
37517
25071
33907
20585
40798
29553
8199
16329
58164
50224
3639
55069
84297
54106
15292
67860
57202
19355
66564
82003
13406
7456
93399
88851
23920
4789
5
89654
79482
44584
96850
56423
1659
29222
94310
76409
83014
86311
66660
64901
66575
85961
93633
33305
28898
7745
51488
6712
39335
2378
20851
99620
19465
68796
277
11936
38189
7410
83780
50585
59658
90756
28100
37468
66801
56276
4967
30747
46670
22089
13346
74163
2760
39347
94683
70043
58067
90058
83265
45995
6496
85231
13859
10969
70138
77898
64605
74940
98600
2152
59198
13272
76412
96447
26595
10975
8229
95097
31427
14214
79963
25232
57919
40460
13338
13826
52111
50774
35845
90163
86952
50638
5795
9504
95333
40453
34757
83188
50152
73258
49037
32347
20266
26617
49935
10520
31316
8655
37315
90473
29863
2252
28833
98573
9613
59549
85566
61470
55814
55893
86692
92248
48740
14178
19150
37466
52120
29023
45700
9946
49573
17151
82897
25749
58558
9477
47824
8923
5268
55664
76358
24001
7268
20456
93960
6654
89358
55920
83809
30979
97755
48701
54756
31273
75946
88818
66911
43588
74031
24431
72762
8003
13023
39456
66972
79060
16936
97407
68034
93998
43140
78534
51652
64484
56409
4420
74129
61555
16025
1068
21438
86817
52332
91285
7309
20780
76334
12398
86169
85685
7448
7767
50103
68398
2124
20839
13726
75918
92566
5619
63375
76034
34273
44138
42569
60139
30886
48554
63656
54299
72225
20274
44415
87260
66488
92555
95904
23095
9156
60811
99964
20934
7086
71435
37173
10880
32629
84419
84092
19206
39850
66814
52093
15588
38776
46455
63806
8885
60220
97591
6626
70200
54106
83685
70631
45367
98727
35093
27234
39429
96087
61899
54655
10091
1926
75126
34020
75727
95483
5155
68794
80666
50100
28547
39324
73540
98785
5588
52884
59338
30545
77202
13720
93004
21709
71381
95860
86983
83253
39501
50582
7017
45045
6268
60745
1440
91610
49872
38488
93252
99659
85744
33118
35986
6223
66136
35832
30026
10271
87980
53414
75482
26955
35994
54364
25101
66329
84953
3853
66512
885
386
3836
60240
577
36982
97783
35909
32744
61661
41908
86048
36702
95753
75893
64370
37749
51876
51849
96067
9560
31107
82924
60293
98397
84018
46379
77304
3026
49276
5025
2657
9074
34043
88079
44493
65932
99123
97213
21587
97987
51528
42723
59767
4276
22001
42965
37524
59524
75577
20440
1847
90933
63161
83647
15433
88062
54868
10200
62521
23635
25572
76606
23072
21112
50123
36216
65200
56840
58149
21141
85450
79873
68082
73283
13771
68204
31333
81871
86696
5452
22174
98020
96405
25382
72361
40832
9927
93439
11191
56228
24866
87872
62459
46366
17937
78087
90041
95419
91988
15534
10079
81688
50946
66517
49826
37844
74202
79373
60978
56670
27787
76811
79021
30797
99967
79495
36073
16381
59097
53308
40117
14381
25305
76199
85061
14011
36072
45278
73771
66507
17605
39096
77077
42421
55128
15117
18686
19570
33262
84563
15729
87410
37976
11002
41537
75256
14358
96662
81535
32135
30779
80427
70581
77108
73021
33076
44243
67285
51535
260
81587
85223
46478
48179
26696
27849
7045
45421
49589
77379
40830
10590
70875
73262
84169
79351
83324
50612
64794
32556
32591
38878
69986
99890
5749
8428
38157
19358
47471
51981
85061
48214
20719
74393
51653
22424
25202
65016
54768
26364
14380
59546
48331
53961
15422
27648
63022
89172
88642
2375
71558
3479
28311
98999
58102
33728
21123
87337
27937
51119
61795
11342
38991
39800
97781
85800
53329
7156
86408
32333
89169
56899
28588
63951
79759
8777
5662
34904
54681
62419
98332
73870
84630
21426
59987
82698
88488
66575
2010
68369
18496
20132
75740
76132
22649
75846
78047
33792
17225
80443
89703
78576
24645
97632
43354
72959
48895
98304
10528
76700
26828
60792
73427
69380
36282
92484
67616
1276
57533
64595
26383
66667
94973
68263
75359
31123
33555
96526
42608
71885
38787
87591
11387
78990
26455
64267
20751
58047
47834
75447
52154
73519
30494
95412
79828
1321
54196
75150
23842
1184
83074
19415
40117
15013
27106
48414
14815
34833
92943
97071
65277
3745
47692
24827
53998
23727
81548
62150
905
32539
2095
50003
23037
24064
2449
7326
55107
32764
89127
48411
1446
11757
12107
36423
55004
6698
42108
9008
83016
32746
816
31775
96767
10588
33132
44754
76555
73993
73413
52813
15744
8699
45697
77531
11308
46506
12622
1657
88956
41365
57691
47543
66731
18998
57609
3521
96672
55506
27849
71320
71236
20571
83000
73160
87759
63823
44597
10434
61933
85961
2942
38151
40184
98248
61856
30212
98015
51212
62811
75598
28356
58995
39614
5168
10984
50034
92363
10237
44623
11763
43887
96277
61131
22663
84890
52926
82002
41135
21016
51936
1978
92927
24128
36516
77257
25560
64858
10485
53642
14753
53423
63157
59421
62270
62728
73544
88956
29040
97058
73761
65197
17110
45496
57172
34969
94265
39948
67143
47533
60058
6786
56367
12399
69387
69415
38382
39793
61851
13058
96302
94167
21869
98604
90097
70035
31095
17011
5135
7905
15404
43946
35501
85516
33493
52609
44000
34483
29715
73050
81771
18001
18760
39431
8598
44348
19907
78157
71090
99448
33083
85092
61541
65025
9192
6813
92568
27763
54729
85002
22751
70968
95140
9359
22407
67406
75906
76537
33639
55605
67600
1914
77396
7120
26305
80914
54050
50646
78971
43028
52593
4899
57095
1358
86340
84326
84210
38149
79742
83953
1839
81847
18718
70556
34615
3446
94211
18692
9795
33721
55509
42720
66190
59156
69410
71542
48405
38846
44679
21539
8230
32760
72797
57730
13541
15368
71497
5584
33877
89402
68712
15555
64377
70639
24338
54458
28190
6120
99779
28352
33586
81998
37397
71222
25309
42471
21805
67151
37714
46094
88836
83049
69438
53512
1360
44268
37676
61837
66981
44655
78077
59061
66300
62293
74065
77317
78725
87386
62184
45372
18761
10745
50828
79780
53961
13574
28650
67389
50772
83819
4374
97642
16582
37965
33549
63063
50854
81475
24810
3175
19010
87955
29974
26211
56158
5488
80729
51532
42354
14626
98322
56322
53749
92949
67190
92665
38697
53793
56722
9579
34518
10602
44174
23175
81421
71028
11975
57088
79572
94332
5385
61443
88704
14494
85434
34391
56425
39524
71095
3041
74239
75712
7207
42674
65668
60781
30665
42712
10840
9170
45672
11672
6397
47545
58199
69579
66793
63613
91637
94590
90631
12853
98714
59044
87159
4091
79764
54494
76161
98989
45117
43916
47489
98388
63581
13305
71963
82071
51793
7744
60411
18464
5691
20050
44101
49990
37854
7968
6054
17395
40062
87365
81801
57677
54015
17500
22524
74411
77075
26241
65683
59001
23958
26938
45356
38402
36368
13715
60729
18684
61030
37527
60561
1605
84189
71293
5039
66546
88647
68040
22890
62701
26315
47178
94183
67620
54584
68658
76230
17785
77126
79221
33331
97533
33142
92400
65917
84105
81443
59535
53597
74206
11872
47042
37141
50669
8080
75323
30879
82
40833
82038
97202
8273
597
92342
93187
11947
47876
11757
87187
18397
90689
28540
91464
47261
52799
86730
84333
55516
13969
46505
58188
28741
5649
80404
12285
54247
73251
78655
75003
76999
14397
27572
56147
63350
8489
39768
50077
5586
43782
65376
4738
52749
48512
74119
21073
36397
92222
59462
33845
46536
40904
64289
62990
19154
30194
20341
15301
4225
33907
76552
28751
15247
82603
42082
92668
60266
56588
66669
21345
28284
54719
30237
34820
74124
53723
62300
65320
84597
62102
44206
10920
10657
44255
76612
89967
26043
37748
48117
4453
24973
69438
81936
43462
4674
92757
19119
10181
38530
87633
5129
67530
93180
60795
33579
19081
20491
46028
68830
85741
47228
90929
4480
24032
98850
53408
92471
71049
58202
9484
17448
96320
74764
42682
31096
41377
60589
95125
21379
56976
11817
56940
74706
62112
13754
26024
18514
81156
91631
94904
37474
4415
13399
16710
1291
28459
79250
30218
79982
104
87728
3143
51829
74982
34026
65087
58173
65908
90625
25850
6295
45548
60952
12524
99751
75727
69409
73559
70538
48205
81389
28421
54383
3438
84178
70545
7159
81200
47929
77018
69507
47260
95065
8063
7652
23706
1874
53945
50696
17203
22782
56260
98044
17681
10063
71635
10750
11220
89925
27931
2188
37385
22752
25945
68068
17639
1563
31933
59558
83071
45643
15319
7155
37084
44526
28953
30248
53562
67261
15250
89520
52534
38604
60489
15632
14100
31222
87567
42570
81396
90996
14732
17764
57526
42226
7869
44522
7082
93058
38773
33081
62454
24243
7529
36621
29508
84891
14318
73484
52651
92898
51380
87364
19778
72613
26264
76868
4375
42350
63736
70801
27369
15890
12255
15011
79419
92037
98590
61672
6870
17451
75116
33508
58115
66441
90632
1732
42834
65713
83312
29868
94931
23547
793
75483
63259
12144
45652
59611
70932
58261
30605
70797
22015
27865
32098
25557
95702
96226
38383
73484
42378
19362
47722
29590
65844
81114
75188
47668
66356
86376
94571
50941
986
77153
5513
48437
23203
50886
53027
43974
25357
38762
11009
49721
95256
53302
57362
27492
9829
17970
99342
29969
97399
10924
74611
77963
96180
39019
52733
83545
59299
81847
41254
36196
48924
34299
21775
68190
64151
84019
5966
98757
30049
85213
57158
83985
40263
96962
19190
1878
9731
62798
26559
20852
39235
74872
11338
40516
16448
8059
73152
315
70342
67456
59728
42676
55655
58415
38183
9798
92188
10794
42884
41995
57900
55835
16871
21248
94084
33763
71970
22515
54380
70682
12176
3109
86939
46291
10676
25951
18635
97355
639
65132
64050
25332
30888
95261
9465
55124
82017
4842
11096
42932
73633
50801
31203
27694
919
75670
28388
8639
15618
5866
61909
40483
72187
48996
45971
32392
47722
71725
16051
53400
97072
7203
6243
82078
21249
82957
55189
98095
85342
1903
38336
441
28445
60399
14966
62801
21620
43478
53557
81796
96940
97255
65472
46147
61847
54858
91535
8394
48475
12405
3721
83217
51481
31723
7119
73578
16638
2855
78839
88308
47120
99378
85147
66857
82372
8559
16115
96728
26301
92512
76584
79401
80256
8030
35320
80877
46522
99053
76256
32838
3363
66706
67690
20540
14155
43599
36365
63159
28295
39595
16619
89086
50340
8501
75068
66620
19670
6551
26410
7004
85337
66895
84842
34492
46335
9840
41967
37130
45298
85273
85515
430
45715
76761
65999
90570
55052
41988
32579
19507
53556
4608
29980
21028
95714
60061
85076
82229
31179
50554
58543
14777
71015
36263
72662
34862
79257
21945
36449
71268
56564
58996
29999
58189
27291
38707
55961
26547
14410
42780
32248
72614
56153
76482
25253
97664
62403
30525
91539
61849
8963
94130
69222
78638
74464
56616
55060
99961
18960
61898
90333
80203
43448
14090
71491
89054
448
53772
36510
37802
35542
42080
18532
29653
46906
31091
7533
81316
64419
3435
10446
7609
62166
83903
58282
72338
18265
93228
57167
22660
77111
11173
94697
5233
74136
65091
33115
19010
96352
68835
30287
67107
70172
5630
54945
63685
83946
71130
65890
90071
51761
83125
83599
79978
55159
52204
33747
44441
80534
90380
63896
82761
96192
12386
72971
58977
58366
27522
58191
15161
8546
72354
72625
35513
8927
67903
35346
30952
60510
25264
14471
96548
4143
72060
69616
37591
45433
38875
79988
50301
31877
59694
54798
84349
32168
69243
31626
34499
98469
17376
6349
82468
27028
37510
72418
5464
41380
21186
76316
43829
93625
5947
65973
71358
54059
24204
31649
99825
77186
32716
17698
99710
83568
71038
6960
82472
47754
95136
75466
45411
25224
87140
64286
20128
47432
24634
66310
67747
19522
1207
78442
39909
87158
66467
60144
36309
71141
24033
3194
50499
88996
81752
71182
73048
14306
85611
6049
5638
22573
38430
81929
62187
91666
41645
30341
89010
68762
87264
64646
10854
63678
36957
70516
57193
38083
4901
16060
42980
3194
26917
30521
26566
64956
87716
52719
68874
71297
87169
84891
72204
95487
71145
1280
72047
1656
46302
99531
40090
46787
4695
17474
57404
68125
77511
45207
32300
46368
78224
93588
99109
71907
51914
58495
24856
81167
46682
83207
30241
11405
58509
85802
37683
71416
65363
22614
62047
16779
70479
92377
2969
98824
9492
77898
39658
6464
11056
24207
93629
28398
21707
59280
35934
64759
98155
43794
35628
95727
26291
90528
42689
38162
55967
26985
65391
38324
49106
39924
64660
20591
85293
11979
17799
8865
80415
77675
66454
26546
31383
97191
72685
59767
89374
29849
22076
86897
74639
64944
42776
7352
37733
69284
81150
41053
83861
96516
56621
70130
3109
52522
77202
97975
31045
94322
33889
16153
98205
41498
34668
80312
47642
76619
60325
36956
96180
975
40408
56192
49878
25046
66599
68179
14251
17892
66371
57638
36870
30607
77466
95840
45637
57558
1094
11639
9407
7932
16353
24017
27640
23690
51021
31172
17409
97959
68870
60353
59648
57048
32712
47231
64275
81843
62883
57643
95490
43741
50520
5785
29236
18244
96290
31666
14503
50640
42203
59712
5347
8957
78580
76786
50492
33397
83186
81477
46922
82814
38102
6672
58346
66261
71059
66660
73511
60798
94583
77440
71700
36105
29617
1469
53627
58344
55173
12353
2453
61516
89281
61494
35680
61886
79209
49753
39528
30458
74948
56676
13253
61898
73348
97488
84779
12111
42548
18682
50912
65021
42559
35312
56548
66231
79459
62930
42018
12648
68510
83502
60389
1524
24018
95532
56456
37110
37177
26689
21981
63174
10299
1049
36930
85793
50657
76102
68317
29138
42982
37744
61014
3816
40149
32017
52797
2492
40759
70754
32606
76415
41196
95700
78054
613
99095
68566
1284
45063
45054
3465
71577
68007
94114
25082
98766
75835
25859
8000
43205
61641
60610
46110
21007
18270
20242
1605
56327
98065
42575
41983
99390
98730
73753
62035
86459
75685
92829
79781
81295
53643
54157
64915
61706
42047
51889
11039
73394
24983
65840
31797
39749
2208
8125
90485
46828
74040
83435
20435
33009
19333
17911
8668
6104
91112
92445
72361
9194
51737
26287
62271
20218
72744
53426
79997
6882
34473
33016
53936
3773
99588
53523
61941
57808
36541
41152
56001
1747
46427
40122
29901
3459
19599
98367
5334
59388
50563
86640
64042
35692
64161
31179
38519
36823
17917
44533
12438
38479
57996
52433
82239
74445
53908
9656
19145
67471
69224
60158
97907
78402
7288
79767
94402
88975
7708
70983
67753
74930
6990
42897
56446
93875
50301
43731
61993
62824
2533
37957
11531
34813
84970
41048
37736
67258
32353
77443
72001
74650
65998
79892
50798
2326
4012
70108
11633
37904
9100
1315
84434
79120
76291
26139
18470
41822
6794
94123
75165
40309
56021
86430
8281
32027
42706
22210
57774
45750
52001
86533
7801
67693
31745
32354
59048
50604
57828
84617
41005
29009
48631
36081
80609
88666
87119
61879
46767
86044
23570
70239
40713
53760
41077
28179
52104
94358
87253
8197
100000
76584
60247
27952
55519
67084
97098
73279
60988
93654
54962
6537
49759
29442
69723
44122
56113
32395
15010
60153
34201
93266
67170
36757
47990
50457
57764
26172
25264
4615
18426
13136
81460
74524
51388
12190
6045
54592
60281
96999
79816
76028
62463
69860
51699
60695
25388
60812
49072
36463
69377
77262
90302
36207
55397
2000
51491
30487
72212
58056
86838
40236
85016
64906
49648
11075
35079
51834
57063
48765
22950
16330
8079
85192
8386
39063
89444
530
47732
22679
1487
36585
16808
30750
67839
25189
21966
30876
35596
79627
24766
50084
29709
22444
950
39070
84442
35482
94619
41392
88177
39584
12732
24595
68883
81825
80030
30670
38818
97136
79836
98075
1730
43021
44796
72465
13780
40779
44767
29341
85931
71136
15884
16576
17685
12803
3127
98329
3197
47305
36584
23979
96193
74308
42241
56099
26839
54016
64043
80504
12537
53488
1783
46909
78600
45613
93991
79344
32998
65230
64681
61410
36095
4205
58163
58987
261
5647
74364
8824
62309
55741
97855
16111
81542
86867
32628
67986
5199
35747
62719
17687
59549
14989
83839
48189
28911
86200
18295
92762
91076
8301
51784
7176
97490
93205
16914
46117
37962
33649
29372
56600
85317
45650
91665
33152
70473
88500
70018
91793
2210
94910
36058
35593
96866
4093
91135
66865
58081
90306
18911
86325
49610
71171
75312
79928
85608
75510
98676
69802
32903
77945
28820
38285
51903
69965
35523
74601
49247
61653
56158
3380
29610
9477
43774
91445
72012
86261
26184
15409
85077
87277
2458
21471
41242
18178
92814
95983
23867
94640
39270
5716
1081
53196
2811
80154
10037
27734
67943
80720
15924
79192
6072
43415
45424
19066
47278
13730
72487
62262
94951
27206
16129
67644
9017
34020
93029
37410
25224
14289
49667
64293
86052
23311
38186
65791
83970
87404
58859
95796
1493
90909
17138
73872
254
56443
94770
50526
67258
95772
3169
68111
31601
82625
46810
44158
57836
5503
71575
11793
28540
53506
73494
34172
20345
1049
8370
20544
87054
69435
49059
94115
96407
28797
72639
11503
4192
95517
19425
88767
14970
93620
57544
96760
14482
49318
99572
69953
19384
47597
93267
89204
2949
15098
214
1201
17964
63878
75369
39838
67312
18541
68479
78434
68855
70171
58493
79203
28555
56679
33035
35095
34883
21461
18283
57505
66397
43863
48824
68957
91329
90864
15517
80969
35367
28406
17933
45309
1787
96295
74299
99615
88343
13903
96397
58394
86793
65107
27236
66668
41504
25246
6692
71359
18224
71586
24955
13538
77949
80189
8164
38322
80973
82111
40918
49570
57178
61364
16938
20188
89868
18549
86659
27054
70902
89573
67311
71752
17075
71296
97696
82422
8272
8052
47880
71894
45334
59776
82800
49381
24568
65012
44218
99152
87523
18059
27807
57534
55038
44502
8174
38005
96232
46650
86014
69449
70724
47225
23777
12569
33216
52781
11750
90000
37402
630
45439
73774
91701
14951
21644
91217
1971
51128
68234
79959
36986
65075
19552
29938
52836
47135
24730
94601
5514
42496
74699
10554
4644
33944
42694
2450
35267
43023
13697
98036
67013
65445
68956
47979
44102
51804
20925
98319
26953
86227
81630
96077
43786
85052
93825
86812
25552
13071
51184
96600
44451
83901
97550
44219
80680
64993
77002
76753
56679
98458
23501
89227
60729
13620
72608
56089
54394
57469
26988
79529
27532
74288
26912
44275
30749
84640
95088
876
66763
21984
55741
23541
60192
23136
35618
24650
959
90605
40542
74333
43898
91055
42977
84538
77538
55744
78868
29742
3348
50618
71685
71906
68509
86331
55517
64928
20975
91781
41386
46052
56588
30707
32013
34591
99190
87240
45513
79124
7340
69298
90872
1161
3310
26441
48251
57623
33880
66165
28476
60852
94043
82503
525
31781
46438
91232
66056
47051
72308
79864
14128
38978
54887
45679
60953
99243
56087
85370
24058
97806
93123
64404
65937
51928
96068
77989
80526
34420
68357
24589
26771
80220
10379
51678
52691
3456
19593
97455
64374
16053
45830
73659
22405
51087
9172
85052
96673
19790
92206
63110
77880
23826
22619
3173
67488
68520
66386
5570
17095
65384
9107
11447
1232
17167
36636
18710
20377
22384
2972
25368
93012
93679
6193
81623
3233
8855
56719
78550
76361
30892
67089
26031
56077
67749
53576
247
76856
62916
16408
44287
76803
18089
89469
56913
83871
35052
82335
51388
51951
88870
28455
27755
63901
51519
63356
44361
97821
66517
11628
17144
45977
16252
17802
18826
13108
28315
80722
75008
49346
27144
32041
36092
87006
57233
32461
74900
7675
86709
70342
99626
19767
31081
53807
24229
64403
22929
97830
51220
56428
78272
47214
45816
95294
10119
32205
53363
76319
62151
33906
46096
52365
32954
66278
65293
76601
16261
38095
7260
78964
40361
96380
58544
64053
23481
5911
75650
74040
84768
51937
82919
149
68922
84097
22679
6443
30066
83185
38612
87468
92806
75340
79461
47329
90064
88522
46343
6917
97443
79350
26764
56182
44328
7934
62064
5457
70655
9820
7335
4145
94811
55118
27737
11050
13500
58903
50861
51411
55950
2010
80257
10086
14285
11477
79753
20261
19740
97491
78664
56022
61728
26394
67571
50460
93432
78336
82601
79129
57897
99583
35343
2978
41469
68020
16254
37987
98166
16839
49791
43353
13341
45563
18442
85756
42826
22448
16768
91666
74727
47075
88231
76180
35524
85584
51168
76729
50718
39511
82246
83081
54021
49163
65965
2417
24426
19752
83065
41829
12514
3490
56747
45706
17183
82102
41381
82688
18865
5246
29604
2631
45885
70625
90207
31166
74611
80232
64817
10129
47727
59141
92374
83487
22695
23415
86826
56097
46972
53932
45161
7996
59988
97843
13116
17220
62854
68046
65309
56817
45757
87447
91459
10895
39088
42194
14475
144
39387
71619
94392
74698
53895
16773
3229
95070
6554
19761
66073
2012
52165
56146
8814
57230
13219
92528
344
87974
82385
34121
31021
86965
31756
45023
72471
94182
81267
79309
65827
28208
14966
39940
46444
11716
55953
40776
24706
3578
64236
94914
90770
1995
6968
36465
68136
10776
69008
35728
30588
56153
6326
93187
44098
78087
8427
71382
21661
44824
27926
56505
9134
59635
50622
56689
38380
56098
29782
31537
91336
71379
84760
82668
59631
1054
48077
76498
41279
80108
52025
98469
26869
61560
76759
34440
69910
47806
79563
42272
11319
72496
28754
15975
64971
35858
60616
6763
11539
42689
23317
53890
31634
48432
60083
69561
84140
31961
34622
38907
41297
14152
98873
37784
72774
61880
17313
32275
73660
15662
4869
539
39448
99661
47286
5540
50622
36364
32086
56131
87551
16939
97782
17813
8108
74991
19617
90927
63723
12054
67982
8870
96851
3940
63308
74843
58713
71489
91196
41190
88870
75811
41729
41726
33828
52257
48902
85768
92431
98131
97904
82223
19255
88835
30172
8121
39167
87246
23625
86048
58219
55391
20486
64602
32013
13827
88922
88585
39491
54050
59105
42832
21110
85383
30452
89436
81613
14201
28412
70517
41336
85735
41479
25910
91686
47111
96210
34994
13627
99241
44921
2168
15769
26728
3498
2150
33346
73198
76126
83839
97137
40115
36115
76975
38804
13031
68575
20130
93639
56908
7320
55127
69022
89226
53493
9277
32677
94020
34723
21383
68854
82949
879
2091
60486
11818
80482
90405
93906
76706
50317
82179
33254
64150
87937
55170
84375
38372
41468
3425
1252
3049
72306
82261
31306
33004
87853
10107
38407
83748
5111
19469
41905
19187
75776
57028
8428
26830
37716
51890
79610
41557
78602
59912
55707
29444
34102
81375
95686
80545
80173
1462
76000
17045
9771
51534
54025
53904
36627
89026
13103
18413
84286
98438
56695
2658
23520
16315
63208
52395
44051
83241
75161
20534
46216
26327
13901
20516
56451
55706
87421
65859
63907
12708
69027
71029
26871
23607
96468
56802
356
10115
53765
46954
38304
82410
7884
37432
45632
16578
22582
16419
32875
62708
76213
78607
73858
55992
14423
60535
22361
44040
83101
54681
69554
93029
76570
41134
89397
48447
90414
50527
69547
62889
60933
85127
3699
93447
23432
76235
50301
80399
1528
34520
66661
96016
24544
27111
41315
45669
25830
22810
8096
69051
25012
15314
32386
61170
37135
77011
50970
8676
7608
49857
14688
4739
16845
25707
98488
70442
58691
57525
44764
55898
64895
40369
95172
32178
12645
29728
10618
73597
69167
15388
92400
38583
52894
2744
75184
57634
41857
55607
57411
55533
35999
3816
13824
78869
58502
62602
37795
15547
62718
36721
98509
77743
12663
19471
34579
32580
12436
47465
12340
73523
86102
40569
72370
62903
49997
58519
36175
23174
89666
60431
49900
96903
11366
67212
42662
48541
53453
22602
3226
863
46259
98043
46518
9823
26162
35212
76774
2846
62785
23330
96988
18177
48598
70169
6204
98119
88145
83847
61416
11021
9107
91057
48904
89673
7556
91537
65169
13178
3847
62324
4989
21397
19412
67197
39492
57082
78255
24764
54274
55418
33538
39247
96132
558
16134
98776
66453
10123
84075
79117
20601
62898
14154
62720
68590
21925
23752
82170
75801
87091
66776
41849
21593
34994
32305
21401
65318
96986
91813
18765
92433
97092
57781
92865
37525
81945
99919
29876
51702
25475
67023
44005
48039
70785
61436
70520
98732
65387
60331
69711
5829
5236
94460
15764
91409
1322
36911
81195
38350
56368
62850
68711
33755
48115
80943
94943
4425
86074
46953
75678
23721
60672
47396
98018
73535
37233
19583
39258
16571
83822
44189
64837
88312
58310
48578
57815
93160
22343
76867
18032
98921
343
46969
98772
77017
33872
1186
77562
10086
64554
71726
46888
15555
7035
90325
92904
67062
50812
58785
61988
18266
13063
70392
82148
74063
92266
66141
12560
85112
74171
81843
20022
64252
6294
46318
24379
98503
40222
72689
43859
656
90627
52388
36973
82125
28051
49546
10857
53076
38941
63596
19195
10202
42706
77696
76636
45912
95464
29490
57006
76127
29380
51304
8314
84240
8214
27038
36199
66581
50590
13024
29593
62812
23366
6481
10625
59107
49841
26896
82010
77107
28864
97396
79149
13613
62105
22072
45900
74625
96448
92218
77777
35308
27178
30808
35678
39951
35583
46826
35275
15331
38073
49514
26633
10748
25420
12200
8881
88785
59640
7439
24642
33555
67136
10930
64511
46278
88264
22388
81816
67
59538
12319
46423
53881
86076
68541
46928
60942
5435
39533
22986
82757
62862
56641
10568
68469
31495
99261
4942
93482
98288
60679
13850
47876
95740
58148
75145
100000
89247
45340
48613
98117
55466
20954
38795
16634
19913
88121
7425
12471
46818
51056
31709
83691
26382
23548
59677
96313
38598
49475
35220
87495
38436
82924
13495
86323
9540
68986
8022
20373
74170
33059
50115
7666
50075
13287
55501
88143
90419
34630
16733
1915
32419
200
71179
59453
79715
19476
14156
78939
35104
81154
39560
77471
22365
92865
64654
37826
37666
78572
14715
33281
97713
25103
17619
60121
23122
29096
94905
600
93273
36526
54625
68815
93189
29659
39386
36070
87260
96350
3412
29585
64941
81051
1850
96889
76719
78406
10831
63136
13225
65070
51632
89778
56344
41788
13544
52332
31690
78109
1787
61858
81603
61023
82725
19340
9285
42416
82958
45168
43357
29081
69844
31652
25149
58305
63698
62740
83265
81598
2103
71423
248
80231
83919
56511
75972
69860
45333
85128
50081
53490
95005
17748
89130
26526
86544
8032
72903
24371
11923
3484
54703
36021
43615
23974
6453
26510
11323
57433
75574
54215
85952
12043
13162
61990
46792
9288
8143
32214
66419
70933
54786
94819
49768
87246
41512
60142
9850
39576
34310
87249
31793
1509
68045
60336
73149
11269
53860
19683
56211
47278
58943
4938
61815
10956
21442
32908
54694
48198
33770
22755
70516
41924
42744
49318
24650
95619
96215
97168
1316
19532
61194
98967
53083
39112
49632
43144
20822
81735
2697
47795
78280
42228
70973
40297
55887
34671
71173
55568
79362
15513
48964
78408
6331
92978
31551
56271
8425
99714
29498
3319
6169
72343
93696
73455
18661
86211
51583
83965
83759
4088
68507
75738
68041
12707
55870
92790
93596
39145
64626
96718
64887
66985
55645
84781
10373
66881
26335
92079
26659
59372
81381
38300
72521
90727
3681
38552
55062
54148
73441
8146
82374
34312
512
26016
17881
34937
73895
617
4934
54791
40473
90355
18621
35801
16660
56019
2775
26764
82735
30173
72639
97517
41460
49853
88059
6376
77020
21789
12046
87896
5551
41873
91162
27575
21688
40200
29310
16986
34832
27939
84213
52682
9152
25264
8234
14596
33722
57047
76039
19792
20000
15195
98210
97728
95883
19398
13235
18609
32394
61093
36020
87959
16561
61963
39763
92030
21292
1729
24452
62508
42841
4300
88621
23964
10470
8184
44761
50476
34170
15325
24827
18060
24020
43649
10263
65995
83973
49289
58621
98512
25466
33147
73368
38567
2372
14308
29407
43165
35180
26992
592
28962
65237
77264
99830
55373
73572
82500
62282
28920
18968
78967
60402
94999
37669
82157
85205
86852
79810
14652
79818
82159
59946
97610
43724
6835
33266
38192
53405
92260
49816
61900
11466
13584
18935
76652
38328
76162
84455
50706
58531
81569
12919
319
57574
34185
90536
73267
37609
16984
90985
23579
27692
49731
7939
89941
34882
65593
46376
46937
56337
37474
69961
13968
58323
39411
70340
28039
42692
27782
26643
35680
34565
4155
92602
77850
91060
70803
34902
50382
63519
99399
13192
456
15438
1511
12978
16666
30153
6761
95015
8204
40203
11816
74639
24963
29481
86602
52380
18716
29116
71423
15311
67083
88366
92184
62575
64515
89612
44549
28114
54749
82138
20818
13164
96493
49478
53092
66545
17582
95898
19549
30865
97929
66790
66449
38930
74581
63343
48897
74235
29166
69658
36979
71337
96063
42539
84147
82528
81338
87513
64403
54647
78142
92594
23823
27632
2602
96564
24676
34924
66127
65906
44140
41668
60047
75938
80897
19915
37324
5240
48895
42556
2675
34159
45766
80908
51287
31520
97797
73532
80673
84453
65727
16871
25076
77528
6987
97244
65651
16637
50828
5155
32043
88016
90656
5457
68030
46387
65733
19044
47961
91632
60003
70646
30427
76799
50495
93271
94846
24368
57809
91707
97098
25922
23831
44873
22053
61565
72079
4987
79660
41715
98760
71415
1211
83853
7310
50220
79726
17168
10568
92429
59166
89523
45941
82746
77717
15507
35816
13736
35300
61804
10533
24173
89651
73963
51866
43991
70099
40368
63933
48031
47792
86606
22684
93736
84585
40215
42205
64936
23756
9328
59060
55663
29228
92305
80531
77473
97350
60336
27409
72119
24728
23881
83668
28297
74233
69634
96802
8937
92427
79223
10578
15161
90321
73199
26709
44682
6505
15509
43184
18551
6488
41479
89031
24971
51618
92769
35385
21210
31866
676
87932
22081
43479
65154
42580
97669
12030
17845
36054
89593
16520
88455
82459
14878
76302
18980
79374
33007
17258
61874
47436
47203
44884
12254
38166
44985
46316
80516
47319
75666
2626
17671
57225
46617
75729
80665
62196
19053
54831
15677
23978
74826
50522
65280
98980
26328
61259
22938
83508
67187
26366
17538
60825
44086
54098
15682
49461
41302
63079
90165
62224
28457
18917
41916
3863
53419
81986
86638
27790
13889
75958
64711
52207
91546
99096
38218
22198
6893
49693
21123
78097
15482
4092
34720
61054
37731
11470
29406
32256
85390
62269
17299
54063
20400
75554
3710
20471
1698
59617
65336
63991
2018
81629
97093
64502
54695
30361
6215
71630
37198
79248
52222
41535
40767
76055
32597
52267
48613
143
94978
5011
36796
57904
95615
77743
98434
63341
97193
11310
54366
81364
51370
42943
29885
43991
18120
48021
94285
56852
98486
68616
36635
41568
13728
31119
43323
41341
37286
95825
77504
92090
95200
14305
44015
59372
32672
76417
29039
29287
98389
58673
46784
26574
27581
36723
42136
2383
55746
79413
57204
70241
73429
9674
30173
94971
6363
71964
68073
16769
17872
73146
7353
19663
99588
16852
79318
85605
15888
44220
36519
49904
21380
62062
79862
84666
66468
96357
31174
72299
56796
46272
27199
74087
22183
5396
25275
71975
7910
11348
17346
28618
55620
41808
41440
66985
73393
84735
62941
30503
4823
64675
14633
17852
28868
56321
67390
41518
59253
69815
57432
8019
41307
11908
18713
98038
77756
94191
38899
11957
26281
28361
49986
28347
88204
16680
63651
73416
58912
36512
29511
14805
20293
92597
83894
7715
18957
67360
93889
76432
57409
74194
22683
58295
58312
56085
51562
2296
9584
50779
17338
172
79600
35433
72024
72633
7992
52585
90045
94170
35974
23728
37933
13796
20255
27190
57883
1000
76001
33569
47242
87463
81564
25541
18862
95414
74720
33670
13471
12579
27040
33097
77601
2321
32831
20233
76217
41896
53166
92732
16589
48950
55281
3960
68426
13635
42107
3853
74572
36994
11928
51446
77084
4066
87789
32497
22205
99989
29324
12772
14069
18284
63775
35855
6293
67413
85564
77855
40913
7494
55953
17520
78013
96263
72336
90243
53000
13412
17641
71050
34605
74296
88469
40473
18036
470
78928
45684
6233
38289
46355
2501
63299
55837
32760
16313
92241
22343
58460
83110
23862
38862
42717
83989
23956
50530
50005
60069
87589
72006
2445
48252
77645
13355
47403
21603
1807
51579
31227
28703
39497
91583
63696
88418
25182
14715
13053
82184
78837
68085
60499
36474
39165
40379
67892
80478
72006
20100
70189
90461
75424
56026
38594
42567
64749
12780
56103
3693
19246
93106
91099
39870
9657
20422
84403
31249
70303
40808
83027
12955
10491
95172
78517
64472
53477
84868
90869
10985
87102
19724
37219
76401
94400
16038
48571
21681
34517
94762
8308
41228
16387
80334
57750
42458
20371
94580
57771
59221
32580
76969
38780
9711
98069
74739
78037
27383
61580
72319
86579
87673
34790
98602
41307
54406
26980
96973
72389
14211
26926
78470
48552
71399
56764
50440
34254
35166
1900
45051
44435
86771
64389
92182
57503
26354
549
32296
65265
43243
79480
26151
70550
94203
82903
14271
89833
23865
70495
39336
19067
47376
92269
26005
40348
41676
55958
6517
50000
47247
55405
39873
4897
40386
16999
97199
5649
86491
11488
44362
58115
16907
81203
59220
49402
39754
87182
3661
52358
20860
28420
10756
67939
53511
2169
42158
75015
80832
24823
79694
97645
47900
85179
37306
64821
90207
15898
91112
59616
81024
38668
20345
27472
11568
15894
35900
17605
74386
26949
55638
4979
19070
66249
88702
29400
52438
84291
58298
85552
35468
50719
96997
39670
51326
71740
12235
67150
97705
43163
13317
19671
34564
65598
14417
29614
59990
49892
3994
58289
39655
85168
77962
54243
40948
59472
89950
30370
52191
74345
52935
65157
82768
85452
79481
53830
73142
17236
33435
60269
90058
5802
80832
71111
7300
29201
63961
31546
76172
37295
39994
40189
98134
59695
59799
64834
60716
95756
87448
99357
99885
50351
52207
20051
16948
58031
73416
12059
65598
27847
83156
94061
25223
91447
32787
91091
83457
6958
56739
38009
47335
76365
78742
67627
55012
95267
45187
63500
17600
10665
65760
45720
46631
26038
43323
52788
49777
40392
43488
5897
19707
49376
42158
29566
71509
11809
12954
93779
7913
2610
42146
93588
69066
60769
71026
7737
11897
68414
35709
16538
9352
74857
11783
78995
54919
42896
3806
85223
30903
44267
17478
94926
19982
43736
56743
29772
54243
16078
48964
51768
47339
55448
62097
25866
37349
65188
34138
69758
61871
67650
75778
30962
97993
13244
46909
39916
78821
21397
60842
20283
21682
74840
57234
53514
87780
56666
52666
50150
46473
3528
33195
66401
99873
92630
91169
68935
8721
35730
29769
72383
41644
36750
20817
81933
84256
23959
61210
68295
38978
71704
1129
88809
67936
69283
18602
45381
63682
46465
40241
7136
27147
27602
26235
34565
95616
40080
57013
68165
86191
95030
4320
8170
92609
98228
45150
18497
71186
80018
51115
46658
33353
55363
82857
73856
66751
19667
27686
88604
41800
40646
61940
34729
58119
48672
89118
61862
25044
81366
52826
15177
29230
13347
27654
79752
85093
47832
99964
96808
75717
88888
19703
77427
47792
77042
84691
63078
61799
9676
62052
29784
21027
40954
93625
48687
21432
10667
23038
90226
63396
94987
28518
88969
26900
95122
64724
49905
15349
25018
49627
15688
50624
10854
61386
88374
93495
47678
41411
8042
19273
75260
19446
87927
94472
95504
5461
10463
4820
68849
15195
38191
59644
61063
3110
36378
28242
5789
11317
99901
1047
2478
45124
33609
72788
8464
19676
84481
15499
98543
39992
8764
47569
58676
44345
91018
45318
72659
90750
59710
60995
33232
46697
994
11644
23766
26526
44151
43776
31304
34195
76440
91505
9143
37371
1482
17727
92108
14072
52777
47864
50468
27172
36081
36506
81850
33383
42925
16560
70353
93899
20185
22534
69594
49096
65592
36399
16785
83212
46645
53298
80621
93591
58574
65613
39471
79208
8815
94157
94464
42660
53908
79870
50967
72682
464
8759
65650
61510
62164
73782
64633
91818
33923
5480
44326
15117
96073
36467
84885
87869
52374
53122
83581
15886
8602
5912
60446
60458
63886
98423
71455
68925
72459
69937
33216
32911
91191
34651
39817
24629
72494
96475
73790
54927
39538
43242
72252
15108
26673
94104
65773
90963
74564
68003
55489
99490
16326
78939
57914
63495
31946
95815
42127
15250
53965
26068
73759
90212
61430
52491
12761
19318
85468
47607
90994
84829
57498
81615
27141
55822
99494
94658
74958
93974
33290
28964
86419
36349
59676
49834
72415
17172
29883
29700
38893
71527
97760
80051
83326
11944
2226
39388
83030
70848
33965
98428
78972
81092
63706
55505
16526
56690
11038
42109
70830
11060
53257
93330
15090
97991
38985
74094
61344
47135
44780
49772
60783
95
18433
24151
57339
26875
625
11017
53695
85184
95806
87170
96766
76181
58577
11213
1436
37383
59047
74764
45401
77258
66794
9638
13467
20989
12033
79209
88161
31206
81840
68369
3845
95969
94868
99003
42215
22114
24858
34687
33805
88621
87532
99439
65397
43628
74351
26319
8439
41713
15699
83965
84514
59386
62725
30250
5354
34777
86173
12730
70224
17405
77983
51773
61033
90388
27057
36458
34291
81245
82122
83702
66208
18866
29535
7779
80463
43180
80127
95148
98663
30817
84058
41968
62009
65732
71862
52933
23251
97676
65275
92339
34510
2238
73416
93253
61705
29102
14880
7452
1938
1315
95499
93608
11519
63812
77949
74070
1044
80281
8621
99539
80606
79669
75743
55368
7257
79069
24559
73921
28783
69830
37372
9364
35349
71286
33141
19964
19663
32521
38087
66611
23173
38390
29111
5217
60010
22359
10012
8725
45311
52888
53086
86372
99997
47510
8863
1877
17310
82313
95853
20254
18495
47397
54000
32864
43092
56056
85945
82772
58086
6350
61695
47760
11681
47748
26585
12548
41243
53019
61804
87171
22868
37460
33472
35470
37843
2501
37691
3343
50533
14918
24055
40286
986
86104
24416
16401
10729
39774
4172
10235
67843
45943
8051
28226
94093
63374
8077
20419
88755
68333
46881
41489
81642
67573
24309
33149
19836
22558
62046
67691
5124
3311
6620
57233
1931
16351
3005
33195
18297
49692
72621
70651
47345
83573
42243
85768
41427
11836
96205
5164
89339
11872
52806
50865
75162
84171
6176
70405
58405
9562
15651
28473
83146
44253
69685
80828
68270
46411
81320
43820
11497
34892
36608
80511
50260
16606
48104
60450
98448
37449
17357
65399
82915
77810
29574
69346
97419
86564
47996
782
61385
30370
63849
40921
87673
43189
68183
51142
29470
98480
95814
7460
74314
68633
30159
85990
76520
17012
7865
52392
92068
85034
38411
63862
2503
54080
91582
85357
19506
32429
39128
5628
57564
11769
620
77730
56759
15392
97638
23682
18704
38302
94742
56792
25780
44691
29384
81819
58478
73763
61829
13724
15009
12653
19756
94983
88806
48482
33616
15797
15943
24957
40390
72104
1205
2128
1181
2354
49833
54104
89967
52764
45080
60209
61428
59121
64130
50876
71682
36644
148
46818
63944
86852
90789
20402
99373
12624
7759
50597
28724
77969
55593
84677
35643
5715
72760
10933
30192
83449
29161
43865
89338
42637
41227
864
54703
69734
71025
37795
64046
70189
81184
99729
11996
8812
80506
51487
79504
86286
62282
97846
81267
40322
59836
19090
17714
12307
49840
22122
31501
40882
40967
10464
4953
36197
32249
92308
12013
43448
46541
21859
50146
42058
41000
4203
39262
8192
22576
85742
9513
22318
58516
78878
37835
32509
77059
55318
26302
44071
84167
65268
54672
29826
72672
22116
88765
82403
30146
89418
20738
20013
50440
93012
65583
99662
15767
92485
28389
54463
23548
87580
20131
21921
58416
58897
54955
31093
61526
27422
54807
4279
58505
12223
29999
36673
60136
67554
66097
31214
16413
76707
9050
35981
5756
42698
36758
51735
86551
35285
36343
36602
89589
85662
83974
33826
14923
18701
46983
20938
62427
16107
12837
95078
68446
37288
7440
29473
23524
35287
87509
67989
99340
71837
12985
73574
67561
40663
21695
66934
17440
9070
45844
85398
10718
45431
25184
48060
81336
51976
60940
73983
85731
85762
24735
42342
34205
14796
5474
48579
97249
67612
73326
66858
49908
29104
48787
52054
78530
58201
71387
36782
12261
90485
28426
48613
66844
84915
15243
33463
10404
82775
15735
8942
30700
4844
85715
69172
76573
71942
9579
79135
53449
63397
30256
28926
93438
56387
24359
99037
10098
71367
26369
59888
23118
99634
77423
32103
5532
29618
2494
40667
49136
16286
15065
90441
64627
78881
81381
95653
75517
333
77169
79880
20790
40008
5250
75392
80444
91713
36291
59570
81972
84144
53173
572
91494
51354
95305
16560
71426
10366
73610
35259
98755
65546
38221
11196
15415
30792
8338
40603
49772
3033
30745
12493
14901
47643
57170
27242
91701
47917
86815
79118
77022
46141
18318
29332
42535
97785
32362
6007
7258
70142
50065
3949
73649
7488
26125
56081
86195
58524
86974
55293
10497
61526
9706
32050
98314
26979
47099
19062
74221
85582
67183
63335
39797
2376
14778
24143
79051
86993
65305
89287
88879
13165
74634
87456
76186
24081
48115
63339
45041
6805
52102
28019
14143
66371
21580
34246
23514
42438
42610
658
85859
16973
32715
60934
43540
79030
86418
47025
69933
55091
45094
83721
30683
19305
62110
95763
57841
85887
63731
35047
14901
48593
50598
20871
21859
71565
59932
30263
32007
87462
41894
10237
41353
8187
57893
58917
93095
39611
53980
82866
68788
75015
67804
58172
23323
24294
92483
61871
84464
60776
42249
837
59314
67319
29914
25895
71220
63491
67129
17829
75030
85317
65745
99824
83376
191
74658
41374
85150
62372
82082
76548
15749
6059
30922
50029
16516
37803
74918
11494
86571
96747
93337
27114
50747
36487
22198
58346
2904
39913
96417
3546
56508
81619
86464
57184
17303
38439
70084
25815
50373
27069
65855
32238
51458
32934
98094
15335
782
19396
41132
63533
86102
85428
29981
84256
82055
90918
30284
57436
26760
75006
4768
39534
60792
36910
17248
34374
27267
78901
7884
44038
58640
51772
51413
35849
65309
56732
19557
35716
82136
55025
46123
69658
32655
60077
32153
64040
73859
7128
39851
38881
19637
36144
32333
94715
48425
45929
40306
92065
19126
93386
5300
7895
93385
41645
9019
17159
85579
76905
90362
81425
90227
86169
55141
23212
23149
40203
29399
22014
74859
74229
64952
14178
11579
61192
19849
59370
7463
14403
48170
82948
28386
66816
90404
43955
66401
31433
37215
17604
9651
106
22306
55395
92370
77595
13208
8085
87730
60433
33523
33426
24604
64050
29047
68286
19973
58225
81030
27330
6692
77372
81186
33662
94269
25959
61411
19991
2966
43270
27394
93366
83499
69049
53176
82158
99620
58679
26518
75435
8842
2986
8279
87899
87206
42362
148
98266
18452
14166
12454
51878
85397
13957
74403
37623
287
59079
46599
20999
38037
69816
25879
94666
90135
48915
15079
2
76614
55056
60509
52896
82335
4556
15007
41878
42241
52632
23178
13392
65948
4269
61113
43393
24589
96469
76688
84451
25279
6957
73320
14070
55406
60558
17960
93257
9655
86643
27877
17632
5131
40391
340
47528
57373
65525
15976
24869
23314
47886
45912
30505
22823
2067
10713
97232
90801
86350
20414
9272
35121
67578
13185
13362
17889
99299
83060
72397
50853
30527
46497
95798
73737
49843
87993
91471
52714
99886
90327
89605
87788
9951
99561
60573
30819
2653
67575
72293
33835
64918
27334
84403
40616
26862
6021
22630
45560
35807
49389
77215
19906
8151
85551
793
68823
85607
38903
44356
16699
60933
39450
8772
37248
24571
55450
55752
86123
29394
62498
73438
38166
35254
37956
40560
10087
78088
99023
25715
60384
62678
34622
98256
83705
34414
93110
26702
46184
53484
88254
16428
90589
38907
59021
6707
21879
21945
51789
16718
7057
66038
86006
33931
73516
91135
53120
83157
22696
12712
94783
23816
29558
78292
48574
68512
54625
18838
3426
45102
54458
31504
41442
10070
41370
42189
62775
36990
30713
73128
23693
65988
33736
61524
52417
84645
2427
33456
14701
5793
13520
42638
32461
43481
22237
33418
39329
23756
64130
4259
17027
8878
8992
45641
80662
59167
86594
48587
53141
59190
85333
57794
63925
89721
49201
58702
30985
18722
34306
43898
21302
98994
47771
78908
73602
33263
24427
46727
90656
6766
81142
79564
79281
77727
47807
4324
64670
83491
83657
61969
13477
62173
85814
99347
57827
35827
11389
5918
96164
11243
94369
9917
58071
38388
1038
27628
39087
23781
37618
90821
1963
60831
66528
41181
54614
55466
60362
28073
2380
28831
9989
72710
79729
15486
57235
47658
17312
40796
62593
50272
77972
12482
32767
66506
46473
65503
50369
38701
6194
18180
862
40915
59352
73629
40787
76932
70073
77759
92680
65476
43422
82588
79865
51200
71148
80726
454
9378
6134
8894
29281
55514
19253
1498
31040
8879
23642
25083
63492
36640
23433
71744
40831
39528
51688
38573
34958
52897
15089
9545
84524
50242
994
66581
20968
43627
35071
45642
34294
37025
59111
23681
67063
91161
94428
54967
86051
13925
82018
51808
31505
97667
57190
99379
38329
19460
48235
79246
98282
64369
87083
24158
65102
77996
53489
71526
89601
78576
19051
90937
72404
36103
62126
16568
30550
69092
69570
97298
50625
67961
91497
15312
38128
1880
42843
56044
30377
48129
49842
5341
6083
47231
15913
53257
44716
43505
30053
46328
73564
98310
90478
72529
12722
55482
82046
11795
8861
74058
71441
81958
21963
79221
59399
11339
98090
66719
35220
4282
43551
75122
33051
97843
57902
78042
13293
1160
12142
1961
34037
40924
94937
51812
1012
47464
68433
55855
38224
69276
35275
90313
52155
6250
82839
19667
75336
93574
44780
81643
33302
17248
55100
77738
68833
514
24186
18146
55037
94758
37933
88165
17942
75738
39901
50922
50327
26521
83840
73492
10546
86650
43799
31752
63999
46723
54493
72407
34450
79122
66420
6427
28216
35742
5470
14094
17416
75843
5107
38918
38807
9766
13699
57816
37422
1875
15245
22980
20795
41552
4235
3907
64102
40504
72024
42920
40747
699
14340
76832
43097
57256
25630
10969
50386
58138
11917
20171
74563
3139
36387
69736
65453
16981
49976
81541
46097
64180
81221
49049
3499
45567
62147
82579
2632
95991
81526
84809
74452
23923
64281
57506
7243
24940
63245
7833
27702
52644
21399
12820
40646
98818
46808
96534
65042
12689
65640
70474
16936
73926
9441
56066
42652
30537
60357
93657
28131
2786
64249
52770
46456
20637
81309
2234
2691
55013
1531
3898
3432
27808
64379
8745
54111
36653
82972
26242
25193
20508
23062
34340
21370
59208
989
98192
45206
34654
67201
15156
302
43390
40283
33838
43086
28244
61137
578
56377
44620
60900
73471
69819
56157
72426
65683
38102
55054
870
88342
38256
43023
84955
45559
21694
36387
15173
25064
46689
98726
12205
77873
8094
12515
27188
51797
69801
32589
57153
642
77337
83005
29713
16568
90062
68945
71549
23511
42239
87573
50782
56241
52691
20966
42288
74855
40791
52409
94939
3355
51261
7378
61156
65151
65633
91599
13485
38621
78962
65194
20615
56452
74072
76275
62052
1273
91295
41249
19868
8124
76398
59688
66395
82758
23956
36804
32488
95395
68697
23474
19907
63128
86203
39048
6976
46332
30611
48674
10484
49066
75043
14677
31084
30202
71918
4737
4510
22302
31081
94889
76864
64184
78581
54443
63392
86387
7707
68623
87207
91460
76574
93146
63391
91234
14067
16144
25546
82748
86140
69431
31722
84966
60274
29494
58909
78705
60251
8416
72999
81296
75512
38241
34186
47244
80239
53598
54452
67235
50505
21441
51860
23183
32655
31401
15203
61104
22703
67610
46905
48276
71768
54407
39875
88456
84818
75066
42259
16362
43835
32257
46617
9122
48295
19041
17272
2856
77561
57846
94114
94764
21913
67305
51770
88164
71527
21908
18773
71762
60262
46216
45674
42267
6955
80062
49850
96572
93946
12481
44538
13982
79943
79998
4370
30424
74550
25315
33291
23633
8493
63108
30250
83529
43148
25649
14463
91745
44361
24458
37387
51554
85602
21929
55461
57558
88643
50783
30696
33891
5532
35468
79020
24054
93984
95774
34238
20089
61863
19847
33624
46813
4472
7890
45897
56947
87197
93241
84215
92825
1699
99662
32928
88486
59014
36783
62307
9974
47926
15323
61695
75417
37162
68291
47817
19721
92919
48594
82230
50446
35035
72754
74773
63157
44120
93701
21838
35068
13458
83857
68111
41065
47129
21059
63812
14660
78623
56358
81313
21488
37602
2766
9289
19413
2998
95015
88204
62433
80550
60335
2151
21573
71217
58907
24676
75000
91285
67994
77421
63418
75868
31110
13521
58944
61469
7898
15743
31795
80407
12059
97656
58056
94782
5429
46867
81960
22807
74503
59693
53836
73608
99678
84164
5362
67628
19223
42060
79159
4286
14686
82383
19394
15868
6221
44421
57805
54757
3018
26299
25813
34036
746
92837
12466
11545
19069
66135
89123
1605
93986
49250
24400
90277
54938
15934
91537
88195
62069
3
74623
70242
37748
84733
55833
7960
31821
652
97492
75298
49813
14010
56132
52122
91972
95236
53131
35256
75856
49434
41729
92763
33277
27065
1269
19671
10682
12228
43693
61449
85610
73325
58328
94009
35413
58258
78913
89384
39101
63117
53161
36730
70758
36137
9600
43146
97811
63312
82254
63693
86946
39297
16742
57495
16087
83955
82064
49980
34698
65265
6623
77008
71475
50778
47284
85254
1313
20145
83348
75125
16554
58033
49910
43068
11140
65889
29593
82953
53296
92362
36171
51413
92831
15577
97521
3444
24379
54264
94560
41650
98972
9239
53004
85529
77806
70778
89372
66751
9641
72411
39277
32096
75675
19748
41870
75256
9204
18306
48231
28026
31071
13353
62892
19398
28734
9949
10993
31926
99666
47586
32518
81232
78218
90875
81649
11965
24111
94778
93382
43923
73080
61302
16444
8167
50430
83193
90416
90283
77969
85077
70934
34890
8208
47693
99949
60312
74503
48989
28276
31142
48220
67688
96355
58668
72090
23664
61964
48702
18506
35553
10235
75888
68199
88248
44061
14496
18674
10430
64641
93417
60349
22710
85085
79276
67590
76929
50869
4484
85437
71432
88170
95056
8693
18148
11519
41974
92154
69204
77775
38125
1677
49769
33151
38796
1906
43361
27788
14700
83902
4612
87152
34328
23999
62882
42418
20669
70508
6750
92694
87144
47992
64503
53131
58282
34439
19123
44128
41978
5630
46578
34070
20958
86275
29389
77565
89538
5268
9060
40887
128
45361
81056
74382
18576
37216
59194
77255
33410
66028
90521
36299
92276
41063
84668
45158
68358
16904
786
84871
35810
70558
29342
67671
46492
49914
98288
10501
2340
89738
89489
93692
84132
40068
5039
48366
11911
55895
56292
60027
52758
24517
3061
43369
72296
98338
58403
38769
53009
38313
87450
26942
94186
17914
56929
89515
30980
4946
42911
3966
99499
43152
89734
26538
34286
30737
27468
44918
4543
60791
13590
22946
2663
92077
59946
22571
88960
88944
22164
80436
61843
86538
7155
65393
21280
73382
896
14219
91214
20930
96730
39196
39606
58217
95196
99663
27268
2887
75694
62126
7873
59794
46328
45149
51654
77045
55996
6809
67762
43868
41393
15628
28155
48863
73857
85133
16453
7686
17092
54712
65153
80387
2452
39160
88057
60013
28225
31806
83458
18749
36039
29078
92879
21373
79211
27519
58321
86271
47839
37279
7055
55361
1550
96028
34803
65113
36020
65048
37220
84666
26772
38717
5667
23610
20729
93202
23237
11382
88744
69120
81115
42170
5362
62336
98173
65186
36685
50666
39837
73967
62901
55327
98895
78176
2999
59441
44509
75739
68183
7435
35042
98058
46437
12708
5302
33865
50680
91683
90823
62570
39160
23655
44828
14252
82715
48970
24900
80835
21249
70885
12958
60768
25930
66466
9499
52606
33984
87884
7024
20986
27004
93121
64111
79892
29697
23644
48246
39011
53826
44083
45697
76832
55000
75109
23706
69039
30740
7657
84186
51930
25088
15387
83120
69854
26028
41902
13822
79250
10418
71877
98185
322
32155
22378
29012
90402
41029
70000
11724
88625
75935
45938
37286
69481
26870
80109
93426
52080
57721
19964
5932
29899
96101
46006
49388
25637
99428
11668
30778
43612
15601
96236
71070
5834
75842
29573
34270
74609
32353
6801
83065
44393
10620
51277
67301
92794
57354
57642
84646
37790
83277
9648
198
6619
18520
43785
58272
69452
79265
14861
39449
73128
44772
77813
28734
44913
60210
50287
82735
81283
55668
67377
16575
96239
21168
59905
53907
76358
11547
92318
65355
45441
74795
88789
27797
33637
94587
69918
63111
78144
94431
73777
10014
5486
26658
12995
62317
22831
26525
48867
35961
58103
75550
85431
30946
70735
18451
69633
75704
9871
96909
91071
32526
33883
91110
26117
37090
37005
82421
82520
27122
56554
4241
3024
50490
79810
26479
81848
36942
83068
10998
1868
43225
82246
87395
50852
82327
63540
98821
51170
54578
60102
86964
27888
74583
19583
81056
68737
47307
4507
1101
77650
53491
89274
23109
44184
32717
99917
33539
78571
97420
80238
29011
51735
32394
1893
65705
13107
52627
41279
20323
49648
95341
68457
74186
33162
4971
25449
27343
22514
97873
43817
97548
6236
12392
77221
66565
19765
59752
56952
42574
22941
71828
99203
81528
35670
2101
20559
74219
90577
77771
97505
27423
69157
45091
8699
53649
95044
64648
77304
90003
35879
425
7565
85730
50022
83333
82117
6880
12959
97889
72222
71030
38211
57190
58305
94624
71567
74256
36638
53926
22818
86747
16950
77844
73925
86299
8374
98965
57189
69595
56271
20876
50174
33703
95254
20825
94219
17469
15843
9874
87996
54786
43941
7692
62588
33011
26243
73664
50708
74457
66222
40263
84756
99236
98978
70399
26428
98573
31184
29084
76637
19523
84840
57411
51302
65873
37329
19144
31174
17749
66815
34972
96527
26879
73071
39658
69804
38509
58195
37774
39201
38009
12242
81173
93163
37483
46088
82977
41217
51321
49057
6639
85099
14861
11264
65128
70344
47025
53547
23186
14637
21515
89286
38880
80874
82504
14649
58596
75873
50057
81062
85751
34205
30304
74704
16665
69051
46909
85769
1953
94922
21820
43769
3753
50988
25967
84031
86856
67371
63473
20511
61484
23859
62050
31870
14981
52989
21853
25415
7645
14942
45260
90743
58719
76570
96974
38390
69058
53865
36962
43249
34195
78421
6803
27454
63097
38251
58927
62598
33475
48935
36000
80787
13651
2511
39603
81135
26446
58537
20188
60277
51833
89966
28466
96004
56922
54346
42199
11196
90269
56000
80235
99939
70112
89449
37079
97829
85652
62306
69111
17767
71597
16660
34688
46022
67068
50294
1940
21691
83641
25692
75956
51400
68792
3565
30121
96390
17704
21622
94284
95297
98391
70800
94461
79775
83843
28839
51077
607
54812
99527
80531
56053
59459
43354
21714
19282
30276
61039
62158
9495
92366
49786
56114
91953
81291
62250
15272
8932
7675
91404
55172
15951
64369
57499
59101
34715
40952
2506
9029
60258
60330
64163
63841
82086
21152
33812
5232
44163
87359
21116
43811
64502
66155
50835
33187
38294
98456
7611
11191
40863
75568
50695
46598
58534
45971
95526
61207
5798
42073
28269
97818
22351
50739
78989
28787
99450
73452
22811
46125
68094
96896
71172
29384
40407
63058
53593
54205
16199
48200
24112
46384
80410
48252
303
80648
64302
84728
45445
83421
93104
12926
97204
21771
49118
254
30067
58643
80465
14103
62326
80411
17744
93526
65700
71306
45829
75707
40602
97554
38968
20012
52843
28117
61152
99026
81460
42979
33218
40000
89942
52934
111
60650
9429
15996
44892
77954
84102
8605
93348
51376
84945
5041
62295
71045
3838
66031
92815
4778
81197
86240
88687
78840
9815
66148
35558
39195
49344
90392
59581
87899
67604
59454
62875
553
96558
51393
94170
62367
53496
47860
20515
81851
22642
48204
31652
91790
91947
94995
68066
52739
98428
96420
76591
63934
45186
27645
92471
30740
38867
3951
29738
86034
1620
7002
46230
66111
638
6660
55199
88435
38760
81160
29046
52373
63746
37981
35293
70613
48539
44896
73091
37523
76148
22788
41356
93188
52575
81837
83823
14590
40022
61780
15248
65340
19283
28739
33078
77642
7323
99166
64082
39024
99733
33850
86029
44805
45340
78274
64048
61234
24350
11190
21702
64563
931
73945
8391
19955
11306
34808
83757
33300
53646
16706
71088
78706
98700
71618
29014
21307
81925
95425
26845
98199
18509
84610
47560
79630
50296
28838
42045
6866
85831
62142
73640
97059
45304
76823
34473
37489
18956
66873
17277
92028
60156
63115
34381
24464
63281
58185
79704
55927
8416
67808
78497
72590
34331
34005
72427
30419
19142
48128
79573
33810
11109
89511
26115
11030
80298
97316
49826
73818
32443
64278
64173
63945
66083
2090
85127
11176
60744
51531
40983
58633
92018
83898
57505
95563
38541
52678
10539
53659
67860
27578
62056
20423
61980
20380
60063
26846
66616
14021
21477
51438
6641
29101
30957
48051
27912
90201
6795
90993
28351
79228
17516
46992
34662
49216
38587
79375
14485
81769
43043
56249
16719
21112
5816
9925
29761
44414
51082
74579
69540
21570
95079
94248
21532
80183
34108
50753
86020
68189
52436
85073
22273
77128
59359
82978
41644
21021
72877
7840
23557
38834
99503
82896
59501
34199
80040
8307
75386
20860
81343
10320
51222
56261
1921
13407
55829
16508
91903
50183
34518
55072
86594
22156
51993
95899
43281
12849
32355
309
19769
5865
715
31703
27964
74113
66736
85620
88727
23610
52482
14675
12016
79730
44611
16756
92280
58869
56276
60341
86962
39020
9737
67035
1275
15395
10824
88648
10131
34919
46943
68583
35594
81478
43300
22190
55987
35031
34425
20638
94395
1704
69148
12607
47195
43762
31603
18002
19750
35377
40822
97381
52118
78854
8828
51064
58090
56254
89020
95762
42348
75745
18085
32493
81241
39398
98567
56450
15771
4016
50289
33878
5700
79160
49548
24641
91973
41230
7208
12967
79552
10527
68121
89126
95285
19517
71474
18949
60722
68042
82620
81888
13133
57257
15847
24068
76867
26087
88204
22422
64229
39733
93085
73755
59317
60489
12317
84007
96724
8431
96949
66366
56654
6121
19607
41801
30102
2499
42145
48926
68615
22321
73861
9494
62641
23171
81069
28704
17549
26675
17123
52014
17912
16871
97606
72568
76952
92594
72698
64994
94420
52956
96518
20658
22422
36723
58941
24459
60919
44880
86943
23899
32426
24071
83212
32007
55810
94589
79957
78183
14290
85937
12480
21658
51384
93107
52738
75061
70646
25773
94343
64856
23191
83355
94963
89171
72884
99950
34706
32358
27040
78124
32451
73677
41586
70147
37242
76457
50662
11761
18844
12555
72451
81781
75272
10174
13081
45454
98504
93846
62989
12658
72312
46668
16468
93029
86334
22845
55265
98349
36845
39480
69285
81278
25297
42530
44802
97142
95581
69483
60907
75518
70880
93799
25140
20876
76742
58419
64644
74561
42542
93024
4530
1132
35205
33774
70842
40855
29520
76448
85576
68671
30705
46186
51568
473
60305
54405
72862
28094
33169
4135
3412
23722
29852
38844
13550
17066
99814
75753
73574
38939
66538
37674
39104
33533
87894
13518
24585
68942
59772
24088
5600
40453
25439
4757
97609
81772
81117
49224
41248
5799
70578
39632
50319
68498
93476
76379
31382
51286
80610
26593
81402
21804
34880
13431
25336
33543
69454
73695
77757
19369
2703
38861
10041
11335
18711
950
60704
64897
85727
4897
57067
45249
35385
56801
73532
95935
44014
96300
86695
98952
1562
35619
15760
22466
78094
83455
56875
55894
50677
78683
78806
22704
69928
85332
53104
6997
44301
25636
31980
66312
88734
12693
30597
82961
30591
36289
90730
89526
53088
69972
83853
89320
91525
11160
86396
61248
83891
52874
70625
74054
17249
61818
76097
61806
8422
52934
13407
8944
1444
73686
81726
63514
2670
91023
43315
35768
42207
36613
8513
43092
47111
9774
70895
28616
55063
99932
49510
10255
86075
25996
97815
16974
79995
78703
45709
73182
32308
63593
97563
69068
99796
20439
81107
73103
24369
23703
91893
90101
23041
71215
35052
79439
40300
86949
62101
71076
85601
71383
6917
62309
91338
63046
22718
57860
6633
24338
1231
25212
49187
39564
51534
41498
11822
92636
74648
15662
7756
47491
62463
39408
28982
65428
53161
66452
19726
15853
81990
3934
45713
18747
83317
86989
76510
92700
87389
71966
11679
36730
90017
95387
69505
71676
22885
23721
3795
84778
13828
89420
39617
79959
88332
4156
94194
91184
42206
25497
83953
20048
88030
55261
63283
55042
90111
81308
13173
17781
32933
36222
39684
2464
38876
62021
77211
79504
71660
77359
90779
87595
71027
21891
33192
73046
54192
59462
36752
9160
96150
84707
73115
36989
79892
40884
52389
24487
21273
1590
68667
27080
48876
47464
40387
22477
49817
83999
86157
9312
65673
52881
75073
84548
41550
16076
59176
99067
34773
6957
51977
70113
51100
25586
97619
75271
91108
26812
8225
6002
59922
15507
24784
69300
28883
15335
68721
19778
91663
78193
1153
53223
78849
64776
28969
47633
76007
23114
36019
69099
35463
51993
18400
53559
41416
57541
66605
882
87666
99577
41240
19500
57168
29998
77550
7920
85714
61779
81468
82896
37788
62219
82612
61235
6336
10921
60867
30001
57464
42781
72771
64223
52213
54639
18329
28667
24781
5741
87774
47498
121
46470
97722
1289
81025
97606
43143
15637
23417
20137
21166
8875
44442
26678
50054
2558
85510
59192
39625
52239
37753
39941
10119
45712
44792
18894
83078
51719
73786
82452
33138
33340
8983
16130
34944
6307
20290
70478
55094
39017
57832
71165
37962
83643
78780
4956
84028
17485
89509
91635
5555
26546
52212
56784
98783
86651
62233
42757
76762
47018
75152
24213
50430
34430
13815
28921
15494
57381
80887
47435
55713
42399
83634
30886
60754
12176
98265
55125
7526
70404
88450
13735
93208
68924
56005
79144
77499
96351
30680
70719
44799
58729
34964
2111
26312
74640
19469
85747
20293
25897
57479
8918
11058
14877
84152
1299
68435
10714
35654
1931
28661
53339
89860
87344
37432
10467
44445
82651
67053
95670
70390
60065
11194
81067
54187
62802
39042
90126
64888
79497
44340
85362
61929
60982
8322
77292
88397
50803
68910
38964
99411
14640
68157
49977
88588
2736
62709
25669
60955
73636
52243
47006
79176
62618
42688
5774
82548
57536
91968
74802
49503
33569
48997
70087
10988
32191
23582
71999
79567
85460
3893
30014
14648
19826
34794
69987
74893
81682
61580
41691
71095
70426
16825
8065
26542
96783
4660
21282
13806
92013
73546
8520
41203
53209
77101
27277
84525
94377
14847
10123
75370
94988
77194
54339
14787
79681
74115
83631
77819
15911
98388
91536
72258
84648
4333
14092
11034
66425
16110
86911
8893
79581
16508
38739
77303
32907
95866
25964
93455
79333
76250
1881
16703
41658
27677
67690
3294
85083
75402
88520
42058
86700
29045
24806
86903
84491
88808
88774
76699
40247
61083
67097
79514
74906
28406
16306
96890
21657
45928
8167
40620
92763
12118
75995
91926
60822
88905
3143
43229
80345
48197
10023
38396
86414
55636
50910
60661
8423
66311
43001
82317
84537
62310
61314
36834
56849
73704
19018
44461
44975
63806
50382
38799
8626
51785
73556
32157
31317
7145
90663
26222
87410
51582
33910
20079
49466
96528
2553
79305
66368
56579
6959
63293
39863
55697
84630
89301
97621
16965
78865
64194
7233
59906
18044
47053
31698
11568
16529
28597
38329
88180
69449
84714
27691
63592
61321
66429
39250
69368
85225
28164
1397
73134
8852
30044
4303
9757
7220
93491
19628
42083
22827
31493
75046
4088
85038
93069
75490
91586
952
35050
74144
34782
36254
15168
10207
32659
57020
64979
42803
76467
56766
80110
2346
36751
99785
13929
14826
23849
30679
83805
35953
73613
70870
24890
14340
31711
20607
88983
7955
4360
40714
10060
89406
2534
92337
28176
70607
93890
70962
90720
59457
47550
90444
71667
22384
30161
60022
11512
59420
4779
76046
94760
32839
31472
94103
58028
19052
39703
78209
84968
49025
58687
85908
57750
74546
53566
90910
92327
80433
19015
87341
51947
20006
72698
34970
14882
37988
48564
77456
85727
76455
3820
16192
50230
38663
60718
9659
98057
30638
44293
36108
74756
9492
83370
66063
81014
3750
57149
88111
75412
38181
43597
77821
92312
9143
76935
55782
37599
35646
99962
47468
29936
4512
84844
22367
7779
55536
96004
979
40659
64312
66881
72504
13656
14845
87415
48040
33554
20077
46878
34699
80150
42096
79472
39029
48456
73311
45
23668
35315
6005
94172
87259
54080
62815
55688
50064
33142
72470
21725
83506
3064
79177
99892
61351
88175
34224
71861
76713
83180
28152
60684
99110
57933
52886
17684
93805
26964
37322
20124
43083
51773
79885
89500
4280
12136
12346
73041
1470
61018
58223
83980
19636
55730
66367
36795
89153
91939
89489
9984
85637
4395
70441
8306
2443
53158
36000
67378
51065
10163
77037
79514
46438
96662
65592
67610
80164
27930
66050
52109
63640
67015
34783
75865
3173
12647
5356
75290
27085
72191
51651
7815
44034
30407
43869
8639
18380
97246
94392
45502
1369
3248
52951
58408
50685
9053
93404
51423
88442
94959
80897
8630
63413
52767
31958
17928
16191
30023
69348
97106
19969
16779
37643
28970
16977
71510
91366
97303
22592
58142
48171
18318
39048
69059
18462
96586
45572
6371
21846
52361
18133
94771
23440
13315
58083
45836
73676
8204
48526
71673
78553
49870
44876
14754
27613
31019
89899
75341
1762
52672
39845
97246
592
53245
57378
5598
8011
27101
56936
4863
3286
21777
24431
59080
62897
49485
512
58332
66851
43527
59992
90045
47790
76520
97971
42425
25400
15380
26131
58894
61257
9246
94744
100000
31421
42461
61316
57001
68579
70774
38804
36545
13709
96900
62000
44349
23003
14293
87026
84971
23288
96196
6247
89602
96817
24805
55453
82165
42326
557
64810
4920
69762
34325
29516
14668
46210
21529
31955
16011
56886
85812
8725
87461
66413
49980
2207
10611
46027
56931
78928
60364
36533
39977
63133
94896
40463
74659
67105
11851
56749
60223
78276
81974
79027
49777
51436
70732
55353
6328
2741
11881
35705
82001
26570
43383
31717
43098
61452
87182
18592
64017
95838
36041
30791
19839
39517
74956
97921
1430
35148
67954
24472
83831
64197
24752
642
2718
58624
22113
21003
14244
3795
62311
32098
54099
27426
72548
94678
88604
42907
59488
39774
38358
52511
91755
54406
73865
75020
86303
16094
53583
95441
93870
82763
28092
86744
33712
6274
47714
84712
83862
10029
95196
7931
4500
53836
18088
75358
3580
86830
7663
324
19916
4039
35843
72979
72071
77422
11493
58137
85731
51810
962
88152
5875
64050
21611
69780
39613
98182
42573
75900
75889
24115
20793
63613
26357
52212
82127
80153
53213
50595
85395
30659
55975
65947
83289
73650
76858
38043
91664
72973
25580
7784
23283
75133
94037
75362
18296
29830
9253
77928
87016
44506
63248
5514
56960
52690
62547
40308
27080
17276
90893
97439
82150
10900
64
38880
51586
39452
87884
11033
69566
68525
99261
65759
83810
63727
60955
4846
27127
77019
39664
79575
3463
27517
23365
94331
84108
34136
71409
35884
26565
39290
16454
24107
12207
6144
16392
57807
73578
69310
86695
95035
94047
35326
96566
99032
14991
4530
79706
44622
75316
80262
29043
70922
22255
63089
28815
65236
16016
57202
28901
46126
57121
71441
28650
62203
40660
72730
50047
7006
28349
67506
32713
45771
82826
85848
90717
57173
55449
52348
62829
75573
26007
39771
28724
3232
7191
26764
37390
32959
86277
58733
73709
1220
96247
9781
79671
94568
68381
89886
34895
43949
958
4963
77365
7138
65017
85805
63796
52237
58311
12291
19098
82480
84724
51255
79538
37695
6605
44721
6153
79754
24614
61968
38096
55057
26514
44798
41465
32967
72977
98023
84598
20649
39904
7854
41496
97039
21506
88884
79742
34430
53929
1909
33197
16093
64430
66175
31733
3691
2019
58751
52544
96845
84146
66785
35538
67252
37381
39175
57048
21131
6495
56484
45237
37284
15206
8913
7210
2228
40539
24351
92258
16493
34686
94151
61007
24377
32185
90378
47271
66490
62380
85578
69054
48979
23803
8470
62324
12635
64582
95871
15037
33500
63486
18387
8097
58671
97042
14076
54768
16502
9690
30903
53013
59256
51371
28988
71664
58845
19263
45205
5772
8872
56870
93691
81952
69218
1428
58779
77837
6092
2826
29723
54813
45805
93644
77545
54145
73399
16576
99407
49565
60553
53735
67967
49414
60484
1340
92031
59711
20080
78019
21554
18515
66233
6381
37882
82898
47785
32555
70578
38317
52093
98287
50090
74452
38220
71727
80114
59647
34258
96548
16131
27144
98656
54137
72016
47624
81627
53993
88881
73226
54474
93406
39511
4543
34082
12939
69801
12121
35231
18936
39002
69904
93303
77831
63402
22082
13455
70168
56066
81396
92448
17067
52698
35303
77420
95693
97597
71508
36286
61805
45241
51999
4631
67619
74815
40255
64957
84331
31906
80520
29210
34153
39501
84601
93199
40402
31424
35829
40226
98471
96211
26012
17084
49924
38622
41375
17588
62681
21776
34810
37572
89746
35439
79327
33973
42588
24656
45777
73907
48601
4226
68917
97686
84829
24728
8819
31452
59147
46517
77797
85413
37082
8847
71292
45793
96478
87809
17177
81940
96947
62326
64451
12453
49043
32475
96636
13947
40417
43718
32213
78957
50453
11873
59708
88684
18677
53290
42437
57325
29808
64296
8453
61186
9013
29870
36048
20964
26263
57467
32583
49289
22846
11140
32327
53735
77638
14053
23378
58113
99449
17948
72066
13767
80783
22736
57998
14165
40621
36501
66047
75013
40635
38969
46905
3921
22394
11274
67747
6732
5781
31035
89485
14455
6017
48293
54153
88674
47696
56015
6536
546
35451
26233
70267
69128
38580
34660
6147
1392
38859
79123
10555
49702
44716
30968
17553
64510
10159
11046
94583
64049
17092
55471
66735
96615
35540
82928
29563
7410
41613
96087
39672
53100
56461
81745
3479
77412
42280
1956
16746
80401
12859
2597
14784
42099
82402
98879
47323
9500
5628
43597
19908
63496
4311
36377
39860
8941
42249
361
30274
57308
58457
38826
63280
72684
56785
73924
37899
33166
27373
76444
30460
37324
18234
73468
43505
65292
93320
18536
54227
56725
13284
38701
38386
24891
14555
90216
65936
13127
5528
6241
16442
42120
41243
62372
72303
95929
33534
31316
63813
10358
79598
21178
54722
91896
29165
66054
48810
32227
34670
69583
82722
42420
54874
71261
24140
31375
67953
5793
26224
60383
90325
22462
56171
36012
72713
2453
46007
37743
51022
62530
12949
75930
8937
39449
75644
98439
31175
93726
75521
94166
7659
6147
30727
46506
49866
49783
66398
85930
34600
72668
73476
60939
36645
38668
21707
59964
41811
9475
3198
56625
94919
72118
94880
19338
1788
42175
84920
21515
57094
9814
2418
29522
9564
12679
37813
26818
59389
90033
48500
62538
27760
22743
89739
54924
7133
14341
34093
76639
33659
83389
88910
73661
58931
34835
71174
28545
79736
52637
9116
72767
58807
28325
61725
74433
6267
97737
9498
60633
32417
98450
86807
37117
75314
15196
65933
32739
44774
36515
79226
66429
11709
70065
85508
71748
25293
23948
91869
24056
16870
73415
70162
82445
27369
14659
92747
70668
46307
85925
46580
28082
24015
6681
7504
19522
72996
95636
86257
92865
39050
12746
75065
18248
63588
38382
5110
139
29506
9114
99166
93989
28061
32581
71710
80634
21161
8731
38797
12515
54872
24963
10122
30807
53342
48240
62752
19732
72477
13644
31287
38575
22374
39783
19768
9978
97965
4866
30459
79803
61320
42063
3443
54047
39692
19206
28453
78801
55608
1341
41557
91892
4304
1382
62239
19340
30925
38322
30753
41048
44503
25549
66267
82695
42968
74158
53486
83784
85391
31452
22592
2690
78335
28105
19663
90954
48218
88888
72503
70480
21399
96108
52099
28701
18816
28849
11720
34524
96971
28891
12508
5961
14414
81514
11934
67700
40854
5088
74909
21203
37257
81545
75002
95491
99620
94429
14675
1433
65545
2418
65697
65210
479
83769
92137
52602
53605
25069
24548
81960
25267
13183
61966
89534
27211
73157
79531
35277
58407
14655
40049
1458
69251
59281
9278
45393
6052
8084
50762
86356
7502
26868
53374
20717
97403
79148
94901
95234
8650
57067
94370
16931
70152
45950
39064
7581
26054
73623
83442
53761
8603
79458
9147
77004
55752
85668
61993
8823
99071
70693
32948
26170
46846
21357
98168
23432
37455
24445
69846
64007
53202
58592
74876
94906
73953
79717
72608
25011
1743
114
39562
11506
26560
37141
55112
17550
48649
43686
85856
65263
68261
78198
89256
27718
99785
26980
88247
63929
81379
20640
37460
28784
41304
86018
90702
67868
6297
40886
1309
77734
17431
59018
74962
63596
51356
10276
51478
48301
61092
30771
20551
21628
9793
46346
79911
80017
79380
84268
32465
20843
99737
4271
45218
32203
79413
67161
29423
24898
72762
82965
47199
95570
74027
29136
28903
20790
99044
11073
29446
10736
43959
80132
56976
29217
70504
66494
14319
82985
64377
61289
22154
67931
27425
70721
2165
11845
53519
94499
91377
54647
47396
87349
82101
66776
75373
39451
97075
61736
17426
3269
70347
62284
6282
13964
81623
35602
32126
30842
9140
34401
82021
45910
2021
78153
15504
55707
32855
94366
1548
53872
99168
95999
57325
46594
24534
8788
73373
67429
62667
30426
50505
44415
32166
21801
53854
82546
29867
76153
70530
34836
67639
77985
24098
80815
50871
61813
32322
84633
85797
5743
29177
82341
24704
3892
58700
91394
81308
60279
39839
44425
95363
22157
66670
56771
12226
70944
95991
19305
64260
38529
61364
10181
19393
97908
64770
15115
15433
18070
62154
52087
11811
63763
36304
37460
53524
70442
11344
59211
73591
92501
51067
26449
74114
95749
29682
92038
25072
67523
54908
32447
64703
19866
47981
96427
71543
56917
64229
86724
22043
70983
8113
57002
82576
68149
75644
46609
73501
89579
31831
69266
23624
98452
74774
16156
63025
83793
68021
78221
7806
20141
41980
21180
60348
15534
72988
33764
53574
76783
81461
55483
48217
35870
47124
20182
42457
15693
54551
68129
63031
42927
78377
7724
56428
37722
42007
81386
12184
99484
83668
80688
94746
52353
37776
44635
54030
31882
16472
77583
34711
67447
67592
59003
88091
2538
97189
21299
71595
29409
88610
66148
41501
76401
45254
51506
7422
12632
75831
93197
68547
80539
63169
98959
73761
57015
61970
51735
267
79687
24012
44549
24836
79389
88030
63809
49229
81562
12947
14017
11924
18712
73040
83976
15919
81756
1934
12814
13111
98495
57744
89017
53576
96784
57840
53804
65558
82379
82535
60066
9824
78775
57739
71912
83497
36833
34734
58650
98660
97197
58999
47166
49819
91885
62743
52442
7259
11481
80962
49750
47470
5797
41606
67648
53869
31676
46417
50363
884
77
29856
74803
32399
98232
3692
80629
53291
6906
70713
81449
73160
67840
56818
78667
4671
7327
26563
42498
38860
44366
27709
7124
93881
60563
50335
70668
52843
73879
67061
80068
18337
89931
96288
24004
52299
31651
95448
55350
21023
54130
93692
6507
45670
75830
85293
77310
42545
58228
78840
58235
68739
75605
89590
42069
75167
64434
17826
45479
44276
9219
62791
91480
34044
25868
5072
48337
52927
69701
37548
55761
42926
65882
53070
80481
84225
60327
93609
26304
46195
11042
19674
75266
83359
29665
1596
31675
26341
38679
7949
56853
24487
40007
47429
1660
6693
39214
47249
97928
1322
92463
52844
85496
23285
23834
68898
31122
29983
18153
63144
18386
55350
39519
43149
12084
67044
81582
41982
84844
33116
94147
95038
32816
19171
47091
62207
41183
62079
77117
20527
66875
38397
59190
456
5531
96411
99098
53633
262
20156
36871
52765
37493
87051
23878
57047
80912
72541
44176
51320
77392
61035
77309
69793
38061
16665
16923
65151
7999
37613
46819
44048
21480
6539
95555
73717
31869
30938
45067
18035
49593
50300
43563
11897
55331
88157
8825
27712
35936
4048
39111
40098
76578
14150
41476
83820
71895
19994
78457
89126
11974
74417
10300
82115
81803
76784
1892
19010
3488
62064
8793
33727
83385
56083
80348
65711
59067
93394
42089
52572
43327
84771
25331
39953
65378
88345
90800
92695
85889
75019
9004
22006
9199
1862
88926
41731
86753
57636
61731
17268
7357
78348
21473
84494
46707
94945
93591
75773
77756
50500
40150
53369
86514
28682
43543
91372
1442
28613
1625
13200
96619
74482
9543
79020
62239
62537
99227
35899
18030
47564
31000
68276
67874
29148
76637
37322
72079
30624
70974
62470
77842
97752
34203
13674
9801
76436
49003
31262
59595
92006
36682
38348
92863
67
63843
88990
65774
28510
99637
92713
23084
38583
93628
30988
46986
83126
60259
91908
1323
75574
21239
42377
92656
16493
68140
42271
1649
7044
75613
12049
41539
52532
33594
45372
12925
74988
94778
75393
13821
65723
55397
59636
55863
35026
80193
39720
73958
97601
74942
47889
84844
75790
50796
8190
73166
72839
831
56232
58977
84872
4310
24301
86755
29502
69083
49557
12364
10975
17426
5435
12085
392
3048
84320
90658
45026
55588
781
57411
73334
47660
47261
84119
78093
16281
6391
63421
29578
2489
9189
32052
54225
84990
99630
27049
86447
38143
59364
7167
95772
55679
77824
61881
89203
76637
61537
56891
13468
3827
41325
56243
96008
1705
87315
58484
32916
88079
54113
96710
76402
7253
48691
94285
38033
81059
72865
94983
69202
25251
23509
29211
5341
46112
3434
23461
18593
39970
56573
63572
12406
74506
60855
16334
30476
65828
78452
66350
43719
98108
78074
93501
52886
86532
49145
97998
83882
71796
38690
62554
77019
72474
70938
38349
10151
15353
49952
45385
56900
87810
29439
1317
36115
55384
56817
46791
53652
50777
60998
36420
92453
92831
26398
38038
79723
67486
85516
84226
9973
21136
50558
131
50339
86498
77584
13975
97269
65731
74820
16731
85469
53576
17863
90705
60981
93922
87058
70647
39960
99415
86157
24320
35291
6297
71469
4048
99705
83962
75528
66723
20524
65576
64158
85836
31430
53391
73065
85096
84288
24353
34623
40568
76382
92597
98178
96745
76426
28806
62652
56372
64657
39406
69132
14090
7564
37840
83752
4311
43224
4764
18179
89475
88650
64380
11505
82165
21824
7024
12510
7412
41750
57327
54578
46022
66047
64040
17752
98888
20759
75805
75577
8231
37818
40766
87286
51470
27372
7076
72205
21662
93289
12232
96551
16960
9618
3099
30582
78858
7333
66469
14553
36912
40143
15829
33877
57154
8303
14992
66819
79489
35944
2453
38988
86322
99729
46250
35360
27296
10196
44633
15881
24273
97596
88660
52700
26752
14738
68720
67837
77779
83392
95245
52269
57297
86911
59205
68657
36920
73972
98677
63369
36058
87946
7156
97707
43837
71461
30091
50425
62241
91815
63557
2547
22511
67431
83157
2653
87636
53789
53988
76831
8794
16174
96764
76762
91936
10325
33956
65167
33245
42094
32707
76879
61485
75172
8366
36533
64971
69647
61286
45013
5194
2157
57680
93558
78842
10612
72004
25304
36421
67599
86749
7869
974
3541
74184
52461
67818
39721
58611
58371
9535
63646
84044
45866
83700
82041
19995
40078
49247
2095
19983
5925
17578
85574
1766
79567
93441
19051
60347
87036
18604
16300
43426
23194
29688
62347
51669
38301
33349
65322
4588
10482
53080
92795
96460
20318
72249
20726
88354
40509
29391
63455
69854
83050
35303
90992
95327
46737
95522
3458
33469
4512
74025
11419
36749
78325
82286
26435
96258
38790
51514
52925
23743
74232
53811
58825
78457
58171
94065
25740
67678
76437
23805
49254
12975
64371
98818
23788
53572
32075
13906
82507
16898
60433
3666
70805
12173
2166
54001
58474
7247
29409
82072
18867
2824
22386
53464
81151
63468
96420
46485
99351
39556
49713
39119
89993
14820
21454
77766
41735
29310
47534
50860
22452
81471
72479
66531
66098
70836
6571
54333
77893
5094
94651
3550
8927
50410
5580
72739
16766
30062
16392
51551
74884
88157
31643
95054
80835
58092
45860
52961
56155
22686
30448
93755
82698
9833
59084
13630
81785
46530
52692
45925
33031
4720
89550
74776
37984
56034
30311
78136
14690
68384
30543
49546
70502
61295
18196
92559
26252
63341
30196
54974
50166
26920
50892
34581
46872
17590
57005
13878
89945
41759
22997
74759
8904
86409
84634
52353
97287
62574
42742
37098
85045
53690
8780
43610
4284
94789
71388
1659
41553
81396
61090
52906
98655
66712
12363
62455
58047
35436
81697
36721
76402
73209
61077
99113
17170
13401
81950
57295
18875
42369
84020
48087
72991
86711
182
96926
63077
38072
70037
55729
39809
23158
48177
79201
93591
45083
15164
12432
84772
1220
81601
93155
41610
6507
84172
77778
19190
54639
17949
81321
18881
62380
46927
67830
54122
84399
17393
10521
14341
19746
61176
17102
87538
36275
42444
23462
33794
60824
30519
3511
37231
70320
70166
86954
27091
79484
45444
45739
61413
52360
46206
96876
43698
51117
38467
84172
80544
4331
55017
59061
74404
63443
40562
33970
22397
61629
32976
31643
28306
75954
96610
48708
15508
49337
94622
90554
20171
84242
48283
97218
19044
48492
95034
66501
101
96966
83334
97747
75096
14457
38253
59513
41115
80071
34773
10026
89683
6042
33510
39263
32562
65821
50236
52458
6935
91231
61818
69034
74861
48202
78051
24774
44127
41922
14093
30383
53337
70892
60177
47646
46907
35199
7390
92104
64427
76229
88547
76971
13276
1896
43090
62223
51492
85321
86529
23930
73901
37005
72951
22237
76020
13005
99358
52188
89271
22223
91112
55523
36548
51832
7469
96968
82397
98999
15110
91092
13094
6237
15189
40982
16529
87820
25530
58907
6620
90976
92132
37571
89902
64156
96297
24451
98616
46427
94458
16377
15034
37229
12481
84925
12064
55019
66182
79339
75392
92565
19055
16706
55995
95874
5239
86269
32576
95478
21398
21278
54322
96550
32962
41548
53750
72946
12834
11150
45036
46780
10148
87827
53068
80858
81797
72228
42047
13501
74311
47888
41111
69964
9413
85030
15789
30317
76349
89589
54383
70512
37915
64280
97787
77938
71164
19114
75887
97439
11006
20740
52093
45851
64698
20424
74905
3633
48790
92104
19138
82732
73204
28134
85369
9151
17980
48004
41644
12772
68843
17910
7351
24540
58697
42414
48666
1530
69414
64455
43362
56775
66334
66755
84088
27340
95862
62813
24899
24563
44433
51147
92156
27379
55929
55651
20109
71937
19464
33257
72241
63901
55141
49061
15743
57297
51095
15032
82482
75720
42768
90124
65415
93123
56243
8663
42622
19404
41309
12309
52371
75174
71842
77778
45661
1866
22168
75872
7731
35569
23079
35850
60761
86327
55595
87349
64307
36180
63675
5279
89214
89468
70604
77361
18366
93255
6008
22683
75092
72374
78127
25856
52199
10656
56660
43025
36954
78526
43622
2336
17607
11580
63758
98356
44752
23077
57349
29670
92445
73678
66229
89836
65018
31152
77001
59054
11961
76711
39115
5302
72335
44092
85762
17373
76742
30207
66359
66821
92210
71448
33128
47131
51345
31718
98121
22226
98242
68127
85360
51302
9783
78944
44269
73605
47424
68668
5364
30701
62166
38383
80073
80995
75033
54702
41750
43097
75988
69485
55702
73474
51918
70773
37673
27411
40501
7951
34322
29114
83362
95476
48130
88726
15670
81130
88231
11791
30462
95763
41530
9184
91012
89751
32660
46765
99352
99863
76534
88871
53587
92452
76718
48223
88715
52762
44808
69743
15452
91010
50386
97654
64822
71275
53037
1199
37163
22580
30270
44385
19960
81295
84681
78793
64269
29120
14252
55044
46107
44179
43539
9476
11758
50263
74864
8454
14134
25081
39372
23160
60043
89066
67105
48354
71989
59741
33580
49502
78483
54866
66035
25553
93170
52095
59745
2446
54321
51580
47373
6132
95694
56919
35674
33036
26094
87775
26263
50181
49539
9446
18821
51108
87185
9857
81736
90967
94991
65362
13517
94324
11121
14120
86577
31210
75371
64318
9031
94306
7438
22676
24423
96794
2580
94985
69495
37947
11218
93762
97080
41164
23565
41469
4698
55775
47160
47171
25615
3821
89095
36111
57022
27128
32166
76303
55777
57554
42089
27464
91865
76375
81495
72213
12341
85889
16204
37646
28866
60120
87236
14069
61576
54059
23717
21690
39442
31797
36050
20757
99255
59862
19358
88394
69285
60232
81353
35059
30384
67616
48328
52124
53617
80958
5775
77802
5154
77518
35127
63123
59110
83784
83652
45164
2767
41726
43730
84289
29711
11072
32714
7164
25194
28330
10492
42992
19025
41257
58187
90753
7548
76136
43593
17555
42970
52449
2460
66403
3866
21633
34590
8286
6564
20974
40618
39720
56521
25776
15175
14704
27395
43260
44366
23699
71373
8708
70116
4165
9327
79122
70487
65175
3317
19106
4756
61470
53584
15124
25787
1549
21453
38769
1925
67361
82848
70625
28408
98504
77185
74385
4485
89873
48837
7474
99290
36583
32154
53294
26762
52934
40134
5202
75130
31959
90856
68914
31874
6025
78601
76230
21464
69400
65427
2853
98588
8724
24485
62862
56032
89123
15746
68693
10161
86756
63114
90063
40022
74838
17309
59360
68677
84781
96658
777
66699
40000
51961
89487
11646
35529
9221
10999
13419
619
83806
37521
88919
63610
95878
38887
84990
68914
34552
59233
29057
36864
48594
40220
89909
17421
73869
76262
9923
64
85693
5368
40658
60473
5844
72586
24365
92211
36486
17691
85059
11121
77628
27781
35605
18652
81259
59802
65391
12312
24144
17416
54005
1521
51294
93451
21515
56429
90443
99420
51346
68403
6311
96700
51589
18570
43977
6199
83441
80192
41168
74696
98426
92707
33949
38868
24136
11754
81881
96135
45528
35954
66670
26165
58903
43781
68684
60756
61006
36389
37844
45782
32279
74910
79041
64911
64403
17509
68722
71922
98056
13015
3159
88688
95884
89429
66295
77179
52551
33818
28233
68577
35356
22375
79008
8847
86902
20194
9724
62715
9640
96157
58719
19530
39892
2061
65036
3415
56862
96183
11481
97181
65259
11282
81866
4968
81086
3589
18985
45364
89841
20179
76569
6150
48307
21697
28842
49014
56742
58922
11020
82152
17115
88626
51812
19364
69785
15607
86275
26813
504
34494
87285
21320
49266
66284
60426
1286
36470
88050
37678
27321
85540
10869
27872
55183
51109
92593
48450
73531
63062
85831
89693
94190
37225
44041
55314
7835
78419
42937
87905
7965
95991
54988
13702
42733
35990
70377
91306
22429
14202
67020
69597
20847
58151
33986
7990
65226
33037
28418
95898
55565
78649
36528
88574
18012
49447
72230
30286
90799
88344
475
31531
22996
7670
84821
11510
32176
26596
34895
82372
53411
45293
68545
51851
15141
68363
31500
21229
73978
11962
50652
45046
78076
19003
70832
10176
44578
39001
26664
79028
68715
99391
31167
75474
34992
38757
99582
81387
95086
75581
17808
51404
67347
94298
40493
59054
58069
70978
1805
24556
70795
40764
76091
19931
1191
49857
66434
24055
1366
62986
16774
25973
58006
20336
4936
36780
67468
98425
10851
98095
21931
91608
52135
51653
17961
50237
27044
28536
55937
6151
53616
10678
34188
57737
57452
93810
29995
77575
10826
93804
96795
82083
81503
57962
28953
61898
31603
53373
60753
27676
26731
11994
11186
12475
61951
5164
13786
34948
93360
72316
39234
93576
29358
45517
9334
44578
26195
8336
84595
39638
68015
81789
3091
54587
98392
49200
98054
1266
12514
90793
8902
34088
76688
55005
84045
11658
77834
72995
95572
48402
40926
67909
31538
65192
41338
32870
71145
53266
92957
44856
54512
6150
49102
37292
72622
63806
41189
28630
16359
59816
10446
72593
39182
6334
85199
2401
85652
36057
66587
49904
20002
36106
64245
39499
79089
94374
22896
12033
68720
23912
37453
15275
29291
13017
90040
78497
26454
31039
77509
16422
20538
29762
84328
77519
3253
76260
70360
93953
13586
20865
45910
95542
90576
22491
8009
51442
84832
82952
18706
93627
83065
31755
95750
75362
36486
63180
91093
20883
67307
74155
37617
92135
43167
75947
61690
51606
39707
26134
91615
85480
92507
93910
78718
73530
73466
2257
13145
7266
79421
3745
74180
80097
13486
10104
56207
74344
46552
69100
53246
9070
13206
8013
8248
62357
39181
62863
99178
35384
11129
78452
83422
37352
77346
1532
22476
72528
57636
95360
57839
57685
16266
49579
73888
64310
98174
20207
78954
54863
16274
2829
75928
11513
20094
19079
11423
22645
59348
25584
94932
76709
67580
95553
91721
52564
44882
25958
85763
32285
6122
32811
3210
76334
66168
49071
84415
44027
8305
77530
3252
22300
77736
53924
74512
36590
33840
53280
57551
80849
77783
27776
58366
27669
77940
57115
4355
4246
18429
52145
2393
98304
95954
91552
75651
33355
22039
20436
38125
60977
44200
82324
40460
22947
43602
7368
53708
8749
6491
59040
64974
31499
36204
20617
41571
69359
47766
47559
57100
94741
62210
68597
18057
61966
56948
82298
85422
90547
47976
13828
54917
65635
56113
70841
44468
69252
71381
40855
69917
45803
70200
3703
68204
16080
8241
53337
37353
93153
53471
99087
69536
2154
14543
43615
24689
68876
34140
30818
85596
70616
64884
35572
47499
20737
60205
20941
39823
14310
17576
72782
69340
26778
28323
45282
13828
69785
18887
86853
76342
55974
80449
48921
85023
2788
40245
79109
97116
37819
72255
12910
83703
58277
6523
72802
72573
46561
97876
18171
5842
8937
8148
66413
3224
9656
39050
95227
83061
26748
23217
95380
48182
57263
14411
56889
30608
71527
45168
1592
89522
17516
69592
9644
20799
14931
81791
81883
88155
59799
65420
90576
12458
27392
34542
45227
40338
53950
21583
22278
97726
91772
86681
29178
21098
44085
17749
81859
62566
23298
88690
35127
21672
26364
43563
95742
82062
71070
4636
12399
47941
44021
32703
9361
90707
51538
27085
44358
56625
95000
18093
48039
66557
77760
10708
75199
33989
83211
7181
79591
85915
40030
8918
61303
77751
40932
66101
80955
48003
16097
29677
50436
93619
91811
72786
93822
96975
84340
75692
48141
11971
23339
3033
58469
19560
24216
4978
2423
81013
57860
20261
24557
443
91933
858
56210
79543
13793
28335
71132
75640
86383
79501
11766
23901
9482
85995
41362
42835
15616
91774
75999
34507
67899
55808
42994
71782
89063
25717
26680
32615
2397
45702
16498
14781
29358
73688
14300
44091
99029
38139
23015
90552
60802
1225
4203
30575
24768
77858
8715
9563
75394
42451
98646
86014
24838
80134
71275
48958
46896
86830
72538
13514
42894
70632
25508
10376
98054
83195
71657
6602
32907
37839
1477
79134
28224
59117
14204
81810
86562
1603
4279
22100
63988
39477
78536
5690
16649
24471
78975
43905
23001
63819
55887
62109
3449
52493
9126
66233
29610
82352
47509
7345
57864
82211
57862
74072
19193
1893
37736
28527
54374
45237
98464
29029
150
72755
73161
15925
34022
96643
38798
21457
96334
45748
88208
84619
87938
83538
50245
22313
62275
33809
52849
80421
36574
68524
3561
72619
91172
4647
70737
27171
46782
21358
88968
32355
1980
40327
6800
48703
42869
12185
99242
26332
9765
21567
22452
84268
66885
13379
80426
33341
40371
72557
2753
2802
4551
2862
24490
51722
79593
37532
50558
99450
87148
99892
76733
11488
37859
82104
85621
95696
26077
40843
65221
88024
8900
231
86028
29781
61192
67804
13216
1441
78904
1942
34759
69602
70683
85450
63732
79169
76128
83483
48584
96318
34319
48495
38828
46766
43355
20667
39828
75205
6140
74432
2664
4084
7784
14927
91627
81477
8090
30040
99819
98069
87127
71011
84623
45569
27221
82497
83280
34455
33025
83850
96474
32388
85120
28769
45598
29025
39922
22099
7065
91191
70279
81059
37112
51321
21145
70535
48628
9625
7903
57202
28576
77771
4489
77672
16851
88757
72961
45127
11907
89304
31789
34880
6754
94232
76742
93129
49144
69691
46614
88719
37059
6239
18563
91441
16084
64569
76412
34165
21348
37977
99492
21221
44545
94168
29497
28314
30250
13117
17328
68048
31259
67545
28339
76815
28540
69251
43219
16694
69466
30585
41013
64746
7619
87810
74297
66827
92997
53085
31323
50801
49649
18753
47131
68608
54405
96722
42775
37071
69695
7888
16027
89880
70423
14315
15812
8673
91836
52833
17394
87294
50309
16545
16805
51688
68944
3691
34744
59742
46598
60059
32189
38461
47788
41546
75942
84854
11233
58386
553
82864
84735
65480
39266
3037
24906
76400
57253
56150
77414
16407
15315
83238
35998
31356
28015
96033
39331
6977
58617
86352
41829
23731
40673
12371
72924
78942
56886
24040
42434
87272
67119
49491
17746
57677
5561
39422
83004
40407
86734
15606
76471
8111
11892
80137
57226
66186
37081
21038
96084
61865
72279
21321
97148
99877
93548
54990
55415
59420
12660
94036
40132
12101
85423
23232
82058
53665
97886
86202
4047
86176
38271
1437
38660
41307
17787
16215
48692
44228
26277
33965
25284
3168
88833
69305
21725
77755
82447
39297
90310
61925
82675
31789
91604
66822
64283
33705
86319
51463
57307
96810
21134
36217
84095
94972
55247
99426
76285
28191
95602
1447
95641
32572
78353
38546
89963
71020
79658
8223
85573
62918
66154
81499
43228
61088
38538
87440
1293
15286
40484
27569
34571
99394
31985
7464
37308
12212
93811
35142
56263
39741
65720
85640
15897
27315
77953
80802
97423
92564
48169
89726
70074
70504
16815
57657
48542
37123
65573
56056
18528
78871
20482
96726
29227
86564
41133
82804
5047
37126
27037
4469
46855
10217
75166
36044
18117
7029
52153
53638
87559
44395
5156
36067
95763
54637
47678
83339
24700
92114
67675
15022
56697
14891
60217
13684
74002
38727
71604
39846
78492
26504
79594
25466
32159
48849
85590
57056
97320
14525
42195
38278
56873
57536
55939
69078
90001
61630
93462
33784
62442
59131
39142
97590
33404
37541
61491
12145
32608
67874
96963
29116
4466
64765
99230
99767
22566
53540
27277
97300
52145
4167
79508
45978
56563
34084
92012
66469
16828
32211
48585
16663
41783
35180
20783
93840
93110
30418
14584
9416
60872
39602
38185
40004
18788
32742
54310
69375
911
68804
15767
46625
21682
68200
62712
90955
93997
23269
3611
16833
68726
25082
59706
50221
17127
45174
59704
21574
87524
93593
92376
65417
11196
67889
57199
83617
71096
46375
8670
4082
43869
25144
64593
15071
20725
43475
56086
35699
49853
39408
3659
43359
18760
37861
31818
43305
52749
93850
41396
78808
51160
82069
41794
15630
81721
65662
32976
41731
73740
9305
67184
33932
75864
5682
47758
84641
87319
37361
22279
99819
36803
77772
92263
36616
35645
24849
30994
5534
94304
71421
86387
16724
74093
42128
5518
26570
68225
61981
60477
89451
9539
88830
70928
43172
31759
60488
11913
6660
68757
39748
26653
61095
72158
80324
88791
98167
89408
85953
62881
12486
87985
49492
31673
81958
92831
37620
98087
16380
24850
76506
4254
63401
14935
70032
84760
93119
84733
53073
57996
96243
22205
47760
68017
3271
1522
78611
61052
25427
26906
55453
8358
63153
22323
58432
69365
91974
59038
30779
3155
77038
19955
36763
57750
44843
73029
73607
54188
67838
25305
13421
81469
76664
55646
68063
23469
3193
71101
9929
18802
60267
87612
46793
8621
8361
44899
32285
42101
60550
1846
88247
75125
29482
15271
74639
32978
76749
3632
10333
28759
67145
20298
64034
2228
84850
58168
8573
37943
94421
15411
56397
87970
30974
65718
41080
81657
15037
60905
25571
21676
23372
78040
55732
86011
13476
85835
26980
78608
23470
51321
70888
85918
11208
33545
56599
88812
60491
94646
65880
42538
54456
12143
83793
6694
72819
6051
79163
38015
92868
13040
2670
32806
2276
77700
86803
50024
25213
15434
44868
24787
58858
39490
78366
85902
6174
30140
93015
53973
54869
87156
56049
62570
93114
15453
72556
52874
40395
90038
78525
62363
78661
5352
40649
22585
49698
4549
22004
65966
69570
62556
6302
69679
17095
32984
89859
60279
7507
39048
39901
17641
49662
42935
34079
45735
12714
92008
14016
96412
48855
13839
5592
49963
3433
67787
93615
39958
16657
42220
92741
79640
38826
22302
96457
43975
83650
56403
80568
4598
39068
92776
95945
35296
77214
73780
93563
73994
70599
90908
7179
36948
768
52917
1957
56686
69328
26525
57574
75010
45682
87076
83978
80577
62084
92088
1644
19106
49713
42113
13263
55602
10859
9127
73726
34207
28654
41482
22273
67993
3658
72741
55686
70529
25526
76305
22598
63361
63272
71705
8798
25456
26893
38672
3144
70098
5356
55188
80571
98600
55970
15512
18199
65556
77129
97583
56116
31647
94213
9057
67300
88786
28708
34164
2013
64287
58663
42206
95937
29188
52546
54212
28358
81361
10788
34946
91738
5371
4620
73654
99164
19697
76504
72997
95524
54374
73051
57073
41679
60678
74975
29605
67032
48831
91639
9684
7181
37846
52043
30600
51079
89481
23164
17386
14251
29700
59121
75681
25450
93706
4838
21133
56034
52965
68216
73156
57077
435
30315
6742
18582
10732
12283
85851
36792
77843
8278
3216
75091
40396
61877
27034
57663
24699
30560
31495
57899
34438
50839
74798
27412
56207
87896
88094
84314
25288
77179
83473
54329
35606
71277
80070
18355
87589
87185
5144
31156
47726
24520
69903
66667
99087
78059
19995
68659
18252
79358
2599
68538
59357
22216
15621
95834
67985
45221
5899
59953
81354
64661
85957
63639
83783
96162
24356
61233
2853
71053
64531
76137
66927
93176
20281
50195
14300
41956
1007
54504
22815
92522
89590
75915
2578
76004
1525
76127
49754
5480
6212
29652
87455
11896
62469
25254
15337
8763
57314
70153
85049
70729
37669
68746
88766
43375
21989
91208
59670
43692
78400
88278
77971
19245
86703
49510
88010
5079
59464
50766
30255
24848
52219
72477
65931
16613
44067
53832
54394
22554
72638
76440
42001
89682
47574
66429
21399
77349
36410
25822
35387
13193
70957
11082
15411
99712
70999
76736
66330
49772
17028
65974
17831
31100
23616
20964
72077
39877
48063
6934
7833
65364
26958
55700
3188
69764
97137
91753
24019
28542
3328
26065
69286
5187
75744
67679
24465
17980
57250
77260
14436
60905
75707
6702
47087
746
75730
94845
10390
10649
17235
31207
27735
2161
53555
19625
95204
78424
49947
26464
69058
14607
11138
90351
33792
52010
60965
72094
57552
66970
47900
52131
66196
33566
47318
42099
673
38863
13553
22026
25283
6180
11407
16442
10954
59139
77048
27272
35111
96650
76942
14223
89280
44548
6399
6036
1097
97236
45930
58098
67734
82919
73678
2906
16344
34059
17655
79391
67755
44845
88195
74909
50057
85152
6500
88673
31412
40817
30027
22929
66429
39081
88859
62301
83954
73530
55148
24790
96314
40127
97491
21599
59531
91864
11068
84439
96903
57932
50584
77400
37813
31843
31561
10050
15678
35648
88520
43349
31592
92072
35229
81172
71215
75824
36663
29718
45235
54860
35381
45936
72842
79801
28052
15894
60313
90459
55848
37671
61018
70141
97174
91941
39347
47126
24804
14903
9094
52114
98571
79525
30270
75403
70375
28850
20198
75304
23619
5436
8526
94697
44798
3232
2513
71622
4560
276
98361
84831
50909
79794
22577
75072
46139
43663
93927
42708
67594
52589
11115
6898
50909
59883
71807
29986
79921
8751
65438
59261
20967
70425
89644
90434
74864
81424
41412
43540
12137
77609
33278
10569
31457
20177
8284
37582
92832
91637
15179
89502
97566
31554
72245
49655
60863
87584
81484
89824
55298
92620
25747
5843
91939
55555
72393
68487
562
81337
15144
43246
78944
28033
93578
57378
38693
51697
37990
79586
31263
74
58704
82340
89391
12667
50087
44324
53736
58662
75150
1705
71081
9465
93311
14387
72744
36077
10533
77638
12771
26181
1074
65489
35913
78723
79702
6673
93490
9967
87457
2548
15187
46009
43297
95972
43922
47696
51417
74614
274
52614
20907
11237
99741
38873
82016
89070
59746
20078
12076
3431
50171
59287
38804
29128
66110
48835
70427
60378
8799
53812
21154
84229
8652
71132
87200
38067
72113
60438
44618
95573
41376
34200
27541
676
30914
6692
75011
34448
48559
43695
69919
24291
75080
94058
21249
71359
30012
46044
90681
22873
30173
38494
33606
18464
19992
19929
81844
50890
13819
23309
50021
58675
81623
64777
89397
36670
15695
87806
39288
24396
15501
42601
83066
94093
79386
26900
29870
35477
70197
72494
30564
79332
37186
87658
48557
86762
54605
31577
94429
71100
46675
92550
76701
31503
85685
74440
75340
52175
96420
10563
25404
72594
72474
55203
9528
60713
37744
67818
79672
10097
78570
72686
73126
79095
76597
33481
63160
44022
20966
78943
63810
74859
51904
88104
17897
31662
74438
63953
22358
53516
78935
35567
11774
34956
25529
46841
64101
68328
59558
87591
2850
89934
68813
66910
61429
87911
78460
57041
39583
8544
24339
92790
82753
44655
33454
97495
29590
36899
16609
34099
7769
16317
14671
85378
35987
66885
15491
65081
40437
47934
18877
39507
94648
22529
151
99672
29343
76556
8012
5474
72751
64873
25251
95540
51378
84305
69416
47252
29263
41136
84471
28430
34511
18390
67358
23898
35588
1884
15539
79154
4491
72682
41631
70290
81651
75029
4401
46451
40254
25548
24533
78143
699
61245
85896
85323
63621
91294
62983
20112
2784
62404
74804
58448
86075
37696
78087
13302
6240
97333
23978
56149
76805
54054
52196
70599
59548
67402
22927
40771
84901
19946
39580
58106
27816
65203
26449
74140
2635
49467
31449
9775
29758
86194
18003
89650
67290
35823
21943
47095
78747
13785
98802
75713
1736
26976
70887
55640
9234
7612
42396
69173
46720
22616
65588
73233
46422
29412
37796
2335
26975
37528
80049
87851
79433
36375
34540
9730
29826
93290
81380
91265
20434
83740
94180
63866
10746
25603
25366
51955
64984
84378
92833
88923
10524
88202
18713
17322
48552
51168
83645
74687
64570
81135
85999
73472
26848
80499
1609
62406
1307
99629
7548
83030
14489
95694
88
28750
60404
7435
51942
91902
62610
2828
61821
16164
64647
78159
19078
70947
57504
33607
31331
39577
15705
64661
29393
51392
33495
80796
53074
74897
60770
55843
12422
73141
39863
18170
22770
9273
81944
33976
33489
98847
81013
12375
77036
75354
45662
98302
57114
6536
49456
77542
62163
35837
78825
60615
71749
37075
36993
50582
50717
84706
63955
85812
8618
78366
39708
21687
62697
71801
14047
72905
19958
59715
56308
49968
78880
27954
81716
76984
22594
33305
71405
96406
71338
97042
92825
64180
20351
9277
87107
3937
8470
10144
63538
62214
42294
20015
30797
66791
52535
30054
29023
49337
30572
94343
3025
270
14979
78005
46081
68583
42859
1992
60539
12530
48453
19620
88959
77652
33835
41456
87166
40163
44367
18327
59411
82494
78356
17140
88222
32775
59853
94978
19243
39162
12889
26779
91933
49498
67839
80091
309
67404
8310
319
2233
81119
76150
21242
25682
26155
38351
29012
24082
55966
66199
62685
42532
85926
45281
89046
54016
6410
70692
67941
16270
92654
8166
52809
69080
67679
389
22848
38832
4540
61608
51309
40779
41991
46404
58506
75982
52098
94645
20609
19054
30402
29736
49135
88250
17327
77720
90002
6763
29387
3783
3508
9810
71010
42506
8825
8004
47258
80328
90585
5306
96602
82595
93449
62518
9735
89524
70191
45295
60181
14436
5276
65634
7887
50803
95878
11211
35872
44042
51949
51705
24330
14223
11848
53429
97312
67823
25810
96603
21393
75719
95051
64594
15342
42225
4082
5922
19195
9253
35401
30815
49804
45768
9927
1325
58146
76559
17492
32372
7968
25832
21443
70764
30364
68202
4024
48413
30261
37927
59289
69180
88106
46142
63940
13765
36554
18212
99900
24966
39174
26726
83762
75388
93373
45536
76221
85668
27064
27314
11609
53752
10902
43941
15478
68798
1884
1535
76026
52267
74550
38322
84306
89553
3169
70269
56776
93389
40676
5118
54910
27755
28941
27249
73381
16504
11372
45946
72832
98940
60013
7132
10114
64338
4991
47111
73435
45822
31776
85947
80689
40169
624
54622
5692
42261
42030
36227
61332
50583
98232
7685
95505
34303
23178
23459
3377
33999
79197
83818
17573
17400
34626
62615
26911
29373
95280
76092
43454
16593
43362
83035
12748
19357
8775
31413
69706
98531
63372
78355
89054
82519
72503
81283
81259
69061
31308
31441
22325
58841
15099
72304
19002
70758
88869
48163
30470
9974
43779
44710
13214
71264
30342
40995
51697
20470
66110
74262
71486
80172
44214
72722
38664
59918
93410
56352
14632
67891
81404
84059
56252
63437
46189
88352
6518
14824
66357
81487
15087
99985
49745
11025
59896
98165
74510
43999
23714
87771
16552
97460
46466
47043
9784
827
26910
3360
43153
78000
5527
95245
95812
44796
51724
3369
92936
47452
99121
44269
72766
83656
39308
75998
6449
83121
17793
97363
77527
15614
52886
32739
63644
285
64112
64374
34054
98683
85448
58210
32853
29903
65644
21614
99503
66617
42506
28742
59062
76196
68952
87391
95685
46919
88222
40258
27527
24115
45247
6764
40579
16784
88997
63151
48180
50184
52722
23678
67281
62545
96032
35426
81812
94137
62580
17128
72764
6802
32951
66975
41160
29836
84482
44712
98620
38240
92420
43556
76574
45679
6259
25640
39747
72100
16174
50371
94313
39146
94392
76266
8151
33696
16232
24378
53710
95905
3771
94846
30966
41323
70277
70158
98383
50326
41677
7150
10579
3592
26972
38132
97955
46745
36052
30542
77369
63062
19271
2782
20131
42750
71460
96096
82801
65521
36924
89492
19848
99011
65834
39624
5150
25272
42507
89586
51043
70569
94610
20630
92626
38588
66300
704
43309
63349
2334
37089
19250
35403
84942
41046
23705
50263
87840
48755
31748
39606
74032
13586
29880
52672
89988
99843
70957
71254
34314
43231
43176
31867
80478
75496
1847
87286
52552
53766
53231
9387
88015
14895
83425
16152
11405
16689
25265
29612
72378
19513
34229
99897
64239
83917
50225
23906
14811
78493
49007
90476
31717
70955
63949
23809
49294
40152
30029
13686
95661
10946
8985
15429
60701
14045
55360
72821
21495
57565
13816
51214
6134
66490
65411
72598
14349
63048
13130
11232
43485
35460
88671
87779
87161
74284
51743
95000
44445
40738
23813
13590
91446
86373
12864
27489
36624
28387
83089
27957
90959
77604
61678
10846
5756
84191
32140
89931
31942
31887
82594
37139
40544
85806
28903
85715
9485
65985
33152
95177
78907
85394
71477
82260
84565
79707
24554
3616
13655
20465
80902
65140
23026
24354
10565
37869
58536
43831
59567
8547
46885
57162
82168
1501
51668
97924
99927
40601
86646
7516
44722
13807
88860
2111
34879
9637
46784
71583
75626
62529
54108
23716
77621
63623
69282
6049
64553
64460
92003
88811
49618
67408
76242
37993
47645
41644
89434
64351
13928
48640
5799
78431
86536
15646
32039
87069
64285
27140
9408
62358
91733
54263
47808
43269
90363
87754
26236
49791
3095
89897
89856
31766
46913
93802
29681
50055
57975
97615
20856
66472
98210
39818
82097
78911
18338
2031
54314
80006
25742
71700
92428
64741
56040
78891
17915
8249
97455
41289
47943
7390
44933
72208
11189
30222
31253
86477
17381
67798
98285
21738
9607
49933
81223
27351
12519
30743
64859
21069
20703
34768
75778
94031
35017
32992
3160
70817
85058
33560
35757
10622
83751
91177
48266
63416
40873
15069
78522
46456
66012
54793
77849
8268
38733
16595
25577
54509
20078
45048
31137
12599
3515
80479
34520
53516
36989
20221
91735
57870
46733
58969
82076
21973
10487
45768
66363
45028
78811
42365
20851
26494
59933
97935
20257
89361
76764
27982
74744
2226
6836
9300
85370
28372
18425
9127
74000
21720
8504
54622
24874
49933
60922
56116
23445
53907
92356
78454
51128
74228
59414
68785
10115
63340
23310
25304
18772
71069
89430
19069
63455
73945
67752
25237
30160
5442
10720
50377
72511
16516
14212
22235
89878
62858
88329
18165
91864
4750
84109
75262
69359
71853
68148
80064
4550
39581
8796
91522
67254
41250
36068
60641
68841
36653
61561
12574
25592
72577
77216
19691
27443
97876
73310
84120
90133
47721
19243
53042
92938
39278
34160
23821
54542
97091
86841
34440
2427
64046
11124
23395
26528
24318
79588
29480
85836
41847
74290
68340
52107
31985
49278
68122
9080
73705
3626
58833
85065
99895
73454
33017
40666
74076
80197
90497
84435
86195
5540
8268
96809
72368
42919
87958
10487
287
49268
59349
62223
21082
50845
64079
36823
29678
28950
49108
27621
6807
84730
50688
70693
24511
9949
62373
95395
17262
55629
64131
17088
75473
4361
88375
60804
48554
4857
24583
49432
56545
14079
50374
82737
50482
80007
85611
87055
26945
86725
68804
8445
73790
42607
78906
90855
18271
69446
53818
60095
532
45688
66177
71294
97860
28890
78832
95815
72359
28941
98937
83698
34785
23691
13279
98088
23299
27495
91868
79968
8870
94728
5484
49590
77191
93464
23490
98579
58498
24512
32876
30415
16036
56094
72132
55517
78675
1745
85352
3585
60227
73929
2857
9090
23399
65123
95324
719
59401
82197
82520
39585
29141
8216
72693
1143
39159
90359
72743
92303
18854
4566
12155
52603
24999
13047
45371
39492
94287
5662
45812
42717
67014
12413
38428
98424
24748
60220
26678
72984
60930
84286
87886
20356
20536
75206
37323
43682
99775
13500
20527
64552
39834
35514
70970
39395
74148
19665
70976
84204
52079
3262
73254
17915
18364
21391
36832
91310
88021
94433
47168
71432
97140
19660
13183
53316
81547
56064
20543
56042
59166
66333
11963
4208
23412
78894
660
83106
50911
52506
24454
75688
84537
50362
30692
32183
68812
3525
5680
31893
48522
54917
33311
5760
69555
75781
45196
30827
99813
20412
77141
8349
23534
29537
3812
89128
5643
7102
50680
5071
52347
96117
51886
21721
51031
88895
91175
89596
57734
83731
52658
96072
40574
12939
13040
928
81836
66617
81605
73327
84152
21020
73562
37553
78425
91273
99523
29617
43017
9158
72394
40701
7710
51618
73151
13211
8207
15017
28459
97107
43995
23404
74377
26712
88830
87121
9073
56233
85928
57287
90651
42159
91479
5428
13016
18893
9798
47797
39551
69390
66482
22664
19093
27452
42809
10192
67582
14644
47646
68432
90315
7318
67465
84132
60155
47236
85756
94909
63943
95333
52686
10303
91752
30183
60481
89730
40809
63681
55005
25423
20790
23562
82015
14400
86574
82559
99953
20471
46050
14533
92645
34723
13461
5549
89509
42700
58236
16251
77952
93211
62829
71389
54189
18026
27317
85915
36636
10719
72315
34577
43697
57313
68059
81726
1369
10736
15285
87545
2899
68413
48025
14210
14724
91166
8810
46185
2167
8034
75549
89457
5650
52147
77758
23256
15132
62362
55972
40069
96632
37716
69591
28993
84900
80623
27864
3235
87607
73297
671
56496
88237
51179
53233
33003
74631
71064
50320
16060
15484
27718
33562
81278
44438
14468
3127
62151
32695
62372
15847
29503
43856
85019
53669
51735
8106
964
53817
99171
67108
63099
17772
53631
62053
27144
94890
86631
58013
45368
76333
93477
94557
13130
84645
91768
23173
87107
86370
21602
21060
2691
36433
75333
70209
71844
29847
67814
59611
51300
14822
59366
47114
35311
46189
86388
42769
7849
99700
71287
79918
70439
59311
33370
95917
36226
23004
82830
91596
29841
18863
58424
46505
89835
78067
56873
27053
35447
31245
62020
90489
2120
5014
8956
6520
15417
69757
85697
95154
45350
97532
44944
85621
96036
38593
51644
37780
76619
70730
90087
47952
20750
66952
46628
80440
73829
18613
15719
35586
43755
12800
50977
67582
60439
31940
16946
13154
53897
41387
14588
27913
3488
9026
56446
57079
38375
95704
5148
41727
47158
73077
31126
20125
77246
46236
50566
57655
90128
20446
95930
90880
50198
87122
92365
35090
62275
2210
75515
53377
61555
46774
50287
31793
94713
23573
85831
63103
65517
5587
70886
96314
42339
12512
19611
52977
74602
29097
72550
11126
78793
23916
16412
11341
74669
84247
44617
36300
57438
53310
19199
53522
34378
67070
64441
52164
68729
31391
86374
25980
57190
97117
59451
65936
68374
33551
86713
69107
74845
91273
37039
46347
85661
50899
60023
35160
13799
2436
94724
21222
51017
65833
48005
69134
66580
45457
60769
42447
48586
96927
22936
11448
1884
10274
92303
73133
24246
49767
25534
78045
57085
93820
55866
7022
71343
93392
43250
79134
48684
54505
29100
44555
8668
76839
17397
56499
89938
7559
80873
1343
9837
98583
93722
8615
81679
82531
29677
52831
65194
31589
94753
36835
46227
82146
35087
1326
70600
36994
17435
80089
93382
90462
78954
20481
95641
12282
79215
52660
47466
34411
95645
87406
15234
91323
72411
68384
64551
71619
97838
97363
46295
47527
94895
27789
32228
1558
51763
81404
17215
97228
47054
37498
43426
84158
58920
6646
96786
62367
59942
30973
39734
16510
69368
61004
26307
81919
73592
37308
35630
72769
57519
15402
23781
60780
9582
49961
65950
51307
4331
49488
41122
44871
57774
64139
15983
64272
31291
48805
96959
16438
50293
68283
36296
50976
90419
32831
11164
50287
15439
24983
91231
88893
50528
45321
80088
15863
194
83328
405
79229
16397
73284
5164
85181
1075
40422
37935
3318
90915
25276
98472
25417
59560
99441
5018
86654
75831
23420
23992
30009
35464
13668
81031
57985
70347
45758
9970
36923
67014
73322
46132
28989
7823
17575
11754
75103
65355
13555
48759
79950
94572
20845
67105
93489
53729
62273
16752
44994
41372
71345
47283
5781
39517
4563
79274
79598
24484
42800
75621
72317
92392
99365
72389
9623
10920
44081
28066
99309
91308
17539
71685
472
86549
11976
46914
31593
35613
58247
17719
49979
49529
17658
67097
37002
22020
98897
4781
45834
17309
28274
93016
38805
14994
94956
34859
59234
33229
4453
4280
40355
43527
53950
12174
72626
27044
54078
19968
23382
57503
47269
71705
62127
29182
63108
52867
10701
22788
22232
10219
41209
39630
27883
42083
36631
22960
80351
96412
23720
7961
22898
61309
43832
78403
14532
44439
92005
24178
3651
34088
99097
58088
82637
896
90538
33484
60868
76036
26969
87801
18021
18276
57881
63545
11938
80028
19515
23731
28404
13980
39650
12781
7952
61821
68990
14937
64066
7116
75182
54066
48646
97715
62107
31504
96593
31878
87691
63499
90120
98963
10923
45904
10772
29540
75102
42997
50522
64074
70685
16834
10770
16940
66412
33724
74122
43270
75646
6125
17331
45526
73577
5504
32152
81715
90291
27455
31870
42780
95851
87967
21086
80129
54988
55737
21678
9122
38346
91375
16211
45452
57269
13440
62645
93775
44035
39325
19082
47807
43841
84144
97309
71956
55085
81828
85405
73604
5949
84384
44422
59808
57987
10297
59355
52032
20379
56220
79241
74630
46141
6907
29153
96620
41026
48767
58432
60152
95242
39748
75605
98402
35320
6209
4664
56963
14591
42921
24964
86526
15467
88871
54059
67850
50640
92865
84252
61476
63199
2397
59716
82523
57528
73347
29091
79427
62608
29492
76972
95576
89690
33575
75079
99751
67029
54265
47519
98137
51999
44042
70236
25966
86972
48075
8596
55393
80463
63592
8667
98157
48525
62178
69665
87305
93105
77157
41282
44424
18462
78761
57787
49198
84808
73820
44690
60284
36767
88807
25458
30869
36107
7297
42006
69536
86363
38939
84460
48701
3949
92501
75432
6240
37214
65971
7469
96384
98583
71614
38120
27782
93190
26853
15604
5895
83432
60121
76364
74372
6693
81565
38702
83204
70119
43393
19223
37660
77625
70123
76184
18115
13158
30816
20482
11318
85832
18318
21729
38543
40089
51620
86802
13536
33005
82809
23816
19461
1185
27122
32605
12227
94235
48438
35019
77052
41178
71883
89863
33115
92459
21902
32274
51624
21466
25310
58443
60580
6165
57661
22370
82527
89326
96454
40424
30642
39301
25830
15628
97864
45823
20628
58154
49480
17864
35760
67732
99858
76693
57887
76825
39013
10234
55354
24844
19734
84761
74873
1851
11641
47132
69297
57946
83239
58363
69945
34576
38224
64854
60186
59024
92853
18540
58663
38957
17739
75301
32530
86658
21766
4351
88189
18815
78481
17324
30551
76201
13199
58197
21162
18862
85853
43518
35986
42583
3279
109
57048
73274
37693
50741
98675
73163
87418
29573
12689
47155
10881
27360
27134
67316
46642
7688
66317
72289
60887
61536
48456
69441
76572
21596
98504
87578
35116
75705
97346
75024
82009
43845
25689
23552
15445
32310
72104
33449
59636
76874
32016
44943
60833
30251
97910
10
54627
60710
42857
73096
8687
97943
19283
3826
46149
96404
97126
92692
68026
26353
55342
30383
45360
19756
82866
83732
67727
74210
9608
42452
630
12438
27444
10229
924
51587
9722
58148
99484
11877
99022
36867
97524
31806
64304
81005
73259
75563
14052
86964
78067
29433
62085
4424
14499
23225
40924
32899
68436
88391
13527
46461
46681
95661
20117
93683
29494
22157
16677
31352
40452
68861
57479
44816
39609
9348
34902
42885
91193
68508
56218
74397
80564
11804
37973
76250
43259
80257
44753
27912
68370
85731
86353
27142
65097
97117
30835
2097
5023
45152
30151
56726
94607
71913
17337
83724
23758
94177
21119
77654
52682
85963
10507
62931
23042
80788
66915
81780
93655
85699
255
16143
1286
28235
556
24009
33926
63342
30984
26113
78336
71215
56014
13586
28057
58719
85943
28223
96577
37227
39462
13075
72374
7287
85907
83495
6705
41144
89233
84640
913
87492
99106
13117
74384
2403
1257
29620
30110
68848
20441
84202
16877
7414
60988
8408
61054
19359
87371
54276
38147
12672
79346
8974
68481
89729
48101
57519
83303
17728
25243
56754
89232
36046
49589
54498
17298
3879
48505
3701
61513
68518
87887
43445
45155
19020
83001
26552
67248
48812
46054
57452
11194
4937
18739
29253
94954
63516
43619
88265
71552
67039
34990
11803
12138
19780
43398
56980
73110
91994
86976
21776
13656
7763
48995
56470
54033
50670
44928
81612
90277
72506
12320
22072
14965
69264
58429
97195
39077
43560
96104
85220
58963
62353
75047
629
66795
64394
80408
94402
95857
95123
95641
39112
81279
6671
82855
10915
88228
68442
34136
35197
44999
83643
31656
50608
19468
31928
81926
56880
61525
92903
64974
25018
17323
41975
27388
96878
67980
15374
581
32303
63953
70081
61091
9962
95612
25653
86198
92504
60772
81603
82914
98975
29948
28049
93395
34581
63559
28581
15882
91975
62858
30726
73036
34547
38914
55805
30697
42467
59458
55009
63492
85043
40383
88470
76425
90870
26550
67382
7877
44916
7486
28755
4247
78953
38019
96348
69816
530
23141
24563
59081
60508
2230
27006
31125
79361
12109
303
80055
1042
88140
87478
44776
83195
22279
35987
57179
91819
54348
22263
44316
81046
22091
64345
20549
68698
51042
84904
35475
77577
3894
63502
77656
42096
50138
73418
879
59816
68448
32640
3162
2394
89024
39286
6112
65839
7950
52792
57256
56797
1334
42786
6707
2872
39484
42555
24872
54607
94034
39368
5987
39104
64671
35080
43728
36274
32714
48156
68058
74077
13698
93435
2292
48105
87312
82108
55656
1253
96386
83636
71751
61487
95546
84306
95731
61302
67549
87892
66927
79026
75103
3796
37516
48949
42392
12459
65566
93701
28894
15432
6529
72636
7317
15125
18420
61079
87478
4844
89871
568
33415
63035
48052
84221
33824
39229
69068
57843
93092
20808
33454
27292
22903
49691
40562
9482
23592
20699
30479
38875
1235
16311
77939
13262
23647
84181
75612
98860
72457
80768
34513
33094
69090
14765
11872
10443
46483
9145
85412
67979
23044
6885
44752
2937
77694
7547
69524
13485
99638
30247
22451
62675
66736
33045
35652
39007
60605
39662
92266
49285
75072
49397
81194
66661
2414
16998
34082
958
82071
59314
51305
1155
55001
88890
96555
47713
19279
27751
62013
38497
40512
36899
65256
74919
95684
77185
68812
20866
72449
11023
70459
15973
87880
47859
27366
45787
87145
24626
99250
96476
59786
5096
72960
60440
50121
78890
24604
19814
85619
4641
28531
80347
51716
85430
95829
80675
40746
10818
78530
14293
63107
94721
6586
83208
95332
91096
57962
80499
4513
40271
87387
73113
97139
41026
53120
28041
93512
38138
15398
52490
28378
39114
11423
67574
16476
20226
6007
69742
54010
1504
81505
48130
24928
85985
40412
34293
46406
934
47653
29184
89965
10337
60388
23361
55293
42645
66268
79830
96546
84204
33227
20897
47863
90787
2914
16609
49309
65070
55006
1960
52053
13041
39881
36479
50940
38075
18199
50986
86901
90078
50031
12709
78963
18884
40879
8843
20954
15434
87361
88918
12048
8535
6589
26319
74673
6944
42811
87644
67805
50501
54714
60257
72000
15317
49235
36549
53465
45076
27247
39760
1678
24190
68316
79621
33691
94835
55732
61463
13684
49439
37038
20004
45285
1858
41045
79226
94978
15867
74032
49098
31236
22875
63776
98655
40702
11446
8518
81186
39315
71598
2785
9093
65422
60043
55341
90938
83502
77203
73298
33141
24977
45590
37594
52246
85914
46520
29514
89792
78012
16274
59363
91563
16461
56209
80952
94822
92468
79384
11928
12367
90704
70327
23996
7449
21440
20540
57594
48518
17558
21176
91480
269
54551
50793
25670
49929
25958
51862
1905
69040
48976
64973
7633
72779
12674
3672
32444
46648
95600
14529
50886
26090
97056
27937
26877
32446
31586
12652
68602
10156
37756
7871
52332
63402
21714
20710
13962
27999
56143
3833
63709
31884
94533
21732
72504
66859
26858
38673
56229
33854
46800
41161
34529
18820
52642
55372
21436
83146
50332
11063
77905
1632
84286
46847
18076
52448
856
36579
58262
17762
15745
73901
38545
82083
91119
40801
97959
84
41726
93883
94327
66165
90214
64606
25312
78522
40236
48651
23732
22141
79934
68530
69272
98505
92678
73759
47780
72004
89578
83749
6056
84981
96526
91801
68345
91321
6668
53056
2723
65581
47247
75197
94243
59729
25167
1146
20707
92937
23160
54287
33061
42687
7598
68745
24376
23639
59693
78875
12932
44442
27923
89830
47674
21877
81696
56960
52550
87251
37992
56604
73738
72140
53086
99172
88808
52311
91350
11293
90207
26902
24530
13667
40917
68172
8601
10796
95080
17748
62794
80725
2336
97710
28551
36414
40895
38387
73106
73873
52016
11176
93470
67304
88570
87492
66543
29865
22701
97477
58071
62959
85111
23635
90856
46695
70668
29823
51714
28164
2784
68199
56292
22186
33719
69387
85524
62896
98233
69739
81914
39502
97998
25325
2220
29236
42588
55145
82858
96909
77932
5271
52619
17078
61843
60167
77827
85074
15567
9094
2127
5111
78552
76711
55098
68366
36695
97764
88210
39957
35010
23910
78610
18235
46357
49916
62616
45309
97489
81979
44374
29167
55279
89203
54095
92591
18494
39142
58319
53845
65024
24555
70299
63979
1535
87131
67644
58077
12874
41492
34713
66893
49004
75902
96559
73854
61064
61801
50162
92296
51478
78707
4637
27341
15293
44790
36604
44522
43495
3206
63730
63520
71659
82417
41093
41006
54506
88193
3639
87017
15537
45053
97732
91326
31284
53794
12059
25137
15773
4916
61319
9055
70314
60281
94624
15678
30541
81018
94418
79385
7979
69378
81187
27995
18871
26496
59874
49983
70390
23017
66266
52855
88915
66244
99511
70215
87960
18798
20961
61438
90579
61600
66824
12159
41095
17807
25795
1714
1274
62437
97221
9979
79976
19811
75208
2549
67261
91368
9540
33729
4813
97778
30016
46621
41826
90340
67696
78873
54715
61617
90751
53891
46358
14025
3973
17631
90931
89188
57821
88116
12573
57536
93590
48742
73743
81881
97758
68823
55115
1360
7367
39820
37113
30190
36230
46339
21614
19114
8526
76420
67387
21247
76542
20545
61214
93755
48730
59506
36570
63820
77809
30763
30281
81209
42250
79060
71717
62004
16091
54440
37151
84207
82757
25128
19587
72797
48898
77715
1267
79886
65120
47723
71295
11745
32287
61121
1845
36273
42614
59809
4253
40539
67849
37754
92592
86118
36744
94580
16095
87195
84745
11692
25632
8457
31536
66770
6257
78015
81316
68461
40118
95759
56545
14659
62714
67136
73828
80926
51837
17560
1830
27836
1713
82147
37136
74366
62642
85916
13344
27354
58028
30866
62699
32967
27431
94281
91462
33113
27499
67292
86124
77838
24673
57702
44895
67115
74007
98733
80027
85546
45713
32501
28319
62115
86433
79037
55132
55824
13597
15095
54920
49247
83422
30660
70748
90332
25587
31990
24361
70653
34036
34148
65668
62143
98091
93053
48599
47828
91083
31835
624
2427
51255
90468
73228
75077
7162
24859
71659
77663
48967
20074
75675
12341
27492
70171
40161
27531
14575
49394
31608
76006
32517
3162
93009
78908
94024
52121
67405
47366
42866
16245
28898
3998
44992
12084
59860
87005
48697
43925
27727
41424
7949
55486
92989
782
22103
7050
92693
4913
28536
96616
49972
62624
83509
88053
84982
21846
16378
32185
78405
19934
85410
7243
8419
55570
82087
70295
7850
69225
39516
81844
74613
53054
96980
26384
7719
174
26043
88611
92871
48796
31709
19929
57920
7920
98532
97327
76672
6494
23736
38128
54936
64647
44348
89048
82144
9785
72608
93075
82485
99402
59847
67285
41360
31814
59673
91980
14315
13776
75473
34643
87936
254
22942
86202
33628
4535
55489
39732
55375
6598
38150
29642
97724
56545
95217
31597
23508
83856
40039
81698
36096
45194
39942
12700
48441
85350
39123
28695
42945
95179
71664
24844
21381
45702
86344
87328
27625
24898
93950
50596
15819
3972
60958
74214
73190
25140
90473
91037
88989
12525
77666
58493
94610
41127
36874
31096
134
86572
7378
46710
85427
26793
39296
46558
70967
18827
27099
3748
8751
46273
51311
1837
33552
52215
39869
35095
22073
48508
15765
16330
71396
66669
36827
73736
74798
28925
62469
33333
15016
81178
60331
4759
24343
77276
47826
21593
54563
70138
90574
67337
35810
89740
41939
5759
50139
5924
89175
58623
43710
73445
11467
45846
22200
67291
52192
36278
46118
84180
39487
32790
12161
73676
99824
11226
50417
90116
95673
21992
73692
60715
11448
62806
10680
63423
14400
20126
31256
84324
27000
95144
44557
57719
35529
36365
50732
85181
80615
52539
30189
24001
51721
19737
74155
36661
59285
41674
96437
16353
11803
64381
54725
41838
32322
55781
74239
97739
48363
50567
95330
83840
74328
62732
50929
75038
8786
93339
83970
46339
36550
55577
24175
913
58362
96802
49215
13389
84876
74494
18403
79579
85325
72074
83147
59169
33355
62685
90582
46682
87307
59317
14740
47795
14117
34296
30488
9558
97410
19021
42831
31170
96435
86602
89127
34246
38301
97924
8984
79699
81564
15632
88052
9096
99845
51845
54367
27169
39254
25438
78914
77507
95904
11409
93685
51229
6410
86943
12440
20644
24593
61546
10227
15592
17465
81426
19209
33674
77237
7208
48817
58915
90780
62367
85588
28711
60211
93800
74535
36167
65127
15723
14046
3676
86604
86464
31094
50747
95932
50493
39230
52234
72453
28084
33875
83781
59746
31434
80044
64776
35736
99183
99461
79918
14666
5097
50400
30457
60636
92330
61156
33957
21800
26725
52933
55629
20671
63257
45111
93876
9238
37746
40111
22575
18244
48287
14912
73400
97851
37880
45384
9480
45767
94660
77290
27474
24926
28877
6080
11843
29311
31742
79283
20935
62282
99646
28713
87384
22266
21132
33788
42065
52304
42419
82737
83369
76584
27834
51379
47283
70951
51091
42692
34546
22661
78730
89908
71751
24744
94355
20825
35141
24835
66913
42824
34321
76271
58836
19818
82694
77363
14725
12627
51273
39829
14640
46998
64627
82707
90617
24407
23838
88860
87984
29788
94
31827
98490
83554
2839
36152
40241
99341
76272
84287
56084
38823
25855
48892
77046
94521
17459
23829
15514
49453
74883
90145
11107
95484
66032
70546
31904
84819
25374
29520
59200
62103
21823
98418
58286
31911
20923
26864
34985
87450
64067
84844
89364
91273
64626
28413
86605
40544
48725
93914
63268
51651
37715
30119
13422
47586
8422
43956
64355
56913
40945
49151
85611
93023
50653
66911
75778
59657
31304
90925
10607
20861
50847
77504
35362
8304
41473
65027
89730
50534
24403
50638
32223
72123
70442
60975
1324
14384
83502
77878
27083
10179
52383
6874
58835
10500
64809
11804
89790
32887
41093
96564
10398
63942
81400
33596
8574
51355
11829
37885
15815
39344
16778
52594
96394
80948
93689
75219
83260
98074
6673
10469
43894
66773
47689
32787
59007
45382
65413
59858
54513
8355
57153
45201
10190
21295
83438
89792
33700
57112
88817
1543
61192
96605
29848
50583
40874
74567
36187
44269
75919
58512
78933
84176
58059
73104
49012
31881
44124
25650
9231
29181
56611
32373
87662
74788
81514
95052
82150
67826
53898
70731
37190
6976
69380
68782
97484
40519
72410
57500
88401
49476
22922
58409
8806
34306
34926
90138
86691
43727
16872
82764
19636
12423
93313
73275
60514
22312
41942
20768
73323
99027
67676
48275
90691
53321
25111
21212
39908
27924
56450
18956
90345
52370
11209
25900
38035
22038
38496
19299
22553
68004
88204
57294
31975
86491
17740
30227
86687
14635
62884
36581
1071
91062
94212
72668
21721
97085
52293
13412
32946
68215
73306
3324
53247
91275
45022
32852
25700
70730
89690
52418
45293
90638
68159
65060
69917
82851
39776
79495
42579
33673
8324
49951
42648
66255
68407
47530
22428
3153
59915
88913
78434
49286
30501
70853
61521
390
33007
67496
36479
90214
82682
64711
99379
26758
8942
51627
55297
31446
13882
88163
50611
70863
27515
82806
30437
91733
17558
38744
85388
32328
62898
6747
98558
3971
10050
72976
61092
83096
57491
68458
96289
84561
78207
47348
16923
30153
48027
91766
410
77506
95758
84774
45333
70259
56860
48494
91142
19432
6864
20016
36146
68277
56444
20051
13609
23718
74617
43478
1240
51952
11414
36572
59396
35934
85666
44120
68494
13705
34323
33952
24286
13745
77272
28027
59134
92897
19320
56148
47795
9884
69517
38244
11487
68952
38240
92627
86527
35259
62472
46548
40087
31176
68838
25694
17870
20892
75418
61070
56258
70473
71153
29485
55077
22180
56975
86617
62742
25280
92649
10603
22894
839
17971
5085
15433
90313
29322
56384
65800
65210
69958
72855
74313
81762
42883
92855
34591
20959
50091
89192
3155
24460
10880
59782
58422
50217
12828
36361
17463
15603
72175
69062
67606
9406
72714
37332
34935
29288
14476
28482
27602
96936
91990
23465
96809
63784
22137
17792
89390
58864
41959
61503
45132
8091
63955
50928
88707
24296
43597
86389
5614
34088
38493
4602
10558
84891
34712
82871
45409
8691
69866
64018
55362
30599
67756
18634
49136
69034
79161
79195
19119
85285
70300
17767
93674
53608
74485
35007
21507
73509
87163
48980
46063
35347
30725
55995
28247
31130
82511
50248
87462
12178
57256
94658
59429
41607
27132
69232
91036
86330
7029
13378
97379
96488
27906
95953
90290
6268
32240
12112
35350
45799
23602
16394
34695
80903
39892
76889
43273
59402
35139
23541
5806
75782
96847
43372
92310
50904
79719
30932
57167
82412
57055
56642
86714
21212
81904
5489
75920
84945
78257
70012
25730
66918
56148
77486
37880
37031
97603
26181
93277
65208
93527
66125
18307
67121
82546
42658
81182
46018
79266
472
65119
94313
2581
28036
20793
77168
67778
79483
12401
44881
73291
25135
70907
26231
42924
70145
3302
71888
91253
16177
62466
95629
72587
72627
1719
87093
76224
44270
79042
24560
76551
72051
26326
79121
92193
24603
54531
48286
93242
34673
84693
68059
44394
17410
73641
2541
30761
61483
78411
91933
77675
44451
17712
9621
12998
86027
75591
68667
78346
79096
38285
13352
97736
18566
39653
36094
77681
12681
26829
86119
61628
49885
80375
5053
3479
81508
34252
15867
10222
83255
44865
50636
74018
57572
12413
20088
62708
53266
6099
46178
1418
93178
33030
1653
3562
80081
2278
46585
33774
62816
31070
92415
51644
24164
74081
90930
61697
12988
75845
77749
88255
81519
45341
9924
95414
22403
80570
40109
8805
12090
32426
62148
74412
38916
89694
90737
88698
51886
50115
52193
39853
71026
66416
89230
4497
58187
8168
33372
46012
2360
98990
119
99025
30474
52874
73280
24580
58428
78085
14792
24405
38661
55329
5182
52565
79654
71719
30394
35908
95472
19190
33860
44897
6843
68690
50917
61961
79632
58539
2890
69689
76100
29571
65068
19787
67745
24439
29109
13280
61728
5264
1218
28729
96762
26003
59318
876
42058
5386
19513
25148
90220
90650
47234
90901
1225
34605
18410
61205
5786
68738
44384
26417
90454
93563
63718
47732
65265
42130
67687
13283
90793
38112
2887
11155
93158
15245
72379
98536
62086
56121
87128
18115
17705
43009
93933
89552
14039
31095
70329
56980
75162
48463
29311
31610
17037
71709
2487
55615
93496
16549
95621
22491
13840
32269
97791
26624
35222
52025
34432
45953
70899
46853
56639
69708
36618
64272
80413
89080
30317
64948
42104
15349
96636
84172
48806
42874
93531
70705
65539
48371
71512
67717
9758
60129
18756
28216
44473
48840
63924
87494
87976
57566
94861
18778
8728
81471
33091
24232
9355
14309
49174
72486
27286
45651
87096
18398
55270
59015
9710
79601
94279
81081
50225
52284
56804
1425
69013
54317
39646
78144
11693
29482
50678
95795
98632
93636
12686
54580
51490
64096
22272
50412
85440
68083
25028
30579
59344
74090
37807
29859
41022
63333
93235
28564
49158
58954
49987
82978
51010
20514
24689
65054
20410
55267
45636
45972
67791
86919
19842
76942
59538
12150
8930
94824
43872
59676
33399
6547
83767
63901
15161
45417
78750
30593
82219
34651
58074
89927
66956
52115
92890
97954
76568
73286
13540
59138
9257
66378
60577
33899
15682
95679
12033
87867
25432
71932
17344
95438
3529
82321
33657
3126
77499
95153
60757
69237
90317
60359
51249
84506
39097
27575
91826
53297
74690
6957
32475
77094
10909
8075
16137
30980
60
3023
17965
12568
78676
43986
59069
53115
7942
18161
44183
39147
91009
79422
86744
46914
20655
8589
92621
38820
95255
97636
7919
33160
36515
57626
89359
11422
95015
77891
69090
57333
28044
2553
72174
34283
58273
47105
25711
8901
91191
35530
3185
67840
95407
10688
73451
79535
14776
66664
45201
93336
17668
22601
19150
75252
66600
24219
73818
39529
5164
13581
93996
77501
10742
48328
37809
90264
79780
13673
50405
95133
85764
26207
26631
77813
27802
50558
2952
1422
72587
31613
23828
90019
16418
52814
63777
41727
62098
91689
57003
44176
30047
28594
89932
36593
91272
97408
72190
1003
43039
95891
65879
11595
65048
98673
47409
13975
58729
9521
7764
35956
52665
13917
56266
78911
32818
41124
53299
63846
19632
57611
36558
82885
28964
38304
36528
34056
48938
14250
59840
59061
74250
94277
76233
2003
11901
23042
979
75077
94262
21009
34754
55456
87977
16914
48500
33448
62732
61675
80413
93972
73177
5837
28547
40437
14100
17077
30937
93843
5037
34974
25228
95782
43643
81843
96791
29204
82172
87185
42815
34767
47015
64752
50134
60369
49405
41815
4528
62693
58182
23997
60200
39426
85377
54814
10677
1476
50960
17553
87160
52024
41123
21061
79872
11394
41116
14208
97652
22186
25165
87961
52033
65703
86140
95567
65527
10732
28009
56878
85093
61255
99384
32340
40324
35750
36631
52692
45509
32824
4702
35435
79642
86636
56836
882
6918
87137
24585
11247
52892
56212
87275
63352
78356
34690
37324
24351
42629
18499
1349
5027
3257
93284
97466
74442
6841
33904
22917
96620
33854
50887
72420
51106
46809
65537
46634
93353
44973
17821
11241
71086
59571
74504
77313
90502
51382
48771
10235
78005
38839
18547
93778
62545
78637
36391
40500
96518
74038
64318
48896
89920
58857
32342
23331
96169
20707
24018
21562
70097
18590
57851
33558
66661
40949
14102
96036
66014
17597
13000
63064
32120
91674
69966
67777
71198
76735
60978
62506
12651
53845
45554
6602
47212
38009
2456
34289
33515
62158
39308
53625
68110
20851
93748
31402
52095
91170
83904
85047
96441
56139
35682
40174
73827
65714
3918
83302
49508
42104
8362
74753
36367
86305
85237
38289
32628
53959
24778
5145
1291
20603
60797
468
84488
53601
56297
8780
45009
94205
54055
9691
65743
9586
16273
35816
26328
5060
39291
71963
96455
37461
74930
6189
85987
47251
56594
96004
80804
65531
13516
88767
21646
42886
81752
54140
67089
97663
43578
91083
87234
87588
32297
34483
41464
7493
38818
36353
32766
13148
96108
5331
47069
61885
17933
86908
24920
29194
81873
65349
58696
19090
69306
26510
7472
68171
15548
89455
22631
70579
31918
26111
58687
63297
1746
13703
92850
84890
10702
867
10642
38694
2107
30908
85831
43546
70620
24672
16541
17991
80702
39658
73423
26618
61440
81143
56415
22533
80291
41889
5308
58137
41908
93851
47537
1030
48015
24612
16419
19902
37589
59601
29399
71055
93674
72523
68448
42149
64152
8808
65687
69618
18177
52369
89193
64680
47544
74265
76309
19099
22758
73663
26327
23298
99159
12276
96409
60132
18522
31036
6687
1352
76088
12711
44925
73472
29589
94643
73753
28693
90840
56570
7116
71600
36566
11258
55690
5480
12232
9331
43707
31323
65210
55478
70677
83849
30028
71594
65070
32909
36397
45565
66528
50237
44197
83600
72235
95154
39427
34708
92091
83527
26112
8953
95957
33506
59833
48546
68332
492
1381
36999
41854
23941
62140
47962
61275
90827
44632
17874
44468
70354
15984
74531
39831
3851
22239
88342
73037
10621
36297
76974
480
8419
22714
37669
11029
45082
70776
39047
98726
75770
62917
7595
28346
79660
86782
57889
51237
73893
51193
3154
11296
19602
93905
77547
4344
84652
32467
58434
42791
96851
70254
14610
39137
13452
81953
64792
65893
3070
13153
59203
34972
64512
85577
45145
15172
99436
15673
44629
67270
44406
32600
90508
68225
41764
57207
2190
84029
21344
41489
33785
36057
90003
91283
45156
84328
95647
60849
6408
41171
31685
73383
94479
6207
48205
74596
44356
40675
40085
73504
12628
86071
13060
26859
49510
85639
68189
15120
84965
83315
30634
99156
90086
38439
97679
45547
53246
22839
57129
50879
65715
87410
90854
33232
70905
38107
88266
28044
16206
47177
16773
69515
58445
74035
9494
13420
18995
20225
30431
63997
52092
7201
27574
61457
53944
67732
43481
92325
85864
68224
81488
89377
22012
17832
91572
64332
62256
71619
38073
74399
72572
67595
87640
56160
69871
78450
82110
22974
94982
80613
91913
38017
33487
85672
58851
12182
15603
41922
72008
37091
42440
85444
38146
95473
17539
22398
25672
86518
86357
80354
92642
26898
46028
35218
53447
38875
30594
24587
1434
56056
29477
80214
5673
2815
98046
29521
65475
33688
89034
29082
59370
56688
98377
34522
14964
5692
40268
72999
24319
66058
3821
18537
6838
66877
7009
8825
57215
7102
81430
81978
25310
2812
40966
60798
32736
11581
28793
44417
87307
70344
31949
30766
89282
69318
40287
35589
9842
65369
93619
93078
15012
13138
99623
2209
60389
78101
83189
76099
94968
32063
29510
2212
1095
65991
11078
4114
35406
21200
60064
68531
76900
32878
71361
69932
30132
63993
61989
70389
28483
30794
9210
72486
11327
26458
94778
42307
11962
9118
10739
16311
67398
97167
73232
18109
10026
55197
33154
81823
28599
63710
80513
62747
79357
93400
98281
3666
43500
42449
6343
75511
2287
98310
64638
80214
88065
31489
40267
97323
76122
95290
37483
99912
76371
81846
65907
59237
12022
48456
29920
908
69942
63502
62283
33453
24392
35464
81271
36
38176
53182
29285
83024
58534
62068
43030
93251
96175
35715
5521
91723
66172
82756
62907
14234
712
97675
14053
97585
65614
21168
30561
25041
87726
91772
18477
2871
84752
44225
70012
41447
20348
12697
78186
61528
74635
82689
33524
99941
25009
40477
21405
86457
43490
8033
85182
54683
2302
9514
11282
54425
16119
16527
15081
77255
52330
13657
13898
98480
38227
75029
60768
15501
36358
516
54375
97925
89734
76219
19473
30393
79149
80768
30057
72486
75016
57581
57461
34612
26191
41199
39417
20147
89189
99920
67298
81670
72470
8708
8996
88485
67734
78849
11755
64043
37727
90318
83010
90871
91976
74474
77299
42970
75252
6701
4949
52211
48389
24443
36292
44009
37544
28169
17527
10466
68243
87033
93750
322
88374
29201
26367
2963
44659
99122
31756
80491
6425
44978
24011
31728
74956
80887
39311
74923
75199
14597
74930
82001
67626
35788
93213
29924
7056
83061
56242
61112
99391
50351
18933
12674
94270
26466
22811
52086
19322
75364
40737
84713
22261
54505
60513
88076
41369
61078
16129
89867
33158
19012
27157
76798
59693
63746
2760
22885
58322
58470
54723
32503
72959
22600
30638
5281
95355
85890
48073
52920
30790
42129
96326
54653
20863
4668
34610
89751
4427
52170
35031
59676
39171
78963
38984
97722
93828
15634
26839
89
9000
9934
26653
33990
8338
32457
10526
57186
51228
95413
12735
49675
36759
49661
78924
59503
42368
21806
19954
65489
57969
10541
52315
23805
85496
39162
57325
72786
53067
59712
89625
37990
98365
20596
40641
3943
86187
74770
62331
25759
34573
75779
86059
78883
81992
79584
46834
19768
88088
26711
8146
96846
21946
591
97648
69056
39695
58400
90022
38787
77990
90737
74886
91412
93526
84998
29873
6393
5480
90771
21745
24561
11889
99346
95474
26368
32045
23441
36189
1215
8090
22631
12117
27805
45875
95885
59098
81713
15114
38864
91416
9303
65247
1394
35018
38254
15263
42054
51757
51960
43141
41490
70381
9509
15712
56787
65390
93917
30718
92093
51787
87397
5280
34234
52224
18465
7160
70221
43990
34211
85253
40091
64058
63687
18381
24763
20869
53765
29949
42574
69990
36322
64713
59567
39612
14378
93822
64291
77724
56666
92362
63607
80862
17630
57659
94298
42943
67610
84787
69347
68003
42796
27132
91008
5343
47250
88189
41396
42002
68967
13947
38364
35603
95268
10985
70515
87026
37283
86288
12055
55087
52949
93077
79011
79652
72899
66212
11015
14171
3229
49587
39699
91529
1853
14952
80572
50321
88357
79122
52753
88777
24256
82622
42360
23683
54119
4992
52525
7397
98908
95964
52838
24362
37058
97243
6630
72280
72010
24010
2416
72772
61833
11416
33790
34386
73179
46212
12546
95963
1878
26053
47503
52118
77114
21766
30181
42188
60116
30019
98537
65292
4668
38785
83526
17717
48300
36927
79688
99026
39718
39525
34530
95665
58993
75501
72997
23599
99449
78817
78362
71605
17334
44784
57682
62861
47343
53453
39146
65307
17621
40648
98054
83708
91473
10903
2524
91477
49326
30469
73451
93525
60178
72506
99482
7743
86673
70135
26178
66173
76131
54953
26208
89849
38661
29692
45053
83290
88206
54064
74572
32865
81547
86245
87703
88051
77605
380
10119
95680
44168
95288
21928
70089
29645
27250
94691
40394
67454
93020
31176
23255
59847
31779
18390
75301
73788
36661
30219
55358
65225
81998
82088
21410
50527
96911
41460
72999
89273
90723
87505
90564
23120
58473
60610
44242
57064
28930
89417
67279
26107
39855
16325
20130
92973
39396
67928
76369
86159
17163
45393
8609
41648
41790
59549
43738
80984
84963
88545
94574
99097
15256
77806
47054
44860
50088
80645
51583
2528
19241
78476
71556
36906
99570
39541
34787
135
9995
43674
2191
52319
95935
35739
74847
81808
51168
16736
31675
28239
6747
37196
27519
33209
47731
85990
77418
53819
30606
77081
25100
26424
2045
32869
54488
93932
10392
74027
84996
91520
69078
82552
93007
27233
27216
5718
42537
41028
64898
75706
89253
43976
54081
20167
89995
23102
46861
61026
95798
71004
28854
50643
4318
34631
17652
22557
33942
48800
62035
31204
47044
1985
79676
78658
99177
78020
85152
5847
66676
76320
56974
88739
53887
78303
31536
8423
16429
6657
8572
33704
15065
5426
98249
58280
71442
7097
63682
62207
5246
56979
25237
79872
7928
62701
98717
41146
54128
85191
75217
8598
11593
6379
64539
80932
82645
8023
74329
14650
15814
79763
7431
15709
23221
30051
46733
64881
24638
66506
1522
74019
955
95348
60182
50651
54224
64448
70304
33739
23177
87816
66621
20476
15477
91647
52899
4219
89739
22466
15475
48689
31614
97387
5840
95563
11829
8726
5487
77305
41099
89570
50800
92827
57216
51201
41311
87584
16501
93928
74987
64698
78144
11742
96962
10974
79514
36412
89241
34620
89639
94377
91963
98287
86562
73712
13005
36691
52183
90782
75163
65143
36622
16999
40152
50705
18431
45174
39881
6615
37121
19342
71604
57045
35724
59797
60541
9545
340
80085
36773
76612
89397
25276
11463
64957
97954
13944
90346
12899
12908
35103
33416
15887
18706
13101
6612
98197
15294
12658
36800
16990
23156
24348
45278
17426
38535
60056
81659
56476
54585
75287
431
20254
25158
11413
3311
10641
82363
82578
26741
67104
64608
18405
12044
69291
59057
94769
42553
52703
28572
35181
72326
66074
15406
20181
33811
44646
66170
68075
96014
79017
29377
61528
30131
36530
89101
68844
16627
51389
6224
31162
19738
32299
13564
28537
25538
91743
79943
75868
49595
64901
83797
12251
23169
98906
52678
97581
26936
13257
56382
57205
63923
54028
67403
16922
79685
74855
82859
82592
34742
74621
20712
36804
21643
26412
2634
76414
60450
72735
36856
44141
36431
88102
2432
92454
54753
90560
15477
79646
72104
41969
45773
75111
2445
27962
35192
78768
91125
60326
88486
97828
32074
83818
20124
46551
93331
99955
19353
22136
37399
80880
345
78087
77602
57857
85467
59706
8385
21372
33042
27642
37592
21968
92229
55196
15104
92244
11009
17840
67284
39839
79449
27387
4354
78381
81910
84742
59873
85499
72879
45851
16244
71727
95137
40306
78
65072
44744
923
6387
55083
66941
87566
4963
38042
26577
69147
1147
69873
79340
28130
73734
70120
76492
24251
3258
57670
26051
89367
54337
35512
15095
79803
2941
32003
95262
62371
68153
74149
68764
10297
98280
27575
57247
66785
23981
90629
41967
23160
19299
55957
14555
14264
48521
76370
88072
94163
4264
11697
28536
41005
17161
10747
53687
59724
78922
53559
2185
29637
43479
98551
21649
28428
1857
89298
11153
19944
53951
94347
34421
74550
18041
81120
30825
68726
33355
90140
76188
67340
84504
50879
83863
63081
902
76704
63693
29205
53073
47177
81401
55102
16011
21547
7014
57756
22118
18805
97507
88327
83130
35033
57844
75859
45620
36985
72020
32311
66071
32281
60481
74691
66430
68583
85432
49542
6689
56006
42649
52352
57510
56739
97581
12471
99415
76011
42025
67601
45196
20851
34059
63175
21671
42484
50133
857
7160
59303
85418
35350
53301
3148
12264
83478
63028
52955
60510
75729
35282
20631
42007
89420
63517
59130
68478
84732
98258
5315
98612
7880
21455
17117
96113
97413
56125
52018
39362
65286
87481
55191
90720
47944
10439
68791
98194
72902
75329
76482
88298
34357
52328
19291
80195
37816
33130
65247
307
73441
75308
50205
46811
64130
85822
18125
67402
90318
11319
63047
11025
6099
93935
60327
12566
98389
59487
99418
40521
54944
91086
34787
78365
67235
21957
57986
26174
74924
16875
8693
30203
85411
89426
58509
76534
22637
6235
60474
41035
484
69799
8984
34778
48800
43686
2030
42581
56175
66687
90673
56624
77571
88304
8392
7328
25111
21307
94849
20669
69176
50701
88854
31656
14713
38308
71824
24978
84743
84303
3900
49950
14805
25062
47129
38034
64417
33813
51404
69824
84036
91652
29366
96518
43740
92086
62815
11035
50844
8784
74640
91700
97229
30986
70357
48105
62215
73638
30330
76612
35108
72168
17151
8861
62270
34306
13876
39049
91092
22014
66419
74104
50189
56681
62478
85015
9022
61273
13307
37801
29487
75175
23221
77859
6956
74149
62275
78929
46057
62137
15385
45789
35980
80181
96064
86381
70249
95091
39822
62991
27762
14130
37913
21657
29448
15307
91805
15869
56907
54830
3932
42399
90318
4765
74165
82195
19757
3080
66659
27288
90308
84821
94558
27614
82571
73103
57514
34171
41498
4303
88090
63586
48950
10997
22544
75513
84862
91200
18023
10219
14464
30122
89625
38740
19748
23732
86418
18460
98819
29316
1002
73803
73487
9653
13999
36045
42532
56712
51132
37831
72681
18044
18956
53110
49412
43251
88768
75706
41607
19223
33999
25596
4608
83829
11213
37836
26212
86635
30969
28231
88415
61617
74027
70179
86643
4500
75440
59748
58352
54202
67962
42387
24352
47840
85673
35930
46519
10849
95095
66904
27586
23901
82166
26772
99247
59904
82284
20153
57672
67444
35936
79296
2265
4766
51147
65035
42887
73377
4217
49808
73905
31190
45530
7722
54293
50716
52228
71409
43299
91301
95785
37867
2443
76040
34136
17644
87931
76519
43241
29960
5848
13773
26333
53822
17624
5589
88114
29441
31196
55035
38981
5616
77288
54099
24901
84414
47823
86134
7913
42974
72812
62231
29188
46645
45763
50482
58363
81509
83472
11537
63361
80703
74905
12292
34577
88195
8430
62312
81496
33436
64724
2019
58297
84154
17267
74739
61837
25965
26519
52816
26402
80193
24975
56146
21081
85567
83441
1354
92945
29549
48742
64948
23803
14229
98915
43202
37665
44248
24261
7174
86605
19098
2947
23549
5295
9188
42398
46957
93497
71786
4031
14411
17896
44292
83865
43456
67786
95111
12287
79827
16883
44915
61455
82530
43093
36761
8330
48280
9063
6800
72575
27647
79065
26902
15371
39757
97330
34895
64368
64525
45502
21683
55171
21662
40111
85631
1119
70451
76267
74937
27875
28517
77065
56929
23806
55780
77172
96190
52639
26103
50370
21263
34517
27433
42687
23960
13069
91112
25952
87748
48536
89388
42319
63164
54264
10553
60921
78571
81232
66918
47894
42127
11186
65346
88956
61096
74398
74669
77435
97561
29161
64847
63709
28475
61305
94096
7270
89834
8950
4044
70298
54742
4373
17638
74811
27921
28136
42392
14901
20995
88879
40832
45215
36518
14769
74622
4419
81430
13994
66956
2719
28361
25741
61230
75576
62182
61212
98067
74301
74894
31318
6340
52666
24186
46241
25598
47621
57990
85250
71964
40746
277
64827
98273
61385
63998
32276
79336
24715
78831
70597
32807
60497
84377
12682
63649
82572
21936
19800
43536
85455
74750
48118
10138
26103
79039
84929
1501
9572
54628
81737
30476
33677
43657
93422
31187
56822
67504
30134
87250
70539
19662
469
10308
89718
4492
35766
48820
54649
18762
70223
8207
30055
39308
3394
47484
44122
96951
83628
71145
86494
28944
3301
23441
58574
52765
12131
93468
24478
12089
27726
34785
3939
47590
8030
3600
75035
68734
50152
49772
62185
19375
27846
47117
72778
27690
3104
36251
85303
7787
66183
456
71313
59486
97130
47771
22848
41650
34356
5560
83589
98984
25635
35069
32968
73079
55273
53218
85104
65992
86868
88146
49876
28458
35973
18873
28167
63654
19075
330
75846
67433
13281
16430
84575
64445
1805
78918
90426
24134
22505
27289
59790
86996
79499
2373
16235
50636
17063
61483
9521
13343
63590
10165
49768
53446
76198
36138
24954
27444
85147
42683
63358
87030
11315
24385
82245
96878
16754
56285
64544
23364
8494
2766
90528
13930
47938
90295
60333
77612
63498
93716
46673
80158
58139
82721
59072
37267
44911
85919
3741
14032
26703
84237
42774
92964
67783
66147
39579
14537
76342
74332
98161
26040
95934
29545
68006
48133
36723
60374
33548
43805
13049
20108
55363
61083
67901
20061
59509
53461
77598
70181
33257
36436
72603
8257
32618
89904
79472
37794
64454
33782
75365
75335
52026
62649
11025
75809
12823
14896
58514
1388
20227
31254
62072
22660
12737
33428
53337
33856
35127
58229
5926
38875
11086
20342
82637
64236
22558
26353
78149
2541
50253
22720
42560
76314
55051
88241
55096
81744
93549
30193
63737
39902
56969
92899
62577
54658
85012
83582
32943
73781
94206
66144
3579
27095
33592
24466
18614
2377
58091
56834
43708
40086
75619
29558
16283
76531
63749
63098
78260
29899
86652
54871
58648
34878
75704
35023
32540
24416
24837
71421
65331
90417
54826
94409
79235
95158
28551
1336
54424
97900
35248
13188
36857
30481
19023
9574
17078
66050
42756
6456
70010
7154
99049
76765
9305
34153
56630
28531
54855
7857
83811
67814
3957
93094
81728
62775
25054
97764
66024
13495
31114
26064
30955
32095
50672
69743
15924
34964
67649
46642
20834
89038
91909
2624
84931
12179
52648
65271
31272
54240
42642
94107
44827
98202
93253
97290
36434
65259
89539
50028
42795
14657
90770
45388
28204
66551
95764
9715
75848
32669
22853
50843
24358
16081
38317
36811
49928
99984
91160
46508
3984
45947
29093
49401
63524
43700
10810
19103
81659
53867
21613
66378
86234
86350
36425
77521
73255
80471
37359
88513
93155
10610
60603
42042
82190
13284
56613
9421
96317
61056
92322
33373
78576
55916
49636
85906
85870
88742
92384
92748
30751
47855
60199
4114
19055
79787
27855
3259
55406
76549
97678
87096
44748
5594
4838
56666
37820
11453
45250
23105
23078
51034
71470
28744
39066
69175
6641
95235
25456
38811
33312
88628
8117
77578
83895
75176
88609
2495
75641
29375
45031
3832
21856
6599
94759
4608
309
23465
85776
12085
6936
76431
46120
89019
97731
67996
649
66284
46280
48983
28063
40554
72281
56812
93030
86512
74021
18899
157
75631
68682
41012
71307
90399
96731
14741
78697
99268
91609
90422
55934
81152
46886
14949
58231
57975
35821
84147
50370
61743
87178
97918
34664
44985
96185
79464
35261
29878
18973
18071
68797
13248
9291
24192
74032
37131
58236
51114
30522
57462
97067
78255
67302
90667
45600
37863
9823
37053
88826
98044
94339
1031
64749
16234
49671
62790
7714
68248
65733
20898
82413
66787
9569
39447
59803
76262
88547
85123
35510
26800
38058
40199
49805
54494
96277
46676
23561
49075
74263
43595
43422
97809
4696
39434
8096
54231
24980
8834
45168
2170
8894
30458
36841
45931
1517
96400
49877
41219
24099
72464
77453
86897
68064
92646
10831
46542
31125
25591
56195
63703
45821
9052
12731
63925
17722
45063
21732
34739
6111
44601
96365
76333
80318
70992
67616
29521
25246
62799
71796
63757
96432
87619
84696
77749
17329
26668
73643
4953
71767
82328
64867
90107
78260
30518
23630
54169
61783
66577
32776
46207
81059
69165
324
19132
13309
78237
75175
57837
76681
50592
28161
15095
45608
74803
47880
59036
19798
55152
37336
9912
47572
26707
3777
67173
55752
11254
15680
30049
73548
26776
55648
10560
89474
4949
73083
15537
5044
66263
22402
95041
3559
40073
53873
9260
52747
55971
55435
96099
28518
80448
51537
67941
41423
46831
89260
99769
22165
10554
86141
72420
64148
63883
91716
16926
7286
60940
53738
85556
28448
47623
81812
3464
32706
3828
62523
59476
54070
93557
3401
48382
99354
45369
55704
71062
75693
25886
2680
78818
83413
66879
62454
7500
51493
55486
57483
66584
23899
19555
36873
6785
89566
52526
89109
30595
51787
16247
67581
53991
78384
50563
71263
85935
53800
77723
46455
35669
18056
86891
6157
92270
41087
55405
16250
85429
43354
48933
46745
18139
12305
10418
62157
17306
13948
86099
5249
13504
22710
71142
551
46490
56044
23002
20593
74495
25656
12221
2273
30795
38994
29128
86654
2107
33165
12531
74327
92741
39075
4380
48478
9990
33668
73325
10812
33755
87803
8936
65444
65577
70582
70656
85125
53809
9275
77911
3909
91826
7620
26270
77404
75003
92502
97160
66134
36320
37586
76327
62281
53685
96954
81196
91419
32357
31816
44515
31398
88746
50289
34122
62665
36316
1242
45672
14252
54411
14985
32261
26502
50858
1721
56019
42051
73263
67762
81572
78033
4736
98120
4059
5079
462
68107
11072
8829
78694
9401
15704
49394
38441
72331
87250
62019
38812
77724
43005
72146
87975
72605
93992
90783
48198
2497
41261
48765
91754
51082
62407
14610
57585
52705
2693
87022
89818
69834
68212
36893
21050
73749
88186
83398
28840
9388
31330
91455
54298
75069
55367
51754
98331
46423
13378
24534
31610
94350
15187
77693
45182
4603
54871
64166
9424
13134
69264
93494
94528
14935
29101
54079
58735
97578
3260
96558
12601
92567
40868
73108
87956
47351
66618
49827
80365
47172
26037
82372
42473
85453
94178
779
98990
57271
46098
93486
54509
82510
42179
71166
14207
29049
77786
35093
83824
940
72667
54734
96678
50026
51906
6131
5987
73271
12411
69367
41684
1297
92316
87864
54564
64211
36709
92740
76413
39148
63463
95949
58145
40215
91371
13978
21388
52243
75001
75871
10284
24677
665
32050
11266
17792
94013
77689
85445
81361
99337
85676
69439
24605
35613
45450
74551
36664
65916
85727
87610
38196
53949
98089
31280
69010
10718
3697
47284
82720
43404
34566
38220
36968
67536
47384
12708
68832
63075
46350
64167
49453
39529
55197
72282
73888
15143
17861
59253
48687
46074
78080
31943
1312
94748
85349
58727
86023
87243
28455
96945
42885
92612
62030
39656
29761
10575
72325
95937
61243
44541
52224
53107
12148
64650
24333
66993
97015
61564
97192
73780
73682
50385
76243
90670
80829
86905
83136
48607
18601
29402
31388
48994
41288
47428
69831
78298
29623
28592
71356
47816
47955
65736
64040
13799
49656
5585
97590
63808
83573
51414
17183
68174
33325
15708
6240
44158
99538
33300
41239
54722
30992
89537
29854
79450
665
56664
85212
95229
20611
22673
92704
8238
54771
645
70688
18932
97721
46264
1863
3014
39950
85419
97077
34949
38244
17800
92774
60624
62130
17574
95179
68484
88001
94717
43487
21258
46056
43101
29760
99144
68272
38198
38050
38837
33048
52472
11574
93256
2745
61444
24277
80615
67789
30685
37252
19174
36590
16350
67240
68333
71236
78462
6283
99280
79519
55673
94189
47025
97434
11258
49101
2493
8321
36860
4016
55077
4428
33788
6558
99953
59504
26886
6350
89814
95910
37382
44669
21893
97086
54592
51898
61575
73951
80009
49840
91488
7437
79728
345
56574
29802
37773
60750
49621
11362
55913
12535
14806
14139
22883
38642
2689
54427
23813
34773
2097
76707
62890
42245
69281
50056
94538
19455
13316
91182
75166
77407
98777
72880
23739
37635
32355
36956
53946
5625
83132
34576
64164
89428
51468
70935
26643
19867
87172
39791
14801
18865
83240
65797
36695
9015
72901
32982
60695
48953
73205
97393
45702
7405
43154
29987
14073
94962
63420
40698
41312
73701
60185
28079
12022
35594
53226
10404
14176
82015
80557
18619
26595
32480
47103
56771
18591
64696
65585
70085
54507
90525
88282
65310
9686
3509
39762
43699
90808
46135
65255
39297
71483
64412
89696
41617
95323
93327
86836
13313
91119
56285
11294
92954
86901
75242
16218
4197
36617
16422
97240
92090
7870
32
79339
56313
49941
95147
7788
32810
78945
89272
6048
72299
97346
98647
33064
4464
31347
57398
4262
75961
80145
18977
49771
97578
72254
9756
71703
52294
41269
57827
61650
53161
78175
92785
47328
83061
24658
36430
39387
74215
7729
67996
57538
59058
97439
32510
37361
45329
85632
83771
67070
62100
55331
91719
90741
6062
82255
9149
27898
4839
36589
41868
77734
75096
73778
46745
81925
13991
90116
97496
14977
48743
8073
54337
33024
2659
32448
15120
26470
33087
28015
95715
1375
83610
1455
92462
64998
79222
7455
1388
66966
61139
75594
42321
88097
76326
35267
10962
59644
62506
38688
50575
27458
31135
66922
90950
43310
78914
42166
86036
67274
17819
57418
8688
50316
34808
98718
91367
19639
40782
42320
80607
24576
16656
90750
2192
79784
94908
5603
27718
86859
47078
76815
76298
37917
68724
83050
14635
26776
15662
58553
48124
55321
55323
73067
60169
18183
41181
3333
25877
99155
99542
1096
13040
95020
3993
90151
2084
77469
14447
74802
7211
44884
688
89925
66989
13680
32091
79893
87931
57532
28383
29469
96289
39521
78747
58209
53433
51275
95142
61049
99207
50238
62433
4818
2748
58565
88096
16584
11935
38805
76816
26242
63734
68946
5769
37602
39483
26674
98334
11947
95003
55555
3300
36593
10397
58552
7374
65104
70339
31765
43671
77478
63184
98169
94889
17513
65215
164
21206
14887
85613
21272
13909
87401
51034
60030
41012
40074
44117
44920
10603
65362
69488
19506
96216
7007
17713
75582
4025
44121
24467
30291
27267
60538
78435
58339
81761
76537
3016
8237
56494
97119
47327
60734
13794
50449
82933
37531
36507
16682
98168
80035
44200
87722
25006
66311
12132
54161
81016
81490
46879
61098
75113
66878
37848
86882
54645
39999
45431
62772
62548
73406
38638
19525
74403
92453
85076
61129
62936
6146
59501
462
84958
95174
96991
17051
89744
91009
44309
73266
56134
7166
70218
4648
28846
56294
65660
8694
71426
87871
9970
3989
45600
27431
43831
47722
3788
1203
13132
90498
85672
88463
60950
16904
86778
13621
40852
2142
17261
49987
90758
23150
503
43699
29658
1422
62114
17807
34453
17450
33266
76841
77598
96018
31701
87895
19410
69747
18987
15108
94569
79069
82973
86939
87014
79615
56673
2805
67889
34518
42703
62952
95187
87219
94799
53103
45044
55713
63968
80470
99261
96165
55393
58889
92325
82144
85904
51291
47961
44385
57591
97468
80814
30861
30116
12053
61628
53474
23466
96700
75176
36314
24718
88432
3808
11085
62249
77904
54704
31567
78451
80953
54504
23186
34290
31714
48145
10346
13164
17570
78078
66040
90300
65522
25146
90743
78625
1136
18745
91138
51212
77585
12083
52360
10499
94393
74003
72375
31267
5899
30913
188
71341
17664
88945
88004
27243
75770
35385
92828
49899
64467
95845
202
77282
47704
82845
97868
52793
6270
3776
86784
6707
5387
69204
94984
5276
25757
9453
82132
36966
4441
59426
58544
90212
97994
60856
3193
40604
89046
35791
23652
99677
16476
15064
27546
43766
5277
42208
10635
29512
41962
22203
76270
66624
34474
4400
99884
56781
8400
57923
84570
41316
61246
42104
56306
60674
73041
22870
66644
61900
7849
81237
62626
45657
15438
85278
43135
790
37062
186
93320
56766
69257
20885
59951
70145
86633
4151
71346
99904
81258
50961
25930
56349
74278
67678
79398
62603
95493
55116
53294
71475
85523
13785
17025
46727
54751
37170
15891
85873
27641
7536
42110
91406
38237
42065
6683
14283
50661
97915
91556
5263
67674
40754
33973
93104
64903
79018
80572
42272
83025
80454
71752
8253
36012
57941
17238
46070
27859
11091
90600
23188
43522
66299
5904
31297
84106
16218
94099
64071
67888
98448
70039
61111
49759
58475
18748
96937
20851
45780
4088
50955
43933
34136
29941
93376
83503
16574
51768
33390
44436
58717
43941
44989
69381
90688
57282
85665
56058
40643
12839
42162
16087
22314
50353
40882
99661
43154
66542
24863
23466
6751
71750
44341
17402
99149
38753
97368
89989
88890
93465
99249
72111
37931
79282
30029
49790
50697
14042
18850
21386
71314
66400
73360
41948
53949
35285
62592
37521
34593
82408
92215
11753
36520
5837
91307
55600
51016
63917
63697
95550
44830
27053
71942
65956
72963
33638
47935
87454
20292
54742
86939
21008
74594
61486
96785
13898
13708
59283
20764
38787
45286
13998
51960
67262
41567
95607
73706
82503
753
99672
44972
7673
61515
92182
93573
97091
68616
66638
79149
9965
16986
4038
41912
59208
20336
5063
33960
28842
54122
90530
77496
99050
61027
2530
99495
10815
24381
27221
34053
36239
59023
7712
64734
38364
89575
50054
7464
47365
20343
41672
7981
98700
86440
18603
99143
13651
6917
40476
91194
30840
7008
87798
41493
1563
31482
44972
4734
58440
14200
61758
20556
20058
23170
57922
55796
46624
97854
67851
40045
61061
69789
51040
26909
60142
42621
94581
83860
68239
47154
52479
31664
74151
15127
3374
34555
7055
40120
70341
56858
46337
63552
50493
50925
23347
41164
49344
33308
96071
47497
838
25437
36350
12943
67899
53914
11605
14253
18208
32803
53070
59014
321
62701
68602
42616
76389
80535
30917
76158
54321
51418
37616
46537
73905
22119
51559
26593
83519
56868
90977
25207
25138
83472
56411
14680
46438
49943
90626
98171
76965
75745
45430
85387
68386
92979
70241
83292
78053
67138
45665
88861
10803
636
2804
49263
41708
90346
61218
64962
60254
45848
88344
29515
63945
40016
188
95339
53036
78935
30109
13913
82276
21187
89427
72245
66422
35952
26028
9517
4530
77190
24102
13447
25509
2496
57473
63268
75960
51664
29521
62927
4670
7726
5646
83375
7624
3905
76279
91302
95168
88248
68733
3017
65478
82262
63158
53975
49880
27735
16809
67515
29956
2577
70470
87006
32995
85090
32622
17618
87139
88015
93894
16123
2412
4215
47989
20045
48424
56639
1310
96754
94349
73282
53189
92491
35935
86711
91683
57352
41473
31693
48444
7431
88202
18302
36006
21900
84174
56420
82154
3955
20121
9286
51094
46665
95824
68694
75480
73582
21688
89269
40876
25784
56793
15239
60280
17869
38358
16264
12509
46982
93980
12395
45825
76873
11211
9555
58306
73836
84099
15318
19416
8897
68063
9212
33746
58702
39754
39009
66564
14036
23055
18111
13496
77138
83998
20416
12093
72017
49160
23661
55422
2870
71063
94938
49085
83447
46099
48478
43920
99695
28061
93718
35234
62545
82686
35985
7975
34827
74718
43219
15788
58642
45596
68170
65719
66684
79067
59154
11609
19876
94553
58429
40392
29343
32350
37148
92384
7358
98170
71666
48175
48836
47335
63783
70833
30704
2326
6388
15532
86583
38051
89426
80028
69551
68098
57066
38292
53142
76493
67497
71758
20637
23408
21209
4636
50989
1883
93163
22798
92155
54460
13983
99206
48162
64235
92965
67321
69127
3582
571
60848
47059
11593
38244
72417
6676
17578
80840
30624
1373
67043
69895
69552
28676
38390
49112
33378
17131
44521
26286
81997
79523
45621
67497
59135
517
66049
15260
83382
61534
41476
32113
21109
53591
75266
28101
91044
67776
61580
89652
78856
85514
55486
68319
33187
71893
49345
33086
83088
20417
7089
47855
36543
52662
86307
38707
53020
58399
22925
23555
46462
34219
74545
41573
30058
31095
59901
49215
97286
11476
39631
56933
2162
74258
78782
3677
7418
5457
48988
41052
36817
71869
68741
61268
28290
61670
37690
94775
70642
15117
31965
72163
40111
97695
19060
16967
85232
88912
62452
72390
29227
32185
22167
90168
49904
85195
75299
25801
18369
65465
6395
49154
2615
96893
5129
2901
28959
17300
17323
41715
92972
72295
40967
75653
44731
52544
84290
38700
91285
62920
44794
89301
20294
61493
880
35712
61183
60563
40584
13345
50133
48371
2548
91919
36281
96245
96298
27299
66549
86818
19976
40090
14107
61837
68707
7528
67712
994
54854
51020
42647
91303
5226
69997
20296
8519
76280
50115
58627
52926
69282
98383
16928
57378
44541
95646
11253
55026
61102
66881
64806
48089
39709
22681
21848
94922
7055
60543
37597
47809
34755
26179
87276
6209
37478
52939
50807
84281
72826
31784
16541
54072
92173
30855
24191
5880
74370
79975
83634
72169
50809
41142
8844
32506
32238
26922
1346
95536
7271
87790
47756
19929
99571
1101
84431
65963
87733
97793
30934
48338
75013
51994
45414
30418
74702
86637
43652
82005
3352
97068
46783
18972
19240
5387
89627
37217
19503
66614
44004
55870
78739
3013
58407
63044
81210
6754
49793
53572
68397
14067
84945
97288
74198
15076
27756
48749
59822
40485
11132
20636
91612
86395
5610
35995
50426
89936
95497
79457
95257
33127
17089
85939
17510
52710
91109
46609
65224
64531
53006
14573
86890
39311
56128
78876
65382
56109
45731
67286
81340
37454
97727
46433
6154
7549
25903
28833
48131
20282
29164
2786
24600
67838
56313
64034
18902
2157
43052
12982
94786
49859
48467
67589
95694
34528
93563
43092
70049
83710
34143
7662
66954
27885
69983
41609
24471
378
78578
17329
87185
12278
19660
57066
89389
64155
33018
46211
1500
39667
83948
38981
50077
14159
20648
34154
98251
23850
5717
26292
5551
83999
74225
66087
7236
43071
65851
25126
71435
35592
61860
53145
69744
15249
21724
15396
73016
78914
62204
39617
74145
94161
14167
98847
20938
87709
29777
23656
95013
76531
29956
89536
41013
46039
3325
81157
74909
46674
35251
4090
48981
26326
91222
15954
61949
95954
74431
43418
65809
44681
58738
84644
42976
98227
57093
5920
59211
36826
20022
96814
83245
51836
90702
93193
94265
18939
63951
46722
5036
17748
55964
46778
14787
72551
28259
21856
86596
58035
57868
21973
64593
90417
63987
9657
29651
73325
99924
91248
92724
16756
78957
88874
7008
13267
7969
21153
2266
45011
50078
48538
77473
43432
96668
72075
56852
48438
72800
16009
90142
77356
49216
74233
60004
94614
81233
79922
33231
57629
47155
51033
18609
32010
18564
21166
93069
47610
29893
29908
21624
7929
56192
80788
6345
45312
90390
16608
93774
55880
30310
21925
10847
24132
1889
69334
61012
7828
58021
7948
3713
36404
37381
90264
28617
50891
71212
6134
92052
53385
34835
95362
41877
45880
66351
45968
18662
77781
11140
70821
48871
2645
7901
3043
45168
67546
52153
32701
69038
34344
69267
35504
78506
2279
32433
32774
49587
35244
13280
2363
30601
58137
12834
80764
76415
38248
79967
99598
39009
26261
90360
23190
58081
78865
28746
49881
89164
99529
64529
89650
15064
96013
76142
28556
73717
8290
8208
82047
64348
96301
45497
44243
45569
14466
97148
93649
14489
63148
65165
53682
48356
5677
94249
53912
40555
5363
31373
56702
88897
13270
62900
95031
35974
29154
76836
61260
2654
99271
69707
89573
47706
40581
69214
16677
32764
94718
94737
90700
22674
23014
75414
33959
49350
78477
36415
84367
58961
15100
48427
87937
59867
77044
24201
39961
84580
14279
78981
89304
23567
96890
27592
42871
5901
37477
94102
74361
85474
35536
21361
40657
84239
55723
71471
68039
28857
57333
44629
73376
88377
29235
77394
64205
7963
89971
84480
10939
27903
2117
61302
82042
14438
77333
55669
65642
18784
35993
10068
91217
11185
36204
50479
72859
77119
24434
41538
86609
82509
78865
32855
40110
31479
8797
21005
37797
73665
26114
16652
15054
42904
45141
5794
39894
67229
37597
44223
59214
24976
46429
81682
73268
17993
95662
27730
79898
68336
81195
52733
61135
55816
65185
709
97125
58106
15022
57402
76661
68413
89110
24315
84140
3008
12900
58296
6176
62765
98077
47982
66568
68877
55535
18020
54948
80477
57970
95716
58633
26752
59759
66175
33457
64958
65219
46500
71391
80787
80536
94614
49964
62231
10879
69137
53327
47657
34068
93077
46832
61500
17838
16699
44517
32872
82528
29550
42192
38971
66990
54389
61327
3454
13535
76554
2589
16156
84795
98616
81971
88965
69162
68051
86585
36586
4798
16868
44748
33549
19519
18050
24048
97856
10697
13653
42549
92542
93805
42817
20620
28778
26782
92290
25835
14386
59407
5417
17939
37246
14428
24945
65764
98048
59811
68160
93843
9059
54425
72378
90350
8425
4955
45753
12074
26423
89662
79835
58981
33642
90130
18782
43211
38761
68725
46928
67822
55442
73892
85380
72617
37270
63542
17100
79783
46351
36194
15651
66513
35340
42408
60291
70797
45154
76228
33245
67048
69369
62845
60839
83925
16633
61170
22788
85876
45247
3849
32931
46496
1409
70742
23333
72658
83876
95466
57596
75270
38614
7744
31175
36362
95132
86112
17170
65027
47483
40388
697
44020
20190
29268
91865
26351
38511
12940
64901
48089
38845
84024
81478
63919
35084
58915
38576
75338
40
28564
56747
16740
2757
48238
92634
65945
64016
92179
83125
86862
39895
79370
9987
34810
74514
64611
90341
80986
85735
63913
8502
9929
75714
88258
88674
2135
33431
52976
88
2610
60602
5918
78545
63241
72207
709
42271
81585
20442
35743
65589
65379
25759
19528
70220
60979
76978
17020
72000
16594
14117
69918
57505
14533
20409
36611
4203
43307
93376
3813
66906
38936
8039
14015
44588
7073
80068
54104
68169
41977
9694
29411
53823
87826
26753
40587
64778
68664
47929
35324
43960
8815
82504
17418
68201
13504
34032
53199
56262
2627
78586
50915
6158
13126
88605
99108
40846
23558
97963
21832
89820
12242
27870
11748
91865
95985
59418
66560
57291
97627
49570
5291
51711
20293
12658
4658
34870
1348
96119
78560
91084
47359
69205
32933
92000
50194
5196
43742
95808
52943
68535
42205
72331
28883
13911
56283
5490
61411
31126
47020
2179
32596
59489
98611
80395
66244
41419
23961
77771
14506
66636
417
259
70366
96674
91233
33129
82110
69677
9724
12056
6831
59198
57611
71289
66082
19350
16531
94568
79122
85896
99173
49758
98598
66897
81888
63024
69446
32214
64005
47077
55532
11090
50825
8747
94918
37989
3468
41876
39331
25410
54856
32117
23977
43261
80596
19715
96492
33389
8587
43482
35570
44545
35339
33529
5392
25365
78911
60605
31012
29388
49386
77846
81984
57719
29440
34775
73358
92755
46646
70010
64145
28927
20752
31822
25451
18760
33480
72365
74451
89221
56239
43725
19293
46297
17479
95071
94803
6676
35472
50548
37040
85624
37478
29830
66452
17898
19838
67661
5579
33208
51979
60514
35148
90719
47687
61169
6894
10268
37962
81659
57987
40946
29699
6276
42053
84384
9437
20289
37718
68995
58538
93188
48386
60238
19929
95830
23113
44559
10407
61360
88722
46582
66597
37237
9790
17148
99535
67186
5974
37672
12312
75380
31712
13261
76225
30925
99946
9336
10360
7145
77216
57621
38828
49490
3346
77083
71554
58813
83877
62571
24678
89148
46064
83813
3268
13669
5181
64824
49394
24786
21358
95905
69372
57038
46819
42022
26014
26041
5272
30642
63264
89318
81982
3414
11299
24493
18119
52250
64587
24661
86894
79302
8436
78682
51183
5197
64893
31843
59538
68934
61316
89280
98096
88422
87371
37824
31913
58335
88787
7252
97108
38426
80771
37587
64035
13299
85842
76813
52751
25645
31905
41504
64422
75771
92264
34362
86610
99597
35823
80527
3112
18261
31512
24662
67014
11089
86326
67195
86518
92126
88772
21852
6334
34775
25915
76606
13778
8691
29796
87041
79418
65768
255
40124
83592
36207
84696
78415
68311
34050
20560
4013
12783
76366
17421
46359
5044
54424
30389
53155
78844
87210
59567
3570
69412
25337
72178
22288
51989
29601
83675
18980
78749
58512
89316
18564
45
75149
94228
90944
60849
96097
7866
97132
8765
94312
23644
50324
61706
50017
46181
93441
65169
16776
67436
16391
52570
97783
49591
73011
44146
29645
17512
9932
73607
56901
73757
73635
93747
57432
65897
10968
10222
90865
45839
14482
25631
94522
68755
92372
16536
39887
26574
30221
48369
85179
71463
87983
11380
4565
2612
79887
49782
56652
51470
83304
51361
10024
85047
68978
21578
47726
5162
62549
31549
81467
33744
36781
38587
21313
34910
56822
93219
33762
55246
75837
86418
54287
93000
18539
36498
19033
14783
85702
77530
7322
6655
40865
10902
91810
44290
48649
27402
62314
32762
17675
69719
85159
29376
85499
16947
56639
6836
62898
40323
13775
72371
50961
44283
76451
60837
64135
1079
53918
24752
5408
29535
54174
92049
14375
62747
16385
34347
82825
77601
79101
9443
30730
7259
80717
35165
78399
3022
49140
93054
73907
3681
44456
66397
27591
57520
44
63737
97500
77874
36862
95839
2099
43483
24211
27638
23592
5131
55619
44242
99810
79084
91377
84315
10105
54924
81622
79689
47928
38013
9372
33263
14502
56459
31083
182
79701
68728
35967
27079
13348
56589
21593
23729
53410
83705
93751
96693
32101
45629
17158
21074
78220
73229
59237
964
93546
82153
38962
55634
43707
40487
58275
88689
5819
92125
3159
22391
30936
6209
55567
74217
61577
16219
66714
80094
48564
3392
31267
71961
26910
32116
86924
58736
21430
12031
3008
63787
94760
95378
80693
92474
40558
76081
81451
44861
25324
31837
12599
88836
20168
13097
34226
4190
72444
38168
97234
20513
68701
43916
49734
34355
16608
61528
28319
61444
31164
94577
64987
95905
34989
46849
45818
37579
13451
12059
51172
82268
30278
99343
15422
61097
52713
63212
69851
50728
17802
88650
86213
70746
9627
1868
80947
98350
61712
4324
61101
1713
95136
51555
30615
4858
3292
58762
75551
62520
958
17419
27017
15249
7684
65335
72048
76969
65095
49336
23000
35243
15430
55145
8044
99033
91767
87324
20162
31676
2086
35331
8913
96111
56605
90008
50003
11011
30712
644
43110
7190
56850
30918
47553
36829
53753
44202
36969
33570
89714
22439
48319
6842
76294
42484
92751
8468
68727
37193
8265
87299
35816
68297
97412
13654
65654
86590
10667
33848
39937
23742
77457
95508
15044
8526
7981
96384
39067
86095
98504
68538
26806
70535
76605
27756
67181
94067
29996
67717
26238
33162
20379
66818
66292
84419
45205
7947
98468
666
92071
85950
85620
43303
73751
46411
54092
46977
11808
64421
95557
24678
75989
9038
49829
84631
52802
49681
42730
10115
73254
94582
6224
82076
52081
53526
13945
925
10561
33223
1891
3164
58492
59607
71647
86886
9730
35801
12610
87949
29701
62954
83630
57431
87878
48387
179
79832
9395
27552
46793
16549
1849
36482
63707
38361
14516
33030
62058
69556
89918
26574
53300
59805
59304
22859
38464
30769
8537
74398
35141
71738
39579
8206
77540
63838
92540
58911
34771
98117
91071
20124
43378
59862
37034
11397
67388
80665
93302
34767
29723
55110
15474
73931
10817
82466
71004
78635
10591
17913
41812
15957
62042
55065
81880
24016
42679
55353
79652
38980
64985
59533
4976
70598
65680
40395
43200
26422
24324
58248
83931
56447
23384
39145
32189
72811
68060
87030
44747
66675
54529
10889
39244
75823
74422
82054
38897
67052
64523
20422
66716
12686
9015
49956
13539
96558
29041
73797
29847
34632
62788
84628
4039
3134
61589
44715
41462
36983
39281
84445
82736
10850
6206
32803
92266
3974
4526
38487
8306
15300
34896
53283
43119
68076
25383
54342
11008
56174
13099
92710
87830
29550
84202
80124
50582
41249
32235
10015
6362
86615
67221
63209
57468
10195
20002
27195
24936
27925
70604
9853
3136
62824
69704
74978
19386
44405
50377
33086
63718
69240
29259
62906
26366
9068
36335
47890
40727
29162
83983
93292
56072
49270
12436
87130
60521
35633
23921
45977
67779
38352
54737
93250
5874
54447
7175
27747
14923
46272
77265
64709
40226
75919
34740
48174
7953
51716
57560
81654
26299
908
52326
35932
77031
22181
86944
32676
44498
98218
94811
89672
66325
90805
87889
89256
67842
29608
25142
72292
85728
65351
27652
66215
84932
53241
26543
26586
76880
47083
31504
6154
17332
55463
70840
67684
23600
27584
96044
24350
21377
97938
45393
78740
92812
58289
44940
91085
74854
8662
54265
29698
40740
41105
67997
73135
19307
46963
71530
41418
75452
88083
42563
82549
92569
20890
14048
16763
1987
60714
30605
14547
55268
24310
79195
9308
6170
44845
46403
53008
45730
99931
65254
46180
26179
79415
43241
33049
24604
15673
73032
15299
99764
44134
73784
95704
99408
88583
23971
23381
7935
90620
84204
73666
69177
59074
13297
94084
76639
58498
41473
45908
84934
14007
79616
61834
75709
97862
67208
95808
94640
39788
78069
42678
50745
45990
60834
36731
17490
32726
6812
92626
75722
72431
65631
78568
23923
552
17631
48919
2206
78025
94355
9733
30994
36446
38510
44712
68238
44438
42962
40635
47214
80352
15692
27339
80976
73792
88644
38776
13943
78445
36019
27235
56018
58301
13315
80468
33250
91869
40311
13905
31999
88844
3079
50170
2486
31719
18415
53614
32398
8609
83911
50618
43359
45645
92516
75223
44318
67350
60154
88031
25351
12877
70486
335
4310
12302
60963
40088
71002
54288
89974
27867
54476
72992
55095
12067
49360
83833
38634
36206
71380
12253
25884
42855
58630
14146
77586
52591
59360
25090
11657
80797
53895
98211
73443
39146
17172
11604
80118
77258
38480
16245
6721
47372
50030
32034
30696
7918
13312
32506
81712
87142
74825
25853
94171
21317
32307
24971
64108
20199
56614
98457
24049
55965
83734
90822
74923
22944
56392
22136
12658
43179
82699
92063
5499
66319
47915
50932
49995
21525
35066
63395
25141
47723
3439
30845
92068
96371
25644
380
18068
48639
36074
91855
54586
40153
28705
48775
17037
20041
7950
68142
17112
3101
79960
2216
50597
47100
20899
85442
11165
31240
69125
83836
58761
147
13189
6665
12438
28882
85612
8341
83675
1148
72241
52194
35838
94667
72035
24727
24002
23752
25495
57675
55842
38161
30192
11639
21378
15896
41984
95918
7882
44051
12264
42028
35082
42171
11253
45250
770
55688
36602
10038
64381
39720
13552
60351
13062
91095
51177
37242
96113
11004
87659
19126
51128
7461
33352
67304
80074
48343
25503
23179
60259
71085
10361
80878
36117
35309
11899
37702
2201
64444
94330
89623
96319
28814
66310
56113
47688
91040
11322
12704
26688
54363
40436
61568
38792
88372
18069
89521
11655
66296
19182
78047
79813
39158
53633
93315
67072
23328
11620
65980
55650
38702
47599
68633
35786
47860
42762
7347
5758
99849
17319
37092
92313
88253
99196
53796
41658
26017
89825
33573
71261
70189
78882
94583
62786
71950
72625
38011
94668
35008
31565
44532
94845
12705
31716
91525
21310
18775
12675
34005
64532
6053
57899
15060
36056
53343
83748
37753
42987
24235
24895
53245
41785
47992
22026
57934
13175
38486
65457
73949
1280
89792
37759
76426
85873
53679
92258
17062
27428
30445
83629
55630
11379
53989
87593
93912
91741
52344
20995
17112
82011
67321
53332
36245
25281
33532
80140
72699
16232
12412
77252
29877
1913
62939
71949
15845
19396
65743
33876
96221
13815
8445
59106
95977
71549
26694
15376
70997
71161
21089
50959
51277
91611
24235
89841
31283
32071
31747
39375
47006
1009
25979
69128
40406
54350
25196
60966
99660
86245
24920
17934
84207
40637
21054
28807
30308
29379
37032
55239
91671
51013
83214
18362
86310
26045
13791
50987
45885
93597
17391
39836
86647
11621
90350
20537
36025
18019
44652
24608
4258
12453
37951
55498
63877
90093
91329
74611
24958
12106
17783
46437
55933
55306
10118
30186
55725
35447
99972
96722
14255
22253
79460
85977
38653
23340
92804
63396
42456
57667
86695
31031
53094
89254
52293
58734
62828
3784
6223
67058
51662
79152
10511
37844
86790
14972
24405
73388
69532
77054
54327
11962
44280
27440
46544
41737
31332
2505
75453
24594
20833
17385
55637
3758
99787
91066
12247
58470
29116
5948
56966
56158
25230
36049
54166
32060
59120
7200
58425
42124
62144
72525
46317
81943
84836
9390
11398
96349
75288
34825
54617
58037
65571
84035
18190
47106
89376
45128
81818
93689
1949
14796
32142
28435
74217
4686
89065
91247
38319
889
15098
58690
42708
98258
98398
46682
26430
2530
47163
9168
70842
30146
36611
40311
73119
55861
9299
42548
62087
37440
5878
58597
86240
65972
25184
2600
80134
7093
89790
42574
39815
24987
54600
37139
31981
23426
13772
19737
79950
78556
94591
6609
26546
8834
95909
31585
52136
10265
31450
52441
97280
75467
20226
91286
71270
34572
72626
13466
92743
81868
41613
80906
14513
7155
12855
7381
33238
1703
18966
31137
25232
24066
54484
42388
5716
98221
17876
60813
90337
4826
32130
57141
28122
17780
30546
20880
34654
57226
87363
4743
92898
86106
75092
98611
72347
83018
22238
91682
76646
38755
16777
44745
71585
52096
78146
64522
5103
61950
17354
64086
74671
66966
50450
31434
91800
10685
59361
14716
58345
80110
19836
62940
11896
19684
33155
64665
71591
3667
45895
45077
62650
17174
24136
31798
69206
34529
44593
96375
16554
38671
17111
55981
44324
32337
7000
39259
95255
52432
35476
18307
62934
31648
4892
2962
11553
11733
64714
79687
78202
58169
60751
73080
44844
42967
56407
5391
67512
21201
43935
3314
35020
57254
90873
44795
71529
60074
44069
2813
70215
66833
11506
41672
55282
76280
52089
15846
62176
79222
10979
26091
50489
1931
64418
75194
1800
54438
50884
23460
50652
5932
57905
35050
13248
79972
23621
4128
9939
64390
38945
45016
78022
27566
13641
16728
22151
1957
84585
81903
38238
79450
96364
64259
30744
31078
62128
14394
10167
40651
407
96632
9916
76832
61667
23158
33335
4651
94918
77544
11569
32669
48095
95535
49113
79006
91827
9382
94580
93253
11719
69194
49756
2909
14063
9097
11235
79335
95263
77520
77781
51835
97885
23453
13883
23617
59773
9593
41297
76510
67850
85403
21545
29460
81937
11735
80953
5986
33384
46864
16728
85050
7522
6312
30816
15684
27685
40105
90824
30248
24117
98300
42604
5363
6653
26075
89342
51523
28365
62814
13331
12451
76219
78977
79973
75524
35660
10565
81296
38509
19719
82451
33907
40811
45194
964
18998
65401
64120
43565
89463
58511
32018
31639
59437
68987
23742
27039
60406
1438
41640
70966
15599
27588
35738
21870
63430
62393
55789
28554
54851
70609
18832
47067
14226
87124
43359
87936
78375
10076
52325
6770
47583
69536
60932
53188
80628
16382
75320
29509
69125
58878
47297
34080
82467
36814
89229
35435
52000
10806
29362
96417
77551
53437
80723
98549
6344
5434
27833
56336
30566
36686
93597
75964
75703
38310
19012
24373
56533
29847
38286
93398
89662
17519
20036
33608
20171
97064
76917
50426
8820
6672
3120
77436
91584
13629
80240
55593
10247
33029
45554
71503
93318
67174
65808
15599
55060
18068
8246
30163
94647
58986
15949
49425
76075
24949
24314
42261
76686
17802
7050
54860
86103
87872
31666
40380
52275
94882
93098
69738
20985
62874
42218
78673
21337
48681
35907
8664
52627
87437
39974
55321
30077
87058
89800
77531
30993
69225
42794
23484
64788
34294
64589
45644
76661
48315
38264
85149
37824
6359
31782
64463
2081
84820
29082
94961
35542
4132
29279
1259
55036
64820
67786
28185
1629
70574
46111
23973
85137
67769
27974
75901
16425
88902
75525
22929
85981
77686
48704
15362
35686
85439
50349
99254
57586
67668
44038
2170
65050
96634
90627
59250
53247
42266
91315
43024
79048
34132
96706
41859
94330
7044
66158
32198
51285
2356
21192
67822
15396
73272
24030
35274
33230
16013
99684
4454
14473
10403
10211
90794
90617
14161
82626
96722
94126
70493
20061
6056
96308
92425
6321
66950
67849
73461
32420
38342
72420
30247
65955
18140
26732
90318
62418
44241
70276
26879
12027
54192
41418
45708
24079
54870
9559
45217
32326
82588
72867
64878
47040
92899
38898
95102
91022
57853
55147
893
39893
62220
30232
75209
5836
93832
10092
95485
11635
66440
68203
88378
33575
99033
46312
75206
31894
76017
91720
65400
18104
46714
92163
43011
79228
6518
56745
23890
65357
28614
37860
16398
45284
41065
38349
85953
49108
12195
53095
6986
90510
97222
686
17313
8007
14849
65992
51373
88791
94558
53
39293
36663
31233
28535
41472
13067
72600
57227
20724
79795
73194
44840
62961
38509
67152
83919
12458
37382
74908
962
41920
83120
3115
57200
88186
8446
47981
16981
99172
73055
28994
86797
40474
58065
24775
12380
41267
15459
33375
53207
40045
47074
9616
4349
65109
46189
57841
20819
860
52458
92388
6625
23241
91984
54379
61289
60823
62323
92161
46019
86652
98414
59533
28622
40850
91894
40676
16584
84773
40640
42705
30151
20951
28064
88536
74421
39738
82696
63633
16656
46678
10473
55141
11495
72371
80041
31941
31224
19464
9145
51417
53510
38483
51465
44239
69913
15335
74906
92403
17957
95232
79529
96699
11777
21831
40097
77955
17929
16921
39171
84736
23512
27236
82032
74806
49069
56778
33786
16925
65262
84868
70480
10355
48152
4081
60731
51013
65350
10085
40580
67242
70823
6496
67107
74970
75322
22695
71756
54906
79475
21278
24024
45059
39154
53962
99512
20669
23297
60495
29811
10157
45119
50003
57906
40000
72340
44001
84619
62883
16086
41340
10832
44810
42465
12019
25525
14753
44572
23316
41294
97469
7203
92268
84037
24141
23312
44793
23760
1075
73343
42016
4220
7691
88152
43551
60369
63903
88351
67689
85481
94169
29454
35174
47190
13286
20199
94416
42527
31595
60980
3318
53622
19738
77932
44616
98144
46845
26686
69297
8603
32214
53934
77060
5439
80779
45432
24334
87919
10515
23713
3103
23514
8663
2695
91226
26815
7565
86369
79504
43884
27376
70429
54019
95356
80653
2511
20027
40041
60652
42031
18402
71163
29361
19127
83015
6084
656
15922
40359
59818
99343
22112
61502
67780
14209
96961
46853
62366
37531
43473
3335
22674
65398
75172
90914
7552
65519
78150
25843
61887
57742
99128
92663
63221
80338
13780
77802
74789
61372
93962
97303
81909
63476
53396
4833
42264
55863
99898
59680
81798
65369
33508
18877
87210
68084
63453
21072
50753
98910
59586
67801
78910
8517
14125
6386
26312
44390
28406
22245
93926
2803
462
28641
79912
81398
92609
67461
90928
64217
81599
71924
31134
91533
43771
14275
48146
89215
91525
64941
48798
92798
28370
45208
78501
79957
95554
32427
96387
86626
89003
31450
30132
69258
12569
96412
93495
23483
15324
64419
75887
20633
93189
68787
24728
96849
35696
56643
64060
32245
86122
15992
26713
90281
30481
60557
92331
68314
98836
54699
71530
91668
55664
57338
85664
14222
98965
73116
29262
74933
78032
52474
87672
92876
50653
63034
96299
9423
93075
60564
28255
40005
3740
294
99607
21568
7102
35178
90224
84968
53329
18687
54643
35932
26693
34765
22768
59349
94202
73063
24781
2546
10624
92838
78718
41159
87852
24374
56646
23723
13083
15983
119
37266
57416
70316
49747
7315
1449
38475
96577
97219
33740
96739
21836
67940
79533
76164
99138
32763
8946
79983
31947
30568
16105
77794
52493
50193
99166
1178
98928
22982
60749
68970
8295
46805
81368
87111
56275
4993
50862
22270
95720
52709
28066
53956
33819
73124
89358
97576
64948
73400
63051
27509
61463
33205
6390
91217
17203
67878
10126
9697
15047
82635
83003
66365
12835
56515
16221
56521
24687
85209
58312
81518
78120
11585
39254
29758
13754
23210
23313
20901
84386
35944
41529
17153
82475
67765
50457
92999
78448
65988
49677
15063
66647
44773
44899
42773
17000
55617
56793
8605
94809
15729
15735
71828
14282
39895
90350
73358
65142
46181
797
8704
96956
77315
60812
40373
28773
36944
9267
62101
69481
98293
43940
99356
91661
41874
24078
35413
52405
87363
87375
8873
86750
78356
85656
7273
4146
14383
58711
82418
23344
26125
2297
38951
39076
50358
33474
43950
43014
91560
75741
89244
50556
64813
24967
77103
84841
1266
32444
31854
67882
91061
45022
40739
20308
58450
98601
91952
57994
67361
59821
33337
45678
14911
69348
12385
19035
96861
30723
12199
30877
59804
36711
70986
43602
5214
91343
68127
8322
7086
59493
19333
98136
84435
28754
5065
61217
90009
74257
28893
88784
5920
36691
35038
62263
61940
1133
38182
66432
91278
33308
71432
3245
76905
95672
23220
16015
21534
11997
65620
95970
77613
36921
92998
55324
44466
23079
20801
6866
87877
90251
59655
86466
10132
48483
3806
7479
18859
16217
90139
87271
36007
49608
76839
48287
99737
55893
70363
54406
42925
14949
98815
98067
61216
21060
41222
41605
7517
81493
86730
57930
63088
74186
72647
46736
26624
97735
37309
49412
13111
33031
8439
19837
51561
17228
27513
69600
21494
7666
56812
27079
85493
70369
70278
74972
78334
54949
32939
73512
21581
36884
87788
22693
59768
78739
62177
55883
39184
85539
78949
30201
75398
72790
43015
76983
13787
88267
8402
84979
44742
40167
44352
89461
86498
74944
62042
85158
89603
2928
81612
2124
27398
8277
84630
91969
87398
13461
96102
65517
70675
3400
91091
31518
44700
13345
95767
43675
8542
27079
11193
74396
54439
5550
48357
30564
72967
94514
83163
88873
69275
65251
92611
99205
70881
38162
83179
58566
61069
10527
16811
95119
36467
43291
80810
63594
21848
29332
51641
76917
25157
58114
44195
86659
35130
55997
51596
21307
92425
14383
97005
72098
35384
26845
99983
18694
62527
93168
82206
54178
36673
22464
40513
47128
69291
4718
69979
95570
53516
30592
93057
30560
94660
38208
73697
60416
8949
9088
69579
15300
87928
55523
93354
27381
35463
6779
23212
23820
39199
27634
253
20446
50593
51994
20257
99208
49497
76899
10346
44273
25216
83464
75298
43405
25986
80299
4806
8213
59565
1499
33945
57313
40573
4701
14159
14219
81672
32394
43810
85185
39720
28418
49466
57277
96565
88656
17670
56090
71309
28153
34496
86333
11339
53908
723
64620
15974
51238
89894
41240
47274
6478
23448
86185
293
28273
56696
77846
96080
89735
43789
93683
62663
94718
43290
49303
91335
51624
32359
74312
49505
72576
2234
6339
53740
92997
94357
68865
98452
59616
55246
10075
21547
94627
94305
3796
42104
84487
77243
89298
31983
83944
26227
37253
22940
20128
97310
50738
43366
78845
11627
90950
67153
92970
91176
53877
94762
40732
43029
69150
59081
50869
1272
91809
85559
37942
90162
26119
15998
19707
56487
15554
75439
4759
72713
18897
24649
62341
32060
79725
29838
82797
21265
97077
11294
46760
40876
61863
75400
32026
58194
70629
68259
21738
32186
20256
28089
32641
13389
5209
76137
34173
85654
73263
69747
18526
49586
38478
50191
20835
61537
15577
13836
55929
72789
72246
51190
55162
46923
87674
76420
76609
34393
23539
26989
78022
77903
18701
69271
83753
98098
8702
24645
88425
73785
42725
86223
48403
77977
79058
57768
50434
56496
55505
29853
1749
4744
96276
46505
76890
10160
93404
96470
25920
90859
56740
48361
69235
5275
74612
84197
34289
19965
17071
33978
81218
89233
72973
42047
71378
67618
64569
45848
40538
72725
51746
3213
26471
61634
99521
89372
68464
20762
67827
9755
2310
68183
88492
19600
49264
74292
69673
43606
24232
93121
61456
30105
54539
74891
21418
57585
80526
81690
76209
89843
15995
42494
79987
29669
75395
82819
10266
19566
27590
51643
69160
16347
96767
95770
6576
19150
27943
55954
31274
78459
4679
44135
25425
34931
57004
46883
37068
65507
83619
61498
27096
3716
31797
18216
88043
30832
23668
22228
14531
25256
56285
76714
66758
20527
33267
86281
3592
29376
18754
84992
3102
75717
61335
51266
26744
62109
35365
47980
27804
46255
58062
66621
82473
56258
44326
48533
60888
84956
21577
88225
62435
68383
30789
73649
3906
74547
29743
86441
78734
31982
89927
39989
57695
51007
21935
64503
63008
40389
68402
52475
5684
76503
23855
58948
73638
92580
74582
56005
86135
17711
52931
41611
10637
80167
61658
13696
93799
39190
19627
50680
869
72367
32055
22835
50101
9477
37272
46839
29861
69757
21236
51995
98604
46486
49956
94498
16359
59476
45127
24503
52282
1961
71201
75583
76385
62837
47714
7394
26904
2893
69862
74682
73539
7026
87840
96320
32700
11067
2931
40631
7321
57826
16027
46877
19590
39689
39475
58210
3125
42469
69873
76430
20839
37577
18506
31315
41098
82441
42456
14988
17667
39698
50561
37608
38435
87209
81365
62652
33571
86672
26955
88510
81316
5805
75370
64151
86258
54962
78285
76314
26744
40099
30878
48133
98838
60405
805
60008
77961
20221
20110
1731
40851
31687
44309
82998
11417
99684
17508
89682
91113
57548
39282
25373
61397
70383
2767
44110
14999
9029
71631
94925
64248
58345
29811
45181
5143
77300
37805
25515
94021
28628
52236
92545
1514
77500
63748
20183
61596
12406
72275
15185
62456
1243
2690
67228
36963
7596
87566
75894
36086
62117
895
1121
80207
26824
50831
43875
44387
17541
99411
77321
2997
58522
72036
73980
41523
97808
3377
17846
87857
88796
11695
48927
75858
26459
99782
43599
99182
2310
1688
14385
32479
32137
73860
57391
33460
64856
98486
1004
23685
65172
82796
81066
13613
88046
43443
99453
98346
77398
83363
81645
67505
90657
87529
40662
13521
53586
19365
76504
60628
67171
48576
55151
34565
13888
61009
53963
57358
98598
73307
3487
8280
35862
61927
98105
78074
11619
3094
16448
44586
49957
23592
88702
51936
37255
45698
4162
16163
88414
61636
29220
91781
60306
42301
95995
49516
29603
1259
9680
32997
95866
15337
80946
28522
20793
26456
9156
90714
42529
32676
67844
28917
15240
92239
72082
3
70382
89706
8959
84859
27302
68283
21926
38574
73908
32140
72920
28739
75665
36030
12713
56307
56382
43940
64003
1860
12298
40633
1968
36924
86828
53742
80520
57397
93134
9656
26528
94554
72523
81001
53135
91367
3258
80987
25261
2880
99693
40719
68991
96875
25925
56997
15069
93342
99879
48466
12342
64886
44497
2142
1485
4092
76785
66220
38543
77397
10965
74014
48054
45010
61519
7540
26049
19043
85240
56292
58252
61800
60330
21424
88688
9414
35013
77324
55141
45118
27769
15048
29624
36925
2469
80611
69950
95670
30272
97699
91510
52050
68466
6367
81653
89971
14079
83816
95225
52011
43901
27213
11009
39623
41899
18177
4914
15957
22038
73938
58964
87633
80128
23323
35783
69647
88288
21604
16687
7101
43655
45847
67528
86744
23412
75826
99539
17547
21650
51720
33746
41327
20737
61400
1666
92602
6905
79180
28757
75331
10882
29722
90742
79550
49154
69067
5824
73681
38690
12008
4755
6646
39705
15321
49057
52020
48788
1261
13535
7121
67184
4694
97810
76508
54023
75490
56898
49086
93654
21266
7728
55936
46227
88545
73432
59439
50955
36955
45505
79090
89250
20014
81859
54672
19991
61728
40351
81714
31576
81102
35726
49460
71202
83115
44829
61270
13442
7130
4033
48567
61692
13190
19220
17220
36129
49515
19265
63157
21924
86513
4322
60713
45739
53935
14873
18026
47174
14848
20452
52401
32140
88201
56698
31530
13787
92754
16914
49208
47565
55455
1759
8528
92124
43921
94449
51501
27603
85655
28178
30280
45922
45202
15177
85123
20471
80761
51508
24962
50482
10457
28568
53134
27163
53121
67182
94105
99527
34499
24227
64412
55888
60832
77813
28149
86045
63428
43117
23706
46018
45586
43220
69391
40447
97559
84253
74270
56076
47968
58384
51549
56643
92546
3977
21810
92604
76308
60849
74256
64965
13339
54857
78530
69652
14273
2452
15359
40940
27253
71128
79492
26422
10786
19480
24220
24869
22259
87663
25768
35136
45398
18766
44967
81491
26443
52781
51429
52312
23311
53073
78866
3772
56335
38140
69946
87502
10398
1791
25563
66801
95406
2722
71368
62887
74862
65849
83905
30142
13851
6435
66547
18842
28240
59678
87953
82465
50875
79903
97540
14780
67976
3256
41028
83844
68359
69865
50356
36820
85154
32330
55285
76487
40308
46965
93340
66735
96354
85645
69230
428
18668
20015
13701
71535
43136
75172
85703
33024
44833
70369
13539
12192
54030
50051
87586
33697
33241
14421
84326
1961
12382
67927
33921
13188
99321
29341
70819
34419
52475
6546
24127
95856
56140
5277
33883
94681
76862
69891
38754
30153
34521
14385
937
94880
63280
27483
63441
17655
17208
99003
58947
78820
60171
69207
87714
4998
49362
14565
67897
22169
51508
58
75742
93539
47164
48549
86622
58234
83981
82619
20134
87032
2969
61428
72160
18816
84344
36951
19787
37703
58314
88124
53372
42782
20000
76155
74680
75360
63437
86183
29082
93703
11939
49565
24681
59218
41376
53902
14733
64113
77940
9326
74597
76854
52117
38189
74625
77598
63408
30057
26051
31897
83362
40799
97265
33509
65066
25656
2312
59687
25215
74111
47292
19473
19197
78583
52900
91694
13764
55709
91430
92358
42397
27821
24004
86950
98219
86207
68794
97572
58794
48791
20643
73277
27455
67298
57437
81091
23006
44080
64354
64055
58798
48852
40279
84301
92891
25684
85571
4736
22543
78165
93016
74908
61793
33254
48577
29674
72652
83888
36054
84354
99078
99667
76449
99238
80572
6616
64083
62984
33367
18919
81096
38246
54946
56855
42359
16891
39081
58000
31123
78167
15705
67263
94775
57334
11558
36969
57110
55502
57312
73607
72253
32862
61975
16654
60731
84238
42384
63505
28939
18541
79243
19341
48270
94969
5554
23447
36026
57550
13589
15567
89197
26523
81738
62428
44489
19429
4133
76687
77941
64207
31968
16538
23641
54866
44269
24462
98364
53832
91748
11580
98604
2058
60924
11836
52550
18183
84070
34235
82886
84715
95533
55500
68376
8297
52909
52515
24420
38151
89508
22525
89722
17970
30124
12742
7375
26537
21322
1073
36316
19778
32607
82670
98026
37199
6228
35140
84234
18948
33649
50462
51790
1414
77971
25132
95447
95400
37112
92637
37657
53165
82856
21328
83691
34679
98193
26885
10569
34965
98124
20163
73683
2102
70778
42512
54168
38399
41996
86588
86443
58483
47046
91721
564
46098
12517
66167
60254
91148
37829
76758
58171
79295
39141
14458
89454
77682
12762
13510
56250
35485
62378
93948
4992
80718
10790
7465
50708
32287
13965
32517
71993
91520
45968
80175
5703
83664
2778
99943
84715
73532
39835
25980
75168
63156
72402
13728
73344
41922
10573
38355
66913
35999
14482
29461
56516
80432
47142
9182
37781
39489
68350
21370
8415
4173
56607
49512
577
9091
17276
85977
50656
78370
57171
94862
52411
78511
96136
44973
78939
80949
88475
5607
59063
49027
29825
22390
38909
95110
51210
10569
74092
18459
68228
72970
53134
90292
74720
14124
20733
74481
92124
89030
41612
19985
1349
4032
59763
86948
63418
46430
71009
11533
32530
88041
51552
22397
78400
15142
17237
5410
29642
40457
45455
2669
16828
21454
82160
36740
89582
68920
12402
19187
6243
44687
95563
93080
22162
55648
20055
76913
68237
80267
85637
63124
53092
97930
22795
82760
5910
93829
50132
96712
75615
24796
36323
81345
35650
74773
64769
87846
66210
64383
48100
30348
36989
97597
33576
76149
53580
586
39105
86238
20749
2598
53278
67127
48781
13455
6989
94599
93102
85071
69288
50922
8033
82988
83568
1201
27053
11531
6008
53144
3695
83716
58059
52845
54681
50351
53177
47333
10447
1186
54778
76503
97841
78212
463
75203
24306
5855
12258
50270
77041
31249
47738
75316
76058
42779
57362
23639
52847
94091
62329
98227
98435
31613
91709
34420
79707
82492
62004
9949
45487
38799
27542
71364
10994
4750
60646
1035
64003
74444
50619
64680
60746
35615
21938
42841
95231
28547
3335
67532
56534
85674
16190
45945
84643
71791
90543
37096
80324
85097
26684
95671
51734
17937
41423
54037
3000
26676
11924
11149
1534
10106
93577
86633
46967
28148
19680
62387
68812
28894
6944
87991
68666
31957
95315
19235
33287
8109
46702
83945
30924
14568
66499
11746
90527
20298
6074
61837
67302
97435
26113
4987
12845
25415
45355
44715
6433
37868
8373
47853
33560
60092
48985
83099
52746
51548
4691
245
26130
26459
36722
6177
19415
87478
21924
61456
12670
73567
50795
70604
38647
62697
93092
57133
65382
71636
81945
42151
27018
55793
73881
14619
6643
24110
19055
27908
14925
44997
94240
42766
57808
23289
41221
46411
79090
43335
76758
91573
69738
16334
86457
81983
99011
75167
69247
55550
57097
50621
34658
14408
21351
25564
38677
6822
42366
3744
68319
27376
94871
19192
9726
96548
40603
49673
15960
22538
5042
78004
90334
84838
71932
46554
99548
88179
39486
73694
99921
6360
81895
50805
3645
31273
25624
72558
49113
22112
96978
1005
46337
12690
79885
83582
74929
4716
39977
43912
81241
85123
69859
76593
75055
12831
54365
82202
35142
9613
81587
83418
31001
79176
61073
7642
3955
85505
65950
78833
11414
32165
20371
6998
59995
15279
54036
59169
30486
35728
96016
7949
56357
43618
30203
54810
44301
85924
95664
32950
77680
53796
49610
96568
84275
41989
93235
10929
28682
67658
39395
29356
55675
85171
26125
41077
76769
67078
67685
79424
51706
58093
79984
51172
5829
29938
62257
97728
55160
35650
36790
48541
97125
21733
55693
15231
53170
28642
44005
21521
61340
95598
81463
85066
86457
28940
86619
25437
64421
94959
38485
95017
16107
84269
8534
68954
50891
4586
80308
6948
1913
70638
78666
24707
46635
56482
18772
30491
72673
41492
92186
15344
55940
5044
86776
78197
11252
85348
97655
46425
58932
19416
73811
3627
68480
52981
45205
52228
93790
7865
87241
21976
84465
37955
40856
64735
2469
53353
19774
93758
61757
37368
48251
69392
69868
52777
67427
69809
37997
10483
96956
49461
63639
58141
98924
94774
79939
27941
2444
24769
47698
73435
17702
25122
84216
5612
90809
34641
18745
75559
2255
11076
35499
21683
63807
53137
92170
73604
536
29551
86070
36378
65648
11181
44687
13357
75431
3658
92461
80381
30609
45847
44724
8118
87246
56401
65700
40433
80447
50731
79369
52368
74107
81631
47918
66180
1754
96728
71604
32511
65197
51487
45966
45539
62278
20025
94526
86744
56184
37416
55792
44796
98811
66944
19404
39542
31117
64822
43737
97315
18137
49191
61675
64734
90198
99577
27032
65906
8082
25647
24109
11932
545
19346
70519
82428
21767
50365
2456
62016
46795
54444
70159
95551
47962
3353
92357
10974
80401
76324
76123
28298
7803
89987
68022
29023
99957
36155
97542
48978
37735
4373
57573
92189
84579
28582
14583
61141
39545
84334
97963
28187
93383
29323
83300
59391
28717
42460
14165
35519
49550
67217
7389
81882
52810
27830
79933
68926
11682
25476
24219
78173
57387
77640
44672
15238
83143
66883
87019
95285
64992
92231
5500
78482
68136
95686
36647
36556
16117
2491
84534
68311
48849
68373
76202
34981
65336
51552
4583
47349
4993
66371
7634
41221
13306
47594
49827
85318
87554
95027
54340
79789
83946
75337
73859
58200
81510
58695
23240
41880
43197
27647
31177
28089
60545
93830
9041
22630
24797
51668
73898
78967
69188
47647
46809
33327
43233
60586
19811
65706
63936
47645
81243
70587
56424
80579
73027
93410
19771
67939
78756
5523
91225
96141
51508
44516
59618
49735
78934
73143
20976
89482
21720
1655
30802
9632
96449
89149
49786
27776
8777
1120
64592
79618
82381
16858
44330
38438
44023
67248
85177
3562
98262
73871
79996
77311
42614
90726
43986
93526
40567
92039
11231
77194
99139
83363
7735
90062
62894
54855
61547
89936
69388
56067
14677
90309
9681
8847
27252
3418
30859
41690
17453
9504
49546
5697
23494
8233
9377
82390
53746
3300
32875
36108
63478
49391
12428
17072
66554
33927
76593
48741
38013
71912
18834
63003
74909
58526
68351
2494
45440
19683
98976
90162
93862
81644
57639
90744
42217
17930
53093
28928
76295
19657
15289
18810
84947
29395
33997
68881
59942
18370
26807
10428
63845
79893
13991
74131
26891
89054
12352
7525
43027
63003
89752
90907
81416
16227
48053
69929
76553
95442
18495
72007
39695
77579
53150
2023
72135
36596
31147
27428
66862
27263
10201
82507
55879
95933
79748
61974
60088
91856
38182
37544
9310
36218
64448
6850
53135
69881
7248
48108
41131
35596
93356
82649
13229
60929
42415
70872
49180
95306
66882
8232
56728
9512
6328
99982
36035
97938
90430
61837
95369
80584
39623
89041
71967
79876
65237
12234
14926
43550
63818
7029
74167
7035
12067
26799
53025
41011
23264
94388
58671
92776
7282
61682
89275
63725
25133
30700
25687
20141
12348
10938
39856
5706
65432
86369
68953
44657
75467
38548
13753
8224
98943
41635
23962
37075
78414
25316
46558
61344
55646
40590
85889
16997
45415
12762
88409
25361
45589
14765
68743
99378
33513
9759
18261
15455
88666
74096
87634
24022
83371
43437
54117
8292
83795
59801
33753
28417
52323
73374
40210
85620
99591
74378
47007
99644
25949
65115
30604
47065
54096
6031
20521
17746
22391
50351
72085
503
25705
78734
43139
43924
62933
3090
71324
51206
49220
68174
39495
8586
59084
63598
77977
34717
99999
28177
74876
18864
93856
6338
56559
54389
86527
78524
51315
45073
4941
15841
24333
26505
30619
85457
98838
83983
48616
41660
15161
30621
62875
76511
79784
24349
63814
78040
51223
65426
91831
36126
63612
16854
38323
40350
59713
17381
54750
49511
71811
1905
28121
89640
77794
77837
93344
79073
64965
9535
82843
67908
70994
49659
66313
6088
46215
1949
3377
83434
21056
45862
78533
84521
11949
66391
16995
80527
58664
19840
52345
93747
99656
94295
35458
8573
57878
18077
44477
55570
46240
97490
28759
7384
44761
98975
10875
26245
89554
64390
84592
51492
62226
99794
76720
16174
43693
25428
25378
30697
10658
7385
47117
17504
16318
75424
60195
63266
16197
14632
97076
71781
72275
42338
1380
61525
63522
23996
27999
82830
66176
30355
97476
63597
60970
20942
70170
59070
85484
24812
85617
31183
49215
65088
20517
9829
44055
16144
31124
99083
16698
3306
35699
32972
56506
12418
81289
90639
91538
91841
20201
41179
47339
47356
28340
20822
30815
65262
44034
99112
82331
53884
19940
63699
16952
80077
57982
25122
29027
99710
87454
73998
89594
2766
34174
77437
99625
91164
24121
66941
60426
48850
95695
88573
84810
18097
71610
62705
18899
23847
39985
97507
43237
69670
44949
48034
40482
98384
66220
44529
14533
66
19302
28905
37651
66306
56105
91510
34935
58643
55513
45338
45072
55352
92915
75700
13249
58095
269
64062
14727
64116
34320
87579
5000
48917
6192
77376
37195
29738
85457
93640
45075
25438
75269
53801
72855
77814
66757
80431
53761
42445
92662
50044
27196
31369
44197
46556
7841
88751
98191
38532
11714
7181
32123
19559
69687
16533
58550
53496
33368
47190
95694
29110
18509
76370
35026
71539
44743
91893
28484
50898
59619
83659
48947
52988
19569
20836
17035
73668
73811
98446
13253
5978
9663
49101
22240
39850
28026
77370
30776
19725
64777
31691
93514
99785
24410
54303
45143
20409
29181
69734
19773
47853
94699
97989
3998
35294
19492
12111
21950
54428
74225
81275
41254
1425
53909
23056
51771
30464
91724
18663
70588
76982
20178
50575
97763
24968
12469
36929
22393
76199
94339
84763
31614
83318
25112
95065
65960
48450
19905
48581
91504
70675
43801
72627
64938
5045
44439
78601
26639
60728
96591
43464
88302
26400
53342
72683
31114
91490
64252
28069
24582
39624
19163
40185
21567
64170
96048
53299
96606
87635
15104
16569
16121
80806
87136
29831
25450
98554
47465
72176
14589
72961
66583
22705
84028
51052
64351
84275
66148
6802
77925
54100
44788
98728
57120
10651
47821
44418
49997
15459
72503
45435
11484
47649
10061
12532
84849
93265
3034
11789
76704
90625
71079
60738
40035
58406
41654
16946
93299
75144
46069
4900
87980
59970
41778
39625
45457
72840
79192
18301
42691
17619
48553
67664
68263
92719
41752
40299
35673
78440
57054
4139
43120
33948
78287
79259
60068
34578
816
29004
32481
39747
84938
43022
81762
5175
70769
66324
50606
99717
19999
81070
48574
88679
68392
71583
32988
61683
1088
2983
79191
85152
81874
90924
32936
77153
82321
6902
82589
46005
69728
47235
92878
62359
38680
82840
23902
80673
16290
92175
24538
20490
99852
64682
17138
67302
45227
85077
12202
18235
8946
70437
58146
95294
20919
30886
98577
84479
31556
75484
11558
11300
77262
35499
6759
64601
2252
68667
37907
43185
62526
51311
97027
28656
59153
97449
42665
45557
88490
96002
73703
1739
29936
95320
43855
41785
43759
48242
40305
57395
32667
27517
89420
27441
15441
15532
65875
86667
60778
91455
59484
55561
27004
51408
17707
13053
38638
73556
49668
23941
68395
19541
96527
16689
78613
81813
47107
96230
78581
43070
14181
83930
2508
87638
6662
4094
34494
74676
46252
50225
33739
937
37689
45372
67373
63309
49474
96601
39649
76429
80017
47163
99407
61237
24520
70920
52564
5011
10346
17099
72969
40278
59619
80766
2806
94747
36184
87934
84962
38801
91806
84050
61763
25217
7980
11409
22683
98836
46459
65190
53058
85980
74993
24705
77548
23395
84788
49286
34728
98495
55512
84135
91879
20864
3719
63199
57506
79956
52343
23217
98874
92142
61727
99035
80717
96779
85236
43995
21052
44679
19421
95159
19255
42442
11419
85505
14325
83243
96107
24183
78802
49869
28304
97923
1440
70761
91508
74386
76526
88390
81129
68553
25566
14100
81894
69380
75498
37596
19573
35996
43419
51968
760
97462
24796
92451
53096
32111
59479
61243
70745
34594
26664
63147
83460
96133
85283
80652
3236
38056
54381
105
99089
11245
87118
75217
6408
12535
78626
12144
34404
78071
7608
97457
85504
7324
89531
60501
97977
58828
90475
90927
96334
66621
1912
85336
62674
57618
373
18973
51825
55991
87710
53689
30561
81166
90379
12510
20697
79951
88719
99075
3162
67450
52872
12079
94127
61378
55222
846
79949
37615
63639
56932
48262
96040
34350
13336
59265
63593
33334
35250
81667
96153
47024
93543
62183
36446
31508
4794
87921
43843
91199
49870
63242
72992
18937
21981
57397
76963
55379
74247
38967
4981
55789
44121
48809
34191
50389
10683
38657
67577
7711
8580
16640
89688
61616
80053
55942
17260
10634
28428
20066
51172
75603
80243
99341
44022
70579
40443
80408
23470
40381
98199
39855
93761
4383
94944
15897
40782
2608
83915
64186
32904
3628
79181
56079
91632
74997
16523
25162
8478
5262
46985
12993
28467
62428
73712
95059
40241
52287
89519
60926
77982
10898
73832
83271
9619
69033
75988
48748
91024
15985
30117
11246
69736
76424
25274
96901
27344
25983
291
99113
1571
86605
32700
14042
41660
70675
27956
32192
35441
4012
43000
99944
89737
69094
52082
9650
7348
64939
62780
84754
7442
98882
19811
52050
84783
78254
63314
21589
28633
19268
61971
91025
86636
29431
10828
40396
615
78041
95006
62613
83005
78894
74918
9814
35591
85316
81246
80377
21328
77086
45720
70971
19837
75195
67245
42164
99597
37195
87991
33085
99979
40952
88871
69019
4946
44544
27300
23871
23045
71020
94216
2301
24705
19803
85506
81076
44579
47936
70041
2667
80802
44505
89673
72214
18680
61900
228
36322
63443
44009
65249
42796
88792
20377
64064
17977
25320
96244
31393
22616
54708
52373
52118
45545
96336
86842
95047
14730
19166
39989
25675
52504
4056
10341
78913
1736
17247
22819
57976
26233
82023
69227
68983
54429
7443
14802
75567
85886
30243
22959
26843
88520
39406
88949
79792
93980
90115
22684
21280
66060
65194
20102
16340
32319
37988
64282
77804
69925
60982
56192
53428
13048
86229
24379
90942
68488
39186
50297
29167
92170
21725
68881
63265
82077
3856
15221
83595
75217
72825
33232
82290
6225
94094
7457
42429
97447
81309
27999
84541
44538
2772
15983
67179
17051
64096
35699
65972
2644
28022
14231
11006
70886
44806
47056
6307
1771
90628
64787
95288
68328
35806
32639
19145
96086
6168
59354
16124
98130
88820
67359
25374
70552
55233
64954
25434
81030
70108
37875
77520
51027
85125
15693
68891
19983
88204
84102
17398
74748
89289
89875
95568
91968
65605
568
31511
20892
63580
92808
18411
65287
48482
35592
78532
30833
21142
81377
96914
37523
98042
75311
53732
11
64841
66392
82350
18042
11778
5501
73329
21322
19407
72964
75875
33313
99714
86210
32421
37842
37842
55296
31566
41806
93750
13258
53892
811
47603
6778
53517
26915
9899
74720
97036
36867
33136
37846
11826
98464
10055
90967
2135
12501
3388
8767
49656
366
32899
67245
63125
89525
91623
90286
69327
53861
607
75076
96601
85686
65360
89734
80570
23729
21383
69231
64712
55556
9194
98841
93886
62804
2812
87885
7648
25700
53368
56139
36387
68778
57156
65961
58856
32295
7839
50662
34151
15930
52984
35692
13668
81073
20008
59774
64652
53190
91190
84500
34783
49652
31045
98035
69686
37702
67634
28105
93653
5155
81048
10763
42769
93751
71590
77179
63587
30346
23960
4868
2836
54685
37534
18964
27833
26511
84592
72645
40957
42951
42060
67460
30191
21958
8868
92792
15835
37300
5710
6461
89814
45250
79347
51546
82727
73016
89188
43234
77310
32111
15464
17218
28928
80830
16411
90893
7304
21332
15650
26362
4556
38855
27981
91215
43595
73401
48517
84617
1097
74641
47401
56080
38461
25973
80572
50402
71841
81504
2743
68616
52612
19128
10392
96254
55426
40595
27787
57043
70038
28740
76786
15010
28559
43736
42327
55382
66275
12489
87787
31618
37804
9455
87676
49187
75390
13797
70554
90813
25971
17393
97439
58417
4653
87340
82576
62486
51100
85862
25096
97994
25804
29352
86399
96625
96555
60969
78550
88965
6316
24598
90907
79511
37050
69515
58766
52150
70199
19086
77831
79854
68873
44208
69286
60176
90342
30507
60300
94191
28723
88550
71365
4153
69601
84718
67159
72748
55508
43042
95312
17424
63051
97188
21492
12252
91550
69875
32201
98962
33364
21467
9233
29426
66737
64145
77627
62072
26367
88514
26095
14812
48293
52756
46710
67803
71344
45033
4271
93083
347
91254
19664
37780
37929
83134
54779
32196
3708
84183
65184
44604
26249
61055
62945
69866
18865
67244
43398
7664
11710
74498
97849
53403
12478
47559
90977
55923
66532
47934
68401
37224
88914
34645
39515
44156
33529
5232
9546
76313
59916
56498
40935
99942
24198
32082
64734
5242
5687
26128
45976
36280
15643
6448
39600
24142
44954
15115
62579
75595
58217
86070
79025
71126
78800
12999
93921
37927
49721
57634
34902
39039
84490
12288
66648
29792
65334
84387
43018
96082
70298
58506
96884
97276
73067
28545
49620
71635
71263
59838
12798
4487
76501
58455
37888
82166
82049
14725
34115
85616
2774
23353
59579
14162
66530
37031
92123
15192
64390
70763
84588
86875
54403
87408
96420
25923
91736
24789
65011
88657
84260
15976
43845
68602
6231
3981
23293
92288
79125
97855
96381
73074
96106
50328
38222
27441
91566
21356
36244
8969
88567
23490
40405
58122
33364
72504
69191
73516
34368
28897
21548
19595
10824
80315
67789
5250
83615
53315
7318
68049
59322
80148
11631
31738
35141
29147
61700
25731
5092
9543
20963
39725
60919
30841
52288
97033
94202
50756
19550
5661
27983
61805
10900
51849
63852
28298
54448
85499
61183
26592
10183
87113
84239
98119
58528
9187
43574
14105
60977
23485
26464
88301
61281
9245
4728
65038
83307
69276
26557
35919
92516
66420
20274
74576
14111
9298
51933
50555
6027
8043
79875
62863
26877
61416
95486
2226
46244
5943
56961
65904
72260
7214
49786
40615
92928
77120
63086
24286
72918
37443
4464
38036
60043
44912
17683
30250
2145
65931
68129
28917
61326
12491
9806
41484
16789
56776
6534
48729
76833
4153
45096
81484
59299
72530
48991
57248
26539
44249
1814
59978
38902
84197
10069
16743
29537
25245
26266
84234
33979
10609
16948
62778
89346
63082
1360
79089
92086
29498
85525
73430
27099
57786
51874
3052
50295
29101
53714
78640
68132
53377
34034
41093
58051
77759
21439
26321
3775
37326
27198
12633
92419
19714
72767
75043
60846
31184
45570
72201
13251
78506
72307
33158
2378
1578
20956
80147
66615
11325
98579
23675
16762
84826
17895
70104
72965
32841
77588
17007
45685
93280
9280
51201
44186
1286
99435
35840
8630
56262
72364
91530
35080
84223
23643
28375
53313
68418
86717
92833
21228
81542
12775
31522
25449
4762
35521
28087
28564
86931
71893
68570
5700
16664
88440
71160
81994
29123
59131
11127
59853
49693
55944
48639
68230
98377
51176
97511
46329
74993
64121
11888
77638
47967
84706
4516
55197
122
23413
39822
97743
91857
61209
54431
58898
61685
13693
6330
88158
38038
51149
97870
9042
89954
15748
55944
70017
41245
90936
50843
86112
20644
9825
50495
34937
10540
20659
82566
59526
99111
90450
76654
21965
7186
38942
25963
97359
5903
46827
43877
74439
14605
26772
83449
24403
7661
97116
35841
56538
65118
77058
11387
10444
93132
30921
13193
17490
55257
49484
85101
60797
85510
56200
14915
2476
78289
62660
50733
16085
59130
82209
16595
18944
16866
97538
42878
623
53167
82205
64902
37079
25506
40781
26862
70248
71197
18496
84011
84151
30622
76431
61117
89321
17423
11538
38136
17130
93413
2459
25111
91476
48401
84019
67431
95107
106
67728
79005
48429
60413
57567
17318
85554
89629
80549
77425
76228
35183
19562
37064
41530
69009
64644
28257
21727
41868
46792
53139
21562
59674
6301
97574
71404
70535
90913
34816
45237
78346
18023
17012
2310
29802
32794
98278
68453
64311
21129
57187
40880
5238
71892
89623
96208
61400
25233
12105
11992
29952
9234
45342
75823
61614
71157
44950
39713
66821
46879
40937
40265
35396
68709
31052
38138
42665
5558
76452
3512
2688
95375
38301
30061
32913
3518
93046
75736
5686
15786
82065
78572
29704
81613
99647
66992
2246
94392
46116
88752
26265
75064
58908
80186
65078
84926
67381
16743
47387
31936
44391
57554
38737
18597
54676
98480
33230
11681
97671
82395
83049
77118
64023
76262
4578
34079
85367
86423
47441
94105
2473
97660
66648
51719
20641
80869
83007
9572
43531
39082
9038
94452
97064
676
99039
29175
69577
72601
54341
63218
52703
27033
50295
90824
78596
46470
2867
68977
63731
71847
43329
27277
81797
72973
31387
44821
28112
64177
61544
37204
74924
33876
56595
20880
15617
10561
69019
77754
8172
55960
3674
95333
87717
55677
44348
81026
76044
95628
50444
77884
70562
23420
86395
76868
18443
62772
29626
31297
92736
65609
25044
49522
82597
78313
37164
194
50144
75510
93875
5862
81389
12083
20037
79050
67944
86947
45843
24773
51121
35479
19864
37030
49855
3426
12774
74635
97877
65022
26651
97700
2498
32618
89175
86114
92808
42883
91248
11576
17711
4675
91440
54710
48361
83226
73207
44416
23209
82083
47811
73721
71066
35116
62158
42041
47639
35504
7581
72438
23776
87229
52540
17375
19285
66619
41016
42889
26406
65613
86159
78049
25634
30004
44626
41367
35665
82637
54717
21930
65015
45484
29945
63139
54002
61727
93220
87236
58613
91758
8794
39326
27394
55158
18508
79394
53463
70665
22715
27334
61027
66313
71579
87746
478
43769
38864
72770
13499
31752
34813
37485
65430
84797
60285
37205
73864
40381
82368
33225
35896
81162
60883
66376
43571
42017
69754
16296
78788
98380
74189
39076
5793
39765
50836
66760
66158
19357
55716
14531
54642
30861
76381
50294
33946
66378
510
74635
66624
38683
4650
45151
1311
45455
56801
50517
9212
25307
45906
68082
76851
19832
89556
43622
99786
26555
44235
30201
9587
62385
94839
89947
53954
88411
76050
89512
23580
84525
93551
95421
54627
25445
39236
94755
91472
27649
4312
69030
11223
54489
37940
7715
3537
14667
49535
3433
60984
33535
40141
55138
48567
78471
36597
84432
31395
80766
67832
79451
88262
49158
25016
87475
7510
82324
54548
85139
64832
27834
18978
83336
81196
50121
47254
49788
71097
80891
62902
68598
96761
74379
40258
69071
33558
79145
46824
99021
27030
38972
99831
91157
2939
62330
51801
29766
55140
49015
66318
12105
86247
34077
44041
66304
87302
69167
35163
57060
49852
27434
42511
29464
64812
30096
97322
3835
5836
93101
53800
47632
27153
92465
17987
3945
76523
93569
32551
22286
486
83248
73683
87720
82510
89697
60630
56515
37257
15312
15216
46733
28072
79397
39770
90473
69979
35038
34441
31695
1797
91961
2224
94381
8744
426
50381
10514
26083
43842
67531
17518
10594
19974
98817
24361
1111
8811
13038
69640
74335
879
69868
40859
79980
28279
98509
38906
98995
74494
24404
41845
24371
17867
76309
11767
56047
8013
76648
52453
44115
44011
46075
92239
29157
29732
39065
82117
22553
92265
6932
64989
56985
40423
68559
38174
79867
42482
92776
63406
11712
64800
76327
68623
46285
89428
5473
11195
59568
47471
80828
32771
59276
65517
16414
61544
62887
79406
5962
65823
25940
94286
38550
87739
34742
64801
89384
69949
53261
15690
79156
87147
92638
30510
32191
80833
34044
1350
27561
90482
34095
5945
7590
74898
74726
45622
64954
79939
33512
47717
62618
87538
25139
1449
39285
61498
95626
20667
9065
72145
65537
70597
85850
20693
98326
73489
58240
4467
63071
14025
7305
98092
36875
20851
30920
65005
34430
64083
55363
12592
42190
67055
35680
59732
4911
31475
93118
35642
86995
24747
74437
78065
86162
17300
24819
7505
94990
88433
32006
15683
91750
53902
78937
20703
67320
14370
47844
15317
107
14574
78291
70385
9811
76650
89351
83972
24078
68408
71246
19661
84812
56065
98408
68302
52677
38411
37700
74117
31298
11330
87216
63831
6349
20715
58522
6285
16541
90184
2191
70207
45355
33212
12429
40052
64758
11068
49521
79311
58667
67780
47393
85753
28355
1147
92150
36122
58543
39246
20032
70413
19628
89957
12721
36817
52203
82478
63010
9484
37649
80023
19652
93873
60614
53721
94933
65915
84831
67596
9760
30931
41601
72930
18404
34175
1457
28446
13200
44219
82510
43321
19056
37636
8847
77415
67923
1676
71064
14181
22984
7141
49589
81057
62669
32044
49418
15783
65907
94587
54312
67188
7125
10775
35686
33977
75626
37335
64283
68049
96143
76639
87733
52402
18751
1662
51316
46508
43431
64113
92998
45023
14307
96990
93486
3215
37408
30635
22807
27368
15673
17270
66429
65449
72154
65910
25604
25257
45460
80542
66675
16094
1687
64856
51630
78120
48174
53688
70505
60913
89502
10423
79037
24569
94577
67265
69994
99638
89252
66202
72354
63613
21670
67330
29181
96138
18828
63240
29610
94546
87537
50378
29731
59092
39957
88318
61875
77458
92895
99538
30975
4343
19319
80092
921
42137
85034
38206
74878
18860
65672
52043
32042
25796
6201
65646
85969
5424
4101
87309
18730
95052
67353
97952
9903
74303
99399
85024
71811
28712
94167
98652
80491
48657
86337
66109
59727
72033
23156
769
30080
46137
88706
19507
57789
62422
86623
95400
41744
19170
8933
37504
96892
10933
79594
98936
36889
25903
87271
22080
34708
91090
19325
32899
88067
94147
15285
48515
82634
37157
74384
74804
36629
6789
19231
39400
17836
88665
75782
43577
35782
19021
67579
21867
88050
51838
24284
57527
48315
60849
31332
88369
72319
23176
41237
3439
25178
78371
51487
37750
42285
56397
42554
27064
88373
17835
60245
79810
97931
12610
30981
83193
43215
63324
58036
5577
95578
96520
81167
87393
13880
97040
38561
86529
38828
38930
72629
72642
49824
60682
26456
37834
33476
47954
23702
70582
61596
78101
40665
71980
98682
80116
86538
40665
72411
10885
83422
17638
35060
30994
10658
9591
98796
30066
11368
5836
38420
8626
93802
58685
74374
30352
59455
59584
58108
49374
18289
6826
4807
36699
61205
6809
10545
70517
3779
90971
6957
45725
14048
1502
49933
97879
95079
91905
2145
31183
94828
64546
72346
19421
15114
64946
6461
57107
73386
29465
28811
71985
19010
64294
26068
27725
93411
32846
17949
73339
16617
6936
2869
93387
76184
38594
89000
17704
84093
59806
78494
37059
36412
5384
97808
69837
59522
3638
39562
71259
38726
62953
91347
43939
20390
1484
40312
47674
51526
64836
86969
5493
22093
26154
81293
84003
51055
11696
43578
57786
43763
66951
84274
8142
21259
42093
92034
20945
39381
9432
4999
4419
60867
23089
13001
75681
15808
36388
67940
17121
41033
82687
48292
79948
68661
63128
79252
67462
20900
45939
61496
1368
27343
13047
1868
57213
82348
97038
66369
6052
37993
13725
38940
41334
65082
22619
96393
33131
75558
34813
71144
48330
49455
35199
20801
59459
9408
12842
8114
87080
43700
81922
31917
28096
34038
88949
71436
25481
60169
39966
55642
59271
24813
39898
44691
22735
31682
47472
96543
29850
79357
58574
75774
92444
34540
29954
45320
91336
78498
10615
69200
58480
62726
57984
68230
747
73818
81661
24882
53325
5954
64028
55158
74914
57902
721
43152
9351
90449
25778
16719
35149
24537
95149
34994
40671
3197
69072
33405
60853
354
9172
65308
14725
93228
19636
60612
53049
49430
79059
23586
57274
68103
21935
51405
33334
62228
2616
2317
36082
94817
47269
24051
55338
71444
22936
85416
6821
59143
99716
43065
12294
1259
93128
23852
40772
62717
74167
36718
8878
62737
66089
34320
33403
67652
48138
86678
25638
25478
22182
59036
83603
33321
55695
9644
65700
9863
83182
7570
95394
5473
64164
11520
86611
14664
70633
8606
94341
35992
59598
40952
22067
91333
24413
24237
52381
86145
68345
46116
44158
20069
4100
57572
49270
52276
51056
14677
26251
68510
72781
14523
68449
58475
10682
41722
2095
56838
70460
20640
60106
24475
13805
5527
29150
92313
3094
48429
33740
65231
78681
67493
98638
13370
9521
3593
90330
66905
15375
87098
8890
29913
58346
94062
46789
51651
72610
76538
46080
87141
39852
79276
45946
88761
94529
77001
51640
83863
51024
93627
89723
16132
5091
57200
38524
80608
99628
9393
4368
87483
55486
65425
23031
85637
45978
29865
92518
79598
76614
34146
6877
91342
10376
19382
96352
93163
91688
66777
24316
39317
39349
13509
7678
24507
29235
35998
18342
15995
36662
13829
13188
75454
13659
33116
70492
71812
568
91384
79072
76811
59878
15437
85002
32307
90357
71881
89171
53557
77467
51185
70927
54978
15285
13581
33208
84713
64432
74861
77840
96338
35341
24592
6622
98403
41540
74200
37706
78959
34279
14712
10800
92441
71455
50487
25139
2305
82793
46367
45571
47402
54521
35114
13153
4130
32474
12617
82139
3463
32963
48212
27747
14919
31627
28881
80275
57633
57066
18123
45160
23070
12595
21208
48085
51787
84362
73963
97985
65146
93435
26138
7913
88712
63555
16521
48992
76549
56363
48594
79489
97451
89299
77347
74991
5855
95668
90888
31413
89826
25258
47294
62565
65667
47007
87025
3966
276
3393
59746
32884
93537
28234
44157
18955
20456
86738
1496
44639
4164
409
59077
20476
5441
8020
85763
16598
56915
73271
79361
11183
38030
57298
57402
21667
22343
40402
28468
17816
10
68896
77864
91574
42088
24786
25953
99332
92685
43695
37207
10078
45563
16768
44279
62713
55327
1090
11993
24020
8777
73843
47631
63342
35345
13355
4190
42122
75673
20290
83158
49067
46459
74831
23969
63922
5375
10453
11390
70178
94070
79888
29815
73058
2330
62804
75350
60797
73220
1956
11893
85499
4279
86334
11599
1190
56682
23914
84243
58442
88086
55071
29502
773
13287
26423
46606
77549
59561
73712
62326
13057
68993
40132
7054
97476
32623
2077
23266
76560
78633
82590
69691
25627
34243
43885
85268
6186
50448
69275
32161
37
40186
23826
22227
68481
46545
51497
31751
50016
37376
53591
57238
56813
11316
71392
92327
97959
51282
9955
22329
11961
17415
54126
22714
64458
76150
60545
23889
64893
78345
5730
8090
17355
2865
45036
79504
54435
70200
89383
70726
61707
7065
34012
13992
33198
98365
19049
66598
47822
46868
94163
61447
60978
82610
8343
24411
21129
86599
44027
6149
84237
45117
80651
33465
98834
60480
32524
60459
33429
68745
18333
35373
20
28358
59628
84554
66016
39266
46424
74213
3741
33718
20036
31046
16516
86286
38030
91851
19807
74334
41763
1067
47502
24119
45363
60203
55081
12860
94206
23406
42953
33405
61278
3117
36997
17929
75844
84666
22909
90398
83954
24084
32235
92114
49918
53028
51053
81814
15532
84751
23753
31724
43909
47124
73185
57909
30887
25663
25066
64382
96098
24211
3042
85931
64856
55330
14619
18236
17656
53976
78160
79561
32792
57572
43187
89852
16999
28270
1047
48014
33419
71249
93599
99411
45165
18174
56060
89773
3235
87814
85758
87359
20740
23197
56769
50605
11578
10553
67903
29978
76020
35751
84557
65702
65469
2287
93205
3819
30147
39396
90444
44943
55329
17254
53799
28055
28112
26257
73088
13434
10529
59045
61824
88273
95888
65056
29851
99706
92023
95420
67330
2325
48109
80726
36533
77306
47330
1743
557
84313
45778
74049
79734
80431
22869
31255
74448
10453
29429
48245
6207
23635
16452
74891
46179
78166
53864
81603
91238
65306
86657
45456
87648
6115
82189
94867
15147
42230
72858
6502
98763
98268
38343
59787
85279
82414
7426
47117
81846
67023
81824
8691
7985
24273
61011
96021
87115
3994
66713
25909
38846
64028
82321
31349
87079
63227
11747
97106
64218
30960
864
45660
56737
260
60662
69649
87958
42966
58521
97058
38570
73952
80258
16135
55531
52885
38101
35344
20502
28631
94261
53143
68671
11892
97000
28668
35078
33980
73026
47011
46914
81626
85904
99918
54065
79440
64590
51238
96111
27327
2476
65892
68137
1627
10586
94035
42938
52073
96647
92668
75118
68641
10914
25367
2830
39854
18387
72610
66056
18362
8595
24172
56973
56321
52656
64387
3718
99803
55861
45544
19589
57040
40831
54002
33057
59521
46075
35514
59524
51627
32897
61789
92995
46638
30826
1646
83553
64071
56056
77567
94098
83204
84823
19833
95185
41805
92789
24563
86298
91584
40274
76995
3002
44752
37921
64359
71014
66251
18440
45481
36885
83886
8477
29997
82153
78592
12182
26200
81193
86065
54912
78909
49888
84735
53301
54774
46716
30884
90645
714
89514
82811
2831
14567
34309
59908
28984
23770
98318
79962
9751
69615
29856
917
80427
84469
67015
66531
30523
84569
28517
14139
34081
34403
32454
19774
93088
32930
11980
38511
68905
88775
94862
54351
59726
27293
57377
74130
27230
75900
67199
40697
33645
87472
2013
3114
75618
45649
15892
84226
81441
88632
35904
3985
96049
22437
51968
98813
51211
53436
45072
25211
82421
19463
29148
65340
64739
81494
93112
58203
61745
96383
65871
25669
14598
20343
11962
46846
67897
37563
88860
99207
9355
5734
66696
93780
40372
86982
70267
31129
12349
25969
73271
96396
21621
76052
21535
68683
11242
20247
84885
29168
16573
4743
25685
9822
49699
58552
43787
14538
251
7474
62114
53541
93895
4854
73094
78545
60138
85321
76786
44891
89169
12759
94651
45938
33807
24013
7395
45916
7304
93416
3944
24828
3984
76741
90571
57809
25849
11680
64211
33656
89506
95618
12528
9809
44595
76001
42045
93581
73648
52453
21020
75090
70638
62585
52936
56589
14377
40792
97468
8831
53190
56445
24732
1025
56517
8958
5152
22647
86451
69307
93798
7427
35739
47709
78075
43101
88511
4423
69424
15166
77509
80166
40145
49417
64155
25690
95615
54472
90469
72903
98320
37840
6729
8120
69503
28915
56428
31828
63572
41603
90571
27015
55366
42681
56045
7302
54006
31346
78449
31353
3033
36668
80052
15799
19678
69191
68783
56817
6659
97271
88185
98503
99376
59859
58078
58644
7758
57026
83182
13894
56564
73636
40502
6
51448
37177
54323
63778
24175
31164
78187
40660
26816
82437
39073
61444
85918
96574
43990
3270
73456
73488
42853
96975
87780
77683
82618
50141
26141
42589
23093
6304
83333
20101
14489
6014
2070
97945
41349
27613
15914
28642
18771
12987
26087
16979
58398
86699
91163
93132
3899
34655
49727
39373
45567
48828
3403
34022
10039
46441
58180
8223
66750
44903
17817
57291
83838
9184
81763
59713
99964
73232
10111
54520
85758
75685
13315
29191
54037
70404
28264
71812
62136
72287
62378
66463
59337
22244
40025
2237
57002
37304
75485
40882
19053
92541
46618
36365
50481
21458
6744
60961
93539
56616
47389
2400
37025
40829
15780
18015
81826
10051
25899
42742
78399
64286
22171
60715
64031
88377
89572
70334
54219
80311
4552
63513
37765
80137
71123
2449
35719
46108
75011
1756
53393
67567
316
81061
6245
58145
65864
99713
45623
25097
84382
70751
57085
29669
24767
72975
12112
57650
98707
28215
16467
59517
34580
98413
31321
39823
40887
46748
8437
5391
1766
36319
41825
21460
27239
94637
78308
53670
71664
75771
6428
25183
24453
57376
59309
61283
4336
98080
18239
89666
28848
81971
50523
53905
65922
25091
85822
43257
83038
32
51765
74260
95026
39200
5589
53842
12099
20077
7341
88363
64425
99393
5478
25877
89727
28632
42356
30632
16368
12485
39873
37149
14501
33734
7550
32234
81269
84237
23798
8470
59517
84774
16665
66614
34260
63512
92520
89883
64975
75634
54201
38139
41357
28258
22403
97177
34075
40113
55404
56392
10386
87978
97798
20058
37610
7826
33117
27806
26035
57176
87581
37072
32698
95516
76718
57823
86313
42160
39696
37359
16615
7769
18054
46708
97058
86892
51544
33159
44936
89221
71394
58170
27626
7256
36570
8651
95973
48480
81609
92073
78023
62003
19863
60697
8601
5022
27543
89081
1345
69197
58240
8515
92860
42356
13897
37063
6761
94997
14542
77577
90271
35670
73608
95855
59490
52789
44408
56970
21149
94831
62023
78471
94
96277
54810
30664
70193
598
8155
80329
11942
32024
39358
25889
16605
4692
86455
48396
70527
55625
10069
6064
17321
99878
58495
6906
77979
74238
77983
63393
8072
69643
98526
93526
12972
92248
54611
6511
1013
44949
4764
31082
43673
55411
76316
12310
49889
74634
71086
54177
61706
85377
54895
43553
55848
48301
25000
72759
12787
6955
29103
34122
8518
64768
80810
11574
93257
83967
85564
66511
16101
7747
75747
15389
50547
80084
66637
51099
30369
15326
87055
15631
74999
5980
32694
41955
87514
92942
51007
35166
86400
91354
72838
96371
71787
40166
82513
18874
92701
48153
11302
73740
19398
22526
99156
7637
6667
15598
49827
44609
56423
74509
52970
947
16772
81230
79811
69750
53656
77364
33295
75665
10068
48145
92649
98845
80670
49947
40379
54736
19011
35534
67551
60885
69430
73765
18384
45148
72765
58317
44860
6576
49656
25307
49560
72721
67234
71934
78926
57731
50577
38754
14569
63508
12971
47429
75533
67858
70803
29530
98402
61583
19753
74614
2978
51655
19283
24024
29475
74496
49018
18991
19882
75250
82013
77890
52106
95272
48299
50322
96992
28834
798
93168
24693
64859
15607
35876
49858
9434
52092
16111
24484
68388
49202
33974
42598
83045
94924
51136
46571
83653
32293
23100
58338
72282
30027
70072
28956
27739
48501
74964
79784
7329
19862
30172
60156
17724
15062
94143
59758
33537
43362
71196
38853
67552
15145
71170
51245
5529
834
1740
83098
55625
64638
34827
50902
83289
154
45826
13315
22219
14882
83430
94375
20715
64003
17945
27014
37247
80332
99338
93412
32255
72688
995
64016
793
97799
22165
77883
10944
47505
14664
92761
43383
26030
35983
86845
8723
54387
60514
24358
31799
40445
17125
8788
80435
88966
43017
36588
57531
14318
19452
31850
53166
13137
72346
94082
41062
56002
94974
85089
2673
3739
7650
20590
41852
30798
60660
18972
33137
67039
12214
36093
78862
94251
31850
3521
55058
85448
41671
16240
14812
36237
73317
34057
28274
63617
83853
15727
44432
34648
29317
92930
71811
28753
30414
26879
29369
14449
30345
30685
71768
33256
53414
85572
40235
57232
98054
20731
63720
85057
56878
36726
39631
69904
33363
12801
37036
19310
39684
99696
61772
15886
46877
54627
1185
99710
66571
92517
91014
61257
29699
11875
92749
62092
2320
26929
46091
97616
64461
99150
66383
84156
55084
2376
12566
74618
50627
76496
52840
75931
25340
58035
9391
90778
10763
69783
30457
72382
14251
22672
61964
90204
33910
71663
94715
67523
70835
8639
75374
9010
48650
66943
84967
15421
97970
69121
79036
10771
34135
38256
69061
94579
17011
22342
6094
11
35441
45235
42309
21825
92091
53608
59968
85904
56234
64612
4283
14233
89680
16039
82848
84917
20736
22839
52677
46461
25049
75644
89729
83825
31303
65497
84098
9116
79083
71375
59820
95642
7067
80889
50220
47385
24265
45024
50407
86506
53840
38599
7808
20477
50428
76745
21928
86330
25510
7895
67589
54749
50602
84289
54379
75835
68092
40139
34948
27355
41960
78080
94427
89957
49379
74461
11246
34140
85476
37765
17311
83419
45347
8493
28486
33926
62283
84765
90313
40727
45442
25593
69496
35379
1167
98270
94067
47999
2023
62007
68621
36348
1090
38958
78605
28781
86328
40319
35063
7625
7926
75105
22616
93971
86147
86083
31037
54474
20910
9934
26353
73593
78380
64912
63697
4576
11945
7510
31456
6201
85640
20990
91096
89551
36069
98426
33706
63293
5574
48645
55914
37194
73464
44053
33712
63939
24439
70970
4666
64472
35845
82215
18969
70302
7419
31900
88083
43425
18558
75470
18753
79352
69751
84891
63408
16252
66616
56793
57208
88662
56252
59222
52720
83998
56607
98320
53314
63973
52108
79055
67504
15802
6806
60120
91411
25877
82559
12068
24282
2395
33373
19860
57294
46321
61545
99037
4203
91471
70693
52555
33975
33423
19093
35755
76966
71290
84298
20330
50991
45988
87971
27642
22782
2543
4434
41234
33243
28526
30284
29780
51347
51314
40570
47652
43816
35052
33068
75034
65434
63466
1176
60830
39371
78618
43015
18832
69866
74422
6161
78973
63315
88285
45047
58022
12545
77392
55246
36232
87928
60434
88630
52331
42973
23375
86358
36999
20360
82067
87290
89600
85856
49523
99195
38768
48309
29795
39049
79151
91978
51681
42321
99021
8697
54718
47237
67417
47577
59420
70298
43643
60070
15958
41610
38537
23108
41274
66494
7958
39607
22756
4077
53170
89746
1332
70259
26914
45798
53436
39235
3334
23782
4257
22111
46012
16933
82282
46653
4609
26606
28969
72386
52220
49298
64401
41734
49942
48783
11837
65944
45431
55350
71179
14269
15428
19799
23116
56458
33982
21867
34528
27817
67346
29590
13460
92767
54127
39359
25181
33766
7996
66769
14209
16697
88698
32743
50094
50169
31647
62507
99786
78749
10044
32957
92542
5283
47655
37393
2766
58182
16040
85337
50118
45063
4157
88772
60613
6738
91158
15614
38482
77418
40703
62788
3056
40830
49962
20625
394
40402
92928
222
66176
18348
82214
71492
6128
86988
90369
63103
28852
21263
85487
19676
68158
64821
9437
53589
60931
59274
59352
37279
48555
49724
17957
11908
25105
40257
7024
49103
56277
96803
98238
82304
43665
37888
34953
18181
11628
65261
64536
54570
86911
76748
44547
55208
14892
76599
88001
25209
68441
93144
30331
37678
87978
56012
82558
5963
56666
97439
36318
96574
30964
66862
84918
49399
78339
78366
13093
57582
28765
95259
437
91667
17964
32495
47110
26990
27840
49398
22361
62558
10227
65460
11083
2576
55152
72573
3155
15181
56911
46460
97049
12365
67480
99541
48889
59495
7212
87607
79205
66125
27881
50809
83302
232
90407
78580
13197
47306
23108
22881
22779
49260
16546
3798
11105
46524
58651
38503
2909
83616
62312
14530
29300
13725
14460
15612
12001
6604
75565
46683
41646
98132
35965
47765
38304
74876
25000
57121
51382
88147
15369
26281
29292
15037
33959
98009
36306
45182
88788
53864
51707
30733
32428
16689
33492
22746
14236
55120
76730
36282
70536
87544
99565
52491
2746
30363
36145
44711
31852
6632
58673
83123
56088
88817
8624
62829
53095
75494
55976
23933
19633
84359
84848
82476
45391
25076
10412
38291
79612
7055
89267
14972
659
3207
99997
18900
47277
98144
86938
45315
57769
2258
66232
56271
68257
30588
58089
65011
39950
1430
34668
66552
94835
9370
49888
99162
32559
67727
94711
23797
31774
27267
53622
83652
52444
40167
17254
70270
89870
6260
25271
71260
78716
61050
69952
10639
66918
36462
18033
13913
83915
3273
13854
27495
23468
56977
12482
11334
67411
89554
91599
50186
24736
27682
5016
98257
56877
56720
5739
57475
38397
55972
8509
647
25975
23350
6454
12850
48009
11385
70776
47962
21264
25937
94366
72350
51183
40757
48425
20265
79526
47123
31022
15661
49013
51716
42134
95386
93232
58037
96585
80596
499
70405
19795
35921
62418
41029
91431
42959
36591
68
34475
68357
65945
24259
8460
72860
67079
91078
92206
47560
16713
69551
30801
64973
52218
30549
85395
68225
1695
93932
26639
16059
41123
13995
76153
45779
84554
47717
48253
18646
2462
56207
94755
64032
88540
22615
54218
93766
10433
65798
23676
77741
69023
76297
78990
27524
18464
84679
81495
60148
9986
54865
92232
69871
44829
26350
27649
69754
15883
41145
54801
1766
47080
98551
92385
62770
43098
97258
13866
76981
30203
81335
56637
61099
83850
19512
59686
82470
46736
56247
91002
35312
71483
53600
91078
11740
32901
66435
43056
96172
77085
19696
27413
45864
68349
45207
1727
47561
60854
94765
36606
82294
33244
54605
71723
19410
4174
4402
80435
94873
78546
76987
47723
89774
77306
50266
19757
91565
46351
5105
6978
75463
45266
8387
84363
98075
60911
24185
71631
52615
66220
53358
40767
53006
67871
91570
57633
64482
97237
78693
61825
19715
38878
1589
20990
35360
25167
36753
34656
61988
62431
57258
34114
90335
94747
93894
26091
89785
82603
82633
82197
73770
65890
57398
1117
84666
45204
1374
16274
92799
27271
55707
55868
33149
52320
65920
19373
829
78831
49363
16636
67694
73150
8097
10653
96263
55455
91733
90068
81306
37163
53698
65993
76919
78019
12532
95725
4331
24933
63594
545
74546
3383
96760
24253
71094
56037
57032
82367
39836
25249
48524
46207
87381
12041
5293
23595
43016
80626
48469
21582
66601
38254
4919
37089
47674
94297
8438
71416
47059
18180
47892
32618
92476
15682
86474
77004
47827
90900
92216
15735
63533
24650
8590
8375
15479
76926
64261
47465
59831
92997
90305
34985
65076
38937
65904
42335
44661
14394
73374
16890
31414
35758
15930
43431
57100
15710
40050
91594
20690
13672
45777
48449
96979
56583
15853
84311
83731
99235
88725
36598
16324
89387
22466
40627
94347
49621
55445
12530
89856
45118
80554
22809
41096
26513
6965
38657
87595
12644
17897
41084
7318
49210
10544
48052
76575
60469
33508
54498
24278
89289
91436
49595
78127
27756
59147
36674
92693
85471
97979
66887
82518
65095
31437
7565
48872
51761
19201
67637
35932
23040
72930
61426
69230
31172
13209
19063
97188
3974
94544
90441
22283
4819
51477
81591
57923
26245
50162
99612
15315
51986
43191
86953
92551
15884
7328
38312
1960
83984
18683
28451
53205
97647
82394
14699
82450
28452
24313
30499
19806
56839
23166
97126
31057
6227
16642
19936
46680
92217
74173
2873
31584
3948
48660
51291
39109
31187
12380
29424
16605
45798
7521
84241
90889
78748
30216
57182
84379
95977
17953
63771
70509
89301
6981
65578
9530
17433
20833
41011
31687
35795
20527
39273
49892
81103
35111
6560
30601
10051
71615
24766
36923
9605
35972
72305
97994
35415
46491
4400
53959
28962
73820
13
68348
22977
78358
34884
16463
66862
87630
80308
43105
4314
29156
41614
35109
67671
44608
20943
78786
96766
46995
87911
21197
18818
10762
20597
5782
81679
4653
25010
80778
56464
96587
58204
24123
57382
93418
49906
21992
95721
34782
37921
651
27427
85236
65024
74637
87389
71228
15471
43475
57378
31080
45933
34289
80497
82928
52428
72623
34691
13828
15515
13678
14626
23715
94149
71757
58113
62523
17720
26820
93870
71979
18045
62391
10742
74467
74816
60166
70060
43795
49172
67571
76214
49257
12322
16190
49886
79945
61526
54737
53273
30952
29930
60216
37264
12396
62290
75889
3862
37891
7104
59257
79101
37609
39615
46741
31956
51475
88027
98634
83279
98247
7544
10548
62330
44521
16072
15789
30022
75236
66892
63647
76575
80145
58548
87321
99477
13208
13332
18125
76676
49182
48308
4374
26078
72575
2997
50542
69874
92820
61358
69369
74619
46241
82947
8243
56647
14239
9046
99157
56740
27058
91300
56217
64732
47975
16184
54467
32629
65687
86922
40048
74573
89000
56213
43758
35661
24905
40087
42865
32110
49315
78473
29699
73504
36663
93990
23474
93195
6809
36957
95016
58869
33076
71094
79904
84996
76740
86226
13754
33783
9438
3754
15562
83789
67020
25561
76273
7699
74773
78440
83160
10896
44508
86973
88354
55978
22359
24676
36833
57588
87213
68752
85186
53006
71001
57291
39728
2426
21930
25631
97298
17607
33652
16472
87271
49395
49216
51794
14601
4566
18223
90907
73971
5877
20839
86858
62103
45085
15873
22766
263
56586
66631
49342
7374
7476
2635
95603
6087
14455
63037
34096
45086
57175
67268
48928
85174
36518
1317
57401
4797
79240
90010
90259
59529
43445
84676
60917
86371
13353
53001
65230
81076
6022
1672
25277
46478
72360
15932
74441
90059
34849
6363
41213
99899
67307
80256
2123
87872
78506
20507
42690
33707
99332
52653
19526
92305
85988
20005
11810
32438
80631
40927
35479
37484
2524
79203
15368
54245
35715
35307
92925
65018
48629
34845
5313
42500
88310
70525
65659
50640
11941
89689
81373
28050
70906
55133
49335
44700
62598
62700
81764
89394
72872
67053
96210
78510
88813
20654
86608
61057
58094
55017
36078
8482
11520
90540
47617
25158
44365
40994
74309
47248
11130
53472
43501
52826
73215
6704
20871
5576
80556
53947
5610
92287
71898
85806
30979
67556
66242
75703
63445
54612
4732
7489
99624
52981
21132
35787
51091
20221
45419
76316
53391
82342
44559
27005
66019
96045
12620
18946
30586
90462
16545
35526
5624
57431
8280
97897
6003
4947
40002
12132
26986
14719
86021
76116
58828
86468
28187
26215
9468
72983
88497
24703
70092
29928
32830
20595
35208
86474
48143
52571
27394
85996
23775
5429
7772
31640
44932
68937
12271
63255
19248
72947
82477
13168
48327
63382
48813
49114
66450
31830
68852
48644
1663
84789
84020
48993
23022
86170
1415
76432
54402
82939
48549
19666
73556
97928
35663
95239
17296
78729
9346
84195
26348
32066
74917
67814
54967
95990
42536
5749
84974
15981
94650
70463
66724
81292
61431
5177
32372
22774
28884
71993
24185
7591
72942
37247
66553
40454
92474
550
46597
36954
92691
28547
76212
71547
51895
24520
53806
14560
91754
68555
94933
62017
66260
90236
97906
4452
95038
9055
24557
48476
40090
85394
61738
25142
2482
76660
63181
11339
21606
14813
72933
91539
4216
59020
75000
53167
35057
62358
5148
64624
84149
82431
41771
80282
73975
46717
65366
84333
16869
87362
71574
22877
81622
20887
20345
11755
39750
87994
72716
79264
34045
78753
2852
67302
17923
71313
7111
78449
13866
95756
97193
62398
28147
5454
59406
30137
93635
22501
87848
91530
25225
66653
42854
86939
63459
43971
42524
8794
30117
55393
15656
84521
33904
19445
44705
73278
50740
38316
28125
24618
95824
40613
50146
73181
80985
85170
14316
47768
989
62897
3980
55073
81446
8992
50307
22223
29232
21328
17278
50932
76918
70303
25453
46672
68820
43
43098
98507
1204
84561
31370
81172
6167
14914
34616
93302
21188
12559
31213
47374
47802
56156
23289
5808
70696
7955
30506
90112
20943
50731
14282
79410
98106
93213
12673
44107
60298
59509
44230
29310
9323
35934
49816
69378
25559
67598
85978
6795
88055
52762
89054
47629
81249
45184
50616
47206
23066
54520
45041
80753
8604
49337
91440
37661
18595
46863
63186
61522
42956
64126
31995
56457
91421
65920
19399
1866
85224
56181
94112
85661
7866
54847
62593
47495
19118
83968
97102
2244
96688
81169
74449
67096
99848
97072
77273
98691
44185
83305
442
83928
29694
44899
96612
82963
70193
57525
4386
98715
67482
64159
64410
75173
82564
53810
8558
95237
96442
6531
49866
44378
44530
17469
35467
20957
97864
24559
603
35702
55165
20817
49680
4046
72873
52234
74901
46004
27946
68027
53827
49072
37033
11854
89277
56415
22343
11017
56384
84145
5116
69594
13732
78028
7984
641
45669
19841
58085
19413
44860
35788
43641
55803
12724
1775
41105
46059
52153
6913
9710
84393
12567
42394
64644
29814
77561
17426
16403
80154
20708
7268
69268
72973
64714
32284
63233
37593
51642
97687
16060
67830
36412
10511
31330
72128
67477
76404
4182
39848
39721
48219
55081
76419
50359
83132
38361
7850
37669
1843
93413
84083
55
74092
96398
53736
68261
11552
68344
25882
1490
66566
63338
72819
93851
65312
11652
74468
67585
35349
60997
89919
66811
2984
11536
48564
16091
64515
9112
3217
1887
2459
49690
63247
27231
33373
88257
25015
57295
17220
51259
55343
37397
43880
8548
82579
52385
22272
22295
56599
5042
88969
5185
69579
97042
34836
16285
5025
87960
47868
3497
48149
42040
88241
15505
68086
86201
4524
74590
82565
95008
65406
54944
3685
90043
9996
92096
70840
99099
18132
41256
3057
75768
11760
94039
14455
80001
96768
64986
14738
70282
12853
69412
56390
3928
70665
77898
13742
33578
39615
54406
50470
97979
88547
31953
64422
34207
5310
51320
4714
89400
94412
22038
62873
4074
37431
89545
64386
78249
3757
40992
37153
32904
58674
6101
4469
71538
98247
57719
94132
11589
14910
37648
84541
29274
80601
84307
88642
29553
72177
28507
19910
29985
25697
19439
63381
78153
87413
50353
42554
27390
37016
92033
68644
94333
63122
24755
14528
5757
25463
90117
38871
49126
93012
75672
94574
53280
73127
41392
72802
52740
906
46182
92647
95903
38848
39142
63520
34138
71290
84993
72200
94910
16271
15177
12192
13835
87334
78639
66099
19408
6249
66939
49427
65514
53683
53019
91355
87067
45542
68838
43741
21644
73214
48480
80783
12675
55492
45009
71570
55667
69139
41753
83781
19428
90688
10045
9319
44874
75020
84003
12262
49483
11888
55871
68955
38141
21047
56126
39663
89834
41788
88918
91627
29787
90148
64688
72725
34886
48421
55019
29832
15093
83739
59469
7228
27442
78489
65026
86976
70875
38028
1447
37511
32171
82204
41811
61484
94336
73508
17072
94046
97431
14510
74041
41742
32297
40750
34771
2012
49344
90470
11083
59805
746
33032
76687
45490
55625
86702
97638
2459
15850
28738
12582
40792
69601
71978
35931
39521
11843
15393
56095
56265
36149
6962
30430
59751
72058
3896
17135
612
34973
81143
19261
36496
1837
13283
47589
93888
19628
47944
25673
61267
95849
51405
89092
40752
85832
11471
20160
38824
37221
30308
27251
89749
58384
36876
83888
82057
63321
54724
61199
64189
79126
28876
2967
57481
15109
3283
24686
95259
40492
68242
48241
56197
21818
81207
5069
52984
68014
94167
95295
71456
34542
65399
32567
6398
58561
97824
59651
30207
75134
64664
97555
33255
28555
51607
97111
87236
68171
18339
58733
92296
24055
40236
64564
52832
69566
22568
14284
77945
65209
44180
67521
71025
90680
79964
96992
4659
90577
57832
70421
8078
20017
28662
88916
66640
4514
22434
38522
75174
14660
78320
30242
95477
50678
53002
20782
18657
7135
55721
80556
4762
10316
79988
77924
6300
38562
91734
28677
82342
77270
45450
67827
95912
84517
16603
53080
86982
25266
742
12669
32302
48332
41494
5262
80018
43407
10765
67876
6323
61439
22737
81270
8090
76901
36592
95899
85416
30900
29383
94334
11322
18976
27756
15229
56549
71765
47396
13039
92484
83492
14653
33550
16627
90106
98380
91678
64989
98767
30915
85489
16126
28474
15733
69677
6641
45105
48831
71824
48137
55165
39331
42981
28228
22852
51990
86809
6200
89625
90717
93710
53674
80738
60901
83321
69570
40382
13285
40585
48737
56579
84748
37447
91020
14003
61455
85861
27067
24234
57247
20768
23761
60
5677
62013
53045
63856
91728
21447
6728
65483
62724
60984
12142
51416
60532
93661
89509
7879
42426
99179
53977
77861
93987
43210
52559
32732
337
99767
85977
63881
91900
55072
2236
65286
85576
15920
18237
85606
5631
87838
21373
24439
62695
61583
38265
13160
41277
84937
48059
66757
67394
87770
39054
24669
66159
8392
91868
77657
59063
86752
75586
94117
7603
44909
68965
25882
95093
4025
47315
31302
64469
26656
56343
10084
13912
94373
74682
35030
33146
64707
61923
64713
9108
14660
33458
84525
7173
62913
29695
78399
24010
22759
78211
65579
79018
14760
11047
88875
80877
42832
66070
83607
77283
59544
37510
81544
7957
51127
89115
44076
51208
688
2753
22687
20476
71445
86777
7262
72884
97963
44880
45619
60620
25108
54485
54833
84395
35588
17067
12329
50969
51620
74440
87615
80188
1191
2858
97581
45658
14824
51526
68945
86223
29509
97938
61479
73920
55576
82131
69794
53647
69484
6244
81738
479
22308
92958
16519
24006
99646
63868
77722
5050
21797
21762
58643
38686
11702
10045
23579
19104
72345
34611
51482
70452
32945
52107
21467
6142
19558
57517
33587
99441
10001
51713
3072
65527
51405
43237
54515
27792
17387
51503
86940
1048
60985
62783
30301
66553
26863
99419
14348
20150
6992
48252
3600
53057
369
78504
77748
16492
40173
49740
75390
5563
40259
26829
38636
43193
56568
91965
18718
634
68558
50287
35104
84453
82456
29300
81686
38860
90500
5953
12789
34560
98209
39338
84215
7927
9889
85910
62542
75400
42801
14132
14717
97415
51884
68851
87632
50752
46394
68251
88146
28835
41192
2517
96968
41663
42467
98795
13973
32871
6141
86183
23142
34602
35928
11667
87446
69490
96043
47171
17821
89732
99907
27712
20768
56093
13192
65670
20575
37202
27780
5022
86688
13943
89417
91494
72664
43263
61200
98126
11125
23275
86423
43727
11152
11617
71717
47932
82793
98036
4929
96618
43577
11176
20430
93170
67345
21282
63467
51117
45353
13967
57526
95684
33800
20080
78305
30483
99433
65715
68991
45420
21143
3896
43676
66420
44599
8553
67799
24749
74044
30347
88808
62049
89934
70228
70980
49788
29947
18821
75594
21232
15997
66294
79918
48662
69192
11992
18891
57355
61546
22694
38170
9289
34700
4296
20320
21344
21538
2324
85689
9600
73346
87609
32443
65732
64386
26093
81535
46410
83782
26346
76334
65278
18892
70230
66591
28727
88016
38611
33068
49989
41381
66157
27111
85383
61208
39864
99409
52191
72535
25003
12068
18454
76846
9404
36542
22950
38512
79422
87329
75124
43193
64082
98193
11657
70792
71393
66089
64192
15497
55626
27471
86873
88171
34167
15023
12531
39233
13581
30446
78883
88801
64500
42092
17518
77411
44107
34875
51515
21959
84435
44055
58241
20036
39840
57638
37968
18223
16983
60673
26694
41440
41496
19520
15892
62342
65200
38232
6525
83304
78715
5477
89434
77778
40226
70641
48549
690
32373
5646
26272
38648
32831
94347
40411
94839
6499
65049
17048
57865
57612
53943
3532
54644
87057
49721
81509
20355
19242
57370
60550
66279
76033
91877
48732
4847
74922
48914
73483
4568
32839
16399
58509
53272
30541
70253
5646
2341
83626
54984
1193
99493
79686
67026
93852
2308
29609
33225
59576
24715
22961
78466
62354
49876
72230
14099
93009
86797
24102
12121
45022
72045
57537
74697
41202
67173
94671
10331
71659
13584
95588
96770
48870
98779
66035
64008
51269
26277
80182
48984
34217
86866
57064
36937
11737
40524
87270
85512
49734
2437
36003
442
99397
62775
6500
54112
69508
71370
93029
19595
41221
27296
42286
75693
13100
91497
64206
74733
64843
1842
18069
75769
6788
54881
5696
87156
70070
69750
23255
38071
47782
44061
89694
62464
51407
99768
87558
75050
96897
8344
11753
85387
5328
51920
32265
18183
69955
16906
68719
26320
42382
30353
28010
46221
59150
1089
75294
89581
89962
42462
14135
72962
86431
34741
91822
51997
43174
45951
30893
16408
70689
36359
77218
75341
54148
46748
19609
18010
63184
70666
26272
42627
83845
38493
8818
64112
43892
63392
81643
86273
18126
98256
9315
50461
65417
46518
6161
87896
83270
97217
64572
85312
57882
98204
64785
31661
54256
12108
91687
33449
64051
88177
60405
66361
61638
75819
90048
63923
51434
29380
93263
76496
27995
2215
17537
91275
43043
39694
94678
54514
20309
65701
78745
93491
51797
5935
94902
53255
53588
18931
30442
92751
78604
98811
95762
4611
20217
41454
32846
92022
95940
34779
65290
92038
87842
83809
57695
35847
1505
14468
52474
46428
4689
60586
90785
88375
50683
59742
79668
49213
80721
12335
53806
55983
97401
90091
62707
18559
97594
16835
69557
15559
87528
13976
28513
45341
85467
50824
85063
63278
2152
38233
70418
43992
90330
73220
43535
64752
34160
24540
61031
64174
43791
81253
63501
9905
31053
62632
75312
69481
13544
11485
88068
29306
19886
60901
41324
6624
25635
85313
96967
69954
62318
67236
27608
94592
38891
9594
19827
21521
59759
4560
94948
29851
30831
40518
85593
37249
44913
33899
36932
27958
12303
66232
74652
3054
49444
38449
48105
97468
67785
70645
64374
69149
56963
94557
73601
5426
32410
74977
91545
49533
9732
6043
43840
59419
63264
16937
53047
39612
11603
50780
67974
97752
77506
4987
97445
7923
27191
71347
61632
17763
96655
14132
16700
76625
47624
69913
93135
35275
77801
46890
54868
55025
83032
95589
10359
60356
89361
74576
78324
15834
68292
29464
59396
12454
29193
99924
49939
50790
14801
88419
27201
91413
94443
57511
84442
1798
59493
17234
56999
63774
36648
27832
52963
10516
39303
96893
9870
37901
3365
87318
8543
18220
32766
55997
77445
6711
42819
251
13073
92974
98182
1564
37527
55974
1780
42200
21378
48029
82205
50133
13888
69430
10115
93614
2845
86807
29370
97946
42467
33011
57981
76626
59511
65826
61633
79847
90198
60535
90733
77017
80969
97889
50750
70788
6571
35856
67585
6359
56531
60494
10968
2998
1135
10292
5382
55335
36056
70666
9066
23253
51772
47074
58402
32711
24945
80157
92394
12936
15597
35983
11954
42333
5184
53499
39082
61223
95947
93542
26023
54464
67593
81575
388
38977
99345
64287
80020
41354
81956
26412
86820
95119
5054
35966
991
28970
38427
16973
58977
76618
72588
56158
207
11376
84726
82338
17109
10030
65774
93578
76035
39009
58837
12560
49413
8068
65640
21176
96016
82171
57092
58201
80789
47487
2091
39431
37091
22135
65753
13857
7491
97598
83462
51075
38703
17361
94719
66041
18836
51915
83204
1674
7784
74902
83518
26504
92932
57151
22834
98708
3958
66035
68890
41984
38552
86973
65383
83146
50009
69594
22907
63334
51182
9417
13084
18364
48703
64683
36247
44685
24992
77596
10934
28641
99103
52737
62239
8951
33872
33865
26493
91899
9966
68006
81567
23717
98244
3985
52602
14830
84539
59146
22624
4853
56937
48271
31792
83648
84343
26661
72546
72500
76298
99512
94625
14270
74357
32091
78036
60318
74667
44019
74583
10551
95789
97544
31544
89980
54827
63693
10409
91035
15108
73405
63815
43616
15437
28555
72908
46172
75785
43619
73825
56956
78108
50746
64985
30574
33666
57956
28282
13171
86770
77755
66656
91611
2279
41769
69156
11249
76257
96503
39751
81266
45514
49857
99286
1864
22729
81036
99352
65203
53369
31220
80062
55934
31756
92522
85868
53459
93786
65120
25893
13902
7827
60419
34289
24665
57880
34698
53203
96596
71632
54634
40860
57964
2045
28165
11941
39645
88849
1072
99617
41688
67929
8175
66100
25167
85518
27167
41015
18479
2402
14208
80192
93132
15752
69365
45468
96086
47129
35332
52773
93402
40450
3302
40564
71562
70584
76887
53696
1613
23601
70332
92703
80141
33762
16584
74981
87089
77298
44970
64894
26758
78237
48319
72460
86217
40732
88885
21738
18934
10073
63176
4209
48827
26425
10600
24924
21390
4242
36039
77504
3868
37287
32634
26385
50240
64821
23847
90839
59035
3776
32617
67680
3329
78907
25498
33417
82827
66967
55512
97734
91284
28893
20647
54376
64202
83407
63424
87526
22726
17079
47976
50364
79087
85508
63427
24678
93872
83774
20496
89519
59756
63059
42196
24291
62336
31109
26030
77552
67398
53344
96954
84512
21386
10783
59428
16243
27758
7209
72792
21312
4170
36474
36498
37630
32596
49852
59228
88025
77104
83829
21336
59035
80554
95238
44359
63527
8873
36218
27665
42739
20966
15107
62433
54678
13956
16786
30688
65984
93086
6154
77600
25441
39351
61433
63408
78511
63361
38121
40423
6900
94574
59612
84547
2726
47593
39699
43914
80208
45561
81774
96020
14627
18904
60716
25287
7418
38855
56204
727
76410
6088
92957
81661
78223
13363
95684
42221
32846
60565
50592
14513
56909
44324
79551
48384
69807
44734
32344
20797
49970
85961
56510
55859
93864
35202
28994
8063
2502
50189
45879
73094
16287
10188
45225
27591
23354
19592
41860
35211
69142
46953
47817
85450
30606
12311
8824
69227
17560
31347
22789
71951
64728
52537
57252
84886
54114
46353
16478
89670
88081
87167
80976
36980
73339
6976
89268
96996
64162
87762
46697
37615
47679
50460
99144
31943
74471
25133
95573
96567
83712
40268
3715
44210
11151
87411
93453
81659
9417
84435
97837
45137
55700
57557
60336
90207
59842
90396
2791
33227
40005
13795
48581
53662
66262
58569
54049
46942
91210
25134
51234
10239
25209
6194
28335
32667
82700
81240
8375
31201
12224
1837
10722
62242
3966
80111
25346
58140
32730
46800
21816
82145
30902
52003
21476
63148
30223
21372
20249
38925
85982
9148
19469
32852
35267
56512
17904
5483
94382
15730
26509
80725
13275
54454
68646
48452
96450
20856
21155
80145
95580
60958
37412
74122
40878
36488
8332
84024
68366
81379
65576
6297
19342
55905
66443
88002
23907
5248
2761
84130
95176
51311
95710
30309
30912
68947
4273
15421
534
54483
77227
70727
79633
41072
24050
32560
61470
19815
58794
50816
20679
84673
92113
47480
28357
93156
5871
2200
36099
40230
41770
49004
87873
68170
39463
31131
26199
64247
65919
56408
64040
93650
99395
69920
24594
87938
67437
17454
21224
9110
24007
8161
6470
43816
28652
71939
14738
50442
6802
70282
15116
98402
96700
62092
79483
30009
96321
51535
39183
73341
50706
14913
36615
17666
88876
74035
68886
37173
12220
89262
42539
66219
97317
17590
75592
88196
31220
41731
77276
80179
8121
76022
91675
54894
16166
2310
39794
76343
96233
80703
17349
57979
70521
85496
60451
92059
80602
4930
99053
49641
22617
305
5638
12084
96551
19918
53374
10125
14447
62534
80420
57883
36023
33732
76046
88770
55179
66101
68508
82480
74343
86215
78672
57111
56108
47026
30901
52233
86051
90078
53413
16392
59135
47404
76758
61545
91226
50644
91128
10629
50009
89347
51798
85188
81648
82956
49885
24809
49324
83510
68121
55116
77788
85879
11586
69828
69232
23885
52790
91288
87278
95972
9807
33090
17796
21406
73473
98723
33849
90443
92532
46117
7942
57021
51146
89213
15952
24805
6151
82850
44347
83332
65996
51430
78404
18273
67409
23418
55880
59583
15187
61129
54040
28810
28084
96587
92155
25671
74394
12612
33941
1613
44690
27362
81398
72323
23482
33623
90761
26547
90473
41596
43205
4875
73133
78367
61514
84878
91445
1050
31046
91494
26516
18273
98427
52498
22450
65676
23703
18263
71442
81044
80329
36346
96152
68457
25829
66111
13139
86893
69695
41041
10325
34356
11673
23752
49798
18753
19155
5004
11413
8170
24962
34576
77308
87999
15181
10451
55908
32549
85230
31487
94639
14247
98552
51055
78337
336
9435
28984
37736
55728
92530
2624
79355
46021
30746
8632
70153
85944
31517
9699
55393
13773
702
1617
2583
76711
21768
75589
69619
10599
11617
76913
80080
19812
59747
86393
63820
72304
40331
87556
44659
64456
81729
5083
13458
94693
45528
46493
73429
21944
16573
90976
16374
27389
92167
84465
38229
94895
92092
58119
42189
47417
17359
73834
26479
89557
54444
52546
35158
35587
67402
47633
20988
45354
22219
77434
59336
22905
21594
98023
56356
7172
34883
71080
97927
44097
57958
92751
83821
10094
63271
73633
84895
39611
38449
65812
93610
56703
13888
97184
86046
95813
33450
7142
9612
56213
58536
38465
64631
90892
43895
370
66214
62375
92681
84868
27956
74289
76271
88021
91959
80488
2646
58981
66431
73864
93323
66925
95210
93826
3106
32500
40253
76073
533
8294
32985
15349
40917
82175
28048
51530
32790
24458
41211
47559
613
83846
10984
38887
36347
54350
65211
8298
19564
83662
77753
31679
34516
91577
36501
70566
4164
45006
41737
77454
27692
25926
38114
80831
30766
67239
14677
52966
77153
1083
67183
68551
73215
30930
6624
89802
65162
54405
26995
68084
42693
18791
54505
28375
5577
35227
29978
82738
84259
98949
28745
44381
11555
55077
70080
32984
95160
4742
73078
87864
81547
31237
12824
75494
75394
54531
48376
30256
67391
65195
56929
95260
21086
23548
40991
82145
37939
61586
61013
9895
64186
74533
32241
44698
30460
33662
41755
37336
44184
12096
36980
60105
96792
60942
34965
40983
8983
43235
7356
7919
30049
71162
25568
50451
19709
8663
55992
7001
62026
80142
23861
97448
2524
41704
42216
10817
98467
2425
14743
18673
32518
98704
91632
37712
83954
16478
34462
18781
9237
80511
98258
95419
46943
95469
6297
3567
30348
33140
62308
11313
96498
65563
94818
73797
25411
46654
84066
59047
91148
31260
9337
68963
94434
90844
10677
63728
60880
4305
41584
10060
71061
68771
66909
14503
76136
64899
47787
40355
22362
90619
10350
96483
69203
61619
92331
91150
22452
40676
29642
66292
81796
60711
23011
94489
14499
74115
67729
8452
58952
27302
64222
1181
5438
49725
46305
64011
42011
13803
87063
77234
49495
90105
55986
92692
13519
53946
49926
81566
9331
45543
99823
29563
57690
82204
93376
3198
5106
82923
39983
15764
15480
47443
74393
54161
51518
26249
44674
55008
61446
28489
54923
53388
35285
58583
97896
53031
57915
50772
50697
19098
62474
18736
42568
32746
10605
21680
31525
5660
4010
17450
9139
51811
70409
45633
26437
29351
16982
66841
60795
96506
54170
36138
99264
9853
52427
80445
89957
90363
55417
84190
54617
74030
18960
433
95583
135
55996
34196
3386
12623
88896
30736
76714
32418
65154
8527
61212
59313
12573
77328
82586
5607
23695
24335
32244
58528
32253
71808
36941
20980
66344
90399
44905
2757
97076
52377
30624
69556
31293
74269
17033
97192
7807
19844
90495
87088
84788
87189
94634
1714
97979
18098
11303
69055
9521
4902
12240
63835
50121
70971
7702
95851
53123
68002
35554
47768
21358
90294
54514
84819
43501
86808
38153
80787
49060
93447
211
69772
99423
49700
86954
93188
71003
64699
27796
97091
15862
5582
32650
84385
9163
82620
367
35779
70519
41268
2680
67870
28256
66901
50606
6275
17627
96988
47172
5617
97678
54144
16769
64690
92021
5116
98531
77451
63622
81031
79341
88417
60370
5846
4373
57474
52578
35386
23770
78708
597
81348
1752
71644
56016
42722
91912
50567
59587
24914
24291
20760
75844
78043
17148
45869
34210
85181
36578
21647
64051
52428
36651
16291
36326
91907
2235
86118
32397
47959
59214
26342
16505
87305
68014
4742
35398
36191
61998
60817
99519
4977
38721
45054
99306
7548
41299
73503
346
40486
32655
5944
65627
34711
15831
74405
93090
61458
88079
98843
20448
51410
842
58184
33478
91106
4762
16328
35994
8545
94696
19991
51221
77366
52665
5846
46108
48144
5648
78753
75685
93137
14221
74924
24363
91109
91496
97216
82839
30813
91208
80510
39513
8105
34772
44257
68560
98284
91524
6795
88566
67670
8207
57857
24644
69242
5301
83052
35067
34154
45091
34119
83358
68448
84785
72828
5880
98969
47070
25804
91929
45203
24353
79366
51293
58498
37703
86991
53751
38517
82605
59469
34218
13067
92808
79112
55962
36903
10396
12535
63396
22384
82282
13544
38984
63554
53386
66269
98809
68466
92659
8956
41621
77779
22718
12260
40637
95264
20254
22874
55830
9803
35961
88184
98861
23031
42885
70094
24298
27563
25848
70326
17993
39319
88212
28072
96808
77779
97685
17516
45652
22397
89609
27883
67578
85760
9625
52866
42187
9283
474
24938
57605
2597
38750
29447
15023
62760
63267
12413
39525
58702
15351
23109
32890
63558
74233
47643
33299
39931
27215
3663
78485
2807
56573
74797
18963
95925
48687
91870
84088
6040
68041
49463
67789
40346
43530
93987
63460
19812
21086
76586
31054
27861
20346
5491
23468
18408
93629
54962
53512
99231
74945
50437
2551
79617
75006
40273
36877
27484
86845
98844
43954
87788
8947
84902
75632
38315
22613
9673
62660
41301
52180
61811
45577
60792
38693
94754
88847
60491
36876
44370
76583
90510
94825
73104
2139
40481
11439
7568
1652
86897
63637
13835
41464
20354
30006
75431
39658
54262
35955
68905
91757
44470
16008
42030
73318
35331
174
50223
53025
56393
4121
37245
95063
57972
81577
41405
6442
66268
81017
35793
75128
78156
22129
21077
85619
25533
13019
70214
80232
32847
22999
13097
43626
46243
37671
7255
60733
27362
11209
42600
77516
95988
42387
27010
69498
92602
8504
18623
78919
71220
75646
77625
20981
74671
20575
49587
65565
15928
30371
17826
15551
16184
27740
88517
15494
44350
18279
11828
30580
60607
14337
66355
93841
81771
18805
203
42249
70874
57946
72504
41140
57077
11923
86121
15901
11952
89049
4571
30746
87014
9431
24882
72993
37329
98277
62660
52851
39455
92375
87960
62325
30315
3609
52477
52216
68581
68690
27914
69565
85293
85800
15905
76085
44496
796
2113
23090
97312
61761
93070
90106
8730
76628
4712
41625
62625
32125
59267
30161
81937
60539
51108
48002
90411
24046
33906
79285
53698
59036
89600
92045
82641
91283
62714
8931
75904
1708
58009
93205
53414
63538
43098
68140
72784
4351
2618
16411
73009
55745
88755
43000
86625
25435
39452
34444
56061
12903
53765
36835
60046
21344
51499
57405
95302
87573
40782
6662
82363
20339
33211
18403
99371
64483
69020
5226
44714
32010
64452
49445
42860
67189
52483
76668
12464
76481
85429
78654
99771
69418
25870
82771
31127
50122
29345
83015
36274
29940
13027
10260
17979
85108
10184
52931
80447
19426
46993
60125
45233
66050
79561
35494
59803
93699
55954
50080
73437
95376
1134
26806
74182
26088
51465
80240
61696
44060
64225
95670
94919
4278
18988
10438
92104
73117
24657
98732
44891
20250
48213
46046
50393
67281
94373
87530
19550
38132
67362
66411
24646
79441
13075
59899
20584
12484
53814
61750
26172
77787
22624
83104
56424
8575
20332
96781
23621
34264
60098
68281
52702
62693
76384
75272
69258
50017
80208
13413
31662
20834
99096
25816
83364
94732
82195
32673
64423
77894
1148
59744
47101
49282
89971
23804
73672
31538
46665
26849
14070
46193
19321
63221
98610
46807
35530
3615
70739
65059
32211
20969
10203
95896
87431
50667
34392
94679
74137
50766
3604
48163
38186
57978
65827
73547
88297
59224
47265
28683
11467
3181
58677
82466
84340
6856
38490
15002
73433
6245
67908
87173
8539
956
89135
94278
81961
79695
15501
88296
90682
95784
17355
88040
63910
98128
86578
21548
84680
98801
42332
8731
58851
53932
2280
77486
45442
82280
70347
46005
93584
11857
76811
5100
69691
29943
19402
68982
53081
28705
5034
10799
59679
30405
82283
74599
43264
4204
1375
96595
45264
35967
99042
6814
53367
21703
93498
80561
66178
27469
54592
61438
50613
27645
37674
91142
88663
30116
47924
91827
95107
84649
11526
9994
3378
29715
91228
10106
90856
50696
81495
18003
40054
35638
13825
82380
15751
43935
78498
37219
15809
11588
38658
51651
49507
70382
23658
19817
9851
48213
53054
69404
31215
3900
77178
20971
99326
71676
19731
72116
85506
84954
42552
53156
25017
68311
66017
90470
20315
96286
3825
55723
27162
40205
10692
78829
5874
79920
93056
7934
17676
15689
97934
54777
42361
61697
62664
89697
23706
79236
34656
70576
22051
3412
39029
5191
17096
87167
9245
55190
49808
40724
38023
70945
43690
39733
14697
44216
20197
14111
76106
80764
12723
27589
37352
839
42586
49876
28637
98325
37624
26408
82176
2557
89750
74252
74101
59112
67390
99945
74273
16561
71772
35881
36271
94154
91846
91201
59855
5828
56615
54363
5791
65656
6679
92541
49686
64411
37830
41909
48139
93993
28070
74335
71231
75330
72021
18697
32368
37144
50192
50973
70021
55024
76323
75790
40295
73290
41292
87302
43284
82106
56068
4991
80133
27412
47691
82774
554
97112
43117
68681
57606
16406
39967
9219
925
97244
7090
50882
16430
88670
5469
59000
6814
96968
82724
90002
97204
16249
9604
6182
10049
2291
28599
85538
1997
71995
15702
19549
54883
5840
39728
46824
37552
85249
83840
53090
33763
69060
48632
3728
15653
81148
36410
77800
42499
65094
13788
28108
61871
77170
45886
84478
84916
2228
39843
95822
15506
89136
52102
3422
87965
20458
86527
27379
7945
31720
20609
40212
93544
18942
35962
16289
91439
43711
28023
59612
76249
88806
11088
26544
93712
59489
67275
33220
59770
33149
84360
69908
95892
27333
78978
7195
26144
30456
58031
27862
39835
60139
90111
56959
51440
33762
49554
42847
37869
69866
43474
87707
60539
87368
57089
70402
53510
70906
10662
3133
58692
67195
76277
39297
43081
93692
83015
37720
48164
82420
89744
269
29819
52566
54381
40048
96932
1614
75885
15395
67710
86213
99947
15890
55112
9199
98271
86343
93322
69492
12082
90231
7143
82535
90111
82004
88125
14954
50634
56099
73021
34002
90954
92203
41460
73418
57921
24251
58486
40110
34924
67654
89706
85833
82907
34181
50440
6454
59482
571
55954
41847
27002
69354
27064
68985
33682
82146
57042
53186
28871
61910
12437
54844
77859
15421
50444
85941
8099
37745
7346
71904
94794
62866
21287
16233
50151
8794
95395
99957
58496
10025
27727
35927
77607
2316
20522
10002
73255
14747
48798
58368
96987
25839
64040
78569
67309
58777
43348
89880
85407
48936
57532
16639
76204
41478
89937
71383
67046
57619
71134
79024
88019
89081
57366
71012
71252
36397
36268
38150
30174
31154
18228
39177
21442
11281
57438
69052
97365
65307
20393
28286
7729
91660
82173
55524
57355
70682
62134
85513
38957
12822
46650
35504
46313
64236
51778
17277
90107
99777
34535
39499
32757
32005
42269
11798
9344
45986
10660
98618
98167
59490
72709
27626
50630
24874
23599
58426
76493
37631
66582
69115
17452
21074
98571
62674
12177
77667
54136
56672
98783
59885
80199
2659
16122
7669
68077
42591
67258
43874
41794
4338
28351
69118
72339
34720
51249
62169
40669
42645
59114
37539
57153
95354
73718
64977
57146
91450
50263
1733
36471
15934
85869
50754
45041
87135
77698
30242
51904
55130
17700
61541
12624
63719
72379
70238
37326
63678
56911
74128
23714
32342
81427
21684
33017
28680
66337
36762
32755
23863
58957
50240
27376
81783
57890
85076
32376
47787
85844
76503
73425
92056
79321
15799
57009
73802
39302
83304
70156
65356
43903
46400
57864
26481
10110
64338
92389
5963
50821
91605
70938
32988
5358
57977
52127
8449
31659
17304
98743
36391
95171
14768
95171
5793
49703
78687
71039
74528
91027
28592
89213
6304
69773
5239
37345
51474
97445
11557
43469
51396
81681
99098
22532
93147
70573
36143
31266
64668
4838
89658
16460
98316
17759
87393
18756
90844
13145
96786
51292
43464
6784
14832
7544
42666
18326
88385
4738
44055
25632
14242
86524
45816
79448
24799
38627
30160
36962
76163
31597
70231
45414
51679
23105
65700
22099
39043
60857
67358
35966
86349
81727
24564
85408
2191
13955
15675
62020
33415
71391
58251
43132
45629
23445
78808
18159
7328
6915
582
80071
92559
43218
99746
32972
91791
96273
39605
24189
30928
18015
48748
78302
84385
16094
29174
74755
88372
36278
10504
5494
29856
55897
20285
90905
79807
67838
36500
8617
31111
49580
79228
6200
38090
31897
81681
8853
93308
45495
5817
91523
15560
95555
94373
2033
14971
28170
49478
43857
97270
29399
14849
57666
80643
99872
27322
10730
89755
30769
16277
3420
57399
38966
88563
56129
98280
84681
99312
13118
71213
50750
34224
91224
82205
50662
36835
89018
4359
16489
63979
39397
13971
56004
84771
97718
9209
85961
57390
92064
18039
24760
37138
73620
71772
21687
45426
98849
30922
69618
63594
81818
61909
77288
44213
51520
84138
7467
79948
1269
14547
4027
59321
6577
66008
53131
24288
79487
80012
34267
62154
59559
24756
55791
17676
83473
62220
73483
97427
13961
18346
33928
34740
34499
26511
40341
68101
22828
12232
1828
79732
24556
41871
48206
15575
13079
1602
72600
51968
19653
80831
21785
27116
900
18906
58997
15532
75235
19040
96778
29797
55180
94996
50703
98947
70786
21088
23130
77120
75952
1483
79807
30819
97238
31952
71952
63826
26963
34502
22448
83310
95460
47942
15037
25789
76504
52258
25075
35093
75584
85907
31409
20150
61055
67423
40435
26701
73618
95871
82109
30773
85190
40667
6364
92345
69239
30824
8243
82617
52228
22186
95266
3568
98978
31939
28651
11944
88963
3956
86134
67858
74950
45361
44803
29508
65855
81866
23104
43635
82189
35017
44628
34787
42412
66076
19221
63744
5890
19296
550
71322
15767
50942
5227
57039
79273
62466
26305
58551
43086
38441
210
55427
42989
87188
64146
85857
78598
33924
70240
64858
38846
35873
84385
83592
3835
339
97860
97429
1170
23502
25221
58225
94243
77031
57331
47756
93711
93985
91411
84266
76177
10493
82358
36950
64376
88156
60855
84291
55753
98338
77032
20871
60489
60292
23444
96842
32593
37368
38639
98260
70503
65273
7911
42825
43787
90223
95243
43789
90343
83360
44074
48996
66414
86613
34017
30273
231
76620
10758
6218
18865
60747
48799
80811
14574
59848
48129
7156
17045
38221
37450
45421
65819
82235
88946
99598
13402
19590
17464
21041
98537
74276
90183
52212
64817
88116
11227
23185
74885
1589
31658
52065
56736
72911
45443
63766
85967
89865
92701
89030
63851
5991
11640
36193
33169
96415
99305
87335
47096
55441
6960
50934
13212
80967
76666
70746
70605
34061
68920
3088
52607
52116
50475
77432
74292
30866
19140
38022
45191
51517
46328
51131
82851
5595
57087
5504
1314
5503
19914
62826
76308
93081
88112
61587
39635
14294
82913
33980
5945
55737
68336
69080
33363
12428
94733
3489
43596
98041
89699
93759
56695
54444
71905
30488
51415
32827
98380
919
53968
70496
76140
86267
36846
76873
81666
56964
25194
17756
69978
90185
63481
89796
31430
55726
53443
29257
25391
44706
54261
1805
20136
24663
67361
81003
89366
4143
62945
82422
7357
50227
46104
35455
23651
18213
48877
21175
78156
33593
37534
92995
17487
95197
15838
71624
57030
11187
35438
81297
38074
54912
91609
17378
32332
18889
29533
90849
44894
62283
27580
95501
93818
92298
47204
83616
95605
77222
59522
24524
23328
82882
47043
33228
10062
26645
12059
68234
45445
34213
51415
56816
74253
7908
53578
11489
14227
81436
33104
81526
49803
73926
66390
21638
40244
8364
75117
79404
9496
60670
81736
29825
26715
65954
65987
24908
8273
98333
36382
28415
61382
469
43923
40023
91965
80147
46272
63101
29568
85819
75315
46983
87724
88864
90653
98598
40686
61232
77503
3887
72576
39815
55366
96033
33944
20250
61061
86045
19013
74433
79672
11874
20476
81115
78624
65786
3852
11739
72089
68564
33313
34481
46890
84110
86528
87956
99524
89712
59219
21043
99866
75617
4405
42940
90406
61946
84213
98166
27487
81543
95085
79329
53093
36769
19686
9360
53308
96119
27480
15829
30245
26402
24151
81267
38375
68044
82362
4583
67580
10302
18173
37776
79427
17959
13759
76268
71839
9851
36594
39018
98412
23993
44099
33746
35582
77296
41899
83679
70487
74033
15812
76622
84952
64872
92320
90594
27556
30782
40891
43266
90422
92675
19102
8125
64667
15010
87279
80832
20274
51240
88141
26603
58594
76202
33486
76875
85204
85663
15821
99461
94300
21239
96381
23880
82871
76012
22134
38636
99112
18245
22640
36435
54786
64486
66403
2693
92916
10527
77269
11069
48832
40486
51619
46242
86895
7700
24021
90050
86462
57210
88239
53996
43546
82328
75112
82596
65782
30308
51196
94466
88049
44037
78349
65745
12797
86024
43528
39376
88466
45497
46924
51541
48738
12632
19390
69033
75600
93146
76721
19695
27139
89536
21786
78134
38050
26295
74558
77860
91135
36599
64097
90927
46269
89931
93049
75484
57888
93704
69278
94471
86646
65021
45809
6074
88735
84762
69466
17120
76621
59076
33884
10377
10924
18559
52789
77532
92974
48529
18816
49759
94767
46827
58872
5740
88549
10073
17103
80668
49194
64003
35762
54293
93072
70028
75034
14136
35977
70178
91528
86813
21867
18567
88140
4878
26853
2106
5316
54268
87229
85711
77663
58973
1761
8960
97148
36245
88505
69346
2881
36179
90300
77055
95892
25097
8679
30730
42073
27634
59703
94175
41227
65537
40485
65875
77109
87940
91218
85237
79921
53817
78687
16149
2534
58121
29617
91285
17437
55876
6720
82835
64431
35730
48583
89007
99264
67532
20835
21197
12241
18439
24339
20347
37826
85811
41708
6634
16097
24477
28103
20684
35827
36945
94218
64633
52754
72939
3306
66883
26864
23580
91068
68647
36026
94496
80509
76535
47463
61560
15934
32052
22422
20234
4804
4083
54676
35301
98247
21345
98545
16825
38261
91859
68644
12853
19950
96536
91474
76236
57584
57853
84538
83742
1327
44632
17508
93081
89707
33905
10302
29968
88425
63002
84876
70852
23625
21253
44483
93827
87116
60383
79566
36596
92833
22780
34855
65961
8287
75356
93244
53583
22556
79072
20942
77722
33926
26887
58164
67156
77084
26470
95012
63993
42022
7552
26517
80659
45141
4672
85121
5124
529
95446
81384
67073
1231
9462
65802
88354
8472
97619
18768
8902
8750
65021
76988
36346
72750
89205
75512
83511
16939
66151
69339
94502
27653
73587
26483
87602
20105
13391
84296
95882
1323
43152
86268
22462
97627
87891
4694
19074
23640
92813
93360
5678
98667
55152
37553
9820
49971
59831
4470
39392
74431
21554
63660
10985
52214
84109
30365
25255
39722
11629
40004
44428
30083
55528
87026
56303
49834
3634
27746
45474
50192
37848
12798
76975
11185
45245
99989
50465
87686
6087
93191
30633
68214
56024
80627
37411
59246
36995
5102
33373
63747
45818
27233
79618
64219
72425
533
48467
24517
60797
241
85814
4
90927
22978
77595
37166
61955
76509
8546
90195
81884
22897
28432
43057
8545
89168
8266
51283
76489
73757
65914
86380
98591
22745
62791
10519
93271
77649
21948
61083
74470
67807
89494
70976
78147
86759
41774
4190
35557
87373
84209
26052
72195
69245
68391
52401
46273
27052
64855
1636
32018
8462
40089
55351
99467
67564
63746
4221
99008
45499
25959
74191
43883
24191
82839
89252
4867
60184
25647
18153
7721
21534
81334
58650
46787
38737
53984
60125
81355
38303
99566
14953
13360
78886
55986
68684
73663
13473
53958
53614
25189
22225
36014
40296
16153
36766
16244
96059
27936
30615
85733
40359
2148
42836
75327
12455
29109
1924
22625
38703
46343
44319
11462
20937
80856
63987
8730
65109
23261
17910
53449
90725
40997
68629
15213
38327
81402
82042
82887
14728
83090
48782
32420
4648
34612
28435
35342
16671
59624
43518
46724
40833
36740
77724
43125
39669
60600
45739
21237
64078
83307
6005
17284
15736
38733
16118
34305
19404
15244
12435
52016
90915
23177
70985
24108
71325
98808
38630
30530
28675
53510
74955
38936
8753
43717
28748
45326
94581
50412
41647
86162
50367
97931
70397
46183
92606
28916
47221
99918
17722
60026
47540
88098
15663
75216
86625
65291
15291
79646
51488
51964
95048
8025
25133
27533
40090
51314
91926
53788
54264
97177
34121
46478
1000
10603
28684
66934
2169
88361
32986
86935
63390
27050
34930
52
99651
91815
46249
26546
57971
34343
1558
92559
75878
4629
13445
2677
28760
42389
10589
51319
15289
99056
87563
6309
72461
34555
67076
61498
67992
26554
23699
74318
29318
3579
37827
15036
21815
78087
79303
37373
25688
56191
48471
18094
74835
69321
84237
14759
61652
34443
35062
89321
71832
28677
78683
16639
82270
82689
89603
19108
10566
85012
69473
51481
57042
77537
17426
31647
12911
12592
15505
32479
7630
42814
58960
33148
10390
29163
34695
751
87962
19553
4037
453
5841
72254
88877
73440
50471
18040
60264
42728
8815
91844
52428
98768
33897
40600
18943
79769
68293
22219
8472
36049
4634
90479
69422
35216
7353
80275
75437
483
44426
90546
91262
97409
70873
27033
78409
12513
89667
68915
8711
80984
50794
23921
4861
25392
30597
16040
33615
6722
89157
20332
78555
17180
7882
71007
75722
19847
9671
48070
95461
26342
89909
91953
47279
14143
98479
36593
31374
9952
22332
22952
29292
84830
88551
69772
31711
42219
32817
53527
14035
45216
47798
76648
60927
58351
3214
75964
9227
96298
26011
71894
31155
89673
99716
81256
39752
59361
9823
23975
91096
59587
36541
13731
98604
95199
91158
81707
56975
13970
51886
4316
69611
9178
13076
48771
39794
68057
25398
1691
63385
44611
27178
34443
35353
49911
42766
2499
91621
8669
52613
29312
44634
5448
6233
90416
16338
46126
45885
21793
31207
10511
60457
68713
74888
2253
24890
31178
27277
54177
38068
10501
637
89698
28813
52496
53128
69279
73558
99918
89863
87785
68951
52622
33677
32932
10746
27177
75196
45167
88815
28052
99415
5701
23784
68825
26789
69600
65041
27035
7075
85835
81859
84019
95157
76961
76148
48981
77285
41756
23291
86640
49785
25716
22345
97113
33981
68170
93971
56974
49728
27658
84272
89339
93144
48505
94647
81749
73590
81816
87981
32761
96048
26940
99793
78198
30375
41198
53538
13274
16826
42580
42865
4229
99075
78216
56490
52764
23288
47720
5103
77415
99132
82493
79655
63034
62108
50241
57347
77974
86281
79365
92645
68035
40167
11982
33793
23995
36472
79478
3857
79607
31280
80636
71780
53973
48629
50541
64894
44541
75979
5153
38748
56918
36932
92720
4715
20157
47796
72759
226
29637
7070
45139
8559
27296
74572
86557
72125
95886
53230
54259
42611
63085
13797
18153
9572
13751
99519
55780
14353
46791
27293
73336
11184
97054
91458
96638
36404
40617
81334
60431
78433
45526
94692
55202
29134
44054
47932
46996
33094
33955
22117
57334
72247
70287
39843
84676
21398
67665
41534
58204
95750
28242
56544
67135
35699
73943
46827
24767
17483
42646
27884
29730
79595
48944
71
12035
53710
1122
70022
4222
52993
12027
99139
91639
97289
74154
11864
29982
78605
33366
67301
64642
30975
15634
15612
18173
51974
22471
44387
73416
72183
63998
11492
82381
28958
29669
9337
63151
48140
68768
4248
93810
7353
55078
9267
67322
78513
50037
39085
25899
670
31003
13664
13148
16333
65455
55901
61279
41560
97515
60771
22830
70714
53789
78409
36365
28135
54737
85062
32702
93898
72198
28284
90529
16107
69946
37809
34709
59643
6579
1362
44073
40275
43366
85745
54498
10711
46253
4998
22587
34526
25611
28079
89131
20034
68806
70073
71461
81164
39095
22552
83533
34377
33996
63976
87569
6536
31049
73464
33413
95463
6747
77015
14940
16089
76745
15671
4524
96976
53471
49905
70389
84381
2216
50501
3584
11924
25932
56581
65122
94870
37265
60400
17643
29482
45118
81489
84508
75468
10285
48753
64100
54926
90378
8589
74787
88324
90667
17382
94265
49558
881
69942
36096
91008
81387
3552
68110
91011
45601
80155
17310
97536
66836
22154
55928
49916
83169
2336
82427
36319
24312
10536
40765
60664
39544
70462
29171
40296
91050
70303
71989
79121
95693
66430
84068
92358
62065
64782
30013
76628
50138
62949
87846
30738
905
7389
21011
16724
94837
16608
30505
392
54518
90268
71800
7605
27290
67224
6448
51757
54217
82084
70025
57964
96163
97393
20087
7293
5750
6252
15304
286
45741
9216
25269
70132
50837
79061
94676
6705
70311
42919
86121
96976
92743
43896
32723
34158
61809
81881
24635
29494
38432
7636
39281
62823
5011
23458
37531
84636
17722
84788
44601
7973
31794
57264
76038
44966
67890
21240
77003
48209
61068
15246
76574
68332
65005
62745
24054
35480
19664
62477
96482
47702
74310
50717
71958
30818
46816
88010
56858
62901
5586
39079
38517
74688
15952
79457
78618
67563
84474
40083
27007
16264
53142
27558
90240
97005
55851
60660
26548
68809
40477
68427
79776
159
72123
8770
28032
88708
23714
56029
43647
19640
35999
17506
18166
15449
87073
28995
38880
85154
65802
93407
76104
2972
13604
40550
31121
18734
76303
62002
63273
30016
67607
65796
57561
88957
54014
99059
98487
75698
51359
52907
66388
98616
64584
29297
96612
8297
79899
23822
82878
32928
91545
34539
38335
41601
16828
49459
98163
96177
98572
55219
7745
93673
46511
26352
17414
75673
2275
61294
23815
88427
87723
79968
40026
1276
61617
91314
46260
6092
94653
25032
92552
99352
94126
88284
75723
50141
30560
66721
42057
73784
23485
63179
18912
58074
81532
52740
5443
24554
81655
10770
215
72879
81367
95931
38120
37133
91450
56699
74008
52149
62575
73037
48947
83992
15006
28008
74861
74247
51934
9197
37913
53687
19440
74027
13710
12403
66227
95725
49647
74650
59153
61896
13788
91061
11323
62212
86087
29586
23008
68576
54240
1833
69568
2204
41284
35830
28048
6914
82310
49487
34678
88929
28696
11311
51442
68407
94464
90682
88049
27513
22250
1509
34389
58375
26152
85938
58956
3754
32008
49775
389
39389
91518
13504
84752
69542
36500
82432
32449
47642
39142
48888
53617
2994
96619
76145
94837
16269
11487
34777
25775
79998
63924
88707
87626
49276
88314
13906
49321
60846
36965
24035
89902
59865
59984
96643
80089
12548
45513
43235
95306
89490
19178
80079
98520
26330
58963
36104
50016
22592
16183
39780
26821
95197
31413
86214
21565
68822
96493
44503
4609
38844
37465
71621
83656
9784
82204
34842
73596
5935
18563
88642
95139
57635
33674
23379
30985
50633
25767
19545
54034
70838
89586
17648
99989
79719
67338
32540
39481
12818
64068
9230
46110
62333
60860
29427
25688
24979
8752
7540
22384
19490
15467
37809
23915
93669
5027
73474
60559
51868
67601
96519
59868
33865
71252
68731
82616
14563
45656
47680
41967
76813
33459
20873
82836
90537
12607
22434
8786
46284
58364
82313
48111
1795
37644
50337
77070
14760
5715
86753
92399
82020
62157
13017
93879
63455
18301
70002
24439
11189
36445
77090
5521
69660
72587
13414
87924
23184
25469
80415
86464
65664
71196
6297
10561
43518
91720
22036
12982
47883
47912
63559
77705
66511
90031
87037
30567
25357
43972
96144
11933
4507
96855
69221
92607
4987
29620
95186
38996
64405
87456
4307
82325
16268
16486
3817
18227
18574
19130
95283
36363
75552
92883
52169
71312
28190
63511
25101
23117
78220
94036
37787
33976
55691
41822
97618
26549
64972
16345
93049
26216
53486
66672
44649
81010
13989
65985
66000
52736
19728
35854
36185
68265
11460
92655
55625
16294
11366
52629
47622
59072
55049
42510
95206
54073
8627
81990
68074
14779
57305
64608
40290
11019
36828
26745
1608
94141
75706
22747
71941
54695
29857
59679
881
88532
99332
99548
4749
50813
97587
14214
33939
11670
44361
73035
21659
41388
6519
82513
65943
76921
33561
69427
19741
4262
67832
39118
26106
26981
23505
82518
24996
98696
79231
51473
33810
43543
8594
57929
523
25996
88548
41377
66043
50240
49035
14586
17959
63814
93996
52969
7821
15797
40176
26413
84556
6318
22175
96520
77730
86071
58450
7010
75765
86132
55627
97752
36565
40720
82471
15252
48355
77149
7119
20525
32170
41748
718
58242
50370
63601
1547
89020
52911
50795
31415
82009
37
48606
50846
12273
99830
68055
53935
7459
69845
77435
85064
23947
75767
8706
11869
76040
39095
86738
18054
68277
50109
8709
1085
12114
57803
884
60597
292
56343
42428
12993
75910
36038
64846
63129
19136
11756
21394
46509
27374
33521
67272
36402
39204
58931
26557
91435
77567
82651
12601
65103
77316
75579
52532
36222
78
56834
65559
97440
91928
77260
88132
98172
79874
81129
93598
11208
97388
86555
72506
49768
16412
66642
71267
56628
44138
37613
42713
81650
50722
9197
92073
88384
97217
96625
98912
41395
86495
68002
83949
19893
37806
99110
58911
54639
61188
91199
89898
49727
22276
96384
56200
42504
15986
77338
91573
56801
37022
31623
90956
88895
15733
45277
48573
19474
96919
84853
14930
46969
51047
20331
9154
11639
35171
93263
21712
34334
98798
12347
26413
15823
34121
10973
77090
96380
72417
17786
74374
33053
84397
80250
82565
81755
56768
89277
43009
31957
32350
59957
80421
61184
85847
40864
68442
43352
24104
85548
75227
46854
79399
68617
57858
85501
28215
81011
14093
36891
41833
25302
50164
75935
58392
93246
93037
41206
99989
42511
54934
59961
37356
81468
84694
60574
92640
24445
85207
82554
79647
93567
32738
27998
80587
62285
14037
42039
92006
90082
2889
22378
60692
37768
96633
11546
36138
34714
79118
2963
25878
94027
6233
30356
59941
73931
74393
35774
40216
75560
37173
78676
47984
21429
43889
70104
62370
98662
4406
65371
27565
72047
25978
46957
52237
690
76611
14837
40932
64966
52744
98445
36121
89508
16795
80804
33499
48260
24824
77123
92523
43672
51853
11790
35906
14940
71385
80548
17109
64920
92341
95880
61028
31204
31196
80827
85057
92842
77276
59184
14018
8724
53965
94344
76855
52576
89737
49451
25809
82572
28289
34428
76856
35523
97071
96374
82939
46941
87675
4102
34979
7532
56777
17163
1664
81988
55935
42537
47258
42170
28736
61873
56951
95767
81077
37989
87791
93504
83379
42776
48510
3732
88229
32749
82531
87478
87381
29080
67949
18475
60416
18342
36897
49145
94663
99823
92310
98988
2798
66822
96292
7436
77537
88252
11801
75251
23756
93195
68037
91150
4519
91163
73850
76298
90768
73746
26961
48939
23678
98736
39041
21894
26390
18248
79368
60420
82926
61101
34372
72097
12691
55610
499
69461
25323
61148
14320
55657
84383
12562
43978
68863
6499
27928
76798
12977
71970
86450
72469
12268
22697
76000
76734
65681
49666
59805
44785
82512
63827
41366
51120
10449
4128
28803
13899
66817
4209
42735
99011
71906
83177
61250
29898
15454
59418
85803
46000
67588
17065
28417
51949
51219
71803
83789
34779
6661
47849
37960
71596
60759
99150
27235
22095
35965
59996
93343
63860
99084
67832
97874
80675
65085
35309
67930
71925
1233
89758
51177
41067
98698
82732
41933
63266
98719
38604
65904
96382
64561
97452
64805
78812
54471
47090
70844
16968
43961
35235
93319
76870
92467
88282
85767
11237
60665
92408
33297
24179
92055
85629
15396
43127
53558
65240
15861
79574
76289
15147
94396
62805
5630
93753
97150
56869
40243
88973
26316
58242
53606
41912
98384
71309
62052
79062
74710
72900
6451
76419
12919
90342
28927
58030
49608
42161
75253
12226
24302
20425
33191
95406
90496
62868
89267
89100
22931
39350
92610
43316
33149
56095
45434
33239
65969
47668
47279
24352
8962
4883
44609
88017
53703
26252
11643
68483
68186
92454
79450
15146
40007
68418
30813
69566
50504
45509
18996
18581
90705
20581
21349
84825
26981
4642
33409
6965
15935
98117
50480
49019
27358
13212
98363
64697
97773
7021
74769
53857
82966
29009
16104
49660
74512
84435
55690
30102
49784
445
19730
89008
89870
58933
87442
67860
85996
33510
85796
36900
22603
9507
14995
97030
94633
79234
8714
20696
80135
79361
13967
88737
32854
54120
95873
33039
27032
63598
25129
38004
28327
40447
2563
90406
52968
28831
41539
6007
23138
95473
56901
94542
61326
72409
16759
87067
20363
58839
3683
3144
11870
72104
51349
74253
89240
37450
78268
46316
55948
71429
11485
7734
53943
78119
79265
13816
18212
24536
67282
1952
21447
85301
49491
94330
54350
49899
62318
87910
52195
84961
41838
38682
57941
19947
81956
49711
35900
5309
63996
43994
40132
41084
16217
90840
13422
41450
40511
85861
81827
88408
68939
36227
42233
72548
28444
33324
19974
80936
82511
59917
49560
45801
52983
43473
68447
28372
92753
61140
25290
24535
57497
92692
37972
91341
77314
45320
28226
41501
70796
2115
53822
3500
54886
56597
98120
53690
1598
7844
49796
21239
28806
93415
53679
32592
91699
90688
10661
91192
25415
34297
37973
20356
42822
32173
1514
33698
27560
39916
35650
98591
78407
80493
13965
21310
67784
42097
81817
84178
63477
71476
83882
64325
99517
6598
50238
91893
56134
22288
65923
45173
77028
45675
25869
9840
36230
16655
74706
52095
82201
92257
61953
45853
80445
36459
42283
91178
45739
52044
69124
93154
15392
41890
44173
16389
49697
88999
62741
46557
48765
62580
28526
89645
92868
65729
47092
41059
87918
24945
77483
48721
23808
73626
7814
86415
48468
65359
70327
98775
995
19276
38704
66793
73166
1576
39010
84050
84127
37340
29253
68503
43751
56253
8358
39598
50563
65002
94215
96897
82167
2303
53632
41615
44066
47730
28560
21891
19868
52638
83993
88364
342
55873
77301
5591
14597
14887
38875
59290
100
66491
99039
67576
48168
95548
14082
38636
71351
30048
5813
47511
86164
60661
57490
41500
60728
75769
48926
7074
32958
35020
42171
11021
94510
14599
66802
91651
94620
9009
9107
78110
63515
16506
66497
81050
3950
11713
59937
48257
38245
42350
4600
25086
29450
96553
49357
56772
74019
66300
59716
32418
85364
44063
12227
81729
55035
80566
57879
48373
16883
97158
94343
46156
68393
71875
91238
45469
47164
90263
31914
47459
28681
89420
23621
29064
75354
42874
31500
59594
63633
14528
63437
63565
60068
97797
92643
39950
347
99903
7957
80814
89906
34256
92737
49135
45493
16582
86396
38469
28607
84600
90071
81398
46144
14972
93896
50931
29030
59879
14170
53722
8581
96652
8919
5703
46822
59257
69234
90224
34490
3690
50954
29291
47255
14013
66229
50977
36262
59611
35252
83715
27500
89702
78848
13754
89352
85450
53909
88229
86412
71738
35262
6536
38505
6953
62788
64410
68533
86792
87837
18151
81673
36278
5969
14800
13749
14735
6915
2451
33312
29645
80747
69505
25128
62895
36436
82381
83683
18156
9657
16102
18148
87688
68134
29754
66064
12892
59598
33274
81319
69252
43696
94794
14440
65807
73263
55182
99749
81463
40176
9035
46762
718
28980
86553
23403
54095
5204
33366
19563
24816
60889
92219
46145
23379
35506
93977
74752
81876
75741
42670
28640
24720
92969
70403
40136
98
40615
52814
2974
51579
16060
2714
76063
92855
39440
4715
85620
16929
32876
13336
85285
20595
31471
2970
87079
25447
91564
35744
98145
58220
95929
2934
68501
97905
14641
53569
94032
54910
13918
98522
17806
98217
97842
52762
37503
91262
93529
76193
23098
35103
84279
62584
98698
13125
9680
5666
89109
86993
32831
70892
84631
58684
33822
18286
9156
20223
58509
87016
76801
98902
14616
36406
61322
92574
5731
61153
67216
81447
16185
8826
49171
12587
48346
94542
64947
7354
10348
11296
7053
7682
40226
19623
64548
1417
12888
4097
27148
35725
21955
87448
17897
60235
37716
34754
84167
65082
82424
75801
10281
99387
78013
32764
53054
57007
2988
84801
12146
22232
58526
25661
47691
18322
78984
34870
22757
38946
50642
17552
3884
35898
58283
84870
58783
33535
38389
1289
27998
51651
43356
92395
52405
64622
1599
57191
32648
12012
80540
65865
54390
37440
73520
80191
9364
69638
67731
50751
15489
90654
44144
94170
92718
18237
76045
90397
53076
485
36872
35630
75800
92270
54250
57637
87377
89251
494
40903
39913
20671
22629
22149
9345
81652
87744
52186
89611
28004
94880
10491
78043
53409
78965
74716
40647
83296
51307
77616
78732
89958
63389
24847
8639
37082
69111
79098
78005
38128
33710
76089
67516
6583
31193
41030
56991
15887
41668
37977
6303
79177
3427
72215
3294
92434
14488
91479
63187
20425
96167
53293
2912
6172
39028
22896
83487
39260
29898
42978
90289
87322
32355
43668
84072
46586
62536
80370
64641
84924
72826
83391
60686
56606
39000
98929
85109
44803
39257
74932
66185
82589
93571
44924
93117
11103
17930
71602
83117
93302
54280
69185
55874
82311
88290
55457
74092
73661
77432
36972
57337
14697
68544
25334
6650
46102
45960
27413
70112
50532
94799
59765
22142
63495
83110
73631
7772
93789
74131
17031
1077
45824
82002
29838
26915
35508
44944
28042
15677
75647
96165
13150
82985
9219
76247
83833
75971
71830
44631
4425
87445
15323
83365
52290
15918
53593
9543
30610
84969
7398
6561
85929
764
17292
6957
55715
14077
89842
76375
21381
51603
93356
89508
24976
51594
86943
58389
95155
72909
7598
90989
37496
2333
47332
11245
31274
79793
32567
26350
11164
83347
19354
36175
23703
58846
35699
32846
35237
68611
11262
78167
2810
78181
12913
73620
58536
53547
61513
84835
61705
47703
60093
76468
30788
69331
79280
78572
54516
9407
89828
37213
68534
87844
42370
18934
90968
47346
45877
43780
27403
46442
9779
64760
59063
55039
90649
61354
21008
86414
84788
18217
34248
97974
4875
71927
63556
58173
18568
7273
91302
35629
10702
47338
5644
94640
25477
16513
70740
31569
66981
16347
54458
30791
39783
10853
47663
49215
17350
59759
49061
80039
69070
12965
54801
68170
10267
31111
70651
30980
29646
58595
12568
29648
18245
4578
68023
82193
55140
22507
98678
94396
58568
30780
43946
88231
16849
6043
3766
68253
49380
27125
52575
27627
7602
67942
97657
5691
15719
64072
62835
96691
643
52331
22577
59333
93633
46495
26250
45228
28841
61256
12758
25084
83174
1717
93005
19271
45979
16879
90341
83430
7073
75741
60933
69858
40097
16752
92207
20038
65968
71240
81131
23055
43858
20728
62780
31063
20542
20618
10144
1624
30622
58553
4199
32621
95290
56711
79083
12461
42032
11485
35208
36755
38111
69736
27509
87908
46949
60127
30419
75128
51638
9070
21763
1706
7711
67536
97076
94708
19039
88737
95722
52482
65417
14711
35386
13431
29119
50620
5957
57775
92811
27954
40838
52994
62568
63691
70632
91509
35931
96071
15409
66258
64722
859
74367
31738
11968
83916
8398
6799
33690
34713
33435
62249
89835
62245
67349
6228
34405
46121
79370
21427
57034
12522
92767
75111
6605
66695
86461
63155
81075
47417
16679
14813
33462
24055
53971
57176
97054
11207
63055
83639
65133
64642
59076
29328
8491
17205
25451
47218
88507
24093
25444
70186
13913
49139
14406
9783
71927
5651
97647
69556
77424
62919
87810
4850
53719
63119
77820
95960
35878
38761
90291
54631
39446
72883
36713
63187
12132
54743
68241
69235
61938
54101
94897
54958
39686
53029
87792
23332
48032
87335
33354
29620
5092
26776
56125
82395
19379
13635
99043
73274
21354
69301
59724
39553
82283
58023
12403
35361
42331
41130
89241
35106
10032
97458
64768
4437
57686
59864
52636
38610
58993
42601
68223
43862
79041
14012
8082
41305
92205
72740
45436
95782
77190
14653
76904
98526
9826
50270
80037
55343
8958
94205
82186
81188
33598
46116
51110
13614
36867
41813
74213
49206
61673
95243
77206
80436
52717
38964
11748
86870
33136
46924
85818
90790
65597
63492
57440
6136
12532
9172
38258
25583
72972
96507
48554
38540
29710
44737
87669
93907
93926
66584
65633
49244
41796
17039
77746
47566
97738
22093
61091
62150
18143
2042
60928
13150
76312
95679
31284
14075
92733
50916
21314
2499
22511
65865
41532
31833
69592
14100
7774
95662
33939
94361
22199
55041
26205
71760
5626
14674
89447
91928
88291
79132
76735
97696
84767
8370
62210
56024
76593
50344
99432
92231
62504
16032
97423
60152
73081
86621
91337
52025
6344
87072
15670
69962
52397
40578
22196
14780
7120
31002
11292
13631
73206
31522
62298
81883
26212
85327
52631
35999
10150
63783
10080
81002
23464
36410
52056
62020
79912
3080
72162
62892
79495
76251
22536
95011
63360
81566
59243
37520
90593
33734
56007
84892
82684
30522
92754
57164
68390
28836
57163
50850
56983
80784
63634
44035
87583
78101
78359
37386
6564
86972
20767
22433
18512
20707
68504
29401
12609
62623
25006
85848
36982
29918
10443
74534
36430
40138
70959
59417
44532
62383
479
41285
52234
59531
81329
7052
93915
4579
74144
89153
75773
48059
14710
36768
96624
67367
49374
54312
3743
7131
83629
6836
72062
82341
33593
29334
69636
466
64512
25878
40871
45650
11376
49039
47826
18134
83637
52691
97117
57574
65703
8300
36566
62373
27960
20222
71926
71909
38391
62070
85983
41075
49439
71638
32925
91702
70641
89152
25306
32197
98238
48844
39792
92509
11338
27466
81171
22365
38054
98562
89927
63701
26424
61920
3898
19323
78880
7130
85791
79611
58956
12155
91796
32047
25835
5182
75664
44096
56441
38324
85502
58956
45571
66795
30296
9615
91758
48917
46493
39535
98037
44145
29189
78407
87762
73389
96030
98710
85137
71772
4672
28253
87720
70577
2442
68450
9201
37537
81483
8329
62618
3852
72260
68684
55455
65302
63800
95325
17159
48338
84315
75924
85798
61838
18048
8933
32386
18530
99690
16308
77849
61850
66472
43918
43548
34781
65620
47295
78538
90101
27252
44993
60760
3420
89317
76994
35198
20011
80005
94158
56293
5484
25305
73429
33156
16993
91291
11440
21714
42631
85936
99019
24097
32021
40393
85516
98670
69125
66560
59213
36267
62873
26046
15459
7578
58628
22504
40133
87196
19770
87222
59973
75016
7877
11143
89948
11054
15467
52679
80029
41706
12724
45907
54526
97327
16711
62915
3006
57231
4446
9795
33094
37660
44433
94589
76704
80810
85383
61338
61062
287
85717
86818
30847
65139
3392
57667
26973
51159
92556
70064
38789
66943
81043
51532
52397
62748
76453
47819
71347
60828
64633
5946
28011
87248
6525
12017
33816
71828
17483
2974
22186
64288
18155
5950
71410
41381
92991
7824
83310
41193
66584
29857
27042
41548
75303
39163
50793
72244
98042
86802
50580
22570
75596
53399
11379
19656
15529
72362
78961
42429
55655
53805
13152
20650
98284
90539
32018
28079
4385
99752
71345
23701
40788
79167
39469
20626
35335
75629
598
7014
33406
31902
41780
84751
42117
63930
42315
15771
52613
31293
32819
71481
20441
8095
41437
82325
51366
51075
83345
43983
40762
52048
27915
39661
49857
98366
50651
76679
35099
15717
28403
76362
37978
65277
5336
77363
63978
94207
22140
82432
37043
7402
72416
33897
33615
71859
19033
41720
30793
64662
31934
73146
9282
39098
47472
46750
18897
35598
43620
76266
66744
12024
51522
88705
911
19994
88322
5898
27711
4404
18452
22256
13120
62213
13424
85055
90756
41763
41248
44659
16592
96092
57500
67638
56541
71300
116
15975
12887
76934
4966
46834
83999
17078
83610
49027
96891
38838
47453
38264
9738
22233
33988
10744
61081
22581
74605
38475
1712
57503
92711
22024
74196
88332
81179
70317
67661
12176
89999
109
13317
60323
79387
99072
33178
76292
53519
98198
24440
9917
93031
1781
28702
1057
26448
55511
39830
16592
45821
83175
79948
95685
94291
33143
21042
15034
52378
53693
84563
14602
31923
63068
95698
4890
50766
7905
85555
20427
79352
95889
57896
93199
11295
20822
68253
59187
84125
62341
16822
4940
97670
47454
80186
8808
76587
88835
34038
95379
5059
62834
32969
18542
2924
75271
47611
95042
32050
8871
79222
31478
37661
28869
85188
51108
37919
87440
88363
67787
35978
62720
93228
65619
54118
10656
1933
80287
5221
43033
17458
66266
15866
47794
38366
6785
15456
35922
69196
8515
94637
17963
38447
28384
65995
940
5049
86489
82232
2773
90367
60249
65270
18474
49689
58854
24433
34249
79609
14870
37028
10844
34703
76393
4775
38722
30433
17346
94527
25486
83164
8721
9458
34937
50578
94147
5997
89395
88252
94410
76963
72806
23479
82043
39849
15673
38488
78491
1210
3247
67967
78865
32580
77707
32087
39164
50224
85123
27077
24185
99540
41332
42655
45608
39615
44452
23692
60796
13114
51827
45536
49175
30365
49491
78582
49022
15381
12898
4292
11280
66275
58779
58693
29525
59984
55240
96392
44104
3375
99671
16255
96314
59361
55941
12545
89259
26132
33679
15850
1080
51202
24565
51223
45546
38509
68560
21367
11884
10378
86070
6311
292
84576
84923
35658
36596
33963
42172
70770
82143
22912
48642
44343
73466
24498
24005
24627
68495
50933
49686
31985
1560
6841
77806
51947
85835
36855
86861
85119
32456
44112
26140
35367
70225
23066
81924
52464
64600
83297
34271
81339
76870
68062
55144
9230
83586
72701
75317
67302
5257
5794
24984
11335
17246
47163
55155
50985
59261
1701
4507
74574
27103
7324
92951
20259
68261
43976
39529
35631
83338
53595
43275
88876
30688
60581
60420
15117
11917
69171
79293
14327
26842
65848
52415
56176
98668
75831
11791
21459
44901
72708
45177
47580
26877
40547
69100
98335
93960
4392
7345
88129
22504
11053
44860
61157
54613
16290
46124
75472
46487
2813
79640
18770
33593
21470
57542
52387
14874
6441
11371
39340
69995
9024
67762
25001
3214
98782
86114
63732
49437
69685
94141
63197
82580
27670
86022
25375
64170
78091
57860
79554
54861
30775
39472
75793
87602
57294
76513
13146
13153
68947
93305
69708
12120
26934
7471
59976
57924
81613
62147
55828
42012
56793
57738
74449
72698
21376
29721
10010
50097
67613
22069
9737
81205
6948
26273
99023
73696
55850
66384
44317
7305
10088
51780
60540
12462
38149
53225
43471
15956
16316
91136
48624
64214
57431
3266
98869
85240
15184
31852
5333
11245
90033
20329
25284
92571
85471
15378
21367
55781
32372
72769
9730
85995
76076
99012
55634
88647
11589
86125
10182
25845
28415
83239
39916
38649
89450
68882
74177
21379
33816
45341
81742
98844
41724
92147
13268
15313
38164
86013
43179
87862
13415
20055
69456
37501
80429
60296
22829
6776
95970
16000
45489
85278
17263
50718
3476
27970
95060
38397
62565
96294
13872
80862
9272
6097
35792
99244
36660
56332
34410
49459
22653
796
38953
67355
65642
86627
86416
41634
53160
24806
30281
10997
8531
79655
22946
74317
94966
2518
41612
16615
57027
32964
42360
75783
51989
69066
85244
72818
27467
45185
49757
61949
9
89528
31431
92380
29921
70735
95546
28179
28869
12183
78581
68083
41312
6318
79158
77311
26818
20412
61651
37814
93439
76645
92211
49695
14672
35100
485
45437
51135
64646
28896
5735
20187
79706
5605
82127
61385
57989
81675
66838
99215
21523
32652
91028
16702
37882
46298
3174
93806
63831
54944
29596
21209
11035
67092
87406
43893
22134
40846
82622
97331
54175
20589
24278
55308
68031
58473
6346
58003
39222
96754
62095
79403
21034
67507
15084
7939
18738
61572
40123
37929
10249
4679
2158
31099
48151
3299
90936
15165
28071
72729
59965
28755
64381
25541
48614
63072
43313
36374
56037
3324
92624
67220
70764
28754
22313
93455
61875
78644
72730
92666
25600
8515
31600
25014
57549
27353
20279
96280
71564
58906
19534
32867
80095
40578
29556
75154
53253
8195
69405
23766
86821
5127
84703
45494
10195
47336
53348
61656
33223
97456
81879
62300
83443
91360
11693
78981
1539
31953
66481
45088
63138
40880
16023
15555
45145
52466
53293
16992
86212
7172
66437
92193
54440
26425
63553
56892
18758
94212
41144
69890
35940
10180
23267
26003
19779
89536
74912
94608
26735
56784
89285
14876
2497
87861
38471
962
27329
34234
42718
21229
23820
18670
29856
52843
46271
53151
33168
38456
46525
61939
55410
4232
67289
89367
55399
81034
8980
93555
58219
79748
83329
9876
45980
79258
84392
34190
53221
89056
96037
44761
7369
86749
59555
38519
72303
42138
52297
66221
76579
32721
2810
57568
72707
50492
53490
54808
56872
36000
46203
83735
85665
3050
80633
3912
65546
49825
22907
10616
68745
57965
75238
11938
29869
44664
18830
64273
89234
80319
66590
1236
41673
43128
16496
36312
63443
5061
39048
37055
86528
66229
63371
30986
62572
17649
98878
33544
76083
16171
41199
82209
18884
54826
3520
38818
88972
93864
74147
92719
56544
66671
62554
15220
52926
40797
20730
86420
38002
43391
10871
10635
94742
65402
56028
5404
96818
31807
51620
24378
39050
68128
6353
64294
56573
47956
13894
58193
62987
61649
43934
62055
6044
53237
8517
80666
71004
74105
86141
8157
25532
72914
41918
1467
12800
93796
89254
82425
16957
37325
7236
41625
20868
40622
82529
28174
15926
66604
57726
26722
35765
65391
95805
94414
99480
87908
23413
68770
76051
45913
7299
68581
21557
30117
31972
4180
4360
14163
16960
93314
12157
267
1416
25206
67655
441
96659
47848
67526
31656
9000
24989
28063
58623
10235
74255
88035
96498
13369
83080
33604
66264
86432
10430
12438
75579
65785
52425
38380
16853
86217
76400
98491
62716
10627
56274
33558
27749
28444
25435
15937
17677
42624
32913
3701
82013
75394
28204
16003
42679
97941
81176
55991
54043
54434
5833
37910
30832
98074
44586
76579
56163
73963
40844
53
79260
16807
9974
54500
42615
43340
72128
62782
34999
1304
537
41392
60594
33475
85707
68323
47505
9611
65319
7510
62845
33412
71958
6968
29239
47827
58323
5299
17676
43125
71906
43471
35606
16051
30190
42103
43072
91285
6431
7003
8775
64292
7691
43050
47945
28207
62159
96475
23647
49593
18845
55017
46403
37163
78082
74811
69175
15864
56219
22481
37185
35569
14025
14743
18170
83851
81636
99435
26773
26573
40662
78948
26447
45536
90776
62532
73723
18453
47181
20991
5535
28771
85879
16272
62814
43816
32471
43017
83145
780
19849
4566
35904
12468
96092
3734
51383
84956
91336
84614
21654
91754
53183
27485
46009
66486
33296
5410
45937
52359
11312
69396
47827
80466
53174
81394
47372
59507
30395
63551
54504
40119
7922
56574
63041
74817
8082
47058
95208
41954
60183
66563
50187
82517
51442
57356
36756
31398
23044
78068
40973
70067
59150
31261
44610
16232
85833
11929
34294
42028
89460
33852
64463
55797
93883
57687
33452
8503
53234
21641
69672
31180
34887
19582
57914
96297
99477
33072
35118
5394
3972
34412
35479
83595
84982
20881
77268
63252
24136
83831
63443
4903
64083
64072
44410
14088
65607
17286
81024
62946
75452
61299
1514
82797
24198
22173
49059
47540
64406
95630
7132
43839
38466
58698
62938
88199
27325
95929
98985
89958
41741
46304
53354
85595
67920
65824
95268
84022
29914
25614
33255
54458
24604
90144
98108
92716
93407
96679
11593
61852
35572
47016
6483
90049
80794
41179
71319
18595
76306
55608
38683
28880
51538
80271
96998
42673
23037
21392
23915
75553
8713
77403
68998
17099
79775
15437
37385
84459
20122
6466
78247
41869
88818
62480
34350
43944
22440
1894
4248
63380
84712
96753
94523
71411
94
90718
71842
79931
21531
13397
6300
66905
1319
59209
6724
47506
49377
94247
44112
53937
68501
49867
70327
57846
711
14916
34320
91152
67792
91004
66613
21139
69471
26583
99535
39655
57763
18641
43508
78318
73643
68597
2291
65502
12401
62219
69929
36321
7243
20821
92830
30821
73011
49682
7563
21619
38373
36240
72305
73980
15839
59437
31346
71899
85253
30379
92917
22048
60875
68641
98091
14866
47027
75298
7465
6027
36091
37026
71765
82297
21829
21349
78083
98272
85458
42109
59002
77718
30388
42030
96366
61121
43458
47410
51457
13995
60105
24554
62521
74630
85057
52588
11140
65203
14560
10587
8531
99081
26941
51970
20901
25924
1461
779
58592
25148
21993
10353
64487
72848
28609
78537
19341
49447
88588
82219
1256
11415
34235
52768
14562
26035
70570
62776
78719
16607
84997
74609
44488
64273
70936
19594
45890
75541
4803
53814
65880
28803
12352
74267
82360
42827
57348
72960
97287
51322
49736
34612
48038
14559
86901
63793
56015
26234
45320
26047
98291
3825
96016
73028
22945
62023
85202
98096
39168
7032
48098
91508
67269
54201
71932
18161
3275
13703
24359
51365
33132
93767
35404
60915
31883
27494
72940
27789
4413
48174
80677
69686
60739
52463
51869
6893
9059
98723
91533
28644
36274
41471
15758
7351
95003
67246
86756
61670
47469
21137
9927
39355
88701
34439
14600
17752
42656
33118
80481
18622
92912
35480
18473
5435
99060
6717
552
92201
45211
98098
27039
23561
89409
46319
87016
39154
5775
20073
81606
75049
20685
16365
1648
224
31676
53480
86435
17153
22082
56771
32120
3474
42592
28844
61881
68938
10908
8176
23977
75427
97945
61766
78183
57599
40822
67331
60723
53646
69725
62289
43980
65786
38906
3804
70102
59542
35352
31059
88153
54260
1502
53914
81163
67203
27874
36235
6034
30157
58352
15500
66341
19557
97067
49372
21353
62738
10080
90809
32514
31334
40759
46676
43408
35514
72822
89932
66273
12901
3873
12471
86046
75237
89313
96684
38468
56755
12313
53639
77045
74580
71001
57273
11139
65097
13615
49407
72940
54093
74009
5281
97123
55206
34499
94520
35553
3989
74529
68651
99072
2975
59417
58082
55325
65502
58747
75946
70899
82919
18193
71258
89986
56599
22405
45819
55114
45484
34183
93437
78700
34587
88126
78203
9417
82530
22312
65349
79857
13837
62382
12392
16249
14381
18742
35744
14044
90872
42617
51673
31331
68557
74742
87969
42362
48860
98754
45875
85777
71160
79845
68215
72191
21448
77728
55084
40740
6627
40200
86957
13207
59406
5437
425
9131
12124
73960
68365
11208
89079
63184
67086
75639
2182
73406
107
15425
15368
77128
47146
44759
8118
14515
49715
68627
62777
38987
36753
29687
66823
51945
75912
56341
52768
46227
29707
21391
57251
95679
48745
51012
52528
34766
96126
99575
25656
32904
58968
36022
68805
13002
44359
44447
6047
37727
93114
1239
7158
93253
1180
21576
4831
85363
79137
28251
43709
3102
6034
99394
81020
78690
33951
12463
15181
68423
29524
86650
36191
10703
63704
40159
46102
85046
99567
19088
21098
11675
32622
89968
91530
17008
70526
75151
9407
59910
54046
98263
10597
87530
12560
60548
22532
97179
15885
13602
61625
6561
48985
57970
95846
74204
10446
78261
7009
73046
88995
60703
7260
520
20481
40748
29193
7244
72672
57855
91236
49972
13109
8714
99590
73211
64727
11881
34068
84119
7383
6440
64258
5249
43717
86300
92494
13531
71102
85125
42278
39977
57884
89874
75442
80234
78928
21116
26822
83638
70308
68180
92202
63904
31964
70051
83278
48212
96165
2636
73115
81237
4628
64273
10402
49737
5919
11629
24979
24695
71736
90611
4215
80211
50899
2961
73380
78662
9374
71159
30500
17864
4475
10413
55854
74411
9692
82880
38985
72407
57096
66682
95294
16510
44439
33212
61709
65936
65087
38620
19340
7054
26170
68357
49511
23410
88179
94375
74392
83952
6183
63034
7408
22329
62744
99
71095
41594
12578
49485
10952
39977
63673
94801
60098
45913
91224
51177
38891
18614
84652
50847
7081
91062
70492
83046
42285
72873
82567
52121
21475
74901
45412
40839
6218
79012
55652
44855
44459
72739
73766
18243
20384
72745
53983
15861
15394
87455
88033
80307
69870
21100
71124
99818
39150
3023
49869
67210
8544
59421
76047
9746
37744
22765
19843
9247
37033
4709
92656
1991
98701
32911
43465
46102
15085
1339
92159
94447
61582
51565
41872
32169
97722
24472
55478
39172
65474
4940
14367
68998
97039
87047
61149
45350
80664
51638
24572
84706
8990
80398
81909
2326
15342
29975
12060
56605
81751
25465
8120
76608
34184
400
24697
85912
78585
89423
94177
40302
58133
32043
51884
48033
4751
70528
62464
70562
4335
11803
63873
24604
12175
73812
76547
82203
52853
66964
57784
37519
90815
64762
13949
19397
40043
66968
66295
88843
50745
86996
13541
95965
71417
88186
48428
52409
36089
24939
74946
43662
89012
10617
54923
86548
20558
68007
7318
83786
73477
53085
12929
92795
27581
67558
4357
78864
14061
12178
33754
47745
46236
79030
21685
69821
55094
23769
86825
34468
56114
31194
22302
55112
82492
95260
67316
99037
25481
34844
24050
5779
23088
14135
71478
59521
44572
94898
14501
22910
10218
6332
78700
18740
23905
75216
79437
91595
36642
92565
2054
65350
14892
34118
62641
71585
40751
27250
61101
19957
31112
4243
16734
55723
59838
24462
66634
24981
36161
38161
81553
19579
20481
12411
76107
89002
16445
75703
53171
80772
90125
68215
47021
17539
20339
44451
41014
52283
98586
20031
28810
19792
77294
78861
4471
1275
52156
95095
83501
66689
63486
30311
93598
80871
26074
80227
96057
83718
29090
85707
40519
83491
52716
82771
20247
89161
49304
79893
79846
27242
61234
39407
97874
77466
55408
4703
51022
63240
41071
27375
66969
28778
61110
663
20423
86189
83543
27351
46005
31447
77159
37569
69893
14585
14369
4
17890
17784
11928
79530
1192
61009
87985
61398
34339
21108
97167
4621
8125
54247
699
40118
68977
33342
82781
88568
70485
91853
72189
92953
14098
82893
70042
83578
75685
80461
27075
39424
63347
48304
87614
79629
61398
60202
15578
33785
24444
10860
52878
34153
33418
99712
91584
64318
45974
13109
21608
7503
77214
59138
59384
83886
35455
3664
22952
8131
10493
1799
57752
80909
72968
51602
20814
61040
10956
67796
84376
15011
87698
24755
39625
46974
65465
40422
66716
38305
96945
1516
79523
68425
75258
88337
1154
28718
83251
20342
63646
94034
68382
6263
91573
62624
80800
14203
97513
31335
49687
78479
24609
93038
47428
40740
34395
76045
75715
67894
87125
81672
22615
52611
60895
5146
44323
76466
41250
45384
99648
82638
55394
67092
2290
10096
73362
15433
23889
44234
20621
30009
48081
60907
62021
97290
34428
18409
499
29045
34183
76421
24010
5824
29562
33972
9002
16107
63210
48509
65122
49716
72595
27720
91588
34174
26834
22398
65568
45364
38061
86580
61113
15777
65725
12371
39642
7965
46760
22627
10279
11236
30074
25064
67954
11922
53013
53879
96181
13844
49380
57378
58240
34742
93504
22773
39239
61538
56779
7765
12696
74259
15
88048
26979
12267
73510
36874
46232
19911
18151
1653
29638
95804
55804
65947
78084
80397
23
63492
2241
76395
9395
90212
89615
41089
12443
47283
51482
31345
38560
35648
61226
54837
82902
44595
93079
51755
14025
61032
88989
7348
18165
10671
14281
80794
49495
6841
31244
49304
85388
41585
96579
24937
26794
76279
34797
26605
84462
43937
75934
6196
16174
11739
15376
13658
17129
19613
82683
81254
60379
15038
45715
89969
26761
72003
91282
66363
70750
78395
35643
4107
8154
94072
89302
19680
53738
32440
69954
70244
9637
89882
97441
37086
82920
11121
78790
27799
97320
8174
29191
13341
30747
79177
46667
58063
90918
58695
77789
58035
91388
65113
64159
41801
70034
62179
38299
93372
45694
16382
26605
98039
24351
41098
26217
54342
19358
70490
77714
6178
80807
52394
16374
48943
25478
81735
37122
38906
68882
37431
30438
55333
31877
35389
47808
54998
52276
79329
29392
20203
73823
8897
843
43364
24455
57192
10656
71189
88943
83985
84436
46078
13457
6552
12017
42144
62169
86681
34091
76787
51023
33248
32877
57400
19930
43435
71404
81435
92338
44512
92691
23814
34325
69855
99347
42711
84355
73096
7456
30107
24795
69066
28700
40786
38366
68014
92654
62086
70372
90264
2296
53684
24822
30571
67105
57313
73014
93136
94064
47208
43388
21436
7355
15557
72424
96368
20248
10405
92948
24096
16821
28957
98535
68588
32369
46845
19255
70602
112
35509
4313
24215
57826
38627
54728
9847
48134
37019
28251
92401
49077
84138
83597
64037
28003
18316
65580
26601
73536
10922
48314
65059
3019
41080
44142
93096
52211
54822
40123
32311
21617
61695
37006
68716
20505
83663
37085
99232
19101
45234
12956
14936
54039
87305
91257
31821
20627
38516
15883
67586
90151
8672
81864
41164
63053
93313
25343
67031
56036
17125
47257
75669
79101
97683
84190
28273
23704
67248
78656
64915
27258
47164
89163
43995
38917
47565
55897
45403
89046
53041
85697
58723
60882
33894
28242
87083
91588
52734
93380
99286
83764
14121
92498
79480
61265
34858
27998
23268
95775
97364
60099
21057
11507
27079
99134
29565
38775
71112
97082
72754
3840
7339
80420
8555
23232
58409
70249
3224
73231
70290
25297
54827
11557
33020
72275
10898
91719
19424
90146
8997
39691
65846
92806
63766
25800
72379
69197
51755
38333
30439
77587
78926
39131
90804
24598
74915
58669
62746
94073
58764
57057
34503
81994
99891
65073
69820
56648
61608
58140
15884
47878
26589
39558
10115
38177
46427
35420
84688
27529
2495
2990
79617
25676
46669
82566
73892
11850
40421
74964
82349
25958
88932
52568
22415
96652
73571
76508
22134
64421
8759
45967
18549
976
43665
32800
81312
79234
1243
79353
39050
61970
90147
35551
71843
56174
51229
98972
6423
41637
51120
26205
36632
94243
53252
9088
38191
30994
11073
44745
51247
55352
80878
71825
46260
13519
5567
12609
83393
22807
7714
96313
1004
81491
40407
68956
28237
41178
56218
27716
99998
7646
2425
99872
20532
63686
61801
6494
94735
53768
86605
14393
38319
8107
49089
3212
34887
29511
46355
74551
27191
93944
69863
65607
15908
85304
39523
85026
2495
5464
84875
96479
2436
95711
14334
35515
1907
71529
83658
89503
63963
766
29679
76290
10805
22768
83567
70730
59633
64460
79052
42538
5674
16306
59818
99216
78998
14162
79173
40207
89533
9087
91724
5357
45915
69750
21967
44606
15895
63301
54993
1857
11220
7204
30107
49565
22267
69436
31753
87483
26179
75118
28681
95502
65266
25416
20536
72443
88335
30168
24504
61661
22457
36806
79989
44625
56659
76495
33835
18894
8573
17951
82072
24118
48054
25776
70382
70448
50518
1277
14750
84194
29572
95564
71423
22450
47677
23860
35650
5108
34100
24199
19079
26461
45262
19874
55096
42750
87722
36855
1144
91784
74097
11084
68611
10788
75761
5455
87190
30820
65160
56681
47208
85119
84045
55539
47216
93333
6434
17484
56093
5362
90619
13888
4769
2786
77966
22129
33290
57907
76555
75541
18423
97273
49529
33312
12951
92995
856
80417
38143
88766
16398
69237
86733
28988
99463
26999
22530
54035
25596
38294
46985
44985
85684
1414
76697
30978
28315
72959
68317
29125
84598
81469
95578
97084
48927
66210
81224
98069
40076
23420
63316
47475
85246
38170
32217
59409
78032
47261
13283
39320
7279
41869
52227
31317
65028
94101
10787
49919
90949
56420
81382
41051
6411
4873
85265
66929
79842
53017
70126
80956
79220
35249
42406
33545
3319
20056
63800
92978
72547
10043
46557
6775
12765
43525
44740
9840
22799
48104
4799
65482
29299
51255
65973
46586
21523
86881
51843
98468
75080
70330
26581
84524
96184
44123
17652
79444
1893
56035
87967
35131
84496
78943
7256
78786
31414
22869
43262
14572
41137
23480
91213
49981
84499
87249
19414
37145
27534
2682
770
29362
19908
61416
10033
23241
61640
34022
60081
68099
57732
63825
35847
59188
31195
17320
54158
91665
51685
81054
59171
26142
2329
20776
36847
91058
20154
9326
52691
35784
71446
26116
95235
41775
98163
27378
11504
96657
20487
18120
47213
12739
40731
44655
26780
80565
96075
48015
12699
66134
66057
68670
59783
28321
36452
54555
68948
57848
22066
10115
41952
34857
52403
75536
65822
40182
1411
52902
34240
79744
81305
37836
66726
88799
14811
17634
16898
45156
21506
55086
96438
73494
32296
75387
23848
79422
18341
28923
36187
23387
69159
44064
60579
68029
72778
48719
76565
9244
59956
26426
77788
43527
43422
52059
96895
17254
19160
18310
57338
71616
68511
65933
4777
74833
94737
77666
52808
41867
7787
42955
41205
47965
69105
24545
42346
25178
51811
47371
63663
84749
32019
60538
31783
79517
53054
82178
91418
65209
2162
12349
68776
84657
63871
67175
80549
41817
7462
91660
47412
99319
94430
80197
35743
7422
80175
47385
56312
55472
20829
46202
18292
23910
14584
13005
41224
86030
40803
65932
38008
77698
2737
67615
48937
34763
62867
35083
3133
95582
6721
12865
83452
29665
84328
34078
32060
59507
60525
92679
19345
74332
71294
72921
69613
44882
45880
83432
5179
22272
20201
9054
3081
48792
91289
82395
14046
60643
24125
26327
60590
68776
83535
77984
48561
8820
11736
74661
84835
56531
62186
13995
92789
4935
47329
88697
59165
66307
58934
21296
98551
47253
76272
22463
20608
57849
93716
38569
58689
4190
83057
1876
59295
47738
20859
17681
23449
77193
19171
17569
19112
29990
67943
74661
70952
71526
44308
75350
52157
5968
24752
86747
32733
45938
10764
51346
16919
68091
78196
1185
22142
25742
27463
78201
48572
23786
39571
26901
50838
43790
35647
64092
91163
92814
14434
7420
19309
36331
90952
15276
88596
48481
41875
29297
12364
13710
91377
87681
33260
72834
10994
11722
54876
14647
32638
74927
23842
32309
3262
44511
62253
54339
31497
73647
70962
84667
24521
94774
68348
8406
74065
87853
64956
78419
36494
72115
89925
42409
16328
2444
40493
96890
41093
60910
72328
277
77598
2064
33189
74708
73382
80178
9998
75082
43563
14835
74136
45086
90056
65637
18479
27820
64144
10930
67001
52010
98458
8734
88050
68112
68911
37809
44249
6924
52692
20217
16254
38360
70078
54073
17159
17567
86558
11264
54594
22914
34788
88248
53812
24666
5933
54423
61354
69883
86808
33530
98576
47738
45029
61642
3149
68623
19371
7156
34799
10984
74886
67248
72858
10693
39296
12367
23305
3510
15400
41404
89315
59282
47391
4898
82383
79481
24698
47721
52869
46794
57841
60332
10203
73756
48591
6385
2023
87808
31431
40501
92959
73919
54695
46602
77715
81243
1625
57633
11544
51348
64859
69261
29960
52678
75995
11826
63903
21954
15530
74145
19207
32099
90582
65180
52682
74328
65138
45364
55825
89127
98893
23047
99143
42489
58209
84619
34521
37432
80274
84516
58837
29147
8663
77406
65116
60245
74062
11140
58035
94533
92057
90236
18784
30576
70414
44911
2663
99218
29027
28560
94517
2684
3669
65113
85533
53247
82161
50527
36274
59435
5058
26778
24014
8694
76786
81295
33354
69574
91739
13617
15465
26169
47045
68335
63106
42281
8242
37690
64757
37474
37564
76124
53022
89492
41786
66415
37035
41226
5072
71169
54475
9752
96544
40190
12973
63123
80485
67706
18609
10673
86884
31621
63034
75947
75205
59436
13465
62272
48708
80222
81502
42971
12818
13493
32152
54258
48638
98527
86757
1975
1735
84648
19730
70855
62018
20636
88472
65854
91711
65096
56798
46279
54555
6819
99378
48316
54200
65919
92653
48476
43555
82298
865
69255
45127
94961
8956
89445
52470
10078
723
36792
45268
48429
58621
68968
12292
6245
39265
77231
58592
89091
60276
76480
46975
65883
16354
15132
52470
40699
67595
14324
19671
43496
47841
7319
40775
91184
40748
9574
21502
39740
66063
18228
23213
85012
92793
6823
89865
50519
10901
79908
78752
40132
32253
23204
31581
31233
6293
76867
53994
91058
77498
58972
76407
43458
87975
99621
31891
8515
88066
62124
96082
63781
74423
84406
57124
56013
94513
19380
81769
44425
10008
98581
24312
38905
18116
29357
47445
20143
36942
78968
50934
58806
44957
63160
99609
99261
34458
14683
93134
18471
57452
22962
32191
61465
13862
6550
60418
30126
92907
3227
30422
63460
15231
21546
93440
52816
31859
61640
17989
14929
18582
30955
14430
29304
63314
30651
43176
94767
12484
56084
58985
5072
69572
50727
62942
14195
24305
85748
51732
2818
81832
83876
68860
70503
81694
56190
26851
77099
88977
74343
44610
2774
67889
72172
59301
93159
21052
56915
81262
18100
42024
7811
54609
32813
55573
45774
40508
49437
67568
76126
28606
81082
8360
55169
10854
5232
84058
36298
70884
90020
94283
23503
89266
1238
20499
86591
24945
18733
20309
56663
17110
30746
64240
39645
71257
6005
59893
79724
54440
40981
65259
61820
46851
91310
148
30871
75398
534
47709
16932
14006
10643
15242
41625
25307
78449
99974
30303
25297
96535
61582
9229
44867
64946
75826
48964
10077
46501
90945
48403
75023
33038
42339
62565
99750
33995
38648
69691
24251
60841
21123
53929
47241
10204
11631
80452
53754
74892
30445
2578
34400
67015
10241
7875
52388
64831
50667
37236
12196
23561
69968
97529
17099
35028
7712
3122
58579
21044
41597
82402
89119
89107
37247
67000
176
70996
71932
51320
31445
44088
10337
94870
60039
5254
2406
74433
57504
34837
55297
42201
94542
32620
13016
37217
66421
26471
80251
80558
76309
38236
16399
86704
17433
60715
78585
34675
75683
73657
89963
75683
1103
6958
93392
96378
54645
56284
40283
71574
94713
18702
48307
71552
40590
25661
42914
61482
59791
95992
34598
75711
35355
94528
81380
69308
47665
50585
54573
58204
44268
41728
21506
69222
51855
88185
36957
32644
93057
25267
87886
92310
8473
84594
2733
3941
29188
23902
48419
17322
79575
70609
13094
34687
85562
9807
54659
28559
58257
14698
87780
87871
53042
95957
59707
16453
96795
95285
23031
56161
31810
1756
22711
67155
16103
59366
57828
92789
98913
9716
86494
1746
35890
95694
70353
37328
58597
10881
86232
86364
82246
15709
5381
99178
458
11325
1844
24483
51503
15757
31904
20706
58011
98265
77091
26393
81315
98613
77886
87417
67746
37858
32233
64585
84822
26396
94729
43613
43023
24740
93907
58869
13030
94992
48042
2090
72292
51473
57303
26717
80471
31289
33556
7514
44930
37344
9127
42823
82786
9585
23175
25197
27194
43065
46228
25163
33895
89717
54011
66592
86775
58400
5670
38173
42792
44467
77582
4982
86794
13605
12271
50760
14555
54595
95144
70207
16019
59076
62383
88174
4986
97476
49809
97833
49310
22431
96526
77189
8914
65770
7548
63589
75021
5392
84459
5547
97390
85299
69293
96499
15973
32905
1867
97818
22487
67869
36261
26660
57399
23372
52590
7572
73101
67588
4044
66495
20600
67716
2899
77091
39652
43639
73398
37602
3976
4095
7527
41918
68963
89812
70022
95542
42323
39864
43309
98658
43304
73518
88037
74857
16051
84412
45130
3555
42013
69778
89695
53201
34668
55282
54548
45287
28713
22412
54994
54619
54774
54681
14260
93794
20109
11351
26907
87879
89001
33418
77039
75395
52812
56088
49326
52184
35961
82893
61224
35691
30355
33854
65241
75188
52552
91517
56727
35122
2817
86343
64799
27128
40146
32317
58100
97124
59487
95843
93031
73359
70
14176
76430
58493
67959
91114
31861
98253
13658
22267
81466
87073
6716
47649
17491
83451
14110
19720
43452
87326
27056
88925
49979
43074
8386
99146
68844
39164
51570
18945
46484
22864
72529
77691
65280
14130
45374
71361
93304
19535
23276
11939
72529
79064
27725
7126
92666
11206
37843
91816
47508
35128
27430
16226
39997
37137
1121
17963
38979
48661
1744
50279
7764
79569
52941
36074
29892
61782
93079
25049
40210
19986
92372
77995
1106
47066
562
55164
14216
21070
24441
65238
57024
84461
52802
89616
43790
38560
68534
49001
40875
68448
70296
78384
13362
25374
77116
14830
47499
60036
40244
69275
1950
10762
52488
11015
45361
60161
31519
45713
88625
91182
57747
26456
9758
39525
67538
79451
14799
30957
7026
81644
94134
39245
72868
59342
96768
84159
55579
93351
11058
93896
97634
70972
65349
61248
38776
96482
75924
2647
98315
59012
7430
35565
9775
99870
30848
91241
63369
86174
59343
67130
63553
77173
82583
95130
76058
7641
43852
17595
76895
64861
22422
31454
34230
91413
24661
31229
32517
50459
3296
43037
63461
49487
81877
94690
32004
94081
51079
93174
86003
39190
8858
87971
5234
92880
66501
5592
46867
16340
46157
60532
31062
59899
15045
7667
72544
22838
29907
75506
55126
69225
13108
95390
28581
39354
75408
27729
28855
69011
84724
70334
87774
28467
69339
21365
12098
92656
22986
91965
75952
51576
65070
53595
91127
50054
26798
24485
19183
69926
58406
65841
39246
5840
79007
12502
63473
33077
31973
20328
33695
83010
28659
33158
24376
74289
80078
70175
33915
46608
83317
52518
69700
56844
18552
82848
7662
66236
95846
14379
22141
18272
98880
92825
10382
84213
69391
46407
2508
80120
90773
70082
39790
2385
69224
40120
88768
88573
81665
27973
53244
28919
13934
99559
9100
71486
93622
77757
20353
79144
98830
27550
32607
72226
26889
88319
30210
48477
23546
47703
84594
78081
38781
47608
32659
59098
69550
95350
99389
77653
28002
21649
94800
43560
28649
12302
52913
41884
66589
75736
83878
55139
72556
74184
99112
64587
79287
62739
97488
99697
51429
86363
40158
65027
97147
27509
95155
66835
41797
5519
19319
44970
85862
1766
89377
71122
40267
13560
74577
83655
45859
67027
26462
73067
49220
23609
38498
61524
25931
17201
52165
41416
29371
70416
84155
18426
31927
91387
57139
5929
96281
78463
41348
68195
63264
58820
16374
70730
30303
6565
99340
36401
79919
75577
99591
29402
75220
46196
46423
90452
60087
27602
33572
80216
32695
30292
35274
33561
6646
21648
28469
15460
43132
43202
98685
54490
82952
97353
90381
52024
41508
1240
91928
88900
94611
11525
98890
49991
21011
20828
10349
86229
84761
74116
82385
26962
99379
33614
15593
87240
25302
11154
95097
125
58835
63983
57788
63947
84562
86333
82966
49213
46116
61867
78919
40807
7975
78339
66845
47824
55191
18711
30649
45402
41354
57796
77008
56853
77869
30824
12156
1422
11565
4116
39098
66182
15660
2928
2647
87914
70157
28737
79807
39483
84785
92043
5263
82397
98783
33554
14380
70929
35141
21179
79639
99017
62723
1479
92636
3253
75904
47303
69812
98862
63502
80009
78371
43173
93440
38650
16234
5088
51167
82811
54590
99397
70109
95293
38206
42344
73345
56684
99803
85807
57561
77376
5375
30176
30047
16366
82280
46123
47240
21128
28126
19161
21921
26199
52351
9943
67741
79673
88960
50129
3309
54007
97080
71756
71285
21400
42129
9525
66947
72347
21886
21013
41622
57628
98041
9817
39017
63579
82967
54983
72907
3363
42875
6947
45766
60406
38866
25283
5068
76774
51340
99265
16136
23279
10089
69008
93031
69004
77227
46016
95592
79429
78859
40647
16094
49615
52867
33114
56737
14920
75579
98037
50043
82580
76499
75298
34658
67110
79115
72101
62262
19139
139
55301
23377
12518
2768
60732
25822
52965
90604
56369
17237
24009
93390
49642
64041
85089
37222
36271
5818
52166
83821
39902
41714
15469
7156
12832
15066
92639
57208
69313
50398
42321
17575
14314
3687
97162
68507
31492
64086
77637
24964
29075
80766
64429
88354
49555
23796
97351
41739
47338
24521
83649
34620
46367
51870
35674
79489
96135
90265
90662
70023
29415
91613
33267
88695
11596
77770
7083
4897
85147
65799
53308
56587
39036
42082
10526
46993
76706
6500
18414
43318
86256
1456
41187
2642
23757
74826
27960
31361
3297
83526
28889
83827
79580
68180
14291
85818
66955
66559
90640
30507
84445
22998
84701
95702
50734
83713
21038
30032
92610
76752
45319
20400
38028
20296
1945
88686
59327
29064
20428
61699
4674
4060
21581
93195
78458
61216
38444
86042
60503
22233
28986
3488
54062
83291
66005
24558
98668
48196
81825
35896
29824
13335
30593
65017
54423
4327
61695
31676
51657
40713
67080
48699
52200
57502
34458
16597
69349
1943
96233
83520
62258
14476
52614
76195
73831
83667
2329
49546
3732
26464
98586
23291
89764
51654
11434
60594
65622
52054
66985
39282
70704
26183
20662
71941
54758
45203
94324
1986
78234
52427
31730
24537
70239
88474
80225
71475
94298
71304
16983
72817
84209
72502
91619
77765
49902
94417
81590
39956
42692
65984
65056
37198
86319
7654
40340
95122
41810
94940
40006
91461
12133
24586
33766
7928
15719
73861
98960
61130
89203
75168
70335
23229
99256
55887
11804
21622
50270
97641
60586
84416
82459
48040
52861
66658
28961
46319
71707
24255
37778
40741
76819
26127
83990
12198
14789
42311
96508
12480
39651
95525
83781
88010
50146
95936
16761
58823
52813
88473
52770
74264
98860
33601
55955
27926
73692
80523
77325
84661
19812
93660
84432
67376
24859
94926
68290
41072
76635
21449
98642
68009
14671
51811
73355
16511
69673
94608
76320
33351
29016
21469
58955
66063
36765
5065
78426
73582
56530
93468
2635
40448
98028
54930
99379
53506
62619
17853
74601
65006
26794
5106
32576
87419
78708
4464
68555
17638
10469
92157
89374
97656
20870
13058
97028
83613
95753
75944
39543
45965
19623
63867
94514
14198
91873
96630
63636
66129
13163
3886
18445
4983
48791
79170
25798
45939
35073
96465
85634
64112
56116
55292
34305
20119
55531
93001
48096
2486
74297
72906
53149
36964
18163
76888
21649
37772
34679
20840
33006
62931
39405
89787
50186
99972
18450
31704
65283
2472
76898
45689
44581
79222
92843
8890
11097
89787
76187
99626
87048
8294
90277
51765
49111
81300
98456
60524
45226
12085
49594
53686
72288
35945
83141
67442
22204
79526
17586
65426
384
5253
68556
29270
89744
58081
5999
35607
61021
84210
76464
68111
4574
73119
33802
21307
51256
14232
33145
38306
44650
83014
2372
3220
43361
84759
64628
38016
46847
74487
33386
38622
71043
3340
6334
86234
39415
35821
63363
72822
7692
22133
97011
59570
55416
4149
59862
11736
74503
95981
69441
75738
13140
36409
68440
35979
19489
97761
64812
63948
50259
38098
8963
7731
33496
41811
52624
78525
52581
13917
29358
49703
52961
45640
43181
28936
86575
88515
53061
13896
46098
1995
92836
20074
11620
8102
47634
77404
58149
70207
96876
51274
1734
42609
31236
26198
70061
47989
83658
84358
86880
76108
15377
42878
13864
39823
67330
49980
19966
2945
41763
82567
87477
63519
78984
46645
77164
77497
27893
3864
52831
47717
50172
71808
98302
15265
18180
95306
67359
14923
30602
98164
32923
12294
15181
17852
65150
69234
91475
67181
56400
95249
7940
14708
47576
38299
66270
26211
6635
18205
36829
21804
69131
96013
51661
94737
88702
54009
91710
63117
81333
20020
70173
14558
4000
66468
15313
96684
6845
68373
39541
57248
1603
70312
52799
61931
79677
74784
88544
24731
87769
14233
14905
82338
35395
26100
48641
6763
68886
59754
90668
12501
63061
96127
84259
33106
67204
97519
43972
5295
27429
32376
83733
44603
77819
44389
20714
12447
69504
93500
82843
870
47111
25393
34441
3282
33282
35960
34476
45483
1779
41639
44563
31423
1766
66886
5476
25728
9417
2700
39847
62335
30131
91187
6133
52462
30570
75970
80410
17764
73855
6395
84072
79933
77359
26663
21203
17396
15330
16755
98184
27564
40206
20000
55979
12749
93158
45966
91774
87394
23678
67765
43991
33523
35306
97284
38165
26293
58707
76373
21092
99640
23707
42824
2828
21542
93282
94059
48091
5305
45294
90626
37066
23881
40844
82294
94232
83286
85350
86842
32941
82041
9421
13435
41845
36825
39315
54532
19374
69118
69440
8535
90013
52398
33149
23085
1052
25018
31649
64343
87958
83535
9654
19607
98776
64021
86354
71951
75458
64047
2913
71341
68797
5170
95650
85977
6449
60245
77386
29131
23485
81629
28632
84391
27168
78293
21555
55792
94556
15836
12474
86188
22677
24874
81507
51597
16103
58391
90228
81678
20844
67232
92148
45781
30197
65071
75147
89315
82292
53509
76694
22790
44620
97225
88126
92273
34620
3996
43417
6875
14382
34112
70982
72432
87402
83148
9557
46694
80191
40173
91804
67350
2348
64227
98654
22858
64425
1505
19253
14959
56741
24677
89054
87484
61741
46081
504
1883
58258
53014
58210
66546
67004
94826
24128
43438
71422
94320
39336
75598
25264
76695
44183
57373
18461
76026
7678
40175
23402
89060
45556
59126
69161
64282
84909
67153
37498
96374
21356
48110
70543
17051
7091
55213
86106
16138
46603
60939
8412
72155
64488
88940
89566
26261
40450
7017
47573
93335
92884
24114
42488
56757
4423
11391
22176
25553
70290
24640
7934
87747
73120
57091
49176
33311
80815
55657
37038
27967
40383
82603
34178
26037
85164
47835
91379
45345
5155
55260
59559
98538
20268
75876
59242
49401
16967
27003
64765
5896
45220
94912
58701
74429
21947
45906
19370
13228
31503
53878
31748
65012
92897
7780
9806
97292
5967
90173
43273
54644
56005
41042
94933
93651
24821
97863
49934
48165
21477
17392
24961
29167
48929
64752
42519
74482
38750
8431
85430
92355
36158
67076
93609
35386
35764
77208
86808
45450
24544
25547
56964
14256
10311
65567
88329
90621
68399
45374
49601
50353
1754
42061
67136
75619
74160
87810
30514
23803
30859
66780
80389
18040
55435
58536
3543
98127
90834
75252
10442
73527
58427
17154
48868
90354
74721
91908
54665
7241
