11103
16219
17727
99132
75889
87825
35287
58341
18646
7439
56926
90551
20501
75462
59930
4493
5700
36988
33160
7190
26568
4388
1
63916
14185
64219
55043
74487
30892
41518
35528
37091
78358
23268
38035
34363
17204
63420
31587
801
63135
96714
24898
60913
36970
78546
8529
2633
16127
48935
72386
49591
8736
22665
61800
4665
81121
80861
65318
19591
93469
5272
55213
80236
48694
55434
29666
40545
64481
20987
79707
56033
94591
97848
97136
52242
54381
13096
37767
9721
74785
65703
13569
88831
96100
86205
52491
74832
95832
77895
27351
79642
6133
80970
84063
25869
69925
86114
89067
44224
66624
60343
11195
2846
22352
53716
30440
81763
13636
31557
90191
55136
84507
67976
94737
54562
99212
42168
6348
48987
67341
9977
96799
21107
6687
76829
48485
12301
80065
84383
83132
76089
20702
32860
27841
6713
92940
46910
54646
38663
4751
86869
20851
63153
11314
17162
30999
67464
20809
74165
68231
672
63047
9754
63310
61800
27073
45836
94072
35415
36580
96322
95766
72169
83119
39726
22492
76236
80942
18695
3779
75293
78830
40652
88748
26283
30582
62811
19373
23908
58632
41344
3363
30598
49717
25834
44986
87412
83358
12592
83072
26258
98795
46111
85340
64912
95204
90086
14890
88372
72668
18828
59041
87962
58981
68819
97069
7060
60827
69293
65581
94676
98478
76522
17172
58858
60457
87952
61239
79765
53121
35404
45115
92460
76135
81964
19326
64134
43587
3812
89996
54971
88312
34119
27933
66540
44116
30754
42964
77217
64325
30322
88722
60447
42275
82005
12815
9041
27996
67109
44169
33294
50675
45650
51407
18075
35866
87113
55844
27338
58280
6759
7958
58411
17134
19738
2207
9703
35047
41629
62380
61457
36417
21133
28800
42036
80506
11950
37732
76858
20879
12658
22949
39108
64668
98517
4312
61148
76195
46374
41002
75208
1200
59875
37978
90453
80929
39080
60760
96039
94975
966
26281
49971
14246
77017
50365
60305
29899
1187
96544
40850
87292
41594
37082
79586
6105
45426
15636
38689
92711
59742
98926
73124
92499
94508
93663
58424
7007
11465
57087
29050
53122
77188
47351
51411
6729
98924
94765
57239
2108
4337
92296
78895
29216
84745
81740
27471
27862
17930
81611
19482
94406
89716
23896
40446
89472
40458
44001
31263
60668
24498
24743
54473
24820
60379
32480
62427
13028
20371
52827
16640
27030
32258
11830
8870
77523
76403
81792
38859
51930
72741
62964
32470
1531
13137
55321
16972
4701
97488
47337
58259
49956
47845
85917
90235
79948
56575
2723
38216
34326
22710
15566
32779
18737
57198
51853
47846
88408
14080
36431
84040
27621
52529
2154
96370
88580
88431
30741
12602
50348
31804
19698
39693
25848
45299
77127
23076
40775
51921
14979
31962
57328
92839
54172
99831
97513
8035
23392
81791
45479
822
12985
45754
13674
11273
80211
46082
32669
23852
92955
85437
68550
46348
69299
77232
35534
28672
62446
66240
33069
54537
23238
76583
57215
7377
79245
10233
81769
34054
55675
22182
29535
91483
89581
91607
11635
23984
91613
43922
24677
90538
51956
59597
39980
8888
40619
38567
73376
36580
20469
65571
39341
50987
60755
71595
13823
22759
41193
71820
67357
20824
31043
94540
85666
88321
3226
3091
97933
53937
46948
84438
52419
49389
3196
2212
63308
26368
16261
70791
51027
55899
94262
38880
2214
29095
85045
97805
26056
92935
45391
62795
27135
85013
81628
96240
50437
46329
53914
89654
9388
18583
54610
43157
61848
94558
47598
94708
46824
47906
83461
46543
24949
8148
6867
43395
34207
38604
98973
65054
91021
28433
54344
67668
96667
64986
17888
82623
21724
83436
78892
74726
40270
4525
47010
44822
94392
82056
43028
22656
82883
44856
9284
5793
95625
25766
7801
18567
73235
46879
27277
28516
47478
79589
35546
97622
99219
92746
95828
26165
76155
57277
45740
45489
37479
26075
82616
30021
65185
60000
75897
69793
74037
85073
40714
36469
51311
93317
46735
41736
64147
18983
12911
27129
63770
60499
18458
69934
69111
34241
47646
44223
6229
41932
16752
95656
49649
43187
59932
72958
35076
35105
31394
69060
18689
25038
6512
98717
79104
45016
56846
24218
29414
91330
58575
15700
43707
29766
88110
45213
39732
65899
79196
50070
69891
25668
96674
40115
9204
80772
48660
24356
33296
6816
54191
5168
96802
12761
84225
19476
15542
39242
86854
41696
79185
5653
75140
63781
95887
18947
67208
12180
31355
50418
73284
60340
51006
82539
49708
71906
28004
66625
67296
59007
82677
63160
74049
22866
77951
45732
45828
73515
53192
81680
32279
51153
97822
61127
1269
2061
43135
8253
66678
15177
25241
41457
21383
39355
51345
65455
50834
73807
96209
35624
6983
15292
91486
77796
85844
89601
5024
3783
49573
68119
82167
55399
84617
23767
47282
66571
74135
22068
20831
9276
43993
5361
87284
36972
44880
52908
68100
87896
503
26776
84979
54260
66785
70593
38761
9773
38667
57654
73176
85711
18720
15817
28764
47142
8150
76864
92781
35432
30853
16479
17194
92887
67083
29241
92163
46536
55818
86954
26228
94292
71202
183
89807
34075
56155
25772
22220
30399
56937
96992
46352
95855
23329
33804
51463
80537
82980
94744
47402
8175
84400
26448
48552
94552
21614
27308
22583
2890
27582
14606
60751
10831
64521
6499
74583
11270
69512
3135
79005
94672
81600
56332
72897
17734
40678
86323
13096
83000
88884
67432
79309
19935
66889
49632
31536
40972
52086
26020
47584
28570
17471
75884
22893
70479
72925
80195
58328
29520
97303
70362
83127
88220
91582
33504
72544
75001
41014
53913
3312
70316
28455
69644
45347
28462
57380
36414
75240
33877
11222
48746
75845
63505
10891
83204
65044
61019
60703
96759
20711
43650
1004
13637
29591
26062
33166
84570
1509
5390
9161
51397
6839
2213
89188
61528
32611
47621
96838
32868
38323
13522
64691
66428
32931
7362
20930
40561
94102
22844
41917
5756
4513
58785
94878
315
56600
24091
69793
44206
8951
99738
11944
80063
34322
19366
26374
97394
87214
4348
17310
84877
51561
24493
79474
17448
46245
33457
56792
21720
37838
85386
3871
67354
40129
87581
65940
73070
61429
70908
42515
36371
3973
15858
25
96307
28191
47790
14107
32823
52798
95115
22181
7458
79434
70790
42478
37570
13731
29293
50915
75678
43358
44101
82969
82897
70329
61676
74319
51008
44959
17973
23613
38871
44145
52440
29770
8530
30529
51029
44665
47344
48189
32171
17855
89164
89093
20711
81253
51111
74983
90928
90335
84988
52079
81297
28515
79849
59841
71708
27572
57337
94637
26194
77039
81020
73090
69367
90978
52786
32357
480
48342
17165
93783
29321
1765
50249
97748
26053
9525
96783
47650
25627
17515
91281
84540
16561
32515
85420
42253
32859
73262
43043
55804
86526
16451
2290
47473
96293
98161
71871
97515
5947
97657
37821
42986
31569
98233
19860
26111
30351
98827
33761
487
70662
93824
37333
61947
19335
1772
92925
90933
68184
33302
43261
57863
5712
30208
63033
76152
40575
34215
32411
73294
5835
40299
79041
25360
43544
78829
82118
61918
90398
9286
5869
12109
78158
22813
65159
32768
37331
90078
1635
14584
61790
47285
61236
71227
52910
54958
31585
77750
46770
36597
11903
83036
61332
43267
19992
83982
76727
96288
82816
15573
24882
60093
18147
95768
82350
32925
86761
20541
97264
81162
60048
78459
97745
2249
45864
26464
52109
37001
44815
65044
35948
74942
32415
51874
40939
52781
23678
57124
68663
1832
92752
9239
33821
78998
46716
25873
32665
32374
99756
77869
47075
98381
4575
81687
55245
62782
93784
65696
92633
76515
58947
84387
98120
23283
22408
99031
41389
75867
26500
24360
37611
19244
55455
48017
33100
90284
29731
66210
74812
71284
46097
93556
19737
17910
18090
64137
35247
67602
74203
94784
85623
46215
32946
87510
15736
86409
43038
70536
84712
68415
82316
25875
94993
47127
87061
88290
46740
51637
87729
84727
67501
27678
44501
40635
81789
33706
82590
60663
7053
77377
80219
73034
81835
50243
39646
57440
70084
25250
8541
64315
53625
85214
10103
65737
68458
27230
41589
64769
7223
82716
93510
24257
3238
29719
87250
37078
71571
79049
50352
79777
84058
23291
4744
59827
67019
57436
64391
33520
57285
30217
34473
59026
58909
97297
78053
19328
31029
77386
23977
40938
82576
95673
38574
3679
35617
973
2106
19618
57458
74938
62698
52586
75188
1350
77079
76764
9588
33150
54349
10613
29829
21040
25993
65479
70143
78837
81716
4300
60540
33309
67007
73393
40892
36698
28223
82996
13238
17768
51722
48509
57054
19456
59787
12521
44062
15383
80509
19662
17273
13665
15604
32798
25456
89538
80017
54623
75926
92537
9525
18941
9684
21363
21688
55896
28541
26256
35660
89838
42439
74747
19632
72516
45398
17864
42297
46744
29005
87283
45064
80487
76548
91862
61570
62348
27415
49659
5444
17526
4258
90412
86623
49289
76826
25320
50982
17723
55376
21078
2103
99800
78952
75085
77601
17012
5042
4378
76239
76580
50307
56007
20219
11439
14869
67134
58049
84727
77617
25088
44335
15745
58395
98240
11996
79475
80012
20428
81720
14176
43874
96440
67888
43830
91141
76237
63231
29933
87380
25072
11902
72689
7914
1207
95932
30722
93108
60139
36438
42315
35705
73156
46006
26649
12226
46253
86243
14709
58711
79969
38515
65342
98810
80133
92333
36468
29886
72191
39940
77742
19670
55721
23168
91996
30270
6205
12357
21218
69412
85656
27262
21527
99896
5055
44801
3061
24267
20339
21055
75518
94943
25235
98005
44986
61683
29007
23634
15760
60890
63615
41255
89614
90797
11969
89164
5006
27244
9618
73067
96615
81543
99714
88642
82192
8297
83218
17372
26137
43097
92053
8193
42708
89305
73519
58082
31510
8508
79906
57076
16948
76641
78634
93536
6827
37537
30773
37200
71071
81333
83578
67116
79279
76140
24139
5062
34255
39893
27103
13942
60346
67287
63367
70284
94450
2555
50765
7428
47381
64396
1468
10429
61231
86645
19662
68580
91634
83494
60091
7737
76731
18096
48023
17195
73171
3996
23158
8751
17183
31676
29958
75808
65625
72966
85331
92116
9298
47718
75634
25374
11887
19539
80233
65943
99598
12896
66220
75349
69338
97541
89571
21912
60915
11418
14218
81807
91426
49246
56535
7967
94164
31397
93638
80898
22055
45610
77348
38854
42871
8475
61767
11107
67780
80223
10030
8810
42760
21298
47706
18224
66578
32882
221
65534
94101
7167
44985
54535
43565
5399
20479
41741
55512
70148
20314
5811
55592
64812
83850
28743
42981
43677
80665
43404
17815
16727
32004
76298
76085
4564
71930
70155
80505
88542
32181
76732
70880
3315
21774
25631
39722
13179
49782
89873
91212
81831
21719
45695
69459
54277
20398
28696
2862
3668
8853
22746
54460
62938
22246
58295
5473
66655
16161
86875
31499
81557
15348
67761
80381
81142
52110
85196
7168
50997
34941
4252
24783
61239
44127
64981
4015
93930
15696
64654
22526
21000
16169
84355
55440
25704
47420
86100
31827
74229
78506
86073
53660
67031
1873
73895
32841
73397
72025
70116
38406
70310
47207
45873
6943
45014
6007
71629
5477
29481
86983
82823
82152
16325
94215
4056
33368
57920
50267
71962
60634
9709
95
25394
89491
35119
62018
63678
50962
79741
9944
71222
27297
92942
95521
51947
26878
17876
21671
50862
91393
38629
60691
87298
36760
40178
73759
185
96298
30169
72245
14536
67591
61069
51003
67017
57042
50558
62316
61168
76701
8540
97992
18461
90105
47635
28736
33460
59051
14689
33789
17
12993
12173
40570
48720
59873
52029
49706
32301
23288
3398
94233
74283
48415
22244
1179
42420
33812
43081
62707
52088
26416
14327
69459
72162
17696
5035
27205
66317
13571
68437
80691
76373
59351
4811
32481
91353
45507
60668
7608
41476
4767
95408
55130
71174
50240
14329
17386
52450
78330
85535
81266
16521
43230
10662
18667
72104
54305
35079
50021
81532
21104
55159
69661
82230
54813
11539
48050
74677
12612
31934
77420
22645
46896
76322
13256
77451
28313
89759
84126
25678
3731
26391
82230
15066
59457
57290
71790
92497
70654
49442
66989
32204
98359
5653
71914
68733
73683
41679
57996
94679
51379
19924
73724
90495
42672
76089
21059
19834
88753
55495
83112
84894
66551
90366
33273
83188
75928
64585
25648
49534
42986
20405
14018
97489
98539
72171
87038
79904
7282
17451
58795
42097
23155
1945
90033
18908
38488
70932
23304
49939
75760
16015
18128
59593
51576
45603
61703
27383
90065
42575
87013
85570
81053
87303
54726
94332
70548
14126
43218
60442
15191
15462
27959
30076
99700
76643
43187
97850
49628
49892
55438
74114
8948
83824
89666
10353
59872
27013
40715
27046
1405
89320
39741
63259
56758
78735
34747
97287
65881
82314
40147
81857
23942
45526
10874
68271
70631
21701
38703
9643
16784
98696
28439
73851
1007
70899
11051
49371
2477
14435
82428
51926
31262
94916
56965
61383
59897
79228
80081
8830
9883
93637
72050
75961
15642
87500
85770
24635
95219
2688
21111
31054
71603
21173
60008
42769
49575
80354
4278
29198
77841
58105
77300
58061
94910
26396
39454
58509
58461
4345
97722
92692
21322
32089
33048
42860
22140
55560
44716
80225
15784
40416
3823
42606
60477
35230
48786
95453
84436
13870
24015
43139
93193
19314
74430
92296
32097
26612
58475
94618
4214
25295
4533
67163
88616
76251
66484
75334
22868
63356
81878
99232
18643
76227
65271
35972
63938
16235
43847
71567
31090
99813
38685
8922
46365
23217
69525
91999
36201
41308
30158
83466
18754
79866
28385
97626
36737
99617
38651
17135
39203
18028
65963
3399
79861
20732
28696
26608
1378
57407
53291
54382
51923
28757
18671
85634
99419
45671
18568
74805
93395
36725
10185
40693
89129
96670
40336
98082
47955
97961
60891
73885
15830
42314
35030
87186
30608
77064
14814
91406
39720
67360
31290
10808
58378
4138
1067
91179
8281
95316
75839
42350
26954
9062
71998
77029
73415
12566
74339
86496
56024
998
86145
70561
91367
18104
38535
94700
72611
68950
38749
13269
27287
35045
83280
48479
74604
21980
43442
88248
98234
61797
23076
45988
41740
32421
59604
75747
84366
79130
77915
81225
35833
34068
72194
29116
64925
6028
56715
31386
27447
46957
55899
74609
51266
94497
1738
61124
72045
29844
8491
4972
14222
37550
87621
69151
53918
35857
87528
59101
1242
54436
12355
56031
10137
13986
41300
8680
32116
70532
33136
7278
44871
98459
44128
90456
39165
3563
57654
48038
22541
46134
16525
60519
97059
50905
1660
25024
93567
76710
16986
70318
96357
75452
76473
53989
37064
59018
47342
81365
98232
79262
9204
48097
22476
2787
3366
46314
85760
46848
88525
4926
30335
19758
55919
36748
58955
39196
16166
91496
48326
46301
29149
53264
27953
39462
67667
41602
69395
52746
6386
20983
42240
74281
84114
24349
65756
76486
9404
64320
54071
93050
57116
66575
66950
11268
53390
55853
41960
91563
20924
23293
16409
56320
28562
45848
91371
44756
96445
95037
48595
72601
49700
47554
32343
63194
56530
98836
18249
30673
67724
10106
8374
38440
54850
75133
53680
67702
27365
31212
59776
89829
49297
28924
39707
2344
12196
21382
59738
52918
99474
36415
17473
86911
86722
48318
35378
96050
68502
19826
21157
13633
82915
98899
83718
58556
58144
76803
71244
38744
64168
868
57948
61404
39618
41964
7541
68608
69514
46741
90088
19216
21538
81792
96429
68203
74924
87345
3237
56446
85223
67721
4729
66525
48054
35829
22955
18528
3761
12552
36593
68758
59621
40760
53372
23323
74470
82990
48813
58430
75194
17821
30291
89995
91251
45364
17857
97148
82748
67034
32840
35313
37604
94339
81806
97825
64200
53914
67651
18660
48232
14713
2360
82788
81171
48701
84446
8013
95174
57051
12019
70036
93447
82072
21364
59480
92729
15379
37091
31527
20884
72775
89328
67713
18827
63781
14713
38699
30675
67913
74872
74026
18755
45697
36241
21131
68250
10599
46993
32068
2427
79793
95408
28484
84572
72553
17031
76165
21020
96444
23816
26797
84034
40369
73543
22597
96614
25308
41117
3464
17632
44052
76243
89033
81240
4679
23110
50338
24367
7117
56031
53434
18573
79199
63019
75900
37000
7748
2132
59404
55015
37604
2001
9192
16153
20210
50233
23881
91055
28279
76786
37546
80703
60286
67700
27526
12194
44747
86472
70426
11099
69930
72754
61706
57917
26489
76067
51443
43276
86031
42727
11325
15399
56958
45177
78344
71510
76976
87529
37070
46526
29837
45430
40530
90591
65600
99235
59250
37992
5197
12660
89743
6776
15491
3133
38579
10474
40979
13279
27838
83852
67505
39394
29349
3015
45016
19153
50335
17776
37182
64434
82298
70154
89824
31634
91636
95999
22052
71038
89698
79432
92077
48774
3244
84155
21200
19348
18746
81943
45839
46969
40373
87979
18086
1365
12959
42391
60282
58390
93558
27140
83057
83641
73901
45258
41820
43388
79027
5802
41002
44332
52332
53644
80060
24445
56321
26577
6911
9739
37621
65638
84031
40045
4983
25678
70613
84167
72919
30309
99722
7131
45265
54884
99481
45856
4018
30027
13874
18043
97565
32115
48112
13043
22172
40999
58929
61753
48868
4218
66708
78273
42782
74721
84410
9444
87059
99708
42819
10183
47758
80544
64745
46935
89207
58677
68094
71084
39311
11756
72357
82625
57016
40334
45466
14441
97196
57940
12364
46717
77128
51186
6097
3735
32692
29558
21890
66743
35492
26380
52745
28740
31142
72171
98224
86372
40093
27023
57794
98898
3830
59525
53955
29760
29606
44070
2625
80217
44391
25133
39384
23574
53257
82501
36633
43734
83485
87648
48595
90789
32135
84911
43558
12598
57764
98949
43169
45251
32109
66144
2053
19744
53908
88209
88001
5010
62284
62760
13094
73684
77138
98808
54832
86029
61456
12347
9778
69630
27249
47086
43154
37361
53261
13151
58038
63350
50175
85983
26919
3210
21957
71760
27130
40998
80474
32006
11796
9570
57453
91948
14746
86151
66284
58431
89886
30755
51246
44458
44000
97660
52694
54145
56151
89955
39948
55578
9731
44426
52656
87430
47153
31654
20136
17096
11315
75417
33539
43779
365
61524
93120
3793
46473
94464
73135
83832
78703
20698
67897
71225
30848
56125
35256
2776
19828
70834
48876
37813
46886
97261
55495
18989
69192
85411
17467
71946
60361
98637
20840
11689
36801
13159
11607
74789
79855
89173
92485
7936
50288
79426
36549
59903
5070
10750
13315
66284
72315
70126
70055
22501
90800
31434
5145
6938
34256
24625
39601
77864
74139
33194
6390
9834
15959
27005
4094
84678
28858
77143
71850
35187
89878
20836
4462
94976
22534
67844
10553
61932
79991
46888
4344
74766
52642
88558
62977
87186
35780
88309
30608
69778
89936
16013
89034
12704
35296
8441
88028
52666
51875
3861
36256
31472
60216
80066
98916
68260
69720
96341
46185
68530
16644
66169
16831
20807
58763
8979
75211
37794
47476
1161
63398
30097
88630
37435
64174
24802
91897
60849
392
35699
45186
79143
77824
68728
83510
14379
94594
45296
19205
10762
25916
8997
75298
62202
3298
57810
17378
61486
98237
33847
75640
39251
53888
10836
48536
87196
23270
51799
76903
86487
35080
75353
60632
25366
21859
99665
52390
44736
6865
16780
79691
86447
99858
93908
75285
3918
12034
54973
28998
68281
3870
43391
63166
90878
73069
19232
43819
43118
94295
29365
70961
64647
56840
64776
37430
42903
94793
453
68235
81643
30548
19750
81236
10902
70819
86757
20357
21387
37365
65780
19845
45838
70398
87433
80411
83293
32102
53377
20930
80751
58584
59889
50906
4352
5003
79070
3762
60206
29252
52435
57191
40980
44629
57462
83207
3432
29557
34347
23230
60200
72540
37962
20969
75989
21622
98687
6657
83010
28498
63205
59324
12321
20049
38352
81220
91296
31447
50568
18375
41133
78376
4336
49122
3291
96506
92862
69604
6410
92957
47721
74884
14423
11598
46999
78090
70800
46621
23454
79436
3829
57484
20603
35564
24019
53121
6674
2203
86228
45735
6723
55717
14931
74249
37107
58008
37949
78528
15902
71528
83329
56783
36120
81919
98515
2239
78151
46811
91988
3146
34693
1410
15928
29363
51748
70710
68548
81998
7624
84121
55378
84591
64047
6642
52149
61994
27655
37165
58738
24447
50008
83485
77178
22433
67828
96084
94159
17445
33511
51466
87720
84475
5911
61212
10938
28522
42368
60262
44116
62580
41761
13326
27984
59401
87395
76788
12365
48203
39499
50074
51780
20742
40582
75722
35591
30763
55191
23895
75755
66362
37123
25506
72848
8716
91778
78730
41301
79031
47107
46308
57578
53277
4486
93933
48722
78958
13636
61869
44983
26216
16525
13066
54199
9576
52467
98549
41628
77516
71141
80040
75727
59150
51289
95401
692
70670
79195
77615
74047
30925
60637
14112
93858
58965
92254
84419
13076
26692
79367
37431
42127
80305
66322
25336
39772
15899
94201
75374
46767
2530
3592
98744
86112
22272
56157
66533
95816
74723
76185
81507
10703
16904
90940
36495
70555
76897
66886
21208
17620
64746
46747
3200
62498
85075
75363
98898
48479
63128
7604
12337
27578
70962
91290
90309
42655
55342
74583
93716
44900
97679
253
68641
11156
45483
92815
54124
83759
94022
83274
36952
7836
6924
17597
28874
17041
36797
21583
88924
63483
27044
29782
5605
75915
97956
97279
80901
40487
34460
49868
60772
97678
83866
74064
93357
66689
20405
86392
35695
44633
55274
45258
84635
96115
6194
97123
32779
9777
88877
55025
97477
13720
33175
77177
51147
60018
9342
88753
34946
69645
92356
90140
2075
47036
14108
9070
59621
26121
34750
26332
76813
43410
50661
64952
25017
64247
33098
24905
99212
67495
26415
41028
43826
6866
77169
82681
5843
72130
79091
16663
25971
74556
1496
87927
54707
11289
95387
45615
61403
54730
60336
26663
28019
98864
59371
20878
85077
67172
68073
56903
61144
20548
93067
58346
77198
88753
45764
19710
17520
62008
83992
18301
21740
56550
15353
83118
66128
3420
25449
96675
16442
40370
17001
72368
71138
13168
17524
33003
37123
2177
65106
30656
26842
62854
68614
17587
87678
74627
24563
68169
26812
89963
3923
98310
9221
94929
60539
39873
97221
44808
22598
31706
5416
14529
45945
30377
42800
91970
72742
91519
20503
44781
85418
86653
41879
9049
10749
19119
34526
98087
63470
35825
60089
2385
87804
73355
81342
573
24303
45468
68404
21059
26471
21765
58932
8948
84479
69625
73418
23551
89418
49746
19679
7654
44355
43043
77751
77826
28974
91365
73308
23589
33929
21216
48397
7822
51883
75889
39329
53757
19418
79595
44670
25882
43395
61659
72956
84892
39856
42293
72703
56967
54273
24639
43513
58720
78815
88247
80596
52285
69464
4886
6862
19850
26817
95418
20455
34652
17215
1156
65732
87510
1619
99666
25241
21363
71326
23412
76531
98123
43279
70495
32591
25307
55516
99088
63891
55929
23866
68365
93706
99849
90334
76755
54272
39399
91370
99719
11788
28612
90359
35249
94190
66245
10343
96731
93860
90255
96442
87280
14661
83524
13497
19358
3163
30881
54569
6543
75838
16877
63131
94506
36329
29143
29071
6379
74547
34035
50999
82208
62290
95606
72312
97886
22459
41351
74015
33132
69044
40334
72607
27225
36531
78729
21902
63336
42041
55208
92662
20257
13925
10107
41907
59440
14581
8917
14553
80067
77832
75298
50150
56545
62566
14910
33724
420
88017
80840
32119
4510
17468
50761
59120
33808
5216
90928
5007
56252
36112
47645
14841
87892
19628
8976
98207
73160
37454
18768
31067
30867
64226
41812
31236
35141
49288
8199
95707
44098
26079
42613
95049
95420
59066
84854
88845
31299
24678
46387
82360
50961
71622
11406
72632
49319
21217
15009
68570
68311
82544
95019
16678
61499
51643
9258
27891
44527
70562
72048
64328
57373
5026
31239
29815
91291
36587
2394
2318
88994
11331
97410
8616
56190
57915
52250
72178
26157
53222
51984
52957
74455
6291
68296
91260
73300
96290
95975
44604
7821
73427
53744
94114
1836
81223
5469
19967
88774
96910
24583
2113
17837
69196
29529
90936
91290
58736
87251
74862
88632
92456
40973
50840
17130
32554
4894
56122
36944
24078
54434
69826
75616
32341
16595
26595
2533
50922
81270
89156
78422
95346
35291
67293
75281
88924
11520
91279
75560
35089
49244
54344
20320
31187
29388
48816
32599
56824
69801
63289
19739
1797
91007
7107
25290
95296
58452
60147
16826
55492
97064
2032
34789
21724
39584
56457
31221
39212
78933
77318
62687
25411
62015
26226
30994
42723
4468
66680
68205
82759
23496
62618
38666
27356
11770
97668
18441
74368
96731
31965
94180
72669
95124
23768
2960
62167
17448
29949
33927
38639
6367
48555
54009
16210
89078
55810
18462
84063
99016
37478
41472
98910
83207
5851
82801
40876
84559
17285
55804
86482
22924
98332
23607
60990
12271
51698
44619
22701
28917
42940
74953
4515
11281
15172
73990
63749
2045
11765
49984
27403
85533
65301
407
46057
89257
511
38441
74359
71198
70361
17471
78844
98070
28252
86914
88232
60463
64662
13770
83706
43505
984
71766
38725
16593
60608
24857
22751
88582
93880
18069
60900
11837
85729
56581
24099
61424
9793
81546
26528
14316
13972
1178
96934
18478
78380
48152
27250
21178
79665
9735
71978
59931
18812
31122
57759
146
8135
64902
87823
98319
83094
48775
92743
48861
70623
2494
86342
4704
73902
6847
50957
58818
44613
39045
20964
11586
4456
45764
92950
50380
80612
39080
66016
62501
41914
43909
90347
11031
14389
54380
68500
27176
5401
32054
56394
4679
25177
19808
35640
31249
91376
1180
42869
84707
64076
4129
29011
82958
61276
96017
88905
28892
49948
98968
70278
10831
61510
46718
68982
48780
36155
80795
6734
47859
34214
98717
90231
32218
35782
95211
30020
8357
70584
38645
7738
35794
46786
83471
59200
63566
54564
40599
52557
89543
5857
55413
44330
75325
68999
83230
56058
73448
14305
16271
65602
96479
17546
11964
21133
29663
44787
77606
44738
70672
50044
40478
11211
41218
59715
8853
16222
68007
49206
67946
74497
97161
73746
15500
77856
49167
30989
54449
69322
50250
9060
79272
48175
85351
55092
40706
34226
7480
53152
67918
55611
49414
69489
32790
73223
78946
44385
51569
63835
64894
95334
65383
2514
47764
41240
29523
22079
24883
27383
1353
26598
24866
6777
8125
90414
2069
12591
60440
75471
92158
34173
34624
60467
19754
25379
63627
15663
71560
60177
19792
3876
27546
85763
74089
80155
52409
25800
11291
20964
72515
59575
96148
9194
67982
57964
75978
82990
25411
33230
26209
66343
92652
60727
69341
19818
98502
76220
27941
38151
32531
2791
41659
53521
68640
70488
98708
94618
15495
39026
17691
25894
250
54091
78531
74377
90013
55416
99424
56875
19509
74644
74706
74085
20208
36423
81928
1543
44218
64475
18180
41226
66579
61580
53613
44867
30447
44125
68127
7600
68475
64648
2574
54612
15370
59910
82882
89346
75260
92064
92142
6568
55558
61824
78990
65884
64652
52074
69077
40501
3979
99837
87539
77916
63741
31468
46689
29511
24912
43690
44542
34805
99100
24865
51445
12786
63234
5356
42092
21310
72680
39873
54108
4152
82732
32780
33228
92635
44324
82098
27868
57482
60822
58998
55816
48888
45281
43739
96598
17322
33969
56332
37713
59796
17486
57473
97308
75205
91170
12965
61861
29409
7019
37906
21150
42824
31461
69205
62440
87250
17009
84843
67952
79446
71567
18992
67123
22576
72689
45979
57534
51488
17631
97184
19066
54752
83900
55149
55185
47716
83301
24161
14454
85068
89117
58061
73449
21537
20550
91025
38678
28367
3371
27688
86649
98184
15954
80096
40463
70567
46722
97991
72843
45053
88687
45993
89261
73975
54564
67265
85496
85972
49890
28377
5159
4967
22184
59303
42587
73233
62687
92982
34541
89463
80480
16992
56590
72798
15291
84166
29494
19028
75986
6772
4003
62035
7575
68837
13425
75145
42082
61425
64801
42504
90798
98622
26014
27978
65846
17438
71316
74974
54894
58675
53887
30904
1208
58830
98324
29667
62213
9566
89065
50977
21936
8910
19476
91581
33229
21746
19137
25631
80978
7608
9535
97098
86004
56753
88505
71171
35605
4408
13289
17620
2219
39796
76509
79904
66383
45200
45228
36823
52191
71807
8659
94632
87356
97831
12977
49374
59067
6325
33701
96265
21207
79119
40036
55156
30483
87170
77055
687
13817
22772
32266
21398
25047
96224
16739
22408
30648
89638
58517
34117
50303
95720
23110
58743
10536
56489
56574
84467
44632
93004
4864
39345
59162
41534
16512
80899
30627
77910
3758
34724
76082
35003
62193
52228
10801
69450
48971
37485
82292
41480
85334
20120
80810
88246
49287
9560
89121
55378
85988
10120
70465
11765
401
2826
72827
38168
26357
45051
38084
83571
91978
17239
27887
4630
55950
84087
1958
30205
90606
83295
64921
59415
31493
14637
1280
75234
86395
66554
85264
83217
3204
68063
68115
30828
88379
33125
60155
77668
58222
22207
82598
60388
5441
71473
29283
42577
38644
30821
93586
23990
2247
26141
51019
11248
70547
45629
59833
17713
56174
93224
20685
47388
79310
91106
92061
77768
15198
84739
46302
81184
49728
47938
19260
30767
55365
17985
10219
75053
27929
99574
88300
82267
65917
43572
55042
7087
65691
82672
91875
52788
62677
10111
34979
53962
45663
22283
68750
60365
41096
57602
43777
70669
43941
47948
68986
53496
79986
77484
96909
64117
27894
38603
96313
20047
29922
22610
12054
97616
2007
35669
91374
9351
78159
43988
69473
1584
91026
9423
67913
5487
84998
95382
37720
7227
12019
54158
62308
99110
56234
18165
11491
1196
45605
9719
1502
61124
38463
59258
45353
99218
86611
27043
31950
41236
10273
90973
27419
88105
90976
39971
64031
18385
81012
80162
11878
9687
43341
33214
33437
49883
29863
93250
4661
82410
12373
23645
53781
10135
69013
72182
57931
42240
87887
64273
50758
67028
67037
98088
95515
43457
23448
58027
73734
91150
79771
74733
84075
28390
13806
94670
40386
37138
57135
76093
24050
38777
35633
46922
16891
14603
65831
18243
76002
50789
11510
68747
23694
79027
78783
11331
92704
15286
21901
22870
91600
5338
59660
14076
3887
30895
45001
78771
8512
65332
45593
79584
15218
39668
80498
28146
57476
49647
68906
30511
57386
69906
14971
74673
77226
68596
57753
85605
81482
82758
79333
33489
59409
38267
5419
93660
15270
8977
9153
14658
29210
9378
44844
2047
69318
24316
83365
49347
45164
91342
96457
56987
43702
76375
2978
55461
64371
91332
71061
66116
15871
50444
71176
25412
22401
8913
39723
61498
69204
92837
28687
59949
31597
33971
39491
81882
44979
15976
20570
31511
41554
8373
14979
88088
58451
52243
54756
37351
5961
75121
1842
84185
22941
64054
27222
79666
8497
70812
49589
47508
12296
45677
44467
71145
8403
62432
73145
46411
76799
58902
24184
11381
85244
6824
51762
15193
30810
87897
50416
83255
25953
33049
67612
61527
12513
16814
59162
71897
2682
48310
71200
33996
2523
12720
95605
31453
38538
87600
85315
39392
30780
49806
22646
46094
70053
15461
96543
84140
51098
67187
74016
24784
96803
18538
57200
68078
16211
48039
19892
78571
9060
44432
84769
68041
7803
16161
64363
68215
50157
87716
22339
2709
3535
75175
53075
84314
88425
2362
66824
78013
24562
39982
17069
88543
29279
66544
49316
70421
77366
20054
18432
18012
11138
36618
79904
71074
72927
90054
75719
36836
19951
78987
59971
87664
81062
37982
87748
41107
95947
79747
74668
38804
57863
10791
47083
88402
8706
7822
68724
16787
32010
21786
63222
29268
14354
62243
9407
64817
42421
8666
43451
44562
50199
89388
47820
24287
70439
42318
97913
32821
5205
37038
84827
80321
54811
44350
57429
63728
15535
29117
45784
57497
82002
3082
40235
66143
70219
76015
52185
90428
53353
73465
19160
93544
77512
14353
45428
12318
28531
67180
94383
59348
83897
73464
40668
23099
57842
1396
44367
45397
956
21110
87557
3022
77980
5763
77050
11763
13495
68489
51598
57208
73795
478
57993
95369
18114
17196
5614
28086
77913
6045
7689
34394
62324
21637
12422
67872
19556
39253
82570
5589
89019
52382
25120
92130
53136
81595
35722
91861
62063
8229
16252
38530
53501
72701
64614
11851
60117
2930
17518
41723
457
11406
81549
33971
75326
90962
48302
88040
75435
73669
34521
69088
88096
95570
6388
43523
88078
82127
33113
8353
92157
98579
97608
82043
40145
78788
48882
83598
82613
4503
17683
83670
80658
90031
51654
66922
80402
63075
36177
60869
59901
70003
70335
27854
77570
90427
68619
73711
73212
61494
58414
60920
66027
63623
13644
96863
80946
72247
74729
63141
66094
88346
59861
48018
40403
53750
97477
73682
50849
17372
80210
11441
22561
6174
56652
45108
61588
99373
81553
12138
98350
79685
49591
35859
866
46111
24028
58980
57495
68547
92182
68475
27241
26109
23776
57159
53962
75831
70185
56702
46395
58787
89316
1822
33549
22281
3803
2977
49913
51443
93771
80625
75616
46707
79072
59261
14874
77244
90246
60857
4538
92522
62912
32917
96463
23451
5550
29987
2921
3166
44903
92355
37373
69354
18434
69270
25490
22420
84736
41950
89513
38997
37343
58991
2395
29539
22955
11510
66415
83068
16425
68378
18124
32877
23796
44854
21291
18480
58785
39592
24299
44688
66593
80459
69822
10034
57291
22982
31619
6004
34808
82304
49506
73394
41236
55009
10098
5260
3845
31336
20596
61868
37975
85023
58374
27871
53532
18174
71268
99624
44055
41261
12294
17351
80161
69743
98513
54990
12585
15723
75966
70354
46732
4728
9211
28261
53331
83135
76626
63851
43535
904
51383
28523
99936
51241
62381
20712
82387
3658
68305
72245
49722
77124
16620
54061
66008
27558
23143
73799
5265
25131
88807
95966
11224
99916
20721
19570
55335
52949
41648
16729
81359
12002
82801
7010
82137
46505
27969
37969
60717
3055
8288
88908
2765
49962
28415
77650
3435
69032
1006
52981
60
88547
69834
31524
13018
24001
73022
1088
70892
87388
40235
16839
33364
25680
82809
63076
91014
3371
37626
59832
57299
37228
68953
68112
41723
61463
35854
34071
96819
760
8525
56213
41869
47119
13474
72907
79048
64415
70450
53874
96570
29577
51294
60936
88059
15632
13068
73198
51377
24952
40926
4182
47181
4231
60914
1518
34077
80104
89493
38647
17295
95513
40257
31074
32837
82946
57149
35046
21274
91305
11236
23342
54274
55126
47824
20850
76630
49487
67960
69484
71600
63160
54865
17887
10878
32415
6083
9090
63308
54973
30066
62338
88800
19607
38594
98296
21938
67063
21945
62299
79116
95574
53893
89381
92011
54432
75079
41474
50450
77840
57087
98548
42412
22817
1301
24413
14156
28079
63516
9176
50280
16721
62309
50248
86604
56167
58516
19236
48096
51512
809
64448
10479
66180
98004
27676
51719
47925
19352
76212
49116
52803
79929
72788
87000
91554
92366
16426
3769
99900
66231
57773
62278
48366
13778
19287
39533
72563
83027
77550
68974
96893
91043
2701
82797
31946
3634
41121
72520
56081
73493
68949
30231
90040
38293
92825
8428
33595
2808
3979
34213
31079
15571
26263
40890
50037
82140
56551
42364
59863
92501
46546
54411
98141
35066
7206
69797
52414
55171
61277
85195
53714
87268
39001
17861
38435
57693
12696
5042
70471
95158
16165
62308
23741
93902
49406
40130
26737
76880
72757
30641
54247
3779
89902
47946
43456
31414
94503
94340
37869
56721
81879
12051
61409
65341
43555
28546
2076
65658
27389
86805
16885
61131
15395
66669
62902
57256
68681
29973
13337
93622
63762
46232
71098
72302
6959
40180
72552
74896
73633
21380
60534
33049
53012
66876
83323
72537
23550
74855
39521
95960
27019
19365
29252
97829
69477
79167
49775
85052
46322
94748
72769
21411
96642
6963
90188
31154
61432
40119
11361
71059
53555
80249
53921
12293
70736
73243
54808
93713
51077
62250
76375
42833
90594
7815
60075
42059
83165
63682
20037
57317
90397
78578
51845
80308
83640
17144
44732
91703
60428
21459
96626
68042
55249
59214
20573
58328
17299
96971
51211
48696
41294
48213
20446
25975
69922
61067
47402
37915
72356
37382
86901
15607
58920
34098
9569
60019
13457
66578
44886
16157
68564
54084
75173
83559
87808
62720
18108
21573
17976
26854
28947
82671
15374
61918
52929
93670
39315
90813
2909
68037
61599
41859
84659
65287
71144
77801
96455
87871
64398
34214
49162
88949
696
16251
55322
54261
70405
89965
65101
70199
60721
29457
39963
51145
15027
45882
26288
52483
40830
31881
19987
71289
44857
64274
29708
91582
32707
53639
25869
50243
47833
45612
94049
8016
64144
29680
63424
61908
53423
67916
22548
59061
37088
67183
23259
69155
81118
11617
94156
33334
82147
80268
18256
15616
41902
8108
64980
86059
46128
62333
62285
74317
30677
6716
96269
71631
9756
40986
82574
30966
70002
35964
85236
55043
3015
9492
83434
80450
83589
94958
68770
71088
92760
82432
41548
47529
82596
99877
23801
55297
60562
58183
1394
20124
99324
64423
94347
14098
82726
9698
485
12240
23857
34450
4857
27729
57914
56097
42499
38379
60223
61563
88503
85256
87660
53151
25963
66648
27439
15015
82655
89252
74428
29357
70608
49785
89986
50467
82395
58420
39632
87972
55898
37852
11062
56987
39788
33058
82107
23093
2393
82555
53218
55661
68401
76199
39346
50023
64844
77117
65098
24177
17586
21934
60793
84909
26337
45695
22907
47259
12964
64623
58525
31189
8120
30244
33713
35728
25071
99038
2798
34853
45560
83738
31514
94682
54210
5096
90164
95490
82735
26273
71586
61924
15115
32464
1762
30053
53411
96792
63234
75009
29192
14422
2917
20578
82707
37539
67626
51632
37849
82337
5351
1288
83911
5652
54152
26712
41566
10891
85443
90789
15034
29252
95560
51990
93276
11262
42453
59486
40736
22224
10589
95418
85677
34742
16318
4241
84840
49247
56513
41286
44234
42466
62411
89379
79805
31312
35671
21635
67630
82184
73023
81782
44735
24879
86258
29579
11395
38834
50743
88177
84990
77931
10872
615
39360
89649
84502
7203
33471
27355
95166
25018
40757
86587
97787
39980
1313
21233
27157
31364
76207
24691
6694
16754
13650
35354
94046
14743
10164
73812
42287
78599
55885
42783
17222
19134
81570
97899
91877
96081
53598
48268
49962
58556
69727
36385
8058
34491
69017
84104
61984
89863
76074
16339
70994
12456
92673
59858
81044
62533
21967
89920
28352
87379
39119
446
24515
13954
13461
60273
17008
80838
12970
81976
93826
85772
12868
79235
93871
19068
92117
7118
52497
63788
60201
77834
32362
34638
81698
90265
5939
46230
19112
19810
40775
1521
12066
22103
57351
20584
22730
33980
34973
43392
93962
56369
755
50577
9316
15323
23782
66772
5580
65211
39256
7139
56706
8310
99803
33065
22799
34291
27999
30924
73386
23633
2380
80642
43305
36813
22091
33032
64471
66800
95065
5815
11841
7964
34219
66831
79683
61540
98540
63611
73913
3498
72200
68953
8108
46153
929
22038
38251
64335
93475
29188
57250
30201
79488
11202
53389
1057
72310
35038
57657
45660
67063
19807
87125
27639
70962
90595
96864
88977
69847
9996
55881
89015
59002
66214
82263
91389
20920
54369
51723
96025
3051
18288
31108
93681
17792
9464
7624
24309
53445
82028
85386
30372
38726
11969
44670
23415
72350
32494
40426
52069
31309
24869
16316
80169
93758
50897
50576
14528
35402
7777
5929
38788
95007
97446
64853
36487
67329
95480
39690
50128
6728
37392
39109
56369
58570
69926
96864
58614
34626
83942
33319
38485
75640
41946
25831
42425
37473
55021
93787
62468
64917
53173
9058
97673
32316
6078
13336
47233
36939
65446
49787
8434
80230
92244
96772
66898
94645
80399
3331
21413
44479
60968
12423
638
70305
53925
24130
73990
29187
49240
69633
89424
65634
4315
2897
27182
76949
15775
95699
59931
726
74281
35875
49394
27549
46997
71628
92750
45491
46123
31355
2756
15209
77581
5517
54222
91653
51074
29665
54926
43232
23722
2809
97491
11103
56707
62780
82388
15118
91227
2598
29055
42113
65826
67134
50856
2057
76635
62809
70732
57856
84133
31347
26712
22654
76279
50302
73050
95003
68566
64186
3256
95548
27270
62564
49095
31319
82338
9934
13731
27892
80388
62947
93412
95242
90030
55785
51037
78321
80081
46995
97433
63388
41493
67032
98727
88809
32669
54831
40276
80010
3770
1113
18239
83479
37017
53488
9271
53350
87209
13774
82470
85515
83157
72857
93515
37998
67798
20371
3108
77893
41172
82204
46767
7716
9749
41167
35195
11751
52813
58064
71046
56630
56835
64897
79063
8764
84529
82404
2743
45057
52877
56267
85872
99004
93260
17685
90889
29886
61073
51532
7746
14837
42543
38334
78190
50554
16806
52432
63434
56585
48636
39313
91334
82729
55261
49811
76203
41224
61317
9698
86061
93042
91826
20224
65351
23392
1858
68674
31788
98080
34925
89357
61313
82788
89422
60380
25896
34674
86377
18003
64317
86202
20789
12907
44003
30282
56321
48278
85648
65146
44219
13183
75354
25148
35520
94176
89584
22521
60554
11166
6396
74184
90476
50838
2489
70467
22261
78330
39688
45762
29454
56330
65179
8669
82777
63240
31816
40847
34974
42481
52168
68918
95271
9394
32253
68793
23539
34148
98170
26540
48372
53181
32996
83420
69654
20325
76398
68346
80063
52191
95550
80091
91657
96410
45236
67382
42613
86478
70179
4627
19515
67531
58700
61008
10797
98380
18242
23425
2474
45237
30276
60948
91363
78112
39981
82922
76896
8861
69764
49872
58182
32687
63298
99204
122
84556
96744
52416
87950
76297
80401
48518
48497
49955
884
78979
38469
98751
56674
86016
81547
89070
50946
46596
62916
88400
86100
54176
70872
5654
55680
15749
8169
79930
16023
98627
96304
58827
61952
19774
57766
91046
97758
33346
32881
24560
33808
96688
57064
59362
2992
69438
17598
2133
55167
95367
17996
32448
5592
74351
37533
14331
85356
25974
90147
86264
30438
99617
6467
5585
20171
35373
92457
74351
5246
22743
22488
42715
3565
49607
24051
78377
42579
15756
90809
65334
2868
33037
24899
43949
42859
63862
96953
49744
48684
12298
15241
92708
59111
71670
17571
29905
44445
31891
85393
39774
76826
34464
5982
40601
40916
24357
94680
16708
37696
92816
43182
33608
51664
79790
77721
55079
12011
81835
69950
13464
84406
29675
12930
15711
7928
23662
67075
78296
69543
19454
96426
75305
2582
11566
76868
47088
62898
72220
45237
21919
60793
27408
14911
11283
47966
10898
55939
22295
46611
71380
42722
86508
82972
26867
87364
69724
50586
29098
69248
10936
11325
69410
40262
90465
19424
43600
30328
32996
35113
41989
11783
59491
46699
23278
43055
53023
48612
46622
90804
73150
42302
1766
1338
36197
91677
26452
95603
41656
50740
16287
31386
27964
24401
65948
44639
54936
37230
82509
78335
82379
25582
33076
53887
19329
63476
20033
50981
93912
84523
61099
65130
94404
31833
62721
46481
36119
78040
2714
86586
36831
71329
30678
68391
15127
10051
27578
15769
40357
65741
91005
23958
58821
61802
66888
55579
79169
44595
131
58985
41470
28965
77247
45728
16808
27124
29135
46050
44423
61383
38386
75346
25946
34054
11487
56614
38157
23612
27684
4802
92078
94093
55741
50819
35054
1925
40267
91080
63370
25648
40338
671
17886
71739
19193
10714
40834
13711
47256
88636
49072
84487
97497
10195
29445
32145
46292
11083
1595
39964
7979
9148
9132
9656
64258
13034
61812
82235
45412
68827
4198
46543
29925
37549
33937
14857
47226
25430
35708
7760
79657
18142
50072
53695
83079
41305
60379
14208
52500
8394
87345
62796
1432
65082
23466
45219
47383
55477
21223
54708
97182
55439
538
4050
10564
29971
76206
11297
21806
67794
73338
27617
80946
22705
22390
73019
15030
72075
79969
39444
35083
33965
44034
68819
77618
17825
44185
5430
99359
68591
58992
1581
78062
87725
98219
74868
89926
7896
71027
50508
6450
42820
18855
83280
1733
149
24051
4891
80400
12492
36479
8263
73953
263
31508
62708
45710
17374
90609
65759
86850
69188
29383
77264
73127
27997
48066
75592
40668
73232
3910
34075
78473
74017
6036
4378
99324
24528
60563
67170
46688
16494
8163
75148
34790
28764
24049
282
82954
28102
92227
84030
16282
61341
41228
7230
57807
97712
98532
12810
14569
79272
22832
70353
62963
43997
69528
39077
99603
18751
75909
21147
44971
8609
83892
14104
98477
74333
7938
7533
38488
53258
71023
3379
44660
3743
17760
19017
66861
17270
28212
85024
55578
36370
617
93390
92336
50000
82228
99076
97229
86752
53959
89067
45820
98922
5484
78072
9204
14280
680
25558
36979
46428
79450
63200
53871
20535
18330
40616
55617
6519
6512
66560
34431
44365
53379
87580
19116
63522
77053
5863
65083
45277
850
81762
95839
36600
53567
5069
66378
7906
71728
31650
28313
66739
28121
80139
20923
62594
95420
92708
843
89643
31098
23535
31570
54755
39479
58481
32028
73322
74903
58567
58799
40219
29122
3128
4083
64275
81915
68288
38456
60356
8678
66338
63816
90335
57642
17504
19910
47136
74001
62401
3128
46959
76654
39921
21855
75491
77581
41496
40930
18302
26347
5075
75411
55090
78603
62253
33480
81127
38231
18920
8902
75436
62751
70934
85169
74850
41534
77998
95046
38587
22183
51960
5018
40494
40760
11214
54426
772
59877
9761
82448
32328
8232
73509
47219
92545
27353
21066
15963
49806
59862
12851
2820
11254
428
77140
97324
22016
27222
23811
96044
91937
84925
65261
38835
48585
18935
24615
6028
9714
4729
99020
82035
89873
17502
26932
87938
78533
90374
96446
62587
76283
76824
13357
67163
49177
64568
2945
76967
69684
13836
78021
59519
17934
80053
64339
62417
4068
27340
15968
60620
26534
65959
42655
97128
32744
30549
89141
71144
69100
7664
21870
98832
44776
72285
91265
10442
58850
88415
73961
32588
25188
53402
82504
72554
50650
44450
72319
38496
168
33564
17826
32986
64248
22572
11668
23273
19678
79875
22111
91014
93046
77620
85737
39077
3298
15831
52589
91765
75182
65311
73860
91012
1899
8765
86119
52878
42852
68337
6292
71120
34875
53059
12225
45357
24519
40701
71918
97805
37332
56460
84808
11549
60114
24265
42616
16862
88978
557
45654
38391
31950
71012
94761
61694
5440
19495
29446
99644
66011
22281
5297
2721
17883
42657
17351
9678
80118
26717
65109
22345
58428
70195
87071
15719
36648
72467
712
15788
48138
1578
6425
19426
42880
67898
33640
33238
57812
1285
59087
49178
70319
72436
64385
93956
45063
76723
73046
58360
46624
98955
62442
94521
98760
48398
47471
67276
44340
36667
64974
49307
72864
14594
54457
66921
95736
6429
24493
21087
7391
80880
82284
71938
75155
24026
53248
59489
37887
77119
24676
43471
21248
3869
84460
5087
4137
17442
39307
37703
28598
5764
55842
43585
77633
83580
96833
71477
88062
8709
1330
44511
13672
72571
87116
25929
90748
30746
51985
34499
4501
55138
65539
54326
77911
60535
33531
68200
63419
75116
93698
57570
5291
4956
20030
5750
23679
18564
70608
48188
41363
66687
20073
51969
78723
41162
74228
24998
80763
36757
30727
19899
29566
38089
55527
18626
75520
39282
26526
53779
31347
94449
61947
31425
27236
83772
87032
43296
43380
75044
83538
23076
95929
42900
33977
59593
5620
59497
32400
94006
71057
66594
16193
9231
69884
48092
44246
868
48112
67472
40605
12306
96894
81721
5901
47015
41096
71997
19204
47696
65913
83683
89025
14768
76601
88482
17114
16646
35294
24354
69287
1721
11766
99970
21562
1609
55061
48558
65111
49051
58567
5822
81762
8371
48353
55278
19672
45460
44710
9606
3786
75788
64766
34432
74710
44865
97110
83520
95621
5644
46978
98706
8844
56132
14818
93647
11802
82885
48171
25767
52746
70638
91196
87343
73477
87438
70270
95319
20075
83287
12561
3569
78148
80954
82460
47196
53429
89457
40817
94594
65660
4793
61090
95704
99539
65735
52367
23156
93213
51316
7500
15777
64373
44909
74147
48249
60180
47921
43785
25743
46052
26045
14244
83873
9062
46036
13206
25682
74803
70506
72678
97099
86045
1709
85689
17117
79229
21529
66238
26110
48191
24656
9963
45426
16207
51660
74102
99874
18519
53574
9864
21533
60575
12400
30670
45732
54812
64869
73736
92039
460
16385
69066
31727
74292
17980
37052
12343
51772
13936
94540
59443
18312
12058
19912
55848
26374
29
87756
29820
10150
42529
83016
5155
85471
17055
84083
11061
9920
63441
44233
6849
61686
6041
27517
60717
19850
80905
69928
83846
2180
33426
17697
37224
19849
54174
57022
37480
39117
35613
2026
66077
86059
38775
87645
4201
14885
76400
23432
86776
95694
42414
92733
45195
55893
57477
6025
95378
56596
22019
1924
13978
95575
67695
13403
66532
42564
64818
73992
5616
5202
39956
21053
60809
16876
89582
877
8773
92622
56756
72157
57740
48828
75878
40907
46363
93065
4492
19749
80235
55090
81398
45107
80675
20500
20742
46910
508
81392
98310
36049
28972
36639
16598
46393
4944
25862
45646
71571
56778
98200
2506
83822
4745
37255
92502
3919
10709
14382
35547
71441
89934
59329
30210
82692
93962
31110
43400
71166
16618
36129
92881
37877
93758
32067
43666
68909
43689
59035
80439
81952
52855
57581
7966
96273
22424
92547
29401
52774
50290
57602
51499
4768
17502
49024
19661
69014
9874
78712
47320
31397
12085
474
80431
65630
18411
44810
92433
77937
42736
75123
99272
49380
60924
61552
62006
82740
52664
34366
64518
52463
68607
60357
59601
4497
39773
23853
88559
84620
13048
53814
88542
37924
89205
74391
76146
89497
51425
34176
13949
91863
30867
25199
19236
36440
25898
81527
9687
90029
9116
85573
19558
44500
67611
93965
58704
86133
17108
17071
16489
52661
29166
36539
16104
41569
58569
33391
21604
26368
7198
78682
71875
25572
91015
24291
68322
56823
40887
77629
47022
70692
40018
67649
9828
22036
74106
93722
24740
72188
31395
75874
53482
56608
51132
15159
10625
64717
17335
28970
54617
38761
43740
50239
81700
3023
4520
54555
36883
85605
54998
31783
45640
74030
20835
68022
63950
19722
48084
59866
89474
14295
60188
3341
37757
88995
65712
77352
65697
4192
58742
5299
3284
23178
86008
12934
1229
21105
82173
34077
49500
94520
81355
95484
62219
61201
76803
34859
63730
12855
39352
24418
30259
42105
24753
43383
61568
93475
55099
41771
67608
98402
54198
54993
59681
3088
59373
86138
45576
94258
54423
45604
30797
86058
34538
71409
96353
1240
3500
18373
10002
14718
8191
36506
60110
40775
63807
67841
521
14628
81179
60371
2339
71845
16915
6968
84164
1796
66493
20441
11299
71284
9446
62139
16266
31147
47656
59519
64251
6992
22850
36744
62076
95845
18830
30017
32038
50782
88524
61943
67916
26651
17749
4142
2854
73802
29077
86483
29373
17047
78058
67446
17937
87695
37283
95742
42548
15099
938
8709
11653
60545
59292
84170
30907
70812
21064
83646
16039
99069
71756
88141
71824
90029
52766
9434
43431
1299
68943
25619
48209
13730
65948
10842
75665
54786
33255
23344
93813
56409
57466
94436
81029
72439
9545
29100
35130
37607
71853
63510
79906
19802
31098
7140
84483
97041
33234
75758
75537
2203
15192
55575
74439
80931
71375
25399
82099
63189
4948
40880
9132
76269
78596
23799
84311
32431
80227
60414
93822
64482
6702
88762
16882
24032
26462
90450
25482
9829
33798
32663
9118
22210
74925
8089
85481
10157
92965
59534
67247
75231
29239
99918
90387
72934
34105
98177
13299
25272
63352
68786
84062
14017
22898
43312
50825
431
42562
28228
66176
12845
83432
3298
72875
64593
1845
89380
62347
80045
62537
66594
20563
8848
23125
23197
27298
4629
15549
89803
30058
42609
53523
94643
66041
10456
25689
90049
19991
11014
13918
69335
41232
59429
28385
55198
17057
8157
61009
98058
74444
68452
9720
84175
41529
92991
7516
4233
88677
12340
15223
41029
86962
10095
92382
5223
79202
7737
44693
81508
19680
95585
13443
17633
76979
67464
70519
27178
75321
17096
56609
11268
58572
34889
87330
39730
42005
64501
74153
21769
66026
19485
70446
88408
13339
80205
81898
65148
9361
60985
35907
66721
11865
67110
36009
69134
17289
84686
2277
40601
74775
93591
92502
80903
70014
60698
62391
61109
92083
96602
1289
61901
42303
67206
12286
40079
79194
71269
86084
36428
36104
39835
55437
8443
69693
37854
91665
30045
97959
15087
96939
39609
37449
61457
74134
25620
23446
71576
75869
34439
79152
14289
85084
8533
59941
47764
86499
17848
89824
55387
9876
18386
57364
48466
52788
51438
34665
29024
28098
85567
95878
45028
83042
81903
83369
70986
56311
39990
9595
79482
11469
69188
45690
6618
22997
82683
33196
61836
58531
60242
5394
69576
93845
68193
11475
76590
80557
81398
43364
83058
13968
90448
43710
46581
46442
36610
37763
13501
23461
72257
94550
22195
47801
38629
92481
31493
93137
12151
59782
41006
3505
2832
18062
25520
91112
29673
68291
71984
54869
19748
28612
59978
38480
62940
15391
73686
78813
321
3698
10237
63697
39085
63021
69860
29347
32843
21376
13629
56869
42587
11979
75793
35063
89355
73720
45183
89070
25715
20451
50482
76129
20170
55458
51168
67722
62398
73679
6498
18906
29268
82793
99298
56761
45059
81872
99586
33334
6179
15758
86586
79161
54965
67181
98953
95229
3324
98711
1883
6489
56778
34078
82575
75285
93639
45938
12277
74640
96547
70232
30124
63968
58910
42461
96594
37024
96148
29243
80110
91406
46408
65814
5697
48896
46494
29174
65515
79557
22239
36979
62529
85054
19332
560
78412
33041
87084
40701
6912
77344
89850
38387
20817
66263
28169
58318
90026
67700
14556
15479
4863
53558
28050
78494
22936
71087
40923
12660
50538
17214
71752
61396
64286
45807
802
29186
31343
34200
13641
4251
4738
83454
87703
76927
4638
53770
29368
12721
5648
24584
28114
22134
74231
73118
20304
93391
82066
71005
78840
88036
85318
18757
20673
4213
15056
71636
37021
79238
1468
48122
53724
80057
90274
58304
30545
57166
97915
51386
91336
24681
81108
24903
62727
70573
27825
41792
37271
37405
41321
50999
69330
7301
20395
91321
54193
26743
20656
97062
68129
30381
73678
8613
4002
18534
39792
42485
70334
18959
97063
98902
41793
97113
18485
7595
18975
8048
71106
39620
9704
48013
78297
87995
93407
61904
5620
10104
15072
14538
93240
25542
60288
83448
21957
60164
4187
17894
40827
77303
62520
64939
51068
10935
86866
82908
77974
38293
46307
84694
24613
92404
47412
4783
34097
83555
50956
49536
99140
66029
69037
48572
24971
73391
99540
89748
67048
15010
37221
74202
44516
91746
30545
43221
46097
7044
5890
33497
74250
59117
82415
59900
90816
49644
35316
97363
34339
86918
6124
58136
50334
3088
54474
642
63219
47101
29872
65729
4379
69399
61032
46851
94993
34324
8571
89177
24564
46003
85799
70074
59016
3705
52640
13268
60202
11898
78000
35528
21588
5130
51377
62080
56312
28844
60876
65833
43609
60011
63056
14186
92423
95512
74415
43737
4258
57029
49994
61023
73431
74250
85907
18562
27708
27120
55709
55698
10150
95737
77665
50862
68554
40590
52013
23719
2040
77634
65446
9862
6966
23985
8410
58121
25809
49338
72845
99363
81574
45712
55852
98378
13298
81022
90405
6322
33211
33743
29351
67523
18395
22414
50435
14675
95526
49006
67669
61547
81137
37545
56690
7297
79995
53566
5772
70685
12955
1113
72754
12791
90092
35422
35907
69868
72351
14681
25612
69710
70912
70946
74146
45511
81777
26204
44551
82113
53096
81129
6881
84098
60380
85562
50964
21718
32771
4865
51905
12171
36963
40603
93568
6588
46743
39254
64382
61176
27735
51681
91202
46097
83998
99087
59413
63083
65260
62298
23189
89513
31407
62422
7722
61897
1903
70333
32926
93511
76639
11651
18623
368
32158
65429
51519
48716
22224
28770
26486
29831
75062
60091
82773
14144
37348
12096
57938
87371
20220
49961
22769
98435
29460
65600
20231
15714
98481
94310
70985
45889
82929
70299
97484
5898
82361
26543
52043
73669
74702
94981
39628
66671
7876
56715
87962
27273
11526
61053
82925
15691
41731
18443
44919
63022
45521
40716
48022
11878
74179
23531
33970
29319
14850
46359
78775
82125
44951
34526
79317
1678
56660
65515
29307
37775
96871
7762
91170
82550
13599
18670
79926
59191
59535
33001
44802
28635
23192
46068
20370
81641
19999
54473
64746
48263
25499
85119
52703
15018
74228
36907
68384
96846
33199
11543
14854
44354
50365
48287
67380
62153
47870
48069
94298
19425
7655
48914
52364
52695
44098
13114
70354
21185
93942
68784
1455
5603
29870
34571
2957
52943
23558
61901
31069
44837
25019
86305
14944
88559
11312
55153
99017
51650
81074
94362
84877
95562
22909
52452
86874
59440
8035
59684
11306
78648
63734
23676
10464
63563
98626
4238
5148
80234
99082
78834
8200
35782
9340
69196
73839
17503
47839
49650
54484
51463
53658
42222
83785
84689
62329
50195
78723
68546
60555
31882
16021
14373
85484
84145
22696
90532
54466
27139
95167
84149
30223
76470
83002
69052
57564
89658
21532
75908
6825
2749
47395
15006
42968
84141
84422
20255
10782
15899
39987
55165
53077
33424
25199
61935
56438
84433
84202
89677
37128
72306
75667
96571
70673
93101
65986
73217
86153
68201
93591
31348
60486
38747
57096
13317
45984
43341
38746
90115
43086
43881
65459
83746
81992
53366
6287
72488
84749
95655
43208
82709
69795
57299
28323
5116
86971
86031
54187
88703
47876
11059
40740
1924
60820
64791
30460
14635
96188
21989
7673
82364
47507
65746
18491
58113
95541
8573
33782
66623
4863
90649
77388
36521
6590
24964
87957
43261
99413
95049
41549
70189
97029
29641
61587
9630
72500
79179
40535
78240
12419
29315
82879
46526
63340
93447
36047
38897
28450
22883
36446
17810
31570
17266
95980
19626
96353
72437
64119
5909
77468
65019
46022
36932
93154
31485
5529
69168
58048
28847
3214
29539
9243
41388
86536
76461
37296
63116
33555
39106
5924
50412
31373
52959
53347
40956
54122
65925
91749
18582
27437
33307
62738
70585
81549
55390
50227
95594
37265
95291
39338
98013
43625
27987
98765
68576
3480
2029
163
62281
69878
45161
82452
99950
65021
18765
50043
20182
53846
63214
32388
46364
60913
40878
35272
62195
42981
49653
73940
49792
64849
13567
65545
99191
41891
17870
14231
8387
11683
93191
48320
38435
50215
89231
53859
78287
27135
99228
41951
14527
85520
21771
12114
79216
46711
26464
76307
13911
91856
8746
61595
75324
95264
40471
31222
26865
24161
28165
85000
60635
71258
56604
81377
80843
68597
50909
57211
9738
22497
65029
85192
23350
73617
65025
22326
96761
56707
22585
19952
74275
37494
19380
47487
73388
77485
41249
92907
18892
66078
33427
67310
44926
26804
25944
20743
41762
315
31711
74473
17929
96073
37071
57294
25004
4213
29753
32828
32726
80658
56146
25710
47463
84308
84320
95185
79048
61466
72063
17096
10715
1543
53770
48447
38317
95036
99633
21834
90592
40949
93516
50576
15943
23849
32333
41052
93326
4969
72896
48915
19609
69510
87793
4246
8427
48941
6713
58485
66241
83967
41877
717
54388
41734
94614
46907
78252
20897
94126
78486
38465
38339
388
61886
21488
64609
45553
29646
80890
8524
27519
22326
86563
26906
93769
35387
35129
44237
89082
22167
57582
74738
1026
13035
6911
48461
71435
31353
80242
94370
46929
85414
62284
1056
58917
67268
15803
90347
87289
16395
57515
63315
98175
3705
6353
28623
1053
81145
48710
43384
81355
92969
80941
89956
62270
23538
9374
97150
63399
10085
16576
28109
37943
24282
20112
42498
13776
39217
49211
57512
46741
15209
79464
47903
1411
97215
27529
36400
3012
71796
15097
75479
77212
68309
41347
4521
40941
88230
13594
19258
47615
76412
14661
1749
63608
88980
69000
33301
43049
27246
51638
4953
64334
62336
51454
87983
81759
32511
5740
14620
23176
22295
68113
30792
92793
71356
46712
39611
92425
20666
50663
74055
17195
58884
64741
7114
68607
19387
78187
80600
11728
56539
36966
5330
50428
78043
74330
39070
27171
39561
22172
75009
80316
37790
29113
4221
96606
46880
94605
40880
59490
32542
41016
1475
14714
80588
51565
53229
67151
13433
33851
80253
85368
36189
6717
84876
19114
32025
56381
6444
59103
15687
46896
96925
93418
20773
41788
85226
97166
53685
42303
66296
47797
67069
75359
69865
47657
58490
75866
23144
77781
34409
34485
14787
65354
99331
75169
64910
59712
52215
10806
30666
76446
94208
35589
96833
66221
46461
40655
13857
51431
64947
62873
89688
45154
28696
15356
20563
16411
76044
94758
16678
92591
33099
40907
27590
4672
89038
22466
34921
75953
19377
82338
20722
60264
97289
72471
37219
17740
78646
91754
39872
9125
51365
11215
90137
13223
5619
70290
26445
71173
40196
32073
98381
17288
52439
2704
10849
17873
87962
31152
79552
94381
16659
70169
13126
7321
7255
8131
59772
97869
38272
17893
47879
10611
64743
45748
74052
18446
8492
38040
58896
17341
2127
99558
53083
37271
96619
59185
98831
98170
95140
18358
64036
65519
35219
92614
78998
24431
93473
27153
99837
73891
25328
56280
46503
77783
4792
22916
27145
94865
17389
55297
93650
57898
18721
57825
44039
31219
79452
36804
20978
50986
96629
33203
89870
90035
13637
19417
34273
80824
52954
54251
99767
19344
90046
66744
25105
83848
8002
73529
27471
82114
72745
77876
16237
14783
90840
75500
82246
53903
63111
54967
49339
23596
49451
22524
8104
72030
18098
20543
66913
47751
33071
62568
32768
25620
30134
57417
10356
1213
89588
51044
98462
26748
87173
81236
29956
37091
68624
80897
16452
10495
75163
23897
72703
14345
12830
34512
66904
71731
34203
43276
3353
6292
10962
76476
41182
79150
99376
82308
74602
72460
72864
12012
15631
44607
35154
32221
30832
49071
47463
79029
79440
25109
79581
3465
99403
43011
44071
17751
77497
45357
78719
24271
55897
73729
98619
39951
63173
35377
60078
11314
14174
75247
4731
12678
80592
36808
60516
42681
79251
8302
26028
33943
86580
24642
86325
55438
74015
47810
50794
89181
99094
29101
7646
46096
74712
81194
60589
82004
76148
19451
78882
27798
45045
57338
67542
37899
79260
97406
31341
87537
29535
5629
48927
80030
45897
14208
34733
37486
19029
19398
51082
21237
45224
14569
26285
59174
5182
9098
24556
21629
27438
29957
93827
71764
99971
25007
6448
67988
54632
10386
61425
32910
29708
75433
42414
43779
85051
13315
36507
44892
70976
16583
15530
34681
60937
82042
30417
52536
32020
45977
30600
82826
87617
36183
97401
47605
5606
68480
8316
94466
89373
94034
41269
8363
40604
89829
24950
95335
30375
50854
28324
15300
52983
39944
84026
22225
39448
75195
47801
22941
93854
24560
13496
49291
97105
18223
15330
67583
19975
62973
65501
34176
52753
34643
78942
25900
43359
34327
47746
8469
74684
38306
31020
26004
87929
74320
72101
83783
86466
33227
59456
85658
33416
95012
52592
26786
13567
33981
65546
2099
61972
3569
15615
33169
43690
22701
87495
52406
58716
60720
94191
41862
88582
88760
13075
48175
97819
31437
38903
31159
72545
82556
11432
4624
88762
32321
56364
44789
25661
77047
70420
62938
63707
61373
7507
1405
55599
65907
40107
1387
69748
47912
70182
60289
21121
18956
70967
11870
45260
79418
50323
41204
931
95052
3622
54605
60650
31703
59365
58664
72326
22510
98962
39395
22150
93501
25388
10615
91562
91117
16674
65648
26391
43821
34136
16767
79942
59658
16205
11537
16951
89844
88979
93775
67141
79230
41896
73890
73629
66002
23463
22380
25213
12423
10455
44429
39803
90137
37421
28473
80325
38330
30218
74257
56843
11645
5064
93381
24911
91001
20452
92007
5988
21523
78575
70591
30232
25180
27715
59638
43552
16886
96280
90404
52815
61938
74964
47867
55008
42401
30675
31310
80659
7156
90101
6715
24682
87661
19267
72991
36193
62905
37916
68512
53810
35686
764
64736
85101
62715
17934
42265
95859
19330
84376
71316
34253
23203
78750
99941
9328
38328
64706
26512
43797
83800
72735
23518
81435
51891
28083
40719
76634
62208
87237
74366
22090
80615
86743
73038
62370
36302
10553
66772
17724
98712
21332
1367
95533
82524
2184
34505
8423
45712
6875
45384
8429
5036
59223
92946
46966
19065
38766
58417
34867
27935
67730
45626
64807
3623
96402
12331
16695
27904
44456
66561
87247
84022
97037
45579
56772
69843
36644
28239
5744
99748
14052
82031
48796
57436
95015
46708
38594
9537
46184
48480
76156
90124
9768
58587
40180
23036
12108
96651
59469
73512
30791
6800
93236
90694
71986
17864
70893
34985
31568
84766
63268
1411
72271
57345
34685
85456
95627
74933
24559
28242
29642
15991
82360
87299
55157
27307
58887
91049
32333
40349
98423
23539
35085
6643
40400
25744
53095
64797
57337
86264
72531
18130
84777
80642
46834
9513
70553
90963
23317
54742
35282
77899
98411
81478
78956
81770
59593
77316
85431
66696
89760
55863
43265
63647
9471
15922
64465
84404
29126
51828
23281
4701
28837
29929
3641
17591
20914
15041
12285
77555
65699
45211
81940
74455
62262
1427
2680
51725
47918
68966
65581
36880
13109
58760
51050
54378
96554
76837
17293
31409
58047
47548
8531
42284
60525
85747
33216
29507
15073
41874
87078
56832
55594
92330
33851
45888
83176
34805
65969
7256
64063
52619
14515
11137
41438
41258
55948
79410
7010
89405
75772
54331
1148
96488
1438
79695
91982
85840
58924
51257
96886
75522
70798
2736
33836
96024
35828
69016
11904
3310
4469
57703
17193
44756
81431
82476
29815
80381
67306
2828
79575
96630
51696
86757
17480
11024
22214
38548
73206
48348
29299
53938
35233
15667
16607
67733
71413
16611
49214
10110
76534
66020
8610
51530
7353
67606
11159
73237
2587
50916
10747
49963
14272
53950
37147
33130
43453
54658
42971
43321
97428
80402
82491
2793
50251
60603
54036
10007
82385
46575
32409
86995
90521
65044
18215
67097
54556
7031
71703
23935
23709
45109
44937
44163
11845
33732
91865
26644
26730
6441
13048
87228
21406
14328
52598
32563
91577
80933
8532
37129
49329
96699
93248
29594
80212
95888
61504
46763
29101
78134
25119
83271
26582
39621
61402
91293
5687
79011
31388
43437
66440
64520
48938
47116
88543
97970
13727
53226
8680
82442
53356
89811
69112
97640
76009
73516
56810
86579
66479
88313
96108
37809
53075
16623
96658
6848
15739
57849
24298
54273
41482
62658
56990
17204
53940
62077
77798
97109
51792
47656
472
44036
82599
60536
57699
99656
38682
13158
78220
64907
40733
94287
96695
50252
51205
3592
72107
83948
16005
35615
78870
51453
48168
83755
18886
73962
32618
58674
29400
58055
34147
83100
44330
11804
22679
84047
23860
91200
13762
64602
5824
12609
23957
99787
26007
74713
37383
9605
91767
96636
94632
67825
96610
97366
371
87851
82235
1099
96920
32597
52735
64971
90106
85765
62670
11552
32052
88990
81403
5560
4586
92298
56687
71174
47621
12720
82485
65208
93474
90324
91054
72536
47293
83782
22459
62464
33639
18847
99669
44904
11451
64068
95864
33732
17490
18925
26507
37553
14394
98958
39643
47995
58723
22465
51654
59206
54120
75525
20571
39341
97457
35339
17622
34907
74499
46745
25854
68311
1597
65792
99183
10084
14839
76192
63151
98868
97335
3698
566
75623
777
60503
61847
88474
91136
43282
799
69284
34279
15909
33255
50794
48304
34135
96914
56063
10154
4523
45456
2376
83383
70663
40901
91727
37088
39505
37888
10852
40722
50229
77570
1820
31937
96656
48894
75041
12757
1869
10213
45620
25831
5709
60241
77435
69398
42357
5950
48764
16414
28308
54981
24093
55999
85579
71414
11855
70551
50256
32599
75444
35342
43019
91047
32626
19640
95654
3064
50776
10765
77331
52861
40514
95489
61270
18714
37312
90559
27836
42332
50042
42817
59287
13
53026
15130
95690
61681
11443
13888
13217
3134
9319
25298
31910
80545
43020
4802
81478
32017
37247
13156
24988
40757
686
63385
98650
99562
68555
91662
94963
55200
58708
75833
78943
52340
11437
94234
70485
67732
87853
96824
51534
32474
98352
1392
99376
90975
68373
66856
18573
66414
23084
5084
97588
98711
54216
84124
67863
49693
14895
3966
92357
54458
57619
10641
73551
19870
84378
29183
28682
58872
9304
45088
61612
39048
96075
98692
49901
57784
74357
92841
99165
25192
38643
14768
86696
36238
6262
92749
15644
22354
18490
95295
4941
30266
73717
97426
45891
39498
88426
61363
22727
17451
54149
22900
92923
81336
94001
52082
88322
5461
14883
43081
35000
66573
21056
74038
96967
88397
25349
9130
34932
84370
1267
36178
69869
48308
12914
48851
37901
36634
3949
45545
13149
91079
32180
74340
75
11699
24143
76200
27113
65557
11742
70492
85324
43962
8089
16074
50395
15795
84649
62568
61008
65518
59102
4662
75418
67007
44800
99183
99914
47031
34533
57027
51200
44401
11699
61845
83060
59121
16855
63895
90197
38571
74772
87840
55978
5383
64801
58689
86846
62294
40979
81056
72557
80485
10970
54700
86167
44117
32547
65325
44002
3071
24330
18820
78472
26601
27027
62308
18007
14986
72090
62828
61755
54675
56211
27986
97193
12033
23476
6
25325
4163
80822
29573
78602
30107
312
5453
25296
89801
39350
23265
48966
57240
14078
74492
2521
20839
84154
62816
51219
21138
37695
33904
38754
58708
61355
15809
38447
6404
45629
23854
37920
2951
68277
31132
42197
19023
36247
46302
63979
79172
91862
63893
72699
15626
26154
99551
59396
71801
49910
27614
33618
43293
53542
27711
76651
92005
49906
97318
52834
11796
72469
21313
19382
76616
14137
54785
32963
16603
91079
12298
60397
9637
76513
846
54755
24260
73358
1685
54126
32551
2382
69609
49410
90978
17011
8131
1298
12242
68702
74921
2405
3781
83155
17550
60188
78378
82321
96170
71270
74138
42539
6837
72371
61788
78692
94882
34585
45800
82694
13374
26887
82463
49405
81084
75230
39908
22934
19862
36438
68335
65503
80230
93037
61285
93919
2107
36969
89802
8097
5115
37121
64870
72534
19460
19721
49895
50686
37354
7206
98308
20902
53646
25216
3789
5752
81412
99592
76027
51321
66242
28317
93124
44579
88338
8873
47353
19307
76301
25388
13733
7432
10315
28387
23387
46132
22768
36079
79769
9920
65983
61659
73938
14506
50763
66301
76889
40912
67463
51906
66097
83486
4841
61248
82953
36452
52098
84547
79654
75015
58043
60744
95792
85019
68495
84890
64030
26647
50452
85026
63957
51620
42551
53609
24922
42356
19078
35433
92130
65935
18409
26726
56832
51146
3993
77050
16771
15658
39012
5014
11049
14967
39398
20090
28792
81287
63611
19673
56017
64353
32576
43925
98151
33706
51793
12834
31335
54485
41182
53739
37587
84409
38211
80059
78445
17122
43899
92358
28050
91020
43196
18249
71709
38297
93732
78400
38878
97562
4656
29403
17163
51221
28525
28109
78736
73670
97176
81387
82681
58732
44692
51126
77321
50527
31664
78301
73265
56348
23153
34722
86921
65105
10613
17564
68068
8966
2357
6678
55945
89707
44798
4972
54245
88520
48779
58989
23021
98985
98779
46525
5043
84083
1383
48764
39358
69125
4330
92640
94829
9840
44735
50717
30477
36223
53358
79966
32223
1521
91917
7792
20429
42019
39232
88035
98270
28481
46577
89898
3764
82091
11790
811
46706
23103
8166
11237
14120
37560
62972
22316
56266
19964
98198
99587
5175
18460
28840
72655
47706
71769
83647
54067
12739
53418
78054
24340
45271
86609
39809
67328
91187
93995
9915
30976
48682
94812
87727
6280
53110
94923
91536
71644
71665
36787
77534
82664
53834
32338
88125
48642
75071
69284
84329
54427
59119
31841
47157
26306
66181
6373
1893
66899
61388
27731
61115
3197
98069
88926
4433
46985
41235
45178
29230
20198
6406
85592
15596
95700
27001
9767
42382
95409
70329
51511
69125
99064
68801
58026
86043
72992
27877
25937
63488
97859
27133
27937
62915
13564
6132
65971
6309
18407
28130
76247
91362
93196
52896
67382
39801
29632
11494
22133
32978
63534
29550
32513
73586
53370
39246
81195
36502
70407
6775
41043
42476
37236
36728
47100
5440
21508
43656
9161
24001
90187
63689
3181
26655
93323
63773
64605
83346
11559
13006
55897
40119
38785
41919
16418
4160
12048
19045
35680
32317
19474
51173
48744
35596
93833
67313
32411
1261
31635
1852
65310
93497
53958
33982
3308
53213
98324
53399
60936
3027
15680
24474
21171
83526
89303
73078
78217
66795
9182
9250
5842
2131
82690
5728
40247
56256
99566
31682
78724
16070
37568
4585
26824
41565
70711
11518
62466
55170
57385
18180
70452
75570
25593
8388
82706
54067
12914
1673
65432
67140
13915
10729
26423
77657
86569
3650
75998
12923
37573
28348
71569
72891
28523
439
65032
40219
5690
10797
34483
39306
56216
63355
22190
93175
75865
17671
52700
91555
45082
19436
1614
76677
36239
96566
72780
6801
42199
24025
27291
90078
48699
9603
66184
98470
58538
74558
15059
37016
27444
64998
68853
17915
11444
55019
98275
44315
92693
39356
82426
97412
88949
34237
66146
20721
74760
37692
66560
26835
35786
65136
69960
48741
2599
42008
37151
34079
87144
11732
1730
27281
93816
31325
34036
67144
6534
98571
99709
56750
33273
54360
38181
80776
39732
80721
934
4484
10764
46399
48555
47564
25272
38244
11307
23306
26718
89767
5792
47547
89862
75908
30674
37453
6087
84885
69367
95834
78667
93234
12772
2855
35725
95921
16983
32231
20977
22542
53519
79884
23398
91973
52929
8511
19168
15715
40586
75770
43488
39592
76452
24142
31802
77676
31670
9567
95142
78399
48513
80120
302
54643
16039
93264
6072
1540
96701
55714
59658
53051
15040
46825
34278
20582
93397
1160
59853
90773
42850
74238
10807
49996
98573
82270
73168
41010
28370
35904
80954
67258
7983
4607
29525
40754
51043
21146
9001
61851
40060
95646
51048
29386
77904
54842
99125
62120
38187
77281
82955
46665
78738
14718
98344
97656
36315
92728
46837
98690
41801
4951
99586
57779
73485
89954
31770
92591
14196
91883
65996
61274
49885
24586
68233
77819
36661
12319
2268
19354
6017
34925
13049
81148
60792
55488
20836
80240
93062
18304
97998
69473
30680
38843
66166
46701
48453
58708
31920
90523
59935
50658
65593
96234
58140
35310
18564
15494
36166
92802
90082
36353
80504
44052
22044
59341
60176
41032
68735
19409
3826
33296
81541
22626
6938
89426
27144
78446
87487
3871
72890
55535
78932
44796
27515
4948
78473
70364
60033
43618
58037
95532
71804
80451
74654
18444
79482
23839
41216
11734
16253
45836
43259
33855
82804
77683
38348
13600
77332
2561
13624
28409
89775
7554
97257
26735
93720
98850
84168
72519
20214
62090
76920
93830
23503
50858
51873
75629
13888
71868
41780
85616
8504
68752
80146
91844
44174
31003
13830
10764
39723
99628
61904
8754
31228
62906
77238
26444
77288
53882
83814
63872
52164
30258
44569
9786
85616
15769
95516
4112
43753
58340
29627
82269
99713
55124
97998
41604
23431
15822
92853
76811
49083
93210
94811
46330
11538
35127
17627
15362
42878
71889
52751
17095
4095
25343
15826
12799
5667
41556
24617
91111
33721
69898
92596
39985
96339
12999
43117
66494
42563
91911
2706
84050
3038
41062
70621
30840
61581
12536
64041
26406
53734
69580
9732
36483
84019
19743
6349
76583
17388
77832
13051
19622
11099
99451
37144
76289
78651
59179
69652
88207
15093
41335
67527
31009
3537
27212
90918
53358
28915
26983
30979
80704
40175
59977
63546
27525
18141
99686
66621
84240
28506
86201
40649
73958
67277
688
29219
85077
51365
42735
7389
81575
14826
72467
79421
70805
58801
48705
31400
83177
10799
83688
52963
64373
19767
89598
9776
6015
14109
53472
73605
62080
58900
33826
88521
82265
17022
3031
78235
80670
70850
36142
26427
63006
64162
25632
61523
84877
66017
87799
56313
88053
31759
21313
65293
77365
99468
75941
41076
55945
8756
34635
91537
22585
82467
89091
38462
57037
55021
36231
68123
13276
43161
98230
95188
63414
61942
47432
96237
82882
60239
80920
89895
38572
19377
86131
71220
53975
61265
9067
53062
39974
3227
34701
47267
65496
41302
16492
22266
82477
69015
69277
87835
56445
22042
55767
89049
75707
78523
43116
26663
22587
54101
70755
32822
15058
88896
18830
60145
18870
86510
97346
45056
31577
23562
66225
57508
61354
56542
35964
63326
54633
64553
40953
7736
92479
75739
41280
32858
39830
26426
7917
75174
62778
14800
71196
87639
46662
11901
76783
18716
64360
98694
43624
44154
17526
81781
18835
26430
41227
32787
109
20274
36923
85616
4483
50049
2577
53656
62873
36023
18816
53045
91042
7337
70815
28342
85512
91795
29039
36436
69768
28901
9742
94738
7990
62291
14797
49551
89894
97547
71797
75746
19985
59174
31994
1317
70436
85056
22137
9825
88305
12115
59861
63200
11967
80310
39183
17719
12800
92176
44784
22245
55419
39504
90041
1859
38922
61576
81754
74914
93611
37742
61190
45909
71863
90092
86427
53733
89439
80330
17008
78349
52790
57823
77899
64597
11309
3555
8225
11387
31984
66789
5591
149
25587
68598
65411
56930
19212
45468
11526
13695
25546
43551
52672
17848
79074
5628
58878
5116
67543
48765
66047
55523
30771
29102
54720
22894
72091
74972
69298
14457
28091
73217
76758
14897
12632
16998
69021
12245
12922
15858
21549
39534
51131
7968
4052
70016
7667
38174
72284
33336
49604
55809
3519
10185
445
12433
43089
66195
57882
17864
81887
9392
24042
11454
23224
88267
4329
67504
62394
39819
79219
59599
63893
9217
4974
93200
57705
91879
62778
83003
80017
75254
12488
73169
5970
55487
15932
63911
76035
82433
63933
19448
68295
28247
65311
25022
77360
64749
6106
63455
15735
60884
67672
61593
31803
81696
35656
48943
40443
82167
64869
9699
21746
31463
44126
78170
66188
27675
95832
32219
77652
74938
68215
2101
35177
17289
67178
30029
74433
27546
40346
44358
41555
99344
21946
34593
35309
5272
41876
55325
95682
27739
3424
95451
19951
28628
59641
68454
7675
53144
1913
58195
24852
63168
14963
20088
22155
47591
64719
65700
26703
52648
24768
29074
76403
37141
78292
64626
56058
23563
45873
26084
87352
47590
49461
64686
81568
90163
96476
81663
98218
70990
49504
59899
82005
21425
3465
20199
52731
50036
55994
69219
18760
26944
42128
63908
58373
26679
99404
87883
20402
82855
15293
37338
65955
22209
8617
91958
47578
61489
15187
86531
11857
59798
25509
31948
23868
13310
30086
79534
16889
25160
57851
35745
83685
21847
53678
84103
19456
81908
63222
77678
5932
74768
86926
59934
69444
2022
19139
43315
46247
50369
81345
74160
29753
17511
14670
89424
65812
84197
55764
67312
51047
89811
66569
7552
23579
71397
20613
54719
85490
89553
18228
13843
37961
11205
28906
51384
13862
43457
62695
35809
29261
5686
49197
23083
57630
89401
47820
18715
20261
40898
79879
56003
75338
65045
37449
19715
48566
99741
62832
30753
10354
18652
96193
23000
15906
32208
39860
28003
19653
98563
97783
40766
29101
88306
31702
1945
80335
1686
58763
2491
64938
57219
67623
87869
25569
27914
3873
36438
75330
46975
9608
24868
73796
78318
37782
49916
56136
77195
95803
35935
81795
30387
14322
71320
26208
88124
36745
26217
86789
62166
95821
35323
11907
7187
13199
90273
39908
32916
59332
72379
79652
9892
64747
91001
89846
88482
69716
23619
39246
34375
75093
78908
99044
20148
83964
38990
50468
99588
74952
80580
23902
25455
89341
19614
54256
11908
85276
34151
22604
34116
57164
14780
55269
10986
86000
88318
31224
88355
56875
65277
37926
59803
40615
6322
29713
80204
77536
81865
89325
88291
54269
52656
78960
26289
21353
31366
23812
64832
309
6500
22200
40018
96218
68246
6909
79950
34220
5688
70734
35488
91167
89890
52508
99147
40670
62212
69533
99276
73510
84047
35115
63902
52415
94892
53445
4856
2225
20258
67643
59613
81374
67094
23088
64887
24008
41477
11246
18549
77678
54044
16128
581
77952
6395
79023
22391
24643
3787
97548
85933
43576
55624
35135
4750
90842
57850
28897
40627
62811
28910
95602
85723
96226
44979
68149
46682
84075
92158
86490
22456
63397
12348
46646
32885
58058
81313
71894
44418
12600
93553
26958
13128
19708
50692
74226
30123
69406
23347
91706
7574
55557
35622
59170
44165
52751
92284
6651
33480
51028
26616
26398
13352
58662
90849
19725
91607
20705
76541
41772
37268
17409
64810
38700
91402
98470
68147
68515
7809
87972
50
4101
40683
50510
50757
74232
74110
16550
31822
76799
41977
90010
42917
84413
8859
58022
19522
70915
79708
13220
68720
62652
55772
26386
47100
22910
53122
63266
4891
34335
45085
55771
43754
47351
31080
49568
51462
75772
49437
64458
48782
44259
29519
4127
54869
36530
56593
11121
61020
49006
2712
29254
33574
56029
38385
63066
27396
37176
86341
76841
65037
11542
40798
59272
45809
35525
51982
59425
87345
82736
48812
34338
34510
167
3898
83355
4515
14123
67024
32450
3308
35391
82504
47845
46944
61334
72588
96843
90166
44088
68199
36399
18763
75139
41568
40040
43471
37010
10612
9386
35307
19923
36868
24812
34841
77713
61312
39517
1106
92949
6371
56308
7010
83774
31351
2966
894
38718
60224
37972
45291
35535
45511
80040
46581
60700
83725
65809
22811
69333
90340
43568
54149
74785
78485
69561
93957
66740
8924
59849
50025
4200
73326
69975
31821
72316
73203
20936
93934
44807
59711
57964
58713
57664
24712
80085
81838
30946
40384
57844
95719
49838
42597
66190
28339
26589
77593
92715
48694
86556
6598
65037
65770
77744
86386
38097
98602
86990
69101
813
17313
48166
39579
42743
95714
12074
18548
59983
94642
56471
83445
52437
23766
93295
73839
19383
4899
57762
82970
46522
7085
77784
38443
25748
14170
96232
96197
89833
66853
40725
91377
68629
86604
76587
72504
12403
80434
89622
83849
69280
89671
34592
85020
87938
58361
70499
50250
19296
70571
59771
65632
62999
980
16262
69978
37926
7238
58974
20396
39910
58283
92016
46329
53347
54072
60736
57205
37404
68362
91709
12101
54763
7134
16563
45385
87047
57231
30570
90274
35046
57333
67209
53476
45532
96338
31750
38986
300
10161
60915
74176
80748
17983
62546
55484
33941
418
67994
66174
54103
36365
52089
42266
56302
55795
5559
29714
40461
59482
36785
29713
47968
26490
78527
52794
69663
27527
36948
59805
84674
96460
43978
55501
91735
73591
8865
44064
32419
83959
93600
82397
50723
91104
73428
64022
50626
94272
20668
85803
62849
58203
46319
24750
14627
91551
59332
73833
89097
73478
31014
88560
81279
95096
94089
91945
46880
56832
33503
26501
21655
82632
980
2706
79853
50461
59228
31015
25958
30311
66014
51978
90405
43408
84724
72817
34488
74096
7587
67734
94625
16444
15573
53501
18491
26593
57576
9386
34983
13200
47999
28460
96373
51963
19886
93909
64568
80219
12121
42326
10678
33299
91186
77404
55868
61597
93761
99868
11319
99624
54164
87160
58495
76378
1253
99571
31340
35020
28067
54570
33239
1905
221
59853
72786
41180
51605
23348
39595
14927
59929
54311
14723
77322
32301
99791
35636
84555
92470
7722
53948
45861
98549
49482
89662
94396
34760
9195
83462
52914
52607
94040
77151
40454
65952
63701
11328
47380
44217
27022
86353
85481
63828
66805
65463
61830
40869
72250
64767
39732
66077
55613
4996
77306
8129
56019
80090
20574
23942
17801
56880
12139
35964
16867
57764
16359
33791
60727
87427
11884
83930
3653
8476
64590
88997
9401
22008
7960
70205
36526
53946
8083
42750
75558
2431
82995
59847
23776
39299
5955
47845
66624
16227
96638
54903
23709
20721
97235
49283
84802
87140
20954
5408
62501
94660
56899
60784
85468
11168
77586
11743
62522
63991
79651
79649
1976
10540
49870
31284
2237
35129
35472
52336
78093
89598
22563
27090
9898
35217
71639
70096
65903
9614
5376
42979
17420
78399
63799
26598
29693
3723
58366
8301
15690
40537
11361
92137
38310
83169
54919
65309
10919
804
48088
7559
16529
67777
67399
47619
73008
13895
64380
32836
60486
82094
56255
83898
5449
91121
42913
71814
45833
10946
58258
16997
85364
60779
83932
85469
34946
87326
97997
77363
21601
41318
87066
80438
24170
29920
29863
92652
21511
5388
27282
10421
4001
32792
76312
1628
27285
2967
85211
1960
84547
38812
2148
38238
8775
12831
58758
72057
23490
35943
31575
42009
8444
53554
10193
89014
14171
62838
7815
57162
68436
79577
94209
2367
34366
91840
15394
96926
88248
61161
3600
67973
32637
69034
25518
37055
55628
63031
90020
21438
79191
302
62308
59547
50556
40926
26529
56961
15660
78401
98433
12567
1412
41120
86738
37536
32673
40216
98929
86831
25082
54888
10101
22213
82825
42339
2121
33737
59953
34961
7686
75088
76285
86024
99800
98583
58876
63098
11881
36494
19124
65409
67231
57135
8314
48113
25655
96070
77767
99029
55387
96893
4066
32474
86546
81397
16178
9667
71849
99926
10952
50019
59929
9229
15301
79093
62576
27684
97173
23178
67675
89569
64856
91678
76183
62009
38879
44044
98502
76900
63076
2501
48449
473
95577
42176
20457
29447
33587
25595
26291
85144
42560
57144
34690
45020
27835
27279
86199
36225
64239
38179
40260
33057
6348
86578
56170
40061
94461
95401
8329
33667
10956
70803
77156
43350
73238
64433
40876
95332
37705
9936
42890
1630
97861
70797
15180
11247
68212
65568
1846
93381
66113
78886
40088
37196
86224
72017
34264
16067
85173
64298
40155
63613
50396
90141
7898
76462
38597
93590
80831
970
6489
94350
94143
75227
46254
83327
50761
90423
50176
33998
266
60242
98854
36000
31119
51502
72173
27691
67405
53564
50995
13189
34882
92372
32353
59612
65918
915
8799
97600
48552
92263
90071
2173
7087
43615
65955
31104
80322
62160
88296
60107
64839
45744
53568
72585
67144
50162
10556
26709
86094
99153
80966
45580
15009
42412
22276
53290
83258
41927
44357
59802
22311
29069
52899
61428
19068
84695
96360
25088
27044
71860
46853
56319
47268
24758
68499
22850
42421
93676
59793
9763
87601
15188
47552
50645
9469
71790
3262
58203
39247
85364
66347
14637
71592
55881
89512
72701
49357
4371
66902
10589
91725
60092
6655
84796
47004
38403
17968
9010
83833
11582
5284
30905
1423
6312
75822
2742
39492
92651
13900
56448
26343
80958
73821
37230
70782
31667
71335
70463
79364
66135
6502
62591
4466
8974
62935
53152
80561
21951
63381
87950
69081
60278
82564
87751
23711
17780
81868
30704
2216
37694
13849
98084
88589
74446
30399
44054
55866
82671
40339
83447
33881
60584
58396
3785
88419
7225
3217
9314
3649
87071
70527
94278
80835
71883
76378
85045
23703
17015
38264
5163
25168
32443
61046
72241
12008
43125
96625
23284
1612
15577
50241
30191
51920
13534
72286
15391
55732
41336
46832
11641
43681
38129
45678
57507
3149
51085
94847
8880
72322
77131
12307
93082
30247
77981
62732
75172
47926
77780
83214
80763
46403
853
36890
60152
80904
2052
75007
51652
70734
92774
52037
41034
63090
14809
42028
81751
89479
14459
28361
17232
52975
45654
75459
69751
53579
36332
61452
37756
60036
52299
5603
10040
66565
81110
43033
70964
26842
57314
88849
31687
42120
96906
71049
46509
21877
78485
77907
99473
46947
77895
36637
19064
80701
26021
31408
33032
70044
79125
14372
74678
25597
78426
97122
19656
43376
45376
40047
7496
37898
70997
89033
54680
86630
55804
27584
25404
86234
2702
48339
359
29414
188
42285
18385
94341
94726
13350
75742
33973
96020
29489
98274
60133
28327
43990
91237
59054
11652
36566
7787
81653
9370
24219
5574
54487
37641
40258
2785
94501
24469
63391
17336
38933
66537
38388
68892
94711
82146
61498
96760
98194
31459
58990
21790
70925
35756
87823
64278
36116
24557
49401
76294
38827
76304
55820
97665
90861
94971
37566
26590
90328
67917
88051
75013
84680
31211
81070
92821
48006
90299
52184
37313
92900
63050
48429
94071
3892
91401
70649
52263
97818
81891
43410
61899
9700
63545
18115
50053
71334
75704
54271
42523
62444
96962
76049
2611
24001
72311
23453
31598
34213
82213
1774
31693
69218
4151
90413
23518
83498
18069
17195
26387
92315
65137
9209
56939
35783
74470
9288
10477
67087
56798
10525
98487
32527
62726
34253
6531
20238
91155
79497
9069
96176
57943
78731
85614
17352
61720
6563
24155
99593
1933
57616
85224
3455
8322
35851
60355
46462
37058
80807
68999
67387
44470
36755
68870
97192
22825
3001
51929
91844
80764
20547
67879
74035
83118
83057
74313
70070
80469
37857
26573
18470
12288
71856
2492
95483
62189
17298
74806
33471
72994
79100
91633
24744
31294
81745
35248
26867
1026
29
10311
66175
81222
84035
19761
40067
28084
53399
40936
52049
47213
82840
74058
90619
93248
85002
5674
22208
8218
54656
95801
53820
33805
7826
47163
243
19979
7162
92139
8479
84008
75409
14496
15838
41879
66999
20902
14538
14599
88644
38819
55954
446
798
24028
53853
18909
4529
40816
91184
95570
23177
86680
53106
82935
57717
66001
17033
87116
57436
82208
57264
20997
53408
19121
90048
22121
28687
8919
73891
39512
53260
77845
95621
89595
22382
75163
37396
27997
20900
10517
8052
50135
34076
33700
43303
96111
70021
92965
58630
7424
87497
3679
97651
48804
59641
82552
17598
94924
99403
78389
49861
86735
84035
3517
37482
11547
11666
56716
17447
3140
42164
42176
8763
37081
99327
72708
37373
61990
19501
67132
22083
31455
63658
80588
47037
47833
47879
11895
39456
62628
97277
12707
10753
27459
35590
99414
81568
25542
18883
54714
64023
47235
71419
88019
1196
27784
52638
86904
33447
25069
35314
49281
49619
59029
52844
6461
74615
75938
27385
1072
41234
8680
10967
33081
47253
57461
87213
61358
55001
96709
55939
71103
50410
86201
17176
71352
13928
70572
95235
29481
71233
71087
3837
94170
7855
59170
93733
70293
15409
4486
13328
32949
69315
8921
29357
56794
7450
20698
62112
74738
42849
81008
85285
30030
93526
93096
42318
56773
73529
63403
8636
15699
65732
88891
81425
6089
31333
98687
33937
174
87210
99811
72766
1641
93666
31157
57093
67776
60374
63655
95921
16596
84283
61876
32488
61230
87557
59732
16619
55876
50979
63504
18045
27894
47298
74621
42434
58554
20985
2687
66500
24101
87633
53053
30182
86526
94673
61399
33357
65838
54089
68029
3061
87234
58782
32530
44631
20793
95782
18083
6370
60393
32849
4078
64013
59944
25021
33710
49678
19611
68965
58375
26810
61102
85477
54083
39838
3339
49142
83731
21265
85598
17196
26302
44207
24851
88834
5405
80723
32523
95110
57515
51193
57040
74226
66862
12747
83253
16531
47705
26484
40965
82314
89690
96091
78935
83483
29009
25207
59598
85716
71890
48971
2759
99724
67389
13462
57039
28824
71263
32728
30993
33953
92157
86244
32571
77343
75210
39904
39604
32590
95421
96299
44881
27122
87466
98339
61608
44472
24819
12564
69065
73689
66491
61040
2467
99210
58464
61651
42608
50279
3809
50980
79273
79204
39181
6094
94850
62239
60680
70221
42710
7836
99336
80609
77395
46405
18779
43978
17343
72856
62352
73701
42391
2699
9610
2377
47904
1663
41299
81582
80827
14038
52285
51149
8595
46762
82046
27388
51152
81503
50355
48598
12288
49557
73085
40161
12469
89338
65953
37773
10792
88295
71695
98070
37776
31101
89568
4731
65582
42678
85458
37318
7087
76442
38993
18331
3089
78545
56081
31443
36028
90975
35916
99413
63679
6549
24848
5229
47604
23478
70726
2185
5583
17911
56598
95293
68960
74712
79572
80116
293
15345
29466
37278
54702
17995
70719
13981
88284
81850
88921
76429
39580
40809
38107
21188
35640
29980
11636
19183
55089
96182
26908
588
16426
14546
76710
67472
70851
41646
46829
17855
41980
33661
31132
50240
45078
51188
59619
26851
90320
24997
37587
76798
96274
185
76040
69971
8649
76161
22525
38973
15598
94636
77933
64208
55436
46969
89660
21024
13611
72906
31395
54229
23217
46976
65426
97951
28078
84499
52841
5533
2671
79400
96
12584
25298
77256
2449
61880
33638
85996
7752
8232
55112
96076
79977
13474
27798
75414
5618
28367
84328
3902
8905
3078
94930
26031
17988
98306
87420
29314
13983
9765
50711
74651
51866
88190
35608
8832
55225
44449
30496
35712
97590
48160
74823
91631
22187
90865
32524
36561
73857
40298
74100
39773
91766
38608
19543
82480
10207
25836
31695
41371
37716
70216
72791
39863
90896
60855
62953
48095
85544
49641
80707
81563
71040
12762
92184
31467
20487
83174
34438
11427
43022
54278
86703
43835
92091
56673
75376
66075
3020
97889
48343
44842
58332
89208
58043
11262
69424
82044
80131
31999
35061
43112
64703
45642
56396
17373
14324
6971
35421
95034
13773
64506
31919
1294
87844
68272
61595
29211
23078
55869
47123
65509
66219
27317
67121
97472
67380
81334
64394
20344
61297
55231
28888
35513
53120
16918
88709
94327
27778
39122
40064
43400
53850
35743
17221
23180
94572
31361
90869
22506
79020
44347
59811
52525
40277
78683
11469
42111
66871
78276
35671
25893
30972
32606
94923
72713
6399
76486
90223
34310
95362
51903
92567
98684
7912
30149
58865
132
5423
81633
10115
32500
58023
68638
97821
5065
80319
87532
3758
70378
15276
29231
99542
95814
66458
47520
72839
39317
28257
53212
25553
88306
38866
95393
3853
10114
53442
29240
27741
47758
95099
52610
63926
44918
16476
22391
40102
40470
90936
12429
20400
3318
75650
30318
62286
4711
10822
20270
11673
97994
60300
41696
22008
55422
58135
75393
32926
96828
82104
90712
52534
6408
67870
40834
52134
20620
61383
89221
12245
4587
79362
39926
17298
19505
57990
76763
49808
11120
67530
97134
50356
26700
4976
38755
80343
14530
27755
40863
6867
48487
37706
71653
23863
78619
4320
61663
36706
49201
92379
85829
94855
95620
96368
23346
29370
36693
16483
7980
82136
58160
60267
65546
98988
67671
18464
64209
99767
33502
15577
36197
3265
56794
36917
5605
22129
78440
76703
12458
51835
92780
99931
76048
42613
38681
72499
69639
99953
15483
97200
39128
95290
36704
79885
19007
8664
42607
11883
32650
76649
8310
98656
12747
72396
28993
92883
7398
64368
57378
99577
51545
67003
90518
32527
28220
65702
42799
6394
94687
57133
92322
74497
23160
30450
80332
86665
49572
65487
61748
94880
56427
11743
51062
87055
7752
48069
66307
89145
6481
32185
95946
16285
80536
7029
90416
26862
62995
49493
96298
44386
89432
36457
26792
31729
11536
49946
17723
47095
6118
57849
80321
94269
83180
97994
87910
6633
12212
8049
90581
70187
73679
29556
73548
55981
31917
75173
27586
71644
32255
42021
16986
27834
25532
87523
39061
78477
5804
8713
53054
52829
63472
56567
77692
6119
83579
99569
76316
48377
50385
12070
4600
17147
51730
3609
57792
92557
77663
55380
56652
40744
10661
87085
59351
51328
22731
61289
12885
84252
94758
50945
62368
33319
38484
27941
64123
59120
20463
18877
51566
20240
25344
10054
36295
9525
73948
74412
75134
23015
83882
84259
99967
53033
33371
32754
8891
18337
37286
11965
30211
67883
96949
20075
25516
7463
75483
79851
89937
23003
4814
28850
13383
99068
75538
42443
3684
13902
33825
11761
88402
74138
15495
43074
61600
54279
6691
53901
23237
42988
91331
14544
47396
85432
27177
7267
91788
40497
76201
21163
82658
59477
13392
82394
12695
6576
99687
7597
38698
35573
28677
99248
76172
55585
95144
3325
78380
58184
87420
19227
55666
27321
63491
49300
72251
5941
14354
14737
39766
22337
44108
26765
1211
28826
66546
80681
84587
13025
71363
27887
49646
67850
7314
52305
46191
95776
45690
66990
67609
14253
18531
26386
45315
75896
87154
74506
33486
15810
8229
37734
24640
87560
90855
73593
58581
85357
92015
39329
1936
670
18334
95780
75652
43362
77622
13301
93875
19955
45631
26628
75123
14091
29004
79721
95421
66249
25811
52639
59672
39617
70202
17069
15467
59473
84166
33565
63085
11565
22621
24825
42341
20943
9445
32464
31341
73617
5635
90848
69929
75004
76023
69501
26581
79070
28904
39010
95561
56041
92062
56409
61871
94171
99208
56168
46503
87362
50219
23741
67465
63744
32589
99312
64196
33134
72247
93211
78269
96098
28314
97337
41297
87930
1057
28278
13371
36106
81714
10996
77740
31021
27822
20616
93448
67075
35291
60211
33627
19208
75173
629
27937
18697
84249
26664
45489
63430
46104
85466
12587
71712
26971
9479
89782
62111
14511
31404
94494
59957
92679
86435
18094
1964
80972
56692
35490
97208
73141
34094
66992
80593
5697
70953
10987
90873
38407
46445
92804
27513
75269
77448
27139
33075
27490
70495
55625
69938
83456
48350
84723
58290
95154
83842
11669
27579
53685
87490
13279
53453
15768
13869
92572
23164
59036
61716
10161
75999
15780
15134
32565
9131
30651
22631
74590
63352
2361
94798
48988
89038
50797
16906
22411
26941
31457
92317
12919
49177
50220
2526
91874
72239
9510
28971
63692
14434
21592
86846
74457
77255
76098
58040
23647
55893
27572
74066
68918
53145
67660
93841
56204
22397
90678
31670
9519
27918
13445
11491
93310
52158
85198
19248
21558
86312
66176
53940
4766
60992
94859
658
51514
9136
86354
28879
29368
48185
53155
80788
41085
38598
47544
22235
34745
73593
80314
91440
791
7395
7460
39517
14999
93821
76783
35663
81931
34749
14867
28763
50871
6879
19455
75317
19925
91308
6096
9017
48230
37408
67661
49464
43610
5102
78536
94855
94515
59354
50325
19501
4349
10804
28641
42616
27885
98545
38624
66803
38058
89319
52762
20780
13721
45926
54614
58468
28188
16838
96262
38526
98987
27781
39390
83642
49549
32655
21091
22333
23399
6650
19566
43099
31136
89037
88069
79286
92809
77064
84318
524
70775
6052
5995
49846
87003
57743
56562
22891
33326
94101
23404
59358
69822
67025
92034
15079
53869
88528
7608
26244
20767
29339
54548
74407
8006
69033
32995
98187
33007
85952
37270
37772
76205
29494
23931
63194
88037
47902
17977
55719
95775
40476
8562
10717
6808
73241
56054
93767
50291
25209
39241
46223
66877
82377
16947
27807
57629
24225
76478
83926
19653
46141
68755
96940
14998
71487
23794
55013
8694
32949
88391
95364
85238
54078
44231
37791
26792
32034
62251
31548
89983
27817
47850
45451
61387
92970
88289
65475
50266
95236
35038
66178
38136
32101
48322
28841
57332
83562
90032
82814
71976
31503
22201
10209
82167
59092
11735
12053
24829
83083
43052
87277
87289
78171
18916
34571
94399
37913
26754
63749
49264
44281
17555
70618
35292
46260
11635
85084
45632
70883
96179
67670
72591
26175
28553
99390
63697
48985
92919
60273
62417
74620
30870
54168
2850
41532
32401
54587
75390
45505
47664
65028
82153
73452
32004
28034
64552
12628
68248
18851
72918
61809
75297
91148
85035
72674
79046
55014
3397
49560
83134
79717
1860
62063
84882
42079
78599
61
17408
6018
77987
28662
5937
11065
97544
13910
96458
72468
92721
5982
56808
16606
71666
63456
23268
78200
99341
44028
19325
59543
23065
3418
32093
58452
37203
23168
64830
33499
58146
83923
61917
92700
28115
40490
27426
27773
40575
28870
47276
79577
30749
32288
15447
65740
56210
92634
83920
54174
75501
91399
56933
24126
9371
33076
10314
69311
44344
88503
41503
691
71635
13296
27259
58348
38461
76637
73892
98994
20118
49328
49780
99657
83422
11927
55434
71555
82485
67173
44425
7185
5322
30406
18574
4930
13471
22662
60844
76177
50155
40261
93635
34550
69715
11591
24588
66540
97521
20926
37974
52979
79642
95914
75469
74828
46572
96639
10246
83915
7268
9332
50030
1986
22752
26492
59858
35118
22410
93301
92756
93268
57199
92404
66669
58978
25001
83732
24595
7588
5260
24106
59207
21568
27431
72002
17112
83493
99774
1777
81414
60787
26027
69117
91640
30768
70506
92726
18341
39045
76690
96454
15165
4052
49665
28194
40903
38435
74580
8808
13260
27735
73800
6140
76122
35689
11461
43546
19831
21106
12147
50711
35417
56407
36813
6051
90263
98876
48074
82770
79450
65718
76638
26392
47485
41711
22662
52157
61637
68540
33888
62208
37931
55926
99462
76104
37806
86595
59771
61262
94676
90035
98402
14431
65731
12174
34752
64867
53790
37152
47180
36633
81117
63468
94393
21775
14050
24211
79363
47427
84958
66904
75547
8684
22600
92315
95360
39814
7546
59339
42707
70696
51825
5475
91413
10145
45793
49460
60301
71533
84127
2764
58726
74091
79192
30639
83944
52512
70111
91982
32198
33514
37936
31106
77157
80927
76919
86354
79720
10350
34009
93192
62696
81414
35988
52742
65215
18102
3258
21009
13778
63252
71039
75965
66032
97094
79536
91579
88263
23386
10067
56980
80118
13518
67483
20743
54483
64732
96111
90933
46066
37684
19919
89507
9840
22692
70646
11329
12870
35948
47817
49830
83782
80292
74836
94337
41715
221
52343
51213
57456
95776
86815
34385
37805
37657
8355
68708
11397
28788
49579
71155
38913
78165
29980
37301
70175
56555
27627
44846
11591
17449
11679
19002
10337
11032
22618
69052
50012
16517
4563
76417
11722
86257
96571
62392
72515
59902
18885
68329
31376
66303
728
53828
94716
80378
49857
81022
93296
56634
59379
57204
49525
15087
847
87531
79654
77986
4951
83637
84505
83916
18901
35403
36518
11598
51516
33875
64175
83605
60196
88226
47782
44839
53419
30692
93533
15311
39422
14563
36480
6603
4288
9496
81453
22705
75905
19501
95582
69289
24041
27399
94418
1111
21312
85045
65849
5544
70273
27129
53795
6132
98299
77515
96953
37619
68328
37729
31697
17338
55561
14495
51152
14142
16406
9631
7297
89978
3109
81117
80034
69690
77755
79368
85952
52607
11562
60243
66705
95019
59756
30309
90104
5731
33191
71075
26112
67711
69304
22402
87996
62705
40668
70351
68581
23711
48440
75143
95003
81605
28563
12582
5813
79118
91718
51185
3655
89056
45825
29465
98950
12155
34794
39356
64143
44449
7532
6985
7727
89525
3122
9369
26838
57034
63584
94612
41617
84925
95042
27545
86192
39735
52822
788
16902
82230
52409
90174
90040
24458
76421
55660
59025
22159
15177
78573
11510
69020
28802
94605
2577
68915
24627
58879
49528
4092
70962
16360
27638
15310
90637
19996
50150
80401
73357
90769
72176
45315
22732
66583
36544
21969
10849
96709
10881
11057
55506
1595
60491
79131
10949
462
57081
16408
53260
20446
87110
75795
2617
3645
2691
15905
94745
16803
92868
67467
19967
22815
89523
44082
78036
43230
35178
39180
1782
65714
64200
1594
90913
17388
60605
87060
6935
36213
45653
29579
68426
96680
2793
18324
82416
93971
96365
33067
11863
18277
34030
53401
57171
79015
24384
80431
78198
61192
60445
94710
52452
87337
91526
45008
75892
215
22474
83449
24268
49228
62868
65051
72384
30712
12482
44457
6514
82149
92144
35771
89310
52798
91791
16803
32927
95964
41522
60196
62108
30398
35351
4994
76664
59277
90685
11036
36747
3547
87174
39873
93450
52396
14865
96068
58671
88068
83164
95348
11181
38231
1709
47412
62854
13524
67737
27314
20415
93475
67606
57421
8038
79996
4626
85229
29087
86259
96538
5683
28612
65138
98480
40430
76576
25417
25677
35479
79623
45216
47693
76857
84922
68054
22754
43906
34798
91504
26149
37274
77789
49434
81048
86497
62043
75161
75098
53483
34713
91957
22941
49664
57523
47741
13793
13825
38611
86685
35453
80534
93369
49712
22046
33152
92566
78840
72745
50196
86359
64554
3853
59456
21121
6985
13173
14867
95360
49178
59496
79375
86823
85943
43205
38935
82235
57183
50986
16960
40401
93698
67709
22191
17374
7285
325
76807
81832
86910
55786
28875
45143
16057
28656
70450
38419
12767
97321
43027
73458
18733
83110
14826
38968
43657
35009
73941
84422
77141
94715
60677
65263
78697
13540
2905
89455
77347
59772
42946
56067
2242
87921
67613
10305
4093
78695
32029
26719
56042
9589
51801
51705
23017
63546
91077
70246
75419
44846
35985
46632
93185
37223
55794
68658
78636
93702
74153
45781
43044
57145
82085
56638
34130
86609
96097
48626
30195
71628
17858
37659
13090
67970
15045
92274
3809
46671
71841
78260
49658
40012
43967
64405
51232
2042
68723
23247
27570
78457
9742
73307
25120
29183
10259
1215
71404
36762
35525
56122
67500
58179
54734
2249
16710
52023
56894
75533
80820
62268
70416
74250
75417
38545
62256
33686
81884
39759
12388
93457
32186
95277
18850
32619
2847
5369
24349
69543
5268
20083
74397
39989
59699
40508
94872
39665
61467
75495
83751
17926
88714
47242
22051
7133
88657
95002
32031
67379
68653
53850
64364
90711
60587
74246
30834
31822
14021
44084
53382
80466
1640
9431
78641
87708
48287
62148
11029
25611
83357
93770
34289
23635
63038
21639
71205
86215
37416
35057
31355
60636
38825
65295
84036
16972
58574
60331
57005
98921
60324
87846
36524
53177
79280
96326
1497
26626
37521
88225
34151
82498
74767
5556
69185
6936
71603
22559
82212
52421
73809
71004
75029
704
17624
12311
92881
78649
78335
16774
84628
23993
24767
6168
61893
50586
2696
74829
22418
89297
79958
68263
92679
13366
4512
93497
94164
88483
73950
60918
21627
87833
45238
20550
2376
70607
70080
6915
1491
19532
55976
56653
44064
71025
97917
68407
41847
29580
95178
59630
70337
60834
72778
99045
74548
49993
34929
98247
77319
86543
952
86284
78886
26879
74147
8696
65374
9494
56152
29868
66338
13555
32964
59028
25393
60556
1092
75986
73933
37636
94523
17096
19576
47741
36590
3398
85014
64582
79527
67013
16980
9757
89079
59092
32627
40447
63173
76144
78684
66850
15060
60812
1770
60832
79100
28861
3804
55519
8326
18879
78258
68495
80720
31646
80943
89608
41737
21818
39200
25829
63088
3178
18182
88149
29076
91752
53672
11907
64648
35097
56005
10555
89255
13540
45100
56357
11139
94042
67091
55812
81895
13279
43852
56821
67071
57690
21076
98518
50092
77383
92232
10991
7589
34415
56625
55335
95467
7476
18392
76511
85048
83765
68237
42348
443
56447
82321
52002
45763
5379
86105
15117
85404
42416
82198
71306
76831
92317
84315
97155
92618
24320
14266
80797
7176
71027
94349
2449
38214
58098
65602
32709
99495
85678
52314
49011
30929
6166
59010
38051
14477
93022
62832
80980
41780
27112
36901
18107
36683
39736
89642
82677
5607
73317
16901
83617
6639
68547
73380
76976
85904
81256
56685
96655
73410
43726
62467
26088
85631
34363
16749
59940
62053
232
99387
54854
3210
1014
16887
56559
46801
34026
97951
59733
26591
80685
89675
41810
35145
92292
47979
8282
20489
10218
63687
41714
1026
38338
56853
95483
86463
92939
27166
38754
28607
32413
36863
70645
57204
91022
98622
84567
41750
25303
59395
78712
32845
18176
44477
1565
608
52906
31927
5918
69365
18890
91980
62136
79646
78252
4030
61426
41424
32296
19181
3618
75631
97459
7897
96755
63202
16850
78219
80202
32976
81096
10508
75545
93836
24602
18619
63666
28362
46383
96816
6951
71039
3781
61595
69816
97055
60087
31668
26487
35640
18674
71170
49839
13384
4901
19303
80202
33713
82393
7684
32990
87731
53388
507
74220
46141
47556
80952
61202
33279
57358
63499
84478
33809
46720
24249
85604
92048
44513
71243
70303
50331
49048
44898
3102
60067
51933
29642
20419
55919
88035
99449
82795
11008
28591
29375
86443
41718
39671
98870
6432
1836
43057
40068
52046
63736
27776
62796
33496
32889
49230
39146
56735
93894
84738
6148
85097
32182
69233
96038
36329
39845
98682
60456
30823
15606
64183
68875
4722
68378
88637
8914
32327
8322
75525
83415
86122
90694
44402
79142
9309
33484
63230
50916
21916
78979
37958
36532
89223
3760
78841
36420
99893
74486
83049
79741
23804
56395
7942
33994
46923
8515
55776
12386
25455
35391
78619
75898
69671
40838
29317
81167
67907
25649
10906
28571
13599
82933
31614
76222
1590
51084
48527
87769
86124
62333
48003
25288
24532
11524
53120
300
23642
25176
58170
51667
42454
18159
94901
86666
53917
20287
72421
71536
52091
83494
67096
53159
34057
44577
20845
22933
60816
79785
82476
44225
74385
33509
49088
81698
64639
70053
18623
62617
72022
59988
34164
60509
67098
52518
40346
73272
51718
15001
59019
32585
46053
52799
18267
44215
20767
66121
7192
32141
68761
2083
13798
18625
6213
47464
88351
43565
59412
75061
53722
13252
2744
98225
52004
16900
66587
86147
89769
89901
88104
83768
35399
99134
22973
17273
23654
53756
20003
25204
33616
4702
2440
64483
89539
87359
49275
4768
66280
17483
25546
84531
47848
83153
99799
10571
40401
34235
23871
62526
62535
37092
52795
67833
6627
97806
53822
49351
14611
49159
74016
28649
97319
11918
90144
45737
95377
13380
22990
71873
707
22269
97757
84623
62438
54827
9120
73281
77892
21100
39592
7835
22991
9170
34889
35415
13633
51771
97567
44036
60413
91240
54964
56162
5189
46498
10454
99327
2310
57146
63717
84678
19103
35451
75882
8848
18714
50843
98634
79797
98803
51922
90235
47219
76315
64677
31315
11257
64456
83937
39994
37929
425
96479
16557
39612
91381
82036
5678
53148
5943
11999
32595
13852
43504
16667
62730
68441
67755
48662
97853
90147
16006
27958
4964
51540
53262
75238
99621
14006
33941
98743
88746
97624
46567
70123
91782
70582
14941
91170
62061
26373
33444
38644
65371
86806
95362
32411
17639
6677
37488
6506
92122
47597
57328
17339
11972
97894
40105
27186
15895
23100
73635
79388
97638
85196
54120
75918
72162
64585
43129
20112
53713
48790
55710
8983
80173
57802
29389
39699
81522
43185
6165
67317
37941
14828
43645
18201
93705
88463
93759
81231
33438
38547
96194
84874
43524
50641
78781
12756
3588
51056
86718
1292
16799
46645
9514
21417
50644
88675
21130
80468
28883
59747
90124
17013
57374
39853
4937
87562
25158
10989
66812
8278
46046
53916
73366
788
1254
88979
91338
29658
74924
34171
56866
67682
18457
42872
56932
34815
66236
35439
38832
48256
57487
19767
23615
65866
23166
68838
63734
48064
240
3365
55141
84942
18518
6444
16630
57842
56636
62445
88133
60412
23695
86604
45141
29907
8955
4924
72267
59831
22104
18177
41178
79240
49091
53079
35451
71779
19330
35992
54091
36599
23781
44251
22055
84109
37347
32454
13953
92675
34994
89605
97111
72713
47433
54446
98554
58550
16045
88208
6698
46019
18285
56099
7782
50911
2118
19891
42094
48016
34468
96502
15641
24635
90627
53340
26596
48192
76625
1072
75785
75380
41792
7296
20112
18593
54188
3295
27016
91335
47955
54840
46901
81806
81371
89778
11835
17692
18272
93595
37157
97359
94133
33232
124
14604
19877
79085
12831
35439
44280
94829
85026
42451
48751
16832
22576
3773
85635
61704
88900
76585
25095
72632
99975
28273
12032
95743
15199
40169
96611
19899
22737
69765
88485
18778
67355
58502
55240
42084
2926
18225
45633
74157
60357
22287
67912
88938
77129
89206
26344
12685
15121
58540
94270
66617
30902
9612
33461
43705
40367
83390
53970
37537
95022
35244
98716
54248
62487
49236
91719
91185
50632
82987
71835
53981
80397
81830
88337
71383
77945
82395
30620
71711
15079
52236
80548
64299
62027
44487
7879
98549
18905
54526
85962
63458
11312
32927
31537
87700
4667
97981
88681
37793
85541
49667
30937
13628
43519
91349
41291
70585
70832
60711
59363
9286
34593
70233
77164
24814
15527
26469
19609
31196
56409
3419
15071
25385
65834
22237
69500
35474
30398
1917
32442
8887
97253
69467
33400
59910
98797
40334
23059
97067
95148
91336
37128
64180
65156
67450
71835
10179
87908
3227
68121
85052
14781
34002
82201
21792
14781
47676
61781
51446
95714
66305
96585
91344
26878
20940
56214
45624
91019
51964
5400
8973
95763
76573
53048
40064
59724
84577
82962
99421
76905
29622
53148
51657
90266
94172
23028
69095
33476
33701
39672
61347
24130
42047
8597
67158
3530
60806
51737
54721
20288
25414
74047
3519
4356
36377
8409
55414
1697
73044
3767
53798
82414
37461
86654
14459
60846
84724
46632
84270
34600
19216
97217
29143
52985
72995
20590
80877
60329
57863
18526
46944
43684
7277
19135
51448
37607
43815
70968
15920
62715
43977
49658
81934
30783
15254
9055
57211
25629
31088
23404
94861
10455
12904
47594
38137
65346
2319
93087
41231
42258
67177
94381
22390
2147
57649
46617
84878
61433
85647
53036
18887
23882
42424
20968
36623
32380
87456
97811
58449
34714
6733
39920
87343
64015
20260
75108
94613
91641
26211
38189
82323
50835
65192
41277
69104
39303
73528
64324
94271
67316
67690
66002
97028
44697
38538
29555
87938
70926
61277
34547
73285
13051
43013
1176
15221
38514
49966
71399
99964
85815
52826
61856
16160
53670
27463
20848
88288
98827
44430
57440
67040
48191
22900
71523
94783
32483
88901
233
36983
37422
96646
58622
43064
48702
30401
82213
58553
72905
14118
12202
44866
58858
82680
46984
77140
57173
74908
77891
7933
46471
48715
35128
30062
59652
26171
25431
88165
68306
26589
86003
50898
99330
76354
2952
7730
49311
54468
14699
98419
88373
18917
31078
16899
12549
55304
74709
81201
59732
74450
77159
28828
84613
65946
32624
4948
12014
50928
8410
71621
81009
7514
96487
31293
87745
43954
15211
87729
98355
24226
73067
69100
17650
21027
80739
29387
35044
15602
45946
42310
32691
68569
93944
3504
42081
20155
87359
93890
15565
83972
86462
14196
46552
49788
4560
63654
68542
11231
2848
63281
92091
56155
33098
57835
89960
36882
15979
76452
99660
66483
64172
98850
65314
52377
21449
94187
31270
41839
23649
35749
66729
90739
11766
77745
30844
96778
27453
53293
47382
77631
7520
95719
79068
84023
88626
82217
93090
23603
53309
50031
83423
29191
63432
52369
30012
6470
33245
11880
57282
44332
74035
99046
72260
22534
50010
93038
52732
27201
38856
26830
19927
50867
91620
48859
98610
51980
6934
4512
23636
9196
93479
70390
70060
41023
96175
65109
60686
53592
74808
71621
14377
93933
6420
50361
97794
45455
87113
30377
78711
10582
31193
61741
53974
64358
15380
83012
36367
56212
35781
87843
97455
28152
45475
6688
95350
62690
67398
49945
18713
98126
68321
83672
37400
1670
5445
13341
51524
81336
10893
67291
38131
8744
21530
35265
51886
96800
94290
95236
62569
51914
11867
66868
44512
92556
60040
29721
55885
70590
95806
1434
33720
41251
45926
40005
69122
48611
59173
87914
98264
27721
24342
31458
9347
77310
67702
17192
30054
39316
1775
90212
90767
28465
3909
76815
19959
4339
86368
99029
37544
65369
24517
73123
89724
62913
31601
70226
51263
44487
52772
49695
29826
57873
61672
62087
53205
61519
4289
42882
74436
56620
37305
57512
99458
29770
56850
66310
9795
26539
43224
64984
87140
42334
67945
80381
71296
74889
94099
56698
63705
70057
98489
47503
79062
7770
94345
87329
1772
41033
10054
73230
86900
20830
51567
57892
44183
57527
61196
19480
94466
57158
59105
67798
64471
47763
7411
64712
80189
48706
58997
19407
29772
99819
64011
46761
79810
20438
40138
54498
92231
98873
56258
28673
51196
85573
58493
49003
75670
40485
90997
23096
45807
86639
93992
18470
30108
78222
65122
78756
50797
89616
46988
46160
16108
43622
94078
91283
37675
9988
14242
13149
49271
51399
87268
63452
13066
20983
52643
49586
74715
78858
42792
3794
70486
52690
96871
25015
22489
89735
32633
62872
71257
96857
35234
11100
97883
26257
73782
5877
23011
26956
26418
51124
71997
76214
62563
66920
54989
55884
12115
30225
89515
93740
49791
72767
63876
99434
23866
68218
79286
26277
11428
9023
31136
66591
7741
1332
21000
34889
21543
49938
57819
96775
49189
17359
59173
97014
86251
52971
38991
11814
30533
16898
5203
28072
1900
38541
42657
91080
11626
47162
23260
36136
17455
51435
78812
7523
26408
99445
40498
99227
42664
34877
5117
89194
57438
36628
7958
77996
36362
75255
6357
81524
70352
14797
60059
3039
99446
60567
8832
36558
67395
79470
28478
63419
67705
85097
85719
55904
8306
78095
13239
43729
20019
60151
98450
11816
44517
69530
96017
16194
92891
27642
58160
49567
8735
85569
44045
88040
90547
86509
16381
42906
8601
10039
5827
19393
4483
14576
98098
54921
73768
61612
5621
73115
34722
20855
87482
82491
69720
91898
71605
15793
53978
90377
62478
71457
24181
92285
81932
72351
16659
61835
84177
31032
25583
56076
35839
52033
88571
58089
58234
3015
65383
98108
80675
33923
53812
68775
88218
80820
76274
66112
60893
5076
26316
55370
68532
45753
47788
92237
71838
29499
9550
28018
49908
27284
17214
74593
29764
74176
94324
92622
23581
21126
45114
18720
3209
52023
29901
94731
93180
89476
62895
70079
43290
81257
60068
83686
93496
54598
50290
28582
68187
60197
65129
79283
11697
40629
41930
51033
58492
7368
15284
34958
2989
51630
44045
14293
48637
77788
204
78390
49154
73784
72575
77785
80807
14130
81078
16452
42873
14322
41542
16972
75180
6809
87235
16571
2380
74406
920
93856
79124
53232
40826
81804
90242
45556
2700
66385
90003
55088
25444
21007
17258
28090
22591
65068
64923
88415
78797
335
95662
77103
73317
21068
55679
83751
47149
16719
33722
5304
25386
42184
23433
45507
47990
89045
14340
16536
70358
13212
53119
84991
78801
90695
14197
99766
83202
59266
83119
5171
27369
43058
26069
59867
90082
11770
61986
50924
79558
78364
77152
39323
44758
77798
97837
39589
12094
16395
51411
56459
86836
56005
43946
35599
87435
7826
70784
1167
24157
31164
52993
10819
26374
10596
65045
16337
95164
94181
92542
8233
19222
42738
12610
54706
3969
40280
40041
67977
11528
23937
57372
65418
79798
67817
25219
62381
16346
55944
580
61078
28120
53772
23091
75303
64305
11612
5270
16406
63647
76197
60636
89619
57134
16740
90329
16814
10847
51100
71512
45542
54648
73436
74034
37340
60529
55988
63258
83838
54052
46687
78800
56841
86116
60714
9186
77174
70425
68272
30498
99675
72110
92810
64735
28567
58158
91491
33392
3983
84232
65867
4715
26539
20470
34304
33984
21608
21155
91703
41708
36202
88596
24835
6904
68225
11566
86366
59739
81149
27632
52485
94722
39009
59331
74063
67256
98101
33012
59980
60000
69686
31716
66238
26323
54752
79917
84663
62140
52469
74049
50926
98321
48282
59866
8082
20943
5675
59832
86153
22889
54017
88364
52316
2521
92830
86442
35863
16969
88078
60181
66229
52671
58882
89678
71035
91027
5813
86146
65420
99982
90206
79190
70269
11208
21431
78313
35298
52892
10281
94566
9659
81962
20338
68586
15812
46230
65665
34820
1983
41295
23598
76241
37489
15781
70936
81735
16028
46672
62779
65259
20765
17535
90870
19725
24830
89692
37488
44304
23894
26971
20631
12620
91655
5075
54098
58644
31732
67119
99997
32654
18997
35357
71065
23863
99312
8201
77349
44214
70794
76652
56377
45952
71647
48011
88889
60409
87441
89503
82168
75722
25687
83455
66078
11223
44026
23166
36330
77156
85709
71960
9977
16613
83402
86410
76674
30657
71015
50315
98424
95820
52519
74487
59383
39679
11930
33475
87664
17243
71766
54191
46207
69448
66194
37707
29036
50731
42076
77433
8396
22819
83367
78684
59533
99325
49927
41032
46275
26730
18518
78658
35061
22314
88987
64930
47401
10935
5664
68619
72320
19690
46342
77530
62887
396
55656
41378
6438
56884
25773
90272
57597
9195
50279
32293
91170
72599
91113
9174
80816
66072
88296
46900
57234
58317
40703
24781
84154
53293
38974
28654
99608
19157
82954
67773
13560
98120
64673
76606
64326
31138
20169
89666
85482
368
86320
2998
79298
93452
26975
76387
59768
97915
57994
54159
22570
73286
20538
98081
59229
2457
64751
72612
55191
55600
66461
22472
43428
68691
52585
42196
76920
85188
93977
22401
91874
88164
12775
70289
13969
25794
48785
78125
61975
95283
72020
90875
7802
1083
59161
58791
91002
8476
91278
28669
50213
3834
29122
58260
54298
64362
27559
38710
3984
85138
80412
59435
18270
4283
42470
95799
42358
89650
11395
59468
16607
7084
34370
96619
95297
47849
92414
13015
28222
77452
92039
67843
29883
95779
76343
6499
95528
77808
58107
6085
84441
14885
47535
77631
88499
37752
50880
47009
56677
18933
25077
89954
63901
57108
33254
85565
4129
16368
44687
47017
80379
87063
92983
48704
81136
96659
11069
92941
92830
69148
47338
12300
11346
83084
34705
71290
22946
58912
64699
26226
92648
14929
86415
6087
48826
8360
3232
34991
17506
98901
49124
17050
30911
93680
15569
79138
11212
15993
47207
17573
18590
80407
19622
14360
17863
68284
26608
83660
13189
93035
38008
65379
85754
1977
87257
25332
58956
73457
15498
1821
60494
60949
37289
41094
6371
64188
79421
80911
43927
49658
24483
97783
97009
35870
33865
46927
76103
88361
74615
82544
49358
89654
12503
94850
36883
28884
6671
86880
12187
69831
99101
48046
68899
99054
71719
95610
80639
47680
94185
90583
6997
59581
31310
46785
82652
9738
57395
17400
96131
92533
81832
92788
1932
42287
53060
15680
46606
53015
30040
82651
34175
49537
35960
37870
29765
93048
62839
36328
50636
7779
11739
77990
62694
2637
87163
25766
2076
64819
47835
39896
62556
35784
14995
70783
29372
11649
23680
4293
60438
66969
67597
67069
63811
2513
18747
90229
54185
36160
46572
99158
36612
26337
31852
15915
29110
83146
521
7137
98476
4488
85401
20872
27373
32543
6256
83948
89810
4598
73393
98666
65466
64598
1610
77577
68671
46314
95237
19539
24074
11994
90597
99832
85587
85373
31532
57755
53094
45798
43735
44095
42295
47902
43306
14819
38422
90923
75253
26872
30832
4294
48380
80460
94116
69263
49178
97626
61558
8463
66156
46202
84873
47095
97493
32811
93787
72455
82238
14965
95341
51803
98176
18900
85660
41963
81631
8174
76760
35029
19390
47545
84047
99179
68120
53828
33909
96119
35182
13218
15935
11305
59669
81071
47530
10231
95092
62253
90701
73333
85124
51041
11452
24931
8520
57352
41700
18975
86931
55721
58339
72865
87819
28880
65305
92889
83190
60279
55944
57629
52872
61180
35160
28939
45123
57484
34843
6167
17842
23513
93939
67235
40601
36042
25499
33571
27226
281
50225
41562
89744
48072
28792
64680
38388
20812
90465
8346
70816
51275
36060
72891
47629
44077
8226
27311
80298
24274
21700
49603
35742
67313
41863
30228
4697
73108
6940
43591
42487
47215
51525
93577
81709
43833
41603
68051
54117
37140
56194
13412
12166
89987
89458
89362
75559
20600
97532
42087
82407
53342
73272
98234
64159
83983
25537
95134
10172
24221
29595
37337
69331
62975
20088
9472
23206
21630
52562
449
17297
66422
43461
19739
65084
24209
21881
38122
70898
13176
87452
40003
58708
83767
31996
31488
16065
74987
28311
8718
25732
74848
85089
69516
38066
25293
46849
33284
32114
43148
70372
87179
63019
12912
80061
80504
38147
4428
67364
45942
50113
5409
11195
2393
6665
40387
41792
86631
65502
13055
50450
66241
32677
77056
13648
4957
23087
45125
3137
78709
72806
44637
75355
36322
52420
27894
72026
92658
82703
15469
38892
95509
73762
84295
49642
82920
29366
22444
79896
12236
8101
73770
78409
91097
1495
48276
20062
85645
60847
1798
88946
72514
10773
75694
7648
14013
1228
46563
99519
2477
49808
92608
67870
82150
62447
98427
44646
72414
4960
14252
55540
51713
34843
50926
99318
67303
66190
98006
17135
48290
31232
10957
33789
25025
81116
62320
92941
5794
29506
3388
8155
65147
56706
79347
98545
50368
24687
61202
54312
13011
75679
81633
51728
76697
29384
88620
79055
64606
32224
47755
52705
53995
91209
51966
83242
85720
80761
40397
92212
72925
80745
4022
43057
14705
69472
26266
74421
18202
57047
95450
60038
74198
79482
76478
34182
16215
11570
56110
27350
40980
76220
79715
37272
81328
72156
71162
89065
52941
52499
72751
13717
97242
58636
31407
49889
97617
80012
89461
43111
62077
29703
76324
90440
99171
47656
82862
58901
23370
32694
54915
42726
71111
83805
6003
31682
4673
66041
37595
85277
23912
81988
75976
13976
35768
63066
15635
33961
18685
61547
25449
24029
68036
98580
33912
73579
78651
20154
63396
49866
30976
45145
16113
15699
69302
28042
40453
94718
61888
76735
94826
82039
7635
85923
81081
65042
41849
11090
47435
63081
27672
38311
16843
75211
75784
1102
54446
13334
70295
95602
96442
91668
87334
21599
86925
94402
74288
98014
97668
65969
24956
48338
21141
18466
98695
45030
69136
7350
16438
96871
25448
70856
57530
69665
58187
54785
7038
89711
99323
28094
89773
60279
63662
97979
89037
20776
66288
44885
53671
22650
38783
11488
70832
41424
4971
67505
77075
56607
81811
58312
90854
94276
29088
26370
28064
76867
13517
94273
923
37250
11378
3949
60364
42542
56845
13455
18092
64364
77244
53369
16866
25431
47788
24759
81073
11973
60599
2948
30698
32061
17163
49309
20096
45197
93836
8213
13327
90855
55304
47819
2928
34915
45678
61480
14346
18078
48994
98867
45133
32541
23042
80571
72017
43540
30426
42949
74747
17119
57464
80315
41725
56166
45043
99996
59640
97133
4973
44100
31947
85694
35688
11218
45568
2068
96900
36494
32649
19819
98701
24502
80249
45907
96509
27588
42291
24437
93163
69737
77582
69668
27467
27388
1171
23131
33086
91919
87668
66211
68741
16502
65037
70929
19396
38065
70397
92998
15469
64740
18303
985
17419
72422
39279
87779
1866
6030
70826
21741
71308
69969
33194
83683
13081
80771
43159
74990
30232
88298
93
44258
40116
68625
93961
65900
49781
30968
42593
59360
4032
40081
8588
24856
86052
88884
55324
81908
10166
4069
386
35019
31048
40219
83674
85168
24055
98
28491
27935
41979
19537
46982
14466
33253
10644
55472
58441
21521
56944
52019
29154
71396
15506
85166
55946
86212
78020
47367
72328
1706
50367
53250
94125
27964
7714
60227
93774
1255
19815
63584
32766
69681
56749
34488
9196
89997
42632
94622
27930
2564
34359
2651
461
96573
59638
54761
48177
56302
83941
45628
79478
43229
20476
89275
49689
86717
28027
29615
97764
73429
35901
36938
27451
34262
77076
43557
138
78031
12938
3030
12424
72732
16373
21963
45109
54814
47794
17099
98792
28641
44716
31694
23758
55507
21750
81277
92711
96427
78206
19998
36927
83585
84944
53400
65989
49417
37270
53741
51146
49980
95696
57895
84826
60516
99773
51229
68955
60178
82489
772
50439
7651
55228
41632
27814
40141
64828
15621
42597
75624
44244
19358
2635
76259
45080
23908
80574
48467
39386
97117
35737
1658
77572
13408
82403
90045
92844
5485
34957
74572
85836
29387
75330
80534
60887
2161
44033
11296
28563
10719
72185
46765
34846
92987
84678
48899
62302
66891
56452
75193
30268
44910
54445
12524
19042
72750
63704
40899
92144
56169
65337
62919
60022
13505
17078
19806
8741
24910
13399
27623
19442
78695
64724
43683
90616
62783
56291
66299
94986
11768
73350
39740
62105
85469
82562
58127
84547
33371
24599
96862
76260
65620
44887
74991
62981
24791
49055
28726
42874
24650
79639
55872
60221
34669
2995
24203
224
56060
27050
73077
83093
29923
41789
54251
11002
74306
79028
71700
75060
40275
44865
14380
7730
23431
59562
97750
89452
60496
99843
74227
25122
87205
65569
31259
3336
6885
30717
21753
57179
33611
97222
87977
91729
70954
11827
10040
53219
45773
69582
38799
13845
96366
18128
62610
72340
39613
55211
74231
98250
50022
17428
94948
15312
13887
92657
10271
69934
57102
93383
58528
78979
61532
14026
12439
628
60562
4807
60385
27879
78503
24577
67336
95093
52885
26734
22096
71929
52600
44419
82379
30834
82945
9071
17864
7265
36486
10677
99941
83833
89030
73500
21894
20774
72512
53104
92567
33364
71465
93777
84816
18735
52878
76656
80437
20459
81354
22345
89096
89433
47244
32237
39474
79021
64166
37831
74680
31346
72475
5665
95072
34824
24096
42666
54334
11567
42754
8188
61538
915
25176
77043
18258
33820
20715
61917
5897
74958
3154
56903
29156
59864
94314
13738
56783
47632
21122
21420
17985
5390
1732
13180
67024
80659
168
5533
3066
86141
71655
51794
21074
45246
76604
18055
85029
27849
45295
76103
26585
96209
63025
26914
95795
35384
74915
1675
94353
86120
25980
38245
4313
74895
54244
73269
52066
29621
47588
98063
94010
57341
92637
44472
19327
75729
82422
29885
74885
49765
92576
32398
66305
60883
86714
23735
75703
12730
84872
13917
30859
74564
32498
91268
68165
15241
65244
5818
69167
51946
33754
20098
71987
63050
80685
24095
14323
43171
90272
57198
61497
28858
65540
2219
5711
54476
44919
10410
97544
32564
94152
29717
45149
14864
69773
75632
53096
78393
55531
17083
3667
59072
594
4881
84966
42044
41999
53498
65241
86302
23101
60361
56855
23132
67264
14036
24342
37257
96511
27993
92132
99062
3407
67361
5912
96255
45807
3341
18807
62372
76925
85546
90455
92698
23901
92213
1672
33983
69760
1003
80435
7687
35073
39518
24372
2349
87449
62677
48217
47908
84845
50526
1595
87730
7503
16302
55333
72492
99041
47230
52342
12322
74023
62406
42797
26433
91706
21611
95857
37505
77084
26555
84640
46007
54350
3760
99016
56810
77923
17963
65576
96630
42358
2771
43053
58287
6197
46642
2444
36006
19017
77766
7305
46565
43638
2329
85890
26562
98696
70045
41648
98692
14716
64022
35396
91170
96803
3767
87167
23550
48645
23250
99648
92847
48581
29340
93395
26373
988
28068
6598
89175
63542
88394
37026
66192
40304
50255
27499
29851
71107
6800
31967
49431
1507
20128
43125
30052
93930
43543
14340
26036
60849
97784
35310
92549
11336
97411
44049
62236
3429
90350
23452
58004
16759
30171
15109
97892
62988
22005
42320
39279
87423
68987
30917
5188
25089
45932
65648
92786
1537
48306
35994
34602
40036
55624
65476
18184
77413
9745
26615
90319
23488
91983
4944
28823
33169
21142
93017
66972
20001
41920
93018
44833
25112
24400
54285
31151
90300
65224
19824
80239
38934
46177
48963
88204
27217
52369
20687
47769
5744
78283
19158
70598
90500
53159
92666
82416
70918
147
48455
24358
87970
95431
65290
33870
45487
6110
90437
74421
83399
93939
86633
49840
63819
51097
64039
45437
34457
19236
72930
16825
80896
41829
84214
6774
62663
35818
10732
79292
97416
36714
13837
43970
23301
84182
75362
57149
28458
67474
92571
15796
46205
94958
65384
19758
88670
90032
7928
3562
86259
84575
98093
23078
10308
53863
9689
12622
83218
91084
84877
28134
51972
30059
40909
37791
80232
93503
43009
42419
94401
4853
86191
95088
62013
33438
14389
55243
67290
80651
66639
40889
91695
13528
27608
70096
155
2980
75005
67589
54553
4970
20534
59312
67176
51309
25396
12958
83455
44591
23564
14921
48794
31021
36350
75484
88309
13515
58145
57861
96007
84116
36665
2
46158
88099
39657
53735
25288
15536
41360
65574
97784
73750
69745
64205
27598
60715
35444
13745
56118
67676
30486
40557
40064
36588
70325
4759
42004
33366
67098
51011
54668
60770
4006
45704
99199
57434
63423
72956
93275
90443
32473
23505
2860
31567
54875
56576
45402
98035
83303
43185
89344
85264
72983
3754
79975
41820
1805
78463
94405
88345
41094
82501
90590
59950
30075
65269
6494
14415
6082
10374
93635
59477
13330
44551
4900
59802
50782
11058
18792
51104
9767
90124
1149
66471
98735
5309
88744
19893
53173
91468
50172
24423
3890
80657
73017
6050
59462
83412
61727
26259
12242
50689
95244
61549
60135
67086
8746
1634
96241
50667
66046
81098
13832
84214
66691
91552
26552
8728
30484
77734
25187
98003
27804
38273
31016
99906
40765
7865
3494
44643
78944
48245
22121
85943
57857
58171
85284
60078
36619
80529
94768
67158
10286
2588
23732
14752
66936
2482
69220
84467
46386
73246
91163
80057
91223
80609
58169
96321
19142
46906
56603
63733
41307
29592
30223
4066
84748
97828
58364
14693
26430
47726
8206
11336
59165
99421
44060
26370
93495
5949
72360
27013
47604
15280
16625
18560
36890
25775
17621
83920
25258
72253
27698
19063
48790
45655
58960
77148
1909
37030
56665
25850
31363
73881
81588
62100
91667
76868
72218
36528
95468
43744
454
54899
18611
36456
73351
39201
9678
34604
21831
38593
43207
17823
75849
31249
89801
91502
53645
45752
1937
74393
24936
27110
65603
41464
14161
12222
80354
83489
13172
36961
34746
3656
73071
13415
8444
68897
15023
43773
44355
48177
25229
38846
58485
58431
55316
79003
21465
32418
45193
62456
97068
57794
61452
15595
74853
3345
80873
46112
38726
28618
76234
5025
4985
70132
26348
41898
622
70917
3435
5126
93990
50473
64075
35064
37763
40181
49155
68454
9087
51762
87110
26275
96548
86934
77807
35264
45919
15452
95052
2457
88600
22891
84315
76379
53166
2578
13086
21771
72234
42184
14239
81440
22958
54785
32179
37640
96595
16542
85654
97805
70061
93869
34287
10765
25787
67437
80404
5295
37445
12078
93507
20944
98703
9064
32932
40478
59026
61433
14043
23292
18620
12866
49112
61005
7685
28475
64237
7315
84124
19675
3013
56661
91178
30626
25015
6943
63317
77572
46546
2752
52849
91911
9973
75678
75443
7610
65144
27094
33447
75493
96125
16739
68709
61918
54182
54465
8297
15125
54590
74897
53370
36198
90678
37176
69657
82134
56056
62410
76672
97919
56642
72456
76102
3033
55270
6155
83242
45424
55428
98173
4232
57224
61054
29048
33348
71784
81988
73358
18822
55912
13161
89806
61012
32924
8224
79221
26054
38890
81684
73334
48897
55964
42678
57013
14066
93892
82945
95423
75696
17792
35176
96559
42041
31767
10410
13111
78756
36408
72531
81053
83746
94261
93816
96520
21219
43629
69074
51934
93951
15728
52884
89657
32916
87749
74929
98696
92486
53681
57251
97123
11420
17978
47141
10825
58194
97488
52995
17653
47460
69118
63129
59759
75607
40330
34210
37656
19283
90895
93551
87263
40194
91406
52214
65220
79862
45162
11002
81479
6130
19218
56998
98406
81604
64953
79288
49350
20484
3337
5983
58075
27650
78052
52014
73170
96115
45606
77212
26918
34353
44836
24516
80067
70191
22768
97043
54760
45248
76748
64885
53912
71356
74338
30057
6968
71069
22303
20189
75035
27312
48967
62732
95597
14131
45153
78131
35767
56138
11553
13865
86693
72021
52953
79144
87973
3514
68460
46032
80788
60968
36792
92788
60587
29696
81406
90340
48287
11794
78290
37295
56459
88953
47331
28232
18697
46012
76207
98091
74156
90290
69794
74555
78745
58812
49525
53822
42976
51820
19625
39474
93599
59866
80452
56904
59363
68598
75539
69026
34558
57957
55231
31180
81318
1003
25930
91188
50516
77706
13238
42826
20317
36215
31908
82473
3214
536
8296
37073
49201
23773
40492
10395
45822
34813
30870
66722
53714
31631
67015
93759
22563
9191
62045
94638
51214
25907
97829
90259
90278
94935
43595
82838
12188
31340
67356
3832
10535
6211
1702
78440
60426
76304
46485
58937
53069
53127
85755
44378
74398
92222
68711
61903
17173
2636
8646
79082
31092
94834
60656
69478
95341
72033
58000
3775
70836
64519
43491
35375
61031
27470
37184
56859
74876
46214
10744
64387
93310
84290
5523
19378
63953
43650
40562
75066
43707
37627
54562
28523
81561
50028
79104
43339
48014
45498
86185
96244
39093
48925
59965
2170
43836
9383
77324
3815
58418
73698
93744
74702
75113
66087
7691
29061
63729
39501
77736
18421
3173
68956
47850
12723
6479
99682
7681
78782
37089
26896
15987
14671
88837
25110
37404
99902
2799
19690
79327
25134
64969
43679
27931
36706
70979
18260
52772
49018
76629
99692
73242
29045
7901
77453
41936
80462
59196
50807
92625
80629
93898
71851
77321
86019
1635
5073
57000
29208
29420
35758
37629
39076
99522
28569
38484
3593
1413
64357
22191
31117
6763
51713
36998
69233
11842
90314
58018
27982
34772
77588
11158
54485
35584
58555
89742
90985
5154
63050
26458
46921
74390
4816
42822
2591
54083
82355
9352
17442
838
89742
10200
79970
17996
25412
70203
62679
84743
66451
48602
96662
546
25880
75691
58460
84731
21960
78617
88828
40141
7322
82927
22891
9205
48231
53679
16741
395
31625
3513
97635
61587
3619
49489
29368
84817
97673
15808
84786
89443
99826
58418
74610
74563
42101
35620
5020
44483
64622
82185
5416
15357
20140
8377
70339
5338
9768
487
42954
25796
63482
14275
37688
67127
25296
15519
31629
50631
18559
96188
80719
80952
8559
58581
37053
21089
79661
55414
96801
31714
43671
35205
75891
50854
9161
68420
87367
55376
180
23086
95722
25301
91174
60837
6365
89790
92905
64578
67195
2402
78978
29884
76765
70842
38538
14813
92906
40848
33284
81280
69805
39802
47659
44559
13196
20569
25451
8389
9410
89588
64969
57031
46985
61237
1149
53836
65447
96134
55990
56851
18883
90300
82702
18198
15076
82971
47902
73462
6827
92434
39776
45430
24028
31609
80806
12937
61460
92345
94883
55306
27227
30868
40869
45175
24896
9323
64131
73647
3069
37825
51540
45390
98172
33724
48177
65477
12861
37574
94893
23028
6229
11569
15249
18304
80964
7493
45268
65914
45955
75991
6312
56023
75330
35975
71460
29178
56987
92
87396
58659
82626
60262
94094
54872
46509
24008
16213
84340
8644
32739
43858
92554
37717
54145
50281
82442
84437
65128
31247
77111
62716
46530
44148
13866
89919
52917
74443
98445
82567
91815
11716
26985
35381
65908
99868
62023
52359
76479
38838
8399
7449
68321
23744
58634
78365
36275
11496
40446
47639
31321
92515
20438
17524
8287
92588
58172
79490
85038
10179
58220
68114
25782
93119
49460
17915
21576
83540
42143
50579
3141
53141
67203
79981
48815
94306
69427
27043
44302
65196
26254
64039
54631
5231
74718
54964
12963
51945
32247
13719
61114
78753
39198
29993
91354
86616
30884
53233
61260
85888
4750
41632
26139
19305
62389
3844
67560
57402
98955
21267
13412
69324
91696
82575
2602
37696
25259
14910
18687
82291
20182
29331
70000
63154
28871
77904
37638
51881
32364
98197
14694
33526
96182
11995
50343
55999
78493
26777
70165
5743
47786
92194
45153
11435
73196
50053
7837
60168
79035
72108
76344
60906
99074
21932
7207
22705
90436
80868
16268
98706
10158
81684
8050
5127
9689
49904
90237
45309
81938
93130
86519
15235
32339
30094
50050
2713
66040
22341
62858
76937
47738
58992
29360
23657
23750
26206
244
40150
31081
3836
98224
26019
65833
96648
84945
49019
39738
39417
91864
18201
49436
50594
60958
87152
69359
48192
50518
46297
82523
8542
3262
5687
45906
36718
54899
38972
20267
60873
66630
83511
86192
53530
97250
33371
95166
91450
39798
87331
941
48366
96628
25904
25071
42416
40038
96825
66753
58751
67711
77715
68893
54908
22939
98206
45286
98847
28167
75080
98640
28890
95346
78177
7110
30872
13279
42177
74804
5145
94679
27243
98764
66088
82494
4006
18937
82255
13526
70236
48374
17478
25319
18472
98312
85118
88285
54654
14619
24224
46560
19918
51472
23091
99495
35413
57289
79462
22299
17007
42330
52113
99353
87479
36938
8746
59934
4794
29918
88684
25999
59597
99142
72271
55433
76517
39827
8009
70788
38862
71371
53879
87261
88345
32662
4167
90842
51875
95678
3416
60471
86789
26226
66377
1943
53322
87698
2042
538
64797
24314
18321
37295
29995
3722
24302
13603
19324
55265
76888
56660
36924
89442
1806
55719
87740
90699
14462
43401
90936
65227
77358
25600
7411
2403
99215
4328
27494
57160
72485
98214
32772
68794
72807
4593
65109
68455
36969
65875
68135
57727
18742
4121
35923
92950
63387
14920
42643
58371
67416
38917
43833
21507
12179
82640
39620
42032
20319
82107
97937
31719
65599
60276
65746
84755
37441
14268
81268
16227
34018
78786
69639
25197
2074
15472
57001
40964
19631
11270
4013
42224
69824
45765
57300
78687
95513
2473
33804
7209
92383
6696
8603
20881
75687
79165
37298
58809
88182
21075
84316
27298
80697
7592
62548
20220
25155
14452
66079
83703
59499
38921
61003
81317
11643
90439
13528
96748
66907
19279
55307
57806
97801
8138
6922
95751
73907
47938
46169
74278
26176
31945
87125
22163
11956
32119
30291
98449
17677
26143
74928
15442
76895
53650
37741
90611
69319
29790
79106
25952
2596
27623
81954
12109
60033
54362
53999
96838
95943
51235
99052
91654
99721
27831
44244
96075
97583
52799
79140
29986
98377
8190
12295
83016
42032
68057
71103
78364
75059
26034
59884
28032
64318
47780
15744
45196
34203
96558
1373
60286
55348
85485
67224
22611
54331
5700
31826
45430
428
44322
54276
59899
56111
19761
785
52431
51118
94898
14505
91405
40084
57664
46294
57950
3315
16362
59506
70560
25901
96306
80831
18549
24884
61372
1559
74337
92940
16859
34958
46917
85893
39375
27648
46262
30062
22224
4917
97250
53388
53010
71292
51093
19036
37960
69733
97678
9758
7009
83052
88697
18645
82084
37878
22704
44463
26651
37805
32876
71289
1357
41614
8129
6626
51854
84408
57594
38027
16770
62791
76274
41928
11195
48480
45381
54656
71903
44118
96545
40609
33770
49109
34967
21513
41362
68782
21386
79185
85105
42829
25556
76401
74850
98520
84618
1073
92525
90221
26656
32759
52236
6725
37665
3793
8530
81978
77530
55819
54720
21812
8342
14968
43203
4599
58943
64883
84008
14399
68742
91841
96134
40646
28326
88027
52191
49853
819
32384
34700
72258
22360
17524
53595
15594
82451
70119
72410
65343
3009
4494
28246
4722
82117
17947
65786
43287
95720
72071
84758
64269
25715
41756
66942
83140
44346
45494
38785
82805
11336
66035
75670
78354
96683
80138
40324
29402
92396
31969
42786
32153
13117
46129
11267
68707
47072
6513
64542
14463
24054
19574
74481
38005
68000
63829
77609
319
51673
30042
55466
30652
19840
34851
42635
10621
27223
67785
26016
80677
11070
49808
12961
32739
97085
98478
82028
82792
21541
3415
61785
94975
55442
40795
73177
11485
59452
11453
71733
51086
25814
87741
67004
42144
59561
37089
69509
16061
22620
16614
41556
16037
58590
50772
84006
688
85025
20374
18940
15548
16873
44874
42182
88913
69360
8915
34008
55150
83797
16141
73496
17697
46745
4462
2897
39586
51712
98654
53445
24534
72949
83094
43270
5694
24305
45192
38391
96068
22495
73200
84368
92171
99913
97890
48425
50293
16934
94006
2399
87042
66150
41577
94605
28680
65453
84584
96128
58933
5981
17839
97196
5325
9720
610
8159
70179
92153
74674
50816
40561
70261
91289
86712
43038
45669
83439
40193
70081
33958
1294
52904
72298
83310
6962
6118
42154
83531
89326
83942
83031
93460
13519
73947
62477
31331
33884
99787
46136
19686
36182
5078
50453
57168
32755
99453
53104
2314
68531
13746
79586
35683
67638
47795
95156
18939
92011
68018
51323
95016
45000
97681
71513
99342
30358
1369
26789
35080
56831
47930
17161
28041
21952
4728
63279
43992
75336
20898
37045
55295
530
88131
9122
30887
26436
42041
9949
99411
22811
70557
42594
24832
70746
61800
90167
99385
51884
86602
34685
30363
94791
91298
50489
20399
89506
91182
7544
49116
79465
79062
36286
29967
15176
87383
34139
10942
79066
57864
26053
90060
13506
56927
48851
64101
74625
76599
29277
18393
3581
17690
94407
18479
60087
32826
41048
62234
56007
64852
71043
17402
62570
37227
19519
48557
92230
69812
98354
25869
70862
80878
18374
91009
24849
65141
42536
38702
25109
8173
49153
82079
39672
73030
99591
15872
23031
19655
23679
9132
55468
12558
5573
3887
88082
1913
77188
2431
67585
82252
94607
40875
61081
20327
48734
49210
59737
45482
43153
39131
67143
78637
66607
67269
215
5115
81670
26679
66600
29490
57270
2383
67778
84533
67664
91905
97502
21556
66950
7937
16281
16593
61834
82201
47783
20656
46415
20856
38963
75838
61341
89360
34138
90964
26497
33420
36961
30780
45164
29564
53832
83416
27171
60732
52948
3444
8876
71227
65082
95866
17938
85631
714
25311
20950
98654
69999
82084
86540
16728
2376
86559
32340
49370
68737
47393
39565
58402
36267
99769
42158
78080
19201
17490
73842
83076
76013
10165
25073
38578
87338
98320
22193
31128
46124
5676
3019
64585
52137
97604
22359
88366
38559
77943
98547
39224
37833
3681
11252
50670
10580
26795
29145
30843
73575
47256
43418
3076
91111
27195
31004
60747
93952
49415
94744
96382
57053
17573
8875
88223
10779
97662
64026
958
56891
97542
34306
61086
37519
86456
77921
8779
1731
39451
55181
54973
2694
58283
90645
6928
27129
49741
62747
70710
34140
44320
93143
70183
82595
71085
21607
67373
84785
74987
49561
54664
64768
17477
30377
93922
52400
26148
33680
27464
6632
43755
59315
35633
13907
18231
47269
92096
20117
93642
67841
24713
15953
82243
94451
86748
29846
18790
6878
84603
88061
57513
40211
35356
88022
40709
29828
73999
8292
50432
30425
77584
47152
49876
91300
92141
1736
88790
25090
68080
28075
63301
9535
38429
44832
32079
58814
6258
83440
46356
36093
1032
61919
74630
13013
17252
26046
14186
12497
50464
9371
16099
68997
63161
36166
98630
12186
6529
71735
8853
13707
42093
1100
6008
63635
39896
68934
38507
30008
50474
68985
45819
4377
18764
78597
63863
36915
52547
71104
61469
25993
17763
73362
38684
27413
23259
79938
19226
8723
34182
88306
73108
95575
7858
22608
82240
12798
60162
12956
40780
34174
89019
40958
98439
11230
83500
16600
63623
57108
95321
76845
38362
15824
35360
4560
23463
14882
79059
95468
23402
77928
76902
26652
77573
82739
83119
84420
17989
66919
73206
29657
20852
5630
7000
57351
84822
53142
12500
17232
59745
82197
87088
58065
74454
99529
8265
78827
15503
97520
52859
78923
47842
19117
45662
1196
16389
57020
55328
8106
51159
69122
86047
31218
50572
52142
10503
16387
262
31602
61618
31647
19809
91331
42995
3213
85887
38878
32433
29745
35802
76671
19234
52454
55205
52281
93563
47089
23481
92130
50414
47903
53117
6424
55849
81179
21053
38740
80079
14652
50564
42412
27498
35146
35569
81642
96210
7997
22007
13993
36406
60939
83111
96794
73896
8671
60015
10217
57405
36937
6294
16252
26297
12292
24021
56912
80485
212
26075
82511
48150
4724
86500
96113
42563
98532
17951
73123
9848
98684
41247
50823
62236
21442
9362
99062
88802
48798
3045
21673
47243
39396
86635
34840
16863
39400
69264
90008
52663
74199
16681
97770
49879
6925
28746
16737
51236
88333
85728
56805
77254
23309
9127
81572
69093
11906
91816
98451
44391
42298
81486
35068
21245
73863
12059
88864
30873
89309
38781
57821
90429
3427
48293
59334
85331
68178
94131
8138
33346
22523
39890
82560
34133
20533
56665
37063
82331
51987
78394
49825
27463
47804
75592
44980
6827
46241
16909
61164
56692
6742
80518
95564
81605
51589
21283
2624
7331
67965
63898
4224
138
58965
22412
44966
74649
64067
44734
8151
97718
23758
40938
8818
98785
18927
85669
37116
45571
35801
24362
8314
83535
91736
88916
58030
12119
64007
75891
81700
87693
18924
68661
48206
56840
73170
80882
56239
70916
58010
93459
98578
48770
60947
75768
92553
84100
18832
97170
66566
47254
61011
44693
87079
97008
91098
95041
13804
17585
36242
80149
52816
21259
14793
68044
19812
30350
11026
77549
98718
69900
91212
47838
24147
70383
90681
52652
77943
12239
638
92767
57171
51691
42822
63580
62289
89311
8021
65204
21879
6542
89125
19775
6587
80116
73982
24559
68356
89394
5980
63252
5295
49791
24915
95215
18678
49859
85877
7014
14664
29043
56263
85788
68762
65907
91384
87067
30645
12436
95106
43863
66498
32103
91645
72497
38136
44172
70472
96696
62312
5766
38255
73703
56363
35418
65372
7885
38404
48229
5285
31872
5568
70161
14228
34811
41579
92880
93011
92247
44859
12255
71710
64124
42249
27907
52673
60759
83222
70318
30451
30097
58904
7025
37206
12530
75059
40124
60801
1913
78228
19335
61748
28268
73550
9472
57214
341
6085
86901
5924
92075
14866
22754
51592
35919
64724
59223
97091
8682
92380
69858
1529
26161
50004
43764
89684
73504
10912
43475
2643
79217
84791
95097
67454
78205
38839
1164
23550
54991
33289
66350
55010
11827
98677
82113
26769
67476
30933
61216
78013
89674
49207
80678
55472
59185
24899
78984
99759
82071
89778
40859
25868
56514
18911
83773
96910
23
82198
3831
25664
93149
91169
5173
93396
92953
5501
91067
79668
62341
61637
42577
48798
21716
43085
63882
65023
53395
32789
1859
13938
63724
94769
56633
70895
35805
73328
28959
70372
72478
47552
38791
81434
10333
15268
65486
94793
23333
19530
27561
77044
34214
13181
53624
49638
47978
79120
53881
4017
62427
35874
62721
80371
27557
82969
58632
90700
52009
87502
55348
23462
18870
87422
21080
95183
57947
62449
39434
85757
5204
82069
8640
10641
98557
63414
79889
93860
3403
35890
20267
44862
72831
95578
4891
84974
85222
33534
66902
28424
65532
78706
17557
12007
88913
60687
46452
48510
36679
23545
39908
70275
59428
43099
88817
31077
25785
80726
84517
95674
52007
29968
15304
93172
25695
85312
96602
97666
11430
61595
7043
95472
12400
42228
91951
35857
62965
52654
51806
34410
96206
48157
73600
74994
90501
24272
99776
29857
81356
20176
66403
14320
29576
74922
52737
65588
73113
63010
79341
22511
56437
66395
55105
3534
10081
53194
71809
26590
11144
50836
41759
2704
59179
15001
47050
46702
6574
86573
25747
26571
35683
22598
56408
14505
95016
81407
15858
49548
73809
13414
53
14553
94286
49523
12147
5801
65869
54624
23288
30081
39391
45780
52088
51568
4347
91170
281
9822
97785
68942
86929
72928
11702
93695
15517
86410
13331
62261
14531
66973
7310
57046
51777
11897
31233
65701
44337
89553
2751
14348
94014
29656
51147
32122
83536
15566
46795
62144
19294
40417
65808
9700
54689
54676
51999
94035
76025
9433
64091
78256
47917
47454
98819
66160
21494
67605
78006
20119
39708
44506
33239
24358
56820
97509
78635
5003
1515
27983
26197
96092
93345
4989
35636
58287
65467
75482
14147
40390
29527
8161
46170
49448
50751
34358
6131
67059
73597
9826
51351
60505
65920
14101
24570
55063
81032
84135
66359
17948
92614
52101
74396
86536
633
53520
46780
91758
6922
2289
31175
26917
40428
40886
38773
89211
52561
14676
5039
72847
87919
26562
78013
24015
30301
50671
72274
87454
96594
98401
53535
2161
46820
12175
87579
53725
95455
17223
64018
86909
94618
79054
78073
91361
82832
98026
87991
69966
50505
65966
19656
92023
30085
28268
93575
97495
41465
35370
37890
58356
58752
44739
93471
80250
72055
4662
31856
64420
63997
93855
48020
31825
26501
40483
67318
64443
88183
14483
15656
40047
35225
97758
27350
13582
9608
17314
48426
72024
24035
77955
40250
88854
95940
15001
78461
11522
55194
9965
15889
98457
39889
47482
26526
93002
78063
89028
49422
95679
44081
51182
64097
82591
50017
2576
85618
95054
45159
39304
27546
66582
87649
29132
92954
93978
8944
71249
29384
90023
66125
47372
45492
56884
17955
96032
10180
79137
68049
26277
97713
53986
28214
80902
24377
49715
99692
18776
99249
77590
54818
59474
583
90107
26105
83282
86793
47229
60857
30048
86605
59499
95159
5643
46940
11305
39237
36364
39357
49041
47013
34122
71120
11973
95355
60627
30398
18690
53022
69086
37025
27635
4204
89086
71060
8227
83215
27368
35718
81323
64997
7493
13504
69585
80580
90778
10968
93315
22566
72356
31133
50523
83497
89538
46956
80534
38567
28675
31341
90289
58734
3851
30
89413
59749
1576
72903
71180
47318
88612
47570
75089
18195
29420
31791
5633
10933
22453
61819
76660
28927
78352
24239
65049
47942
70361
57871
73175
9831
43433
28948
28954
78853
19727
53340
53565
21822
14150
42575
81468
22370
63535
27375
27227
8742
64981
38181
9702
49620
71787
88428
7996
52326
53311
37843
99896
1880
46170
91928
53653
79457
74850
7378
22990
4829
59619
41240
17699
16225
43488
7396
38957
76181
41019
94688
21921
34037
92027
92835
99987
91982
73197
56179
53831
56562
80032
14081
34885
16209
94894
36607
51090
38041
12733
98303
17791
26726
59069
38512
23609
85225
70580
62068
27947
23319
90843
37179
91946
34379
27062
20483
33100
86075
73182
53459
12419
20629
57894
34717
70006
96133
17425
47907
65511
88248
10849
75371
41510
14525
16279
60050
82039
69511
17635
17091
94726
22460
81032
50530
91769
80950
53216
92327
94033
48377
77916
16242
95293
72677
17942
69038
78757
23746
92785
90920
42393
76175
24877
41089
7634
40897
36872
25421
37661
60945
52849
96198
91447
4433
57253
4310
55508
16986
28081
25965
76085
317
78214
25955
14918
86512
34584
44536
49430
95750
67248
64377
17378
59446
70420
38128
68854
44994
49343
38886
42217
44910
38948
92557
84890
27532
3568
14344
32429
27877
67494
51700
61111
16844
10162
70178
54939
44819
7230
38549
13467
56096
40578
66191
14247
32610
99065
19845
17570
35027
54591
75164
33930
81328
43148
54461
52782
70172
9656
19670
84641
83746
13515
59812
10006
54480
61086
31520
38951
30261
95188
33102
98309
66098
72535
32240
64770
69859
91193
58024
30680
80640
81490
80408
33670
6594
14050
72558
11403
35848
71937
58544
46108
50839
87592
10542
85684
51337
8903
90520
16920
76002
69021
33652
93765
52501
66441
7122
4477
34679
70165
7058
74325
2659
22793
4198
38046
54612
54077
30074
47360
1290
60972
63793
34395
14352
14396
21969
30000
65673
82905
9322
23864
50782
16755
40977
37081
78887
28270
48431
12785
18149
78588
99671
8547
3956
1511
7285
85427
55275
86884
94472
11137
66964
85212
45802
91007
39641
67797
58047
8226
98039
651
47787
97757
74498
52429
67972
50077
88340
63328
28143
40487
55585
2808
15963
65710
82212
52755
13226
20902
54205
36691
29739
43806
93339
19150
29678
22850
41822
82264
46658
55880
26171
8806
87207
4461
86400
56767
88232
52317
80126
27099
44579
94032
49838
22204
65766
65162
42838
76837
59246
25274
17314
69465
80432
71634
10512
29733
97875
17721
15844
35464
91673
38350
28859
39791
11639
99798
6968
10892
33443
70313
93364
84855
96120
80207
18129
92751
49227
19242
80370
86577
57719
2953
57862
24401
20432
47518
83934
2019
37842
55545
55088
62612
29114
72226
76732
38794
76978
53030
38022
44036
77958
81496
13869
33182
72383
65815
33599
84559
13696
14340
91471
99625
89868
78642
52169
1959
12857
68079
85082
15381
79159
30589
80559
2842
87107
9332
16276
60618
11765
30441
47087
28055
6789
36049
41330
63551
80503
95184
92758
84036
32447
78227
78611
79610
59412
99080
16942
11609
7654
95698
6417
85356
23150
32709
83977
41874
73087
93152
28335
1942
76707
89503
7122
48688
32187
40057
42138
39753
28413
77021
2342
40581
7595
43730
90461
82692
97327
90094
15137
49023
3853
33494
15349
23505
33327
18916
79107
67030
79856
29621
87761
27889
19442
12961
70426
87800
98410
91653
54381
4644
308
64680
25150
18945
86608
2341
34335
14821
64597
87442
76200
47876
89228
39970
95101
65332
36516
29117
99949
33227
32841
10160
35519
37440
61898
83307
92185
27504
82819
43016
68971
28766
39596
18792
37623
44563
14767
92992
22591
95600
63989
2848
81936
60814
48879
45333
44813
8079
90428
43062
97372
10749
59731
86911
43246
31175
26392
74249
90587
30525
12291
89144
85336
54484
6543
79109
65912
78443
65004
30290
36863
59216
21571
79551
19831
26632
29912
12443
75814
83918
5095
21761
95902
64236
75982
24545
65528
60007
72868
58280
59827
80850
89917
51916
75365
8163
7517
67050
34002
60937
79878
81608
51634
62748
91042
30494
53844
56955
96924
61974
60362
21843
57296
9487
82031
99191
76837
58694
51301
37682
80644
9075
43540
80612
90492
89642
91786
95372
81044
20970
95982
36559
14975
73786
28467
7513
51818
8678
59090
73594
23212
14341
16631
77316
42876
47341
70885
11315
69211
499
99815
29988
75989
20710
45105
16795
53104
29563
42996
66087
71228
96951
23841
66291
34065
86468
24488
48950
98532
45725
71976
67412
76288
71309
44974
43203
10645
21980
9517
37005
95552
71887
73392
52853
79800
59666
73943
57847
28149
56958
56739
89765
59009
49063
18500
12558
84007
14530
96333
4578
97412
5280
64116
97243
43530
26445
28112
66027
73486
81556
45337
17418
32443
55666
95178
54740
43061
13884
37243
54055
18460
83790
65180
48137
42621
61641
28684
24797
64094
15951
13501
3498
61311
95830
59019
58268
81294
87955
34404
74851
70031
99425
48831
40240
34681
99843
91037
23289
43289
55742
21651
17526
96443
23262
33256
1217
76129
58526
77434
10246
9405
53628
36739
23444
69299
32345
4830
75090
40685
8199
61400
30816
54402
10430
99432
15085
50668
71411
93562
81357
51675
85268
3841
11183
82260
78081
68196
88753
87669
58060
56995
45393
63298
68221
2156
33751
23909
420
21659
47628
54363
66861
33813
418
66526
6204
18288
91850
15206
76854
33561
9010
70422
21400
92660
2731
2160
96710
33939
88454
37542
62870
50055
54182
88462
75106
96112
52573
68150
39915
17070
80130
78294
63196
4400
76262
50860
88104
56062
66509
62330
16443
72379
69950
33011
18448
69276
91073
33992
28476
6905
22531
17096
85550
3481
77262
41174
85675
61747
64955
54305
88869
4515
44596
61210
41473
79253
75542
81154
1609
98633
68588
87061
93350
39264
54452
930
83085
72136
95329
2352
16303
84562
27763
23164
91457
59891
35463
71576
72795
34135
71876
18741
16376
50241
57969
26305
41622
73305
45013
11856
30306
66214
37521
61750
29179
44942
94577
58349
46333
72221
2574
84142
35692
91806
60820
31237
63800
41376
74064
88722
89186
64066
44280
37323
90360
12485
74803
48064
2200
95456
40105
19557
19757
3831
32325
39066
95933
32041
81317
80968
75449
28683
95734
48445
32661
1941
51364
70733
41488
55522
73281
47100
74075
99093
71826
41294
77258
37543
55611
11261
35727
75956
35077
52603
6624
92881
99226
93327
11830
49228
18000
2354
75545
37412
73857
76888
10940
24417
60721
69876
31486
69871
33861
22734
36311
71613
43416
17461
37557
86446
61835
50088
69202
10337
88110
46228
43459
85949
33609
42991
87846
74440
2058
42576
99608
77634
59746
67756
67721
80187
25138
54904
17334
18256
15657
61388
78413
20720
51020
27760
82824
62110
95016
68342
1311
43109
10633
88028
62801
84517
38887
99262
64498
80887
68614
21195
32433
22359
60541
58246
75930
64417
51167
16072
20601
42676
65630
73026
33341
26688
37213
38512
80964
24100
48233
90232
30646
84548
64949
24322
72247
50810
1632
50643
67230
34851
61995
99268
76319
2350
53213
3819
2534
43453
34142
69043
12988
72660
55712
21988
74418
63353
58752
75894
85011
42155
11736
93137
12477
37599
70127
31662
82089
33230
23595
20888
11274
78348
55035
27499
55675
35491
73418
96821
92933
81727
99172
11388
80390
9506
49684
16519
41123
79158
37318
73454
5375
58374
29071
67171
76922
30847
9539
40185
83902
57723
76330
51166
72996
23297
85084
82925
99841
22220
15114
81066
63488
40778
85006
97092
80425
16576
53047
42172
44631
87190
29471
69432
19930
63756
28253
57492
73773
87742
65834
24798
21361
1212
28524
16773
63267
67602
12750
24716
83055
10630
53403
92454
5719
35382
23591
56796
10944
21689
22670
77499
56636
10921
76277
90563
61231
95224
31572
85203
20588
49991
93401
85012
48912
90017
60017
38983
77437
70469
86711
11509
21207
83961
37950
86452
49031
44386
63906
28726
62371
38123
16978
81076
66712
49532
41074
84966
94939
72113
10913
88719
5204
95189
72299
11266
40325
50960
64046
18776
29593
65268
54753
73860
38201
21218
1575
32583
28454
92097
1005
76100
11295
38848
90813
45814
42263
61576
42254
98759
33915
70828
41393
57489
83211
38344
50982
77231
69159
79633
49639
84741
31169
63442
96896
19219
32577
27488
71842
3541
34443
12818
52967
94473
33319
74596
68895
57362
24908
17990
19408
35734
86497
97022
17482
77085
86284
8266
89455
37840
53032
62023
24769
52447
18320
56125
97168
55319
7217
7943
61516
75960
25415
66689
18187
74068
28146
80710
44402
40468
81193
97926
93358
96144
98271
47144
15873
15444
60044
64881
78693
57629
76766
52995
43732
6889
80949
28594
99623
41803
61983
25584
83165
51990
6657
1740
34394
27934
30294
67613
30444
94330
463
8481
26674
95786
36822
33104
61848
26646
30685
90488
60908
38076
64090
95751
6747
84878
8038
91963
16040
43621
40256
31055
79566
99109
30377
51011
78873
66770
39967
25796
85268
63297
69540
3677
58806
45223
46815
69354
48302
32200
12493
95100
83313
79514
55481
63425
72828
62404
25039
25472
7377
63887
19636
49448
73265
30441
90697
75520
99485
77789
98711
78254
19101
80845
37201
68499
10602
82075
77618
78115
60013
90609
83699
85943
23893
31983
42990
69593
58552
21474
36149
64215
63299
27607
17259
99365
55339
17221
63525
45059
78279
78552
63341
51136
3228
96548
97878
2545
33541
73197
74481
18589
24466
54704
85110
21422
18856
55241
95175
87131
72098
38677
73543
22193
94077
50605
93070
54726
98796
69501
61362
70912
55618
53544
16379
88990
49088
23023
6770
90523
2894
84788
7342
93186
99768
98248
11545
95775
40794
39267
96827
67813
25745
78544
49096
32695
37573
51547
60845
69831
32507
5282
70403
79839
59315
10700
26367
660
74428
84915
96313
57863
88301
15809
98285
37091
950
98331
26460
11733
25829
14543
38392
43836
68389
43539
18535
14809
55539
91500
52922
92867
93492
74569
99278
6423
7482
5616
84039
50
8714
67568
32238
66750
906
32332
79828
82157
11152
15280
32794
37620
20684
27453
16135
12817
39366
83568
5878
11663
53062
31743
13605
29326
97772
96952
24416
70871
11130
91642
26705
63335
81236
5169
56205
75702
16557
68298
80728
21372
89704
63395
26417
17946
6248
42730
21942
31822
88973
70236
2443
70565
10713
80622
1846
70495
63279
91147
96869
34910
53293
42233
17053
21195
29178
7983
239
41854
97038
43008
44710
77217
85485
89850
72452
65833
55227
57114
6045
79876
67960
32689
17438
58081
59383
96231
81682
23413
98968
9669
67632
39447
32946
60251
69608
18102
98925
19589
53067
81399
87512
33894
28116
50033
20030
24933
32486
80866
45233
87721
18049
50911
81605
12266
16764
23829
60745
78579
70120
46935
25028
64572
70033
99898
85267
57759
63733
29130
76671
1397
58935
90205
20188
37546
77612
11819
28398
52661
89287
99433
90640
20339
13035
31342
42095
61341
32517
39405
78160
86002
88230
99843
62148
29952
89685
85377
75138
27924
61691
89025
21400
16050
55655
11268
56697
25866
39879
10978
43930
95709
3445
30657
31408
47571
77388
93068
58746
19513
92603
51342
50562
20632
96730
45425
23008
65766
14522
87753
23747
54941
53727
97761
83786
56794
31502
155
63428
33375
97926
77777
22517
71798
55830
82789
54962
37115
64874
37125
94889
56170
91886
63177
79275
74785
63165
39025
46855
20099
8504
4622
24074
88
97200
77941
24221
49451
77923
58026
3411
25222
2552
76902
833
28437
54211
64837
47347
83241
89674
71202
72732
88394
17250
35927
51535
15300
83816
94950
15206
45719
53040
53242
48230
36199
77496
59545
17134
64464
90290
93518
46755
21908
93329
55588
24563
72184
1226
93099
53039
64161
69425
47016
94337
16373
44427
55453
62542
2155
22705
24482
71186
8724
19397
78717
58193
74151
25657
71326
6055
81775
10044
13193
2713
83844
76167
31020
1692
12471
67772
28973
7891
61542
83003
30864
77651
43790
78479
24049
18247
25254
38598
98719
77458
5694
85433
80775
95209
17463
54320
85500
40006
97346
17173
43191
70552
31919
89187
88271
36586
20539
53308
51421
98232
68187
48900
53359
90147
32671
76433
73516
67253
62531
31362
87689
98613
96623
6523
66433
68882
472
39812
34190
12409
931
58525
21941
15582
17594
86150
82744
31561
27085
26952
71540
6102
91680
20536
51429
84037
90538
85682
78621
24038
93682
87491
97818
36182
17061
73816
62876
36348
9928
39986
24579
28737
48038
12517
83404
10129
34689
43897
870
32907
85565
7191
95101
3010
65581
30213
68819
43460
49211
6430
59931
57926
15683
41264
53702
82185
83305
76692
14846
73869
55647
89976
14629
9645
77472
40930
75627
1259
87613
45137
8388
41038
11580
79831
22030
27253
45819
93160
65896
18309
70091
8897
32448
48581
71793
326
71154
80815
64543
24816
95249
80194
93929
58093
40438
26130
62661
56442
90917
17666
66984
12081
93929
32969
98312
29937
84577
82582
44703
8428
46441
20708
36792
84707
20709
85323
13952
40538
76542
53589
86057
60178
33996
49011
80455
20798
32241
43497
54499
67031
11225
11773
51033
303
21315
65927
10458
86715
24341
90949
65494
34353
20019
78068
83817
38432
66132
36483
89300
73180
55436
16537
104
35107
38338
51352
9918
69530
98449
46207
63646
36483
27688
87562
61078
36244
86900
14453
5115
14054
28484
19697
3605
7663
93683
16258
16103
64434
761
86913
17115
34591
98637
11588
75500
89184
848
19497
5726
16779
41955
19043
24889
8221
57499
82799
31845
96489
21316
49751
16384
94534
21539
62545
30956
11985
5835
57468
89932
7791
41009
38697
91984
79294
40652
90985
43804
71024
49660
32631
41392
53670
15238
38745
59908
84794
32989
52410
84404
12483
87342
73295
7437
36527
93346
25487
35509
43098
44075
45087
81634
58464
724
44804
89328
43161
406
30002
85592
71266
60168
54222
7754
97219
93832
39671
25520
63724
31393
26913
19993
32214
5544
66651
96814
732
93584
3410
58866
18163
84205
83505
46676
50160
66792
48148
82727
16748
24879
11716
58802
99110
74660
37933
78944
79236
8586
51295
97344
62229
25423
29504
65050
3468
14627
78092
90506
89606
50734
91799
82714
42080
24540
96943
98712
41416
30767
1400
27681
24867
99284
23075
87755
15062
57812
68566
13941
85586
91323
2027
18973
34102
24633
92245
54084
53491
42440
34249
99398
17616
7606
67395
46978
60056
45513
99977
89283
63832
92045
14740
7023
61902
38940
94044
87661
21287
44728
41420
60181
13578
14260
974
38664
5812
63899
22193
62150
21139
40775
29674
93522
63980
31508
31808
36146
50458
1066
2701
13991
37280
72603
2462
5996
57401
65553
39586
64169
83169
63286
34031
51215
78725
38966
47835
4209
4597
86176
29765
29684
83006
8563
87797
48077
4746
29080
62040
78991
12261
15439
49683
79573
20577
42249
15095
39733
70762
64841
31714
77193
45667
91095
74311
5733
59860
52899
19976
8394
79484
71604
23927
1784
44030
26410
86315
97407
21989
20619
97964
56404
15629
89069
88915
19952
67295
14305
30849
46887
97459
40355
99408
46696
54569
12719
15020
20702
16358
71071
85648
46600
39755
97334
88206
40093
4355
56130
68948
19242
13653
99563
65677
3740
51296
76017
16538
70745
82186
86869
33449
39105
21619
22334
98201
69655
726
10273
7315
75601
17934
51912
33354
77740
882
65579
32264
90369
85540
39721
2326
41790
79537
8671
52885
34444
48154
93785
3138
66720
98120
57703
89889
38135
22782
49794
34812
74655
34256
40762
14255
64824
30282
39389
84463
9534
6014
55013
83038
85254
48422
31887
95789
55751
28510
95970
58969
53849
10507
87110
12575
6271
52319
75660
93039
5984
84152
2287
13551
92657
26280
4797
1432
76278
16845
8525
98961
22718
99782
65486
63192
31388
35707
27445
9037
13939
84186
56092
87863
88711
92200
57079
83489
8170
45196
63174
30545
53572
54968
20207
18075
50783
29565
11060
72902
98940
51685
36870
69408
64304
2422
52537
91859
70073
65190
6552
30780
88661
59173
12160
3450
79801
4761
46567
34535
2926
20484
59260
84586
7653
77966
91920
63290
92227
24202
5731
24975
66405
51608
93152
79708
52423
69033
93312
15076
87166
20775
65416
49274
66454
16167
82444
41017
85637
24027
76073
46165
28116
52136
65460
67047
7665
4051
58003
37119
54430
38387
95536
65185
74288
49820
27708
75746
30497
95232
87313
31234
61930
22404
9924
82665
87725
95118
54880
67199
8583
11209
42662
16552
57706
35440
39887
80050
84589
36352
77349
65110
36641
2221
23422
6240
69484
88906
66426
81807
91502
65988
44528
38008
73194
23313
26320
60800
46945
1955
44312
28672
37970
36625
76324
43805
39426
16000
6453
53191
51972
703
40393
55860
11765
77109
46237
55355
81493
93574
93512
22076
40124
16360
36316
59153
62672
70048
91384
68926
12034
73960
45223
94331
97344
22986
72126
67476
74865
37512
3099
48230
9823
94192
50233
21580
65658
77181
14932
74478
40665
30733
21970
11662
16258
50413
19559
36921
6212
58056
45926
59669
13859
63553
75460
54423
47624
24994
15356
42127
42676
58162
85905
88753
82646
67796
60014
50185
17868
29486
1188
54519
63176
38101
68949
39371
1283
26542
6991
30045
45283
19345
41758
10553
64323
60093
77776
85893
86993
75422
48071
15165
347
52124
44112
36176
71788
18674
57075
84485
34882
69891
41796
62903
9386
44155
71494
46385
89197
13717
58786
6496
27702
76259
44709
93217
29272
74429
37268
2231
10973
99594
47767
51155
37561
84383
11828
68240
26687
54867
96544
88631
96209
83458
88038
97852
74200
58802
84986
80842
38425
67526
73068
51708
78138
79133
2536
79922
20441
85742
62916
86785
1960
19405
87647
24733
55171
40369
93089
3437
66146
20671
72869
16059
8468
56905
35246
96107
16736
36272
26732
76526
59016
75059
58666
71128
43925
15694
92602
88650
65570
96699
30843
61758
82727
3957
76562
64028
53926
10820
28099
92043
723
17920
6221
82483
70097
935
61214
64327
98548
31963
22222
34618
34454
51031
58122
32090
14820
92674
5038
42583
63537
48140
72253
60989
38999
98514
14681
27960
47710
78186
31174
1341
69394
48443
33962
24354
25188
68143
44161
33112
43209
70345
73893
96439
9033
20607
21378
63994
68566
40076
90949
64120
51047
14863
21413
40586
60962
72708
53748
10194
87998
3587
50904
42626
94687
61989
94915
33074
65757
51855
86200
46203
65745
32359
56311
68613
80391
54944
81272
76601
37447
31210
23166
76865
30012
19654
96810
62622
25688
83489
28347
52919
11931
66824
18162
40240
66187
43094
85100
54132
61003
49954
96391
33137
16233
89888
36798
6326
62132
87663
20503
97291
97986
38774
98110
41138
56657
24428
83880
53284
10391
23581
24854
30738
58509
71656
31979
83736
27331
70525
94500
24254
84917
27366
63982
96381
57918
87908
12205
74484
14158
21354
86111
65922
53259
16997
46565
6515
28739
78986
67935
7065
41096
87319
78957
3829
70544
81120
30906
63188
6475
60762
92242
78951
47669
16313
3088
91301
23412
39707
37131
34800
22062
30713
65851
59420
91596
797
4579
77309
18364
19753
60021
23823
91707
53067
22381
93379
81499
43342
39984
85012
66874
20089
42638
57187
15354
85860
71231
75452
1901
96102
55632
13941
37998
50209
74162
39557
34824
12997
9954
22744
99304
61040
8136
42635
91549
70070
80618
57650
6964
38190
31562
77243
77175
21764
82061
17161
15211
87366
82235
52704
48883
54680
16192
94900
78969
72236
68154
85144
97144
11825
94501
90618
3989
16253
47453
70920
3610
96115
14994
66312
98559
88455
48067
62631
68981
87120
29564
40866
21538
15209
10640
90314
51688
89640
97751
96675
47234
73892
30472
91432
79597
24318
12768
75362
38079
86333
65664
6740
70584
11584
17685
17513
94338
28191
27934
8244
856
59481
14451
2662
22192
83565
23456
60741
40687
68924
41347
59885
79301
91096
43950
94538
30435
76540
16147
19652
94964
97526
55570
71788
48170
62197
86073
918
18608
97710
49817
28102
64023
63614
33608
23001
30801
38872
75218
96823
42854
58410
76410
13509
75219
22584
99354
28557
87763
59936
78252
38437
57801
25539
23796
76380
63630
17736
7698
36535
8740
99309
15870
91861
44935
92479
90531
93757
67396
41589
6023
81089
41745
29016
270
83484
82255
57029
53638
68828
79688
90620
82034
9768
78157
32264
48872
1466
93783
4229
70758
8145
30478
58285
31845
2315
51314
4064
97026
58099
96898
75832
16360
81809
84389
22475
20085
88497
36404
92006
83612
84896
89734
86184
18816
34456
62397
47432
90723
94922
13451
84995
96832
57265
81662
22887
8024
27550
57189
32072
22164
72757
80643
75599
55432
48004
9213
78608
33196
86523
62163
78506
19576
62788
43306
26975
22637
32702
27512
78069
25244
23802
51914
1610
65847
98254
76730
67240
28034
6387
43286
76771
58113
21627
29030
14511
2265
71288
63407
84836
34132
69355
66711
72966
53487
15348
91950
41337
20313
78676
87002
30330
3053
90397
22259
41847
32278
30525
2656
49479
40392
28796
48534
60482
7234
37114
30617
56184
15545
95617
64566
21900
62878
97549
647
6306
95351
61118
65650
77462
76373
20687
70943
35071
40475
68458
22305
97276
73805
27349
15484
36351
57261
9054
47801
49645
68003
65206
35283
92227
94733
15121
43148
82394
20986
28672
54960
42197
54646
15606
81113
92201
64654
58521
40484
70876
36347
91796
19742
41429
42642
78233
86432
92006
28283
32010
1918
53848
79335
11295
89275
75471
33488
44103
33660
59054
88545
58161
4141
2526
42023
72498
53376
82200
19894
31138
25699
41990
44072
78226
19982
74740
53622
62
24413
69386
3626
16985
70128
32226
36113
25822
1997
92142
18223
15026
33115
40341
60865
7703
93101
65015
70746
31850
56813
82488
99218
63244
74070
64976
68930
78692
11200
87261
79183
38333
44572
64650
57811
69268
80863
31104
32414
29283
94656
62828
41634
66189
60377
27613
80788
25598
59977
54732
6583
6526
99621
21224
12598
61434
11084
50224
91842
29749
33165
17054
52122
10070
52751
33452
14397
77767
94799
93153
38648
38317
38485
56026
17906
98754
95300
80693
57802
68448
76789
48284
88530
43110
17989
75057
32057
39543
68040
60325
67875
31722
86204
53771
70257
5834
73922
70651
8586
66017
67404
1446
63235
35455
61585
15107
27267
24165
70533
8484
73648
54849
34895
72002
23513
19341
88789
17716
14454
40498
84778
96789
92319
94321
44573
94240
48264
74930
31427
90950
24741
70102
79449
16131
63234
23620
43729
27403
61810
34686
18152
92315
61964
68570
59149
54830
48287
82167
27436
9852
43493
94281
4942
70468
89148
15057
14056
80118
33378
38203
61419
56311
43123
76436
23702
65821
23100
19739
14869
57630
24362
35487
58130
47841
90886
29217
49200
86006
25112
75795
67702
52630
61697
55150
36459
74392
55522
94046
27279
46893
7358
78648
86368
74467
99782
85979
20894
56940
63973
32898
76531
23904
82841
59474
98265
45382
93837
71820
22198
91766
36422
69188
92633
25288
85131
7166
89808
56312
92612
63787
85103
24822
6296
15055
47769
68464
74529
80293
80138
17371
7882
28359
67278
19554
82345
73641
89709
85555
79503
70178
16876
22508
69815
89404
14475
85066
77105
8847
34967
72179
11278
33712
30917
47438
70160
90692
87456
65220
89682
58837
21182
99847
94850
28790
97152
77992
42392
65280
93608
78778
43287
18660
92301
82817
20517
87429
54930
84368
85773
34360
29290
58803
72742
4229
31433
63999
35682
86572
57484
16756
3168
6997
73059
12972
88059
47738
6025
11012
72780
73269
59460
82161
74612
23454
94678
67368
40240
12751
16790
85737
38884
6696
43486
51402
4128
21408
11229
9622
4106
41775
7814
68716
10720
26696
65368
15200
78534
24365
73171
76615
21862
19283
19517
29124
66410
8690
25944
37306
2880
47498
9633
62420
59134
5087
74520
7122
69466
87162
86333
84187
99633
13668
86389
87592
82895
47208
34111
11748
15163
4198
55831
76017
91541
24269
26382
91657
23290
40830
83428
66723
4769
52318
12490
44589
76042
43159
56126
9486
42421
2962
10997
3784
85902
45782
17612
6929
83768
18764
47982
51565
36555
2050
35601
96088
1600
71312
20111
92823
44099
13971
77040
2204
60182
32289
34368
85622
21802
98607
86209
41234
95737
32468
98046
99620
71939
58549
69785
73217
69390
29431
67398
8249
35472
41668
4100
26995
18964
53043
51581
33198
45916
44747
50342
8931
1684
12700
51917
78985
38932
93380
92972
99685
29277
87554
35300
78984
58326
97436
76296
69500
38028
76756
67509
94493
32502
79453
42445
39087
59672
73302
24315
65443
17156
83149
44770
23173
70755
90716
50041
84900
15390
54735
2694
80512
98899
72605
23640
43570
72975
56950
65238
30366
88180
54889
34436
92917
63107
24901
37417
87182
20797
83556
94177
2321
23282
55249
7128
34407
55550
323
79807
67896
25334
53362
55131
38253
29839
46736
89456
41100
12832
77108
75857
95212
84442
10040
42008
33721
10777
19685
52314
48042
88532
25710
215
75906
30669
5549
52206
24858
16970
39393
56971
57204
45962
83941
94185
65295
18621
54894
4112
10847
48214
90862
97690
10932
90885
18335
53667
28776
23798
27741
60915
64334
69777
63391
67183
9192
15239
61055
13663
31183
34706
55971
91017
28817
32407
69099
4791
18486
25074
85841
71164
8882
14289
57137
80631
32924
84924
67103
6571
18976
78898
53263
64678
85914
16984
27580
8105
74033
51177
55096
45733
19506
22539
10230
70776
58043
55945
91914
84744
94940
88686
86839
93991
84432
83151
96269
91269
78737
82992
5600
97466
55762
67112
26355
43692
40776
17337
3721
74983
96363
98272
48296
56426
59851
14637
34822
59266
82313
59977
49888
50059
79942
10019
22940
70200
76215
61706
90535
87253
75898
23172
61981
34991
58820
25844
67507
14458
62648
16151
23229
25811
27743
58869
51224
85210
62821
15348
89496
86083
81228
46758
52246
9203
15028
57520
39644
8312
13253
27080
78616
82034
83930
22893
43750
70218
108
79340
54519
80744
82953
59566
95983
23224
84253
67946
47083
51645
25366
87584
53958
42616
79346
51179
77276
20954
78217
61498
95346
40079
8760
30258
51707
21457
46799
77367
94296
72308
79218
98554
28012
35789
77601
16353
76792
86434
41827
54466
20475
13605
4163
69486
84939
6681
51108
46256
4842
99326
19449
60598
42680
92722
79741
45674
5713
10444
75358
42516
48147
25332
82382
79600
77877
35798
6788
54081
84850
62875
45216
62599
61197
88149
81917
44187
10162
22036
45027
59865
51753
57860
69924
34706
23245
21756
62734
30194
56401
29951
63743
34019
2319
55277
44966
45649
91593
98487
51330
49621
91034
5630
22496
34063
76198
99659
89949
21173
30702
31971
45018
48886
29703
70111
75386
60328
29131
26685
69971
6375
48719
10017
58273
23234
47673
98194
91162
67009
10272
90492
60803
85316
27247
58708
98059
89745
49543
88864
40475
79744
26311
67983
53199
70097
35061
43452
77761
86482
43408
69550
73632
25404
13411
45384
61420
67141
38499
61029
42220
76538
67883
90552
18579
18713
20197
3131
29770
80753
12184
77645
45128
95135
22290
83295
95144
68267
69582
97844
81727
74702
44471
6288
47706
67691
1117
93764
1370
30350
69777
42723
35497
33619
41470
23032
3317
23463
26441
96576
11638
86994
54896
30806
80444
213
24142
31814
77710
73528
76075
33962
28464
80450
61608
40671
46200
77317
58183
86165
36326
21115
34513
76709
12561
67811
90044
8758
65344
86444
57099
99432
85319
28727
5259
82672
69652
54586
69809
94678
74594
43609
77715
54670
90711
73061
71911
17165
59021
50972
2973
38054
49992
85166
98774
15450
39516
1699
21734
38833
96064
31869
87747
25371
67378
90554
70853
54279
41711
36410
4805
94504
17014
37624
80678
98765
64527
23209
83476
45429
56394
47916
99106
98675
33525
15761
2661
29421
71522
89492
10763
81327
31784
32242
49524
8332
50026
62444
2141
38525
17939
67074
92343
19115
45114
46397
69835
75541
39812
65193
99078
13036
56085
49313
90293
47058
70922
81754
57560
71275
64976
62625
16741
15512
58587
40677
43797
32133
36948
6770
68325
70230
73094
4897
99573
15688
29704
21317
61576
15716
96890
77720
81259
8551
60298
96496
44026
6058
21260
30358
50806
12650
17701
19266
55515
80539
818
70425
68329
46805
99341
55204
38031
47995
70813
76030
69936
67373
73187
33091
22624
65719
25528
87274
90786
76128
27557
15743
97458
59634
72911
49153
35221
57735
27818
12605
8409
37735
79086
9316
7503
31002
50908
7937
15917
52875
84483
24402
16389
2761
15831
69380
80542
94251
24593
98590
78625
94882
80713
29831
11095
83860
52339
33463
33866
25398
64708
71163
11242
66313
94050
57914
17680
81950
18417
70649
87119
56573
80566
1285
4410
91916
18734
3527
9976
84108
18731
66296
6449
90190
65567
94821
6269
10815
6938
48274
70178
64467
79368
38621
3162
87046
6415
49631
74245
52413
85687
95836
55953
33369
39803
30373
87256
31391
28651
31014
29262
96349
698
97321
45539
17537
58082
47867
87503
18181
62475
19364
31054
20746
62715
90546
44498
52553
15147
47898
80914
32651
16344
22132
32451
40937
84396
16296
18940
56222
53487
64432
22529
29204
76603
83155
15177
8163
18359
77310
59287
91300
41726
26453
65699
18618
22982
88993
56981
52006
16832
22433
25178
8247
44966
42774
70265
57360
68884
53751
32131
43172
47551
23939
13837
60077
78611
75423
87404
31448
39967
85696
6292
65879
7536
50480
10767
9921
35744
66267
76620
71096
86533
76543
3230
68910
23431
4293
41861
81469
44094
18237
4371
21945
36892
85536
45361
7972
99081
91571
82571
61202
99257
55999
35779
32815
33255
27923
83144
87809
56582
97465
43638
23349
84081
10446
2492
44913
36661
90030
22090
55663
76092
47298
89786
56112
6250
84238
24682
80770
77361
70552
16870
22759
92058
54738
90936
334
52990
1580
15380
1526
34094
5881
69669
50852
51176
43939
85757
19357
48469
77979
48703
42235
40939
24173
12835
8640
92076
91714
29861
35913
42044
29027
90352
63160
43928
7401
38302
91379
74641
80214
50485
58996
25082
75372
69874
59979
20212
74895
77397
87097
24260
16526
8326
40887
82186
39635
22005
63248
45661
90105
22380
52171
55037
78116
57681
28890
81318
29668
27863
49180
5523
69793
69698
29350
55422
2694
3012
62736
48785
53231
4196
15932
45140
95194
46457
82825
69394
43982
35570
24837
18316
61569
68239
83314
9800
47671
95059
69509
31197
64317
17654
95433
92722
19907
64298
31354
99087
42315
1563
62042
5457
13303
33249
49416
12967
48877
43596
13412
89401
42364
94677
25205
11959
99142
81374
20209
8769
75279
52100
19949
99523
85428
62673
99489
86580
78812
98349
43824
58488
63697
14967
38435
46262
47824
47580
33680
7981
58671
16150
85346
53489
71471
76435
46544
41325
70805
80045
96204
58775
14130
58932
93964
60643
76629
44468
2977
95418
47414
15978
10580
14464
26888
628
32224
31199
73621
89917
94820
96168
63401
29587
46327
55570
94120
74618
32311
43656
44251
41098
34480
21166
41258
67648
46564
69245
32118
13021
65176
89035
17008
23864
21306
34348
16107
25613
83827
12392
92695
93493
27221
35201
5044
18891
86897
55770
99297
41615
65427
96159
27993
85429
29295
28068
52605
3005
84774
11956
31483
85919
87874
31779
15539
9955
29018
40574
98755
17978
27860
63255
75663
13424
81289
74162
82384
21403
16372
79637
73149
89360
6341
16526
70124
63427
54852
54380
66387
89498
58746
79692
82583
1831
90905
26105
11226
74050
33841
42099
91578
28044
66317
27036
15049
66806
2939
50350
72643
80660
33898
40494
348
62830
6788
39558
8849
73761
12187
76190
29550
47483
28813
88756
73677
95698
26230
94470
8497
62493
99061
96816
67315
8894
33614
30011
30451
23768
87113
15375
59523
61670
87425
46954
54524
24398
39515
57330
59489
54693
82553
94644
29177
96798
57647
73294
86839
50277
72232
14690
29704
17950
6581
80036
28482
62358
74272
25547
45409
79888
95385
7935
350
7606
9296
48183
94759
30242
61828
15452
75872
5015
76961
11440
89860
60433
88431
63781
65830
53888
30081
8803
2796
57113
72161
61759
18718
99932
76465
32795
59946
71400
30354
86598
9216
63585
73118
93526
95142
75082
42039
5237
75207
33421
44023
21678
36898
27509
24202
88946
6114
78346
34092
28500
80279
48631
2043
82644
66571
36220
14039
62630
33375
43973
32681
25126
15511
99323
51684
72402
942
82360
12693
50605
87182
46749
70671
39497
89393
79735
34631
88348
75985
94694
4767
55113
51074
58084
31617
27855
12370
56113
6933
97511
11412
7827
83368
95381
88441
7622
87894
12634
26298
36534
11647
3707
11161
93838
31085
55526
23741
39217
46287
72924
9272
15531
89701
35755
10412
41072
90743
9013
94960
34403
44077
33645
65301
24513
63200
64870
25127
26435
24919
19657
42295
28
56629
54885
78478
46675
6856
66212
24618
76564
31686
514
22849
82596
50507
42973
57417
34723
97183
3473
54269
48667
79176
21835
91590
13901
8562
76124
61592
4675
98962
31817
42501
39960
46580
88657
52485
10662
39866
65969
12055
31096
98965
62578
51518
93040
71909
10242
43298
34315
38311
42420
48576
46727
71431
32710
29104
19395
50679
75404
13710
10745
68892
45500
68795
88342
21883
24027
32177
59093
11251
90375
90872
70642
86897
32895
12425
74536
32487
7555
59577
76691
68871
87169
60066
29589
10028
21236
42564
93564
46767
15938
54809
51458
6153
74355
46050
7302
73336
31860
84075
44851
22275
14075
88799
68491
32329
13920
78442
24039
85000
75727
18807
92647
7570
89200
38658
966
70337
78033
12107
99639
96568
36172
21572
78405
43597
60586
60398
49612
42920
84863
82864
99467
48262
70164
14820
13855
36926
91388
8017
52744
98583
94629
4806
27745
87573
36129
31538
72207
26642
52393
27205
31547
78473
48319
63295
51178
48207
86035
88217
960
62017
80093
75993
88848
48208
96534
42542
43010
1354
11982
2640
73505
361
52866
30992
41565
24228
81842
89543
34148
52327
13995
92544
51560
82596
38039
11442
35456
75770
88964
6809
32690
68944
2491
560
9064
57247
61476
15587
43226
55620
16946
15116
22385
17601
9007
27654
5026
91397
14998
27593
49280
3833
6328
60424
73228
13313
24196
14845
48387
60815
19915
44939
34931
87521
16416
75643
49886
90906
88292
85337
90309
76988
22998
88673
35826
52897
23949
6529
43814
88449
83037
28032
91549
93300
51078
23351
31235
20697
55705
60776
60487
93087
91315
11036
45243
19492
89162
79707
64030
84946
52115
86856
19417
98294
4103
19533
609
67536
85499
61479
60398
98931
13906
88106
63065
12906
86322
50780
25935
48878
29543
52934
85829
99957
96476
63537
20564
52223
11428
73119
47434
42434
98618
52431
46918
22697
40733
40986
55361
40610
65834
42660
36589
60735
98210
77353
51190
5867
436
71869
75899
8323
88445
91217
87108
45606
22996
19855
37670
52579
80528
72864
7890
82478
22895
89475
74143
64981
43870
75510
16273
41666
52452
35729
30677
44583
54728
77642
98648
81868
37814
74171
46089
88294
2602
36471
5137
58423
20495
67251
75205
66207
35213
20437
41063
72094
63472
23205
42945
42781
60370
49730
87022
681
84944
20945
97788
53998
44401
49705
15803
15096
16003
17768
56470
19446
46063
26254
12847
58466
15810
42863
45642
95995
36382
26730
28741
56192
59723
59470
29631
68912
98193
40539
97378
74961
17573
60033
48031
28882
80312
52206
27323
42031
65608
63835
36410
96929
40601
54405
34395
66053
74834
93487
22530
89093
49820
3555
30413
93087
99253
33741
53974
41607
16409
19110
18894
65071
14916
64357
2522
89308
74302
71763
64987
99243
97512
21757
34990
56506
66059
86532
81904
56244
6830
73049
72728
14576
386
72861
22073
39489
92875
70809
91026
3202
78742
68703
4196
46045
65635
89665
47356
28223
92732
59456
57886
60347
2686
60953
35095
73747
70078
12311
12588
54879
4559
35640
76347
98817
86640
36525
82910
13444
43045
63873
94216
20537
90669
10130
35007
48133
23118
55859
26925
70109
43247
47510
80814
11437
18849
90652
61149
70798
20803
22434
56483
96111
3460
29810
98978
25117
82043
60212
51632
83637
19799
72066
59252
27429
84989
63754
40633
34110
14828
53065
75388
92358
72572
71389
726
13351
81198
60505
90844
74739
16896
63177
24547
4813
2025
2698
67041
25009
61444
43720
63025
17678
23552
99621
57657
66977
88594
2493
90540
77944
46949
79794
59292
19747
44878
79722
87159
85017
38709
83526
76557
2558
40874
70705
47032
52808
65992
18683
9782
5377
72635
29494
8239
83915
5102
8521
83981
61292
82164
59332
39377
73415
81372
64292
45998
90743
39698
88357
24006
34539
55114
40327
84942
14870
84791
23404
98499
63955
13098
95915
70127
85877
68271
51923
75633
64689
7526
52197
39408
71535
10956
60274
43219
30848
31276
50380
26225
15194
57783
83375
16643
44434
95214
29957
81119
26806
29903
33056
28527
8397
20283
64342
84788
49339
20699
57634
81034
19730
76058
40990
3170
26475
96321
85915
17135
2503
46381
27920
66001
46044
83888
63334
16045
61394
25574
55688
16338
41981
95844
79914
44988
10515
46424
11040
91218
18689
41192
21390
79541
80737
74154
78837
75238
26190
75010
47500
40407
32964
4342
23803
38016
7802
71006
62731
97504
60716
29335
73291
76758
81196
27586
4317
26899
57939
76247
23535
54800
52362
55370
19616
77924
79701
21749
80454
5425
37284
53633
61264
17070
98383
90348
62203
48166
9021
10043
39626
30909
90833
62638
83479
10116
54627
4501
27666
46822
87200
71304
96351
80833
69423
18927
18160
67494
81251
87730
53980
18137
98912
12649
2182
18401
45389
74484
50320
20020
49524
69917
94885
39908
67324
42874
12630
75069
14714
15783
66006
45194
83327
74365
51221
6191
15905
74446
26033
23416
9470
11953
80477
85539
2393
63797
92554
68590
55028
86979
92848
54134
81890
6468
92458
42610
22320
56334
61154
48497
91357
69493
45884
52570
41869
10254
74315
71385
8650
11109
43352
74921
74841
5755
72053
45713
69570
45840
73509
11123
7254
88689
85147
85511
43386
63215
7335
24730
73055
80597
8008
94126
85924
77159
82840
463
32545
1537
22035
29910
40712
43004
48305
95535
83250
22720
85218
75320
21292
15276
10954
79928
40696
12040
74359
87088
75530
31126
3901
33892
85964
50694
76828
71968
60988
38824
41894
170
7278
95095
45246
26358
78304
68266
46810
43442
9140
77028
65269
98294
48841
23477
26571
95836
76260
81171
83008
79091
34831
62038
54331
83508
55191
51609
27395
88856
62089
61559
75594
1494
86184
33525
76575
85462
29504
25631
86242
24365
14535
63484
94661
18614
77871
21482
3752
79917
39394
77426
98035
76415
81924
33316
85268
6451
97137
47219
90591
45607
65375
13263
61717
49018
56728
76269
77426
13779
16107
53999
19950
110
86938
94612
72643
45058
41434
51022
2903
98264
5306
91222
62765
59900
13513
72727
74529
15257
35482
20863
77675
46056
46184
74328
44924
65287
35276
84115
54925
72584
28781
222
70420
38729
22106
77928
82962
47084
81909
12071
43841
9029
86159
82839
87336
88363
45900
36357
60670
19893
55752
66671
36126
12257
72585
44807
16956
18474
41592
240
50742
37080
9568
77016
56261
74495
63320
55859
46752
41996
64301
61991
11505
74854
40238
92753
55703
69935
82615
30686
58228
10687
29498
23336
7683
76571
71445
2640
13271
63787
72285
78399
78616
28057
24232
52112
93276
41559
78853
12920
88294
66498
38661
7461
89908
68363
34928
17181
39511
76573
68695
5784
75973
91208
65335
3965
34904
80812
62093
94700
22674
26472
28450
28073
52495
36486
38911
16817
87315
71461
95437
75691
78301
98273
69118
83372
21510
95415
73982
58981
26699
74906
24877
91697
81705
30194
38424
77386
57583
69950
47923
48969
753
73891
46526
25887
77210
43569
76500
15528
77023
82328
80810
93236
68789
9046
79637
58759
22925
10114
52198
87860
55999
56243
14444
18597
31524
41917
42412
53372
62601
48441
66683
51007
40832
76840
32789
2194
32479
92
44208
3492
60326
88685
15886
63302
65528
52832
46347
29268
6596
99469
7073
91540
24074
85968
34525
99635
31450
82228
94737
3713
82210
57989
10825
45707
18085
42124
5262
27585
3298
26070
69427
30595
89613
28051
94479
12356
16194
80557
4114
90287
89284
42168
67782
56974
52524
94654
25221
41276
31788
8423
17830
69639
61062
60836
12038
88158
46818
9740
82090
71844
30138
49908
6113
27404
76854
37128
15788
25322
42816
20262
47307
71340
35388
62272
42788
4731
57719
26747
66971
7460
11865
71098
57613
10748
5698
54921
58257
43820
19799
78289
61322
46191
59501
52871
58584
66806
38434
6224
68875
21168
53094
47670
12202
34980
72214
13293
25428
74437
48787
86918
60349
85788
59021
74142
72189
28232
64974
91724
58643
70205
944
98806
12937
25600
87617
25901
48632
12029
29261
69021
80647
61098
72421
7888
62636
58035
8027
71549
43336
98227
9478
15552
43387
94578
35390
40394
29566
81823
91000
14733
40071
49243
9686
25836
85001
3654
34301
51774
60571
68708
32300
38085
60545
74211
95801
59262
99265
72691
56941
5963
7134
66814
1200
94168
16448
43450
9805
73544
42946
4885
54329
21272
22491
75774
47910
43987
96817
61431
55390
61527
78850
59439
20053
9235
86369
61337
40701
14701
38825
66953
54901
51874
44710
78178
96656
53255
30642
47177
16711
2954
51880
83110
22079
1989
81334
90056
60090
76299
739
42461
10697
13044
50836
80036
37035
59490
14189
70438
96175
96159
92687
7230
33188
71923
11820
96222
29047
57800
20239
57389
86391
19763
83728
35649
64104
46432
74400
27857
84875
74836
13986
24645
23351
75889
61293
38083
89343
36323
16715
82279
54498
51408
56787
41619
3519
7835
5828
21965
11295
65601
96586
58627
88505
93440
77170
39496
66755
24278
7244
64320
84767
22230
40948
39595
6987
19405
19272
29330
69987
1974
92816
92756
12444
31599
7104
15154
34958
628
46608
96277
3775
17595
25966
17439
4992
84423
46045
22601
51634
48089
1056
39069
47970
1970
14717
47835
9450
92624
95806
34121
13263
37804
99890
17236
10889
46844
76833
93518
45407
20475
54161
67125
23456
18072
87974
7641
47771
56669
13124
77914
22619
86066
43603
33423
18783
66287
63792
41160
51902
3901
18208
46619
86009
48791
47393
5899
27222
39491
1208
23523
64159
8843
2142
87186
13450
45493
50086
41939
34677
83610
64883
73701
47755
7220
44207
44711
98512
75055
95887
90440
59450
58816
68242
65257
23102
87481
52041
67350
87841
27691
38057
59128
41027
1127
37491
22617
85207
1730
52544
7551
56450
20864
72609
85266
87710
7844
99651
7627
26772
56740
80592
77684
65947
96529
68938
16126
16368
29653
53128
69088
44566
82114
40169
67265
7426
7148
77693
23393
58090
11288
61914
90099
87705
82586
96107
17209
84919
34994
6172
73818
88763
80147
3651
37229
51372
18548
98961
43624
16009
54001
99251
10765
13290
44055
25475
87062
12967
19303
6293
27025
11555
88261
18874
97371
14038
77347
60536
69456
37402
18955
71605
87283
65335
43796
17271
15326
75143
70705
64912
36522
65238
73251
85281
16946
16672
17645
60944
61027
30582
23111
75062
50238
30847
31479
10961
94342
61018
21108
9793
23101
12891
63982
68476
33091
94080
1021
85359
44586
33161
54246
67264
12007
22428
50597
39366
24938
84625
99234
38791
28225
37478
93928
55477
37519
86321
14758
22518
42676
94250
74666
27959
53931
86474
99783
22481
18827
94958
97741
10052
88474
79979
81779
95145
36407
28208
80682
33108
26162
57906
45586
15451
92474
52078
38209
72156
18793
77084
635
33440
80547
94712
26114
86511
89169
30139
67925
82433
34311
41210
11392
66868
72431
61957
33380
48460
73147
42623
55109
51054
70427
14318
77886
24934
9561
92262
14911
82389
99353
36125
16185
93005
42155
59143
79470
22817
7631
28591
8379
11055
18689
3092
86047
89828
66587
21063
13036
71716
48501
53062
14731
63280
51693
8883
63996
18168
42466
73115
62151
94303
81957
96544
49515
11254
10660
79650
59878
56470
45290
60480
60711
13781
26150
19452
65558
98216
21461
24423
75617
55919
42864
39364
96280
52042
42762
71605
9905
12475
98596
61987
4207
29931
76456
20097
47695
65986
94832
26468
38781
75429
84251
88857
43995
52747
30462
78220
51429
6895
65423
80159
1198
35460
54130
63997
46160
14056
66423
62039
71993
73374
74598
27158
50838
76855
26262
95463
30528
50079
88558
64666
50239
10488
33071
97231
97797
34035
2266
11897
6042
38252
73258
25254
1241
92107
27923
29981
36673
40029
62336
67009
35987
78724
55506
26694
43024
87439
25386
33122
61523
65473
70423
65454
82125
3960
92863
84374
55161
21883
13775
71870
41528
90418
76562
44688
45879
8650
41349
57438
2416
40955
3111
79277
94589
43684
23740
21933
90620
83825
88992
37345
95435
44461
13583
77070
67616
96345
50380
65544
52565
29883
80318
2634
54511
2109
16319
24652
69972
8099
5364
76613
54580
21975
63657
87382
9530
34726
48010
81366
58447
27208
37848
82637
24573
11151
26891
1725
35357
66551
75284
18381
85794
91607
6
82686
27456
24574
48364
53235
32003
83999
29089
29484
63211
13425
37118
74337
95943
87578
1391
99479
23262
62721
40880
70581
48729
4633
25465
62690
89391
21848
44692
39101
86645
21749
60845
17871
51199
46228
32921
59741
27252
6112
67202
3609
73394
26374
83079
79656
69406
41449
97859
75440
11837
9150
64220
6087
65568
55486
52782
95968
55738
35160
60665
15365
96053
5383
39427
58537
1580
54459
61958
93208
50364
20882
40680
30954
17492
64716
53932
9696
83586
38131
81524
43170
82571
43303
93044
28523
63486
86547
73879
22868
74627
17178
92992
9419
4361
20686
10902
26508
11769
35959
17171
96043
15468
9436
58731
95681
36710
54019
52064
50709
51304
5647
34770
69004
20326
36582
6088
29584
86222
34719
79583
33742
37296
10613
27461
37414
78601
26718
87797
78279
41872
91393
1405
59621
38651
92291
26729
1550
82974
68964
54252
36272
67935
30671
85912
72704
88827
61250
99523
8950
79161
59220
62563
30505
45891
82725
52093
41848
39173
64257
56400
71986
53287
17092
80049
22272
37215
75988
16102
96657
84836
54109
34658
47193
61754
23869
62663
82423
59434
52383
45474
73102
50668
20518
78437
20455
42816
60311
31664
34854
6317
82175
10129
25764
59032
96306
987
8871
75131
8850
14018
17001
35489
75301
24063
6181
96258
152
17687
50547
65246
32733
539
96871
56187
22953
58431
36721
42717
24048
39019
57342
80606
72024
89294
95537
95286
61819
55614
43096
10717
67624
51039
30254
72342
42523
60530
31517
93767
71874
4626
17758
43759
66235
12941
63449
46788
48599
50061
31214
43433
93424
77209
25694
88999
81564
19972
43513
99675
42852
47621
895
52443
10102
8490
127
9511
60821
9950
57477
28378
90110
63979
81539
95747
13816
39040
26073
5800
7027
58139
30936
9519
82839
13336
98727
40144
99772
38378
19223
24142
66646
49233
51574
73454
44032
52952
17068
90688
4094
21287
26666
92960
45190
26206
32458
80277
20203
76184
58647
93145
66939
36251
1973
41981
67169
21927
33986
21631
99357
29609
54953
18621
28957
52568
30261
69782
82018
82133
15895
18259
5218
39746
34036
94232
27990
12179
76550
7326
44246
323
52061
11733
38233
95822
9728
77438
98751
46700
61700
21137
12080
38466
44707
94062
88639
22053
47165
92351
23310
59168
35084
24872
7714
20289
75020
35597
90335
32702
78239
9066
86061
2355
59194
61239
84242
47982
32533
10552
45727
28449
10525
84780
64238
74899
4290
83300
45317
58258
72080
61765
67417
32825
50770
44290
18645
50040
79218
38712
27338
74994
20082
94684
22583
19544
56840
45749
30251
39918
77414
83889
35104
57947
35170
85729
61441
22826
23001
74663
51533
62838
53874
66791
76482
64865
22346
40084
15297
66861
50952
78170
44948
54876
39723
69425
25708
32479
59604
67519
58818
42986
78020
40011
41872
33920
37746
22441
81122
11883
83774
82785
25694
20547
34459
57953
35375
42160
22378
93110
40165
19641
56493
68519
73418
52667
47137
85172
84248
42693
31868
27651
56207
80102
72974
85350
61837
56372
30085
45144
3625
78092
68401
41122
10803
52976
99149
27161
27389
48681
30672
79239
50248
98726
5890
17521
75123
56435
92721
30368
18479
60157
36086
37555
72960
61901
83098
13330
89098
98218
53055
46714
90284
35279
72323
49081
61728
24810
42409
21650
36342
33605
19599
53740
5990
17440
62791
75300
50407
81690
56384
4492
70406
3496
70642
51889
28165
20791
88222
90242
30365
8695
85714
75896
16014
90834
43142
20883
8663
54695
29204
8995
22518
37131
58333
34975
90422
59284
52913
28965
74622
69834
81597
1044
67708
16750
42791
72718
305
45775
96824
31783
67360
64776
99078
7688
21928
41035
13952
56046
28687
74811
97629
13273
15882
19092
97797
41389
1233
57453
97967
2779
33598
81502
81242
59091
48777
75003
60865
62515
64324
69393
82493
99548
35939
98417
64026
88979
99663
16649
41656
94586
11766
47942
4699
26157
64080
68429
76624
62138
68366
16301
54302
13159
14537
28082
84874
90311
11572
36464
31408
74855
744
54436
22275
39599
69199
79882
42299
21743
37884
32313
36907
63806
48311
25002
4770
602
26210
15475
31037
31868
20812
52152
14191
5501
67859
33651
10027
1953
20305
34593
90185
93803
27887
99188
81366
89607
65136
95517
67859
24952
54535
24478
90168
53962
88147
24214
76996
9380
12332
70178
4143
30311
92114
81783
15556
17212
76563
94594
45647
79817
97209
98339
53489
4707
45805
5381
96546
37691
78226
14744
60204
72126
35526
9895
35995
20561
80516
96028
90223
26963
19776
17631
8929
28174
7176
42720
24777
1969
15897
2249
31274
26623
64724
60444
42291
77589
17796
52041
91560
23270
87227
59713
77661
56011
57244
62846
63786
1399
75832
14715
58546
86032
2001
78749
96308
90349
80345
82324
15238
11041
477
98621
40559
39877
46305
58384
17433
51700
97200
76326
44081
72567
453
9386
53424
53183
74184
37246
53631
65005
7127
41894
39510
65403
55357
3199
51822
85287
95299
38283
31708
80636
6668
15404
40246
4909
5226
97574
10017
74856
42353
73339
73436
62239
1264
96888
78415
55353
38788
75330
29428
22927
17150
97526
27729
89638
34718
95349
75256
97624
49988
42125
89776
52555
92128
3876
77549
86245
2945
47328
93431
75476
6078
64545
78489
29525
82511
30486
23691
9331
74041
31999
82322
41386
33317
63037
25270
29754
83662
75801
55808
94716
7402
57725
3940
59866
86633
81706
38233
67402
81498
90992
99302
11571
13453
64333
974
45372
60463
58952
62723
50863
10628
55476
99327
72874
43938
60959
58821
17379
39836
29665
7521
51604
83649
4967
10953
63571
83720
97862
4417
9312
90051
69357
459
51277
34691
42730
48825
69467
79215
22194
12784
309
4481
64328
5126
56346
43373
13076
76711
34788
45613
44920
16582
75143
21457
92144
33470
53140
17620
75495
90867
98798
88506
40235
92870
14050
40962
14184
55594
99967
62234
42689
18602
87357
9154
92819
7140
50295
87002
70615
66639
66923
95775
30314
93445
21685
11818
6390
39551
88557
11917
64364
74476
92418
76877
51333
46317
43202
98631
65265
84783
31752
23373
56292
85135
70714
15172
13666
24923
75335
13151
41111
62082
30472
15986
21412
95453
79594
12213
73738
51679
61593
94489
791
68976
25059
58744
99741
12794
2438
97070
27123
58664
4050
73524
52212
29520
79734
93625
63633
22534
46189
32846
556
61963
5629
11181
62731
63414
59134
34642
19424
66884
4789
86483
74695
74422
5422
6541
10879
41567
22533
80662
21003
80800
84517
4458
28695
25161
87929
78782
42351
81257
74636
30412
52472
49016
49343
94871
11326
19921
45959
33522
95064
31540
66875
3724
6493
33504
26674
27571
22712
89121
41445
84804
73318
34462
64260
14700
39968
3305
92270
81496
10068
28122
96130
10500
56058
79039
7439
77121
76418
50585
25479
61870
11507
21015
59166
97339
9723
84254
42344
54448
64079
77295
57583
36905
96505
70756
41978
16608
41315
47366
63634
14225
1470
88991
83221
97492
74714
99577
86444
2966
75361
83257
58357
59566
82129
49610
38432
92072
38922
55897
10843
38074
70354
509
90638
78784
35602
4565
97954
21917
88906
24774
41726
35291
98790
87678
30483
27519
41333
75559
31639
32571
33872
54006
72363
7571
39897
56111
46708
79347
16799
68230
81323
72611
60547
62661
14990
15798
1069
70634
11387
94662
32325
48620
98993
96856
79476
99874
12469
42156
98846
86158
89011
48999
68469
84452
16762
50350
77402
29720
88177
57656
58640
21630
58599
83296
68621
29338
34183
78670
11383
5708
70034
88062
65442
69465
79109
90117
22710
10031
91772
37845
78074
37234
30154
42998
88709
17861
17210
35945
60129
94699
52788
73344
45263
55539
18751
19447
30401
25540
98809
22700
17751
51455
90952
93150
55370
16881
51169
9411
9469
36249
27612
29550
68860
46431
71173
46631
40850
53496
70578
42761
90683
81018
5947
83717
70475
16247
15000
67866
79143
32500
31058
48870
13526
69647
35560
85799
73869
21201
17852
70270
19747
15126
63166
60035
39555
74175
38191
25062
35152
87866
35883
15122
80622
96509
35815
51070
37351
55158
32807
72672
35609
8237
89742
11631
52168
56414
17634
38889
44659
48143
64116
48393
51585
85829
12239
61363
66956
1285
57784
65618
2333
31040
37709
69091
6474
31082
34349
82810
41242
91938
93316
39285
48978
78755
95688
52327
60191
54298
20305
7903
67935
90032
91694
25189
60533
27804
50163
89851
4680
43977
28798
99687
19998
34382
13780
66436
87200
14282
85385
26563
8903
69880
98465
51206
14417
55062
20190
93291
78402
39639
29337
14228
43133
57213
74137
34564
37017
60479
21722
49024
20682
74358
36308
74340
56877
28176
61445
36102
58761
22276
19995
52863
22382
52371
41333
10830
62612
47722
59776
10410
4484
92545
55474
88674
17067
82359
80890
66133
37442
75264
29423
51927
83479
75235
27939
37347
6655
77896
40586
83541
4817
63796
3896
28119
38039
15617
4599
19049
95075
88260
97519
99622
13098
71763
41224
64388
74241
11699
83513
31861
77774
93795
10754
38777
45497
24422
180
46388
99539
57334
46962
27451
53924
20135
34763
62805
67160
47170
21141
73873
14000
33553
14943
13420
20422
66862
16381
43020
81432
97520
16367
41510
79297
10539
12269
35496
51865
66726
54514
42353
87501
36622
76688
84182
78577
18012
53477
16537
70961
94341
85993
98120
67908
70565
34426
37324
11789
89461
39670
59225
46930
70859
10633
51872
48895
86423
26862
50418
47821
12356
63287
79613
27535
12449
37208
77408
2520
55279
62090
70479
82967
33086
73641
11473
6276
37951
67840
13249
88361
2283
15775
66
17750
48375
64411
68649
12165
32134
5843
91304
63162
29866
51427
62688
51262
43896
96442
56560
96495
30733
44123
77907
22304
41889
4466
3003
3260
99090
41862
43637
66329
85363
41231
11764
98094
79362
30300
27298
45387
90584
30120
31875
2686
75595
56661
72728
97192
33681
3978
49895
71
53305
9983
62615
47299
15830
55410
42905
16262
73893
15035
27690
74528
80555
53461
78736
39350
35868
88528
35525
62280
35260
37236
94532
23988
48856
74299
66794
40056
29792
17718
78597
84424
45793
16089
11643
12005
88252
5304
90145
57764
65555
44240
71849
27955
75653
62960
13467
11960
61065
21998
60677
51042
93216
50559
52909
58200
86627
29177
34911
9125
86103
50487
5871
13120
56954
4200
21032
14999
32114
23432
49030
92431
83281
2501
54859
2304
5721
20081
40244
80590
95488
73874
80153
41764
7287
77899
61218
58608
12734
24379
6921
41308
19687
98983
36728
25426
52623
49845
58355
22578
59701
15604
38357
39342
30955
58464
17830
81071
14196
70437
26864
46907
67611
59696
37695
74804
32548
74613
11059
15813
16788
37367
20279
68611
49969
55183
40537
60999
21228
34001
36730
49437
97890
30610
6244
94102
93241
34260
88803
52938
11194
77807
75106
78053
13161
40343
32280
44947
41279
18781
41950
31704
710
18782
13395
24327
19412
62430
73891
50023
20468
41713
13773
14089
89048
80403
60418
31322
68762
12073
80052
53377
63081
44720
9754
72111
80386
70090
24859
16074
45650
16579
13654
90168
68453
18522
77588
97922
50768
49003
96839
61001
85519
79658
44318
83816
29756
62021
857
20491
94258
76496
22782
3481
62848
48372
96787
92434
69519
80778
29146
13247
33023
81868
32588
91918
64638
95598
63587
56168
37906
88294
37130
8034
70098
72932
82185
35862
99194
14944
51217
55220
42150
23517
4855
49245
79497
28965
32351
80760
67368
6227
13452
7366
84315
45239
6377
25836
79496
9385
21295
94012
17007
71749
58337
92135
41585
76738
81089
5359
55088
85211
86217
27239
60702
95427
84263
29511
42353
94003
55152
30177
67710
88628
36262
84516
15812
10519
70854
62015
90086
18422
74930
59988
64462
15637
65566
73113
77850
65276
86904
74999
19989
48880
9381
53762
93716
95160
48891
76617
64019
13087
66423
91863
62338
7031
77781
39941
43351
94866
26914
24164
95677
89456
64425
33921
22428
1881
46117
7945
49914
26142
35998
81762
22277
57477
94695
24522
9111
85163
41012
25628
99010
22130
20330
28371
42381
53731
91818
13818
73406
59360
66567
22183
65778
97363
15538
16578
10375
53675
48347
9885
63962
51000
75273
60249
11736
7942
10677
54371
58321
43196
27215
59800
66818
89682
96629
76149
67543
14954
39085
55160
24439
93651
96976
31643
69638
20167
51506
69520
29735
77903
41543
79892
44040
2323
72968
89336
57781
21385
55852
92646
27150
66955
4574
83680
65198
99127
55464
22422
66405
39213
72733
63853
90726
42178
98185
4884
84079
584
61258
54361
55727
13467
75353
6242
82369
12145
19044
20303
84079
20349
44449
25530
5640
49528
58053
44865
44527
71336
66204
83668
41974
25685
22936
80866
30604
70256
95879
685
44436
33989
16485
17602
70631
97741
51480
9962
21714
82189
35788
54791
68481
44169
55436
57050
3196
39011
97811
10141
86378
89574
40509
63373
72854
57555
4037
46634
5091
4833
32386
40082
80189
13055
95243
38257
3519
11564
10365
88344
63111
87111
91922
85861
81494
81027
69558
23960
10168
98416
10353
12037
10626
21757
52811
78458
66086
31230
22378
15499
13068
16362
43644
57914
59143
30164
20463
17137
57553
66289
55161
52988
84530
4623
72979
38502
45459
88629
6718
79983
63916
41591
71351
99497
65197
3053
86063
31279
32093
18234
87423
91320
44281
23388
97577
46965
32613
57433
98332
4019
77124
73296
11734
15345
1357
28167
94383
95246
55450
63256
35415
8599
82912
3259
16627
22120
30359
48245
38486
72704
60651
20631
36377
33571
29014
55495
37453
59661
64284
90471
3271
48583
50945
89276
66708
15573
47494
63971
14636
61994
4848
15560
33978
99077
18136
33922
37402
63428
29878
26817
8524
67482
64852
25460
42064
6224
33277
63969
92868
50701
19175
39286
48704
23322
5084
62004
92665
14060
20330
54334
69537
8042
48732
46175
12254
13276
40009
12674
83562
53202
24472
97761
49489
93678
2509
46479
81440
77386
78127
69133
82205
53886
14675
57136
6467
42149
38633
98157
29048
35290
24304
12290
82568
78920
32466
86987
32214
65108
75695
90003
87556
56856
23902
78553
5040
21376
50242
33353
39961
9110
45961
28035
40855
85501
13179
79439
89878
48478
95030
14316
72309
2487
48351
62098
99634
70815
46733
67077
57791
6905
69860
91396
47039
36847
60188
52660
317
38537
86975
35114
75484
52241
81514
15342
75046
39388
71570
65352
22937
40088
65626
42395
69753
40604
57376
7505
44493
18299
5086
76153
35542
54759
28009
58453
9655
51872
78746
73261
32989
8103
20698
85326
55238
9281
63652
7290
64923
49562
2552
48214
70039
49213
59876
98447
64373
60203
65870
26663
18380
80172
18211
70818
49115
70635
35258
57228
76411
17383
97457
15199
23785
48252
49613
59133
59707
95189
59269
67284
4586
28873
2605
26583
59272
56479
3459
14385
27772
94976
28032
42708
21768
41800
98103
7436
82279
94564
16629
4158
51838
4055
19844
31522
68253
87833
2065
36013
36184
86096
78509
96821
18761
22794
38756
70257
70437
62734
68733
69195
20531
46084
59331
34197
91702
86669
72742
84423
7606
25898
9630
99760
8424
42489
88250
59445
53175
32958
54571
41734
44061
59968
57222
67255
74015
32076
8210
42476
76012
19002
6923
99339
19491
98912
32296
49782
42822
74285
90205
39139
74818
32238
17673
86685
12594
63579
99341
51408
77927
82939
43917
31241
76892
36028
81480
32438
81813
35251
24178
62822
70917
57370
33202
49251
63379
90354
14347
42164
53082
36740
71653
86995
21014
39450
39922
96236
48278
88437
82289
69534
43782
19477
3069
49116
89553
61795
19126
8002
54596
72711
47837
42420
80010
87900
60340
37633
34616
22338
39795
38011
98870
36822
88057
65366
17285
85422
39107
69604
56416
73060
64295
84434
30814
87853
2767
47936
60750
83160
3659
97822
94795
87630
12446
5785
6557
88624
41983
39936
56015
82702
29737
71230
23741
92349
90270
77519
44385
44032
24950
62665
67274
91639
23412
50528
97843
35066
44722
99520
11759
38953
2999
86204
24871
60511
3212
91410
98017
83597
95065
21886
50720
7833
81
84573
8367
33656
62610
62157
87695
74000
23957
56192
47191
5725
51226
32606
60407
52180
12713
7510
72946
85736
20380
10320
58067
93994
96239
65874
47076
57648
3001
54701
77123
26585
36370
9580
97911
4768
29195
21005
93798
51754
49689
355
38345
1485
56996
50500
56258
26990
92928
78507
95788
74881
13255
34149
58481
96072
95636
69516
13537
2885
43615
30425
94164
47041
17231
67134
34783
66959
95408
4489
47397
11467
68786
78208
45669
98661
69293
28009
55771
16792
93638
20337
72159
42157
71294
1032
39264
75714
70423
58999
27679
15891
66141
15009
37398
87250
57497
2714
40534
73083
12312
97108
49555
70036
50886
28990
6433
34849
5701
24703
14654
36108
43821
48440
50266
40312
96981
90829
17801
71473
15805
80403
67901
4908
49990
12415
75419
27573
69135
47930
38421
19194
97334
93959
16409
72179
67725
7283
9881
35777
6192
70911
45905
79198
36604
11558
94835
90212
71903
62233
35326
64434
64927
107
70559
36527
37705
61211
83818
51866
1275
85093
26258
52263
47145
12133
65235
86171
52061
47651
7194
50836
80387
37362
32222
84927
82879
21236
97581
3168
41181
68008
45485
37815
93563
86879
36136
24623
31648
25496
80518
97172
73699
47120
98296
97732
22847
21619
21232
49085
34569
18072
38382
55877
27108
13394
83690
15758
27065
27250
1077
16671
87437
62335
8410
76785
64851
48245
20111
23452
42671
28664
5208
4428
72440
84669
30411
51238
85748
2701
4194
62081
47111
5377
42902
60555
80173
43511
45652
77809
76723
24138
30279
5235
37078
55363
46335
28836
96314
4708
54854
96792
6842
51380
75894
81878
65458
98606
12433
99012
67285
96184
18499
42979
30112
57170
76472
91624
44722
63281
34920
86944
8630
29808
73892
73337
21226
81889
67885
53363
29979
92379
64655
71478
5161
28342
79421
13982
48014
49873
1082
91788
84672
83335
79117
79348
34490
84194
34973
14033
98059
12688
90056
6824
21857
74710
9364
34360
47132
53828
10158
19131
1251
64724
7712
98316
56841
81733
46039
72675
62766
70710
40843
61179
81433
40543
16946
71841
66266
32364
22860
51768
1775
27107
67120
14029
64841
97156
33450
78811
2530
24286
12892
12157
60786
6937
47727
16714
76945
34210
2787
33101
80260
23812
26126
22647
82050
10461
39818
12827
69716
67347
32784
49742
99354
68619
77422
97390
99287
35359
59747
82296
25947
1099
24794
97545
6994
55226
33601
40911
64122
44444
36949
75693
27581
77909
90047
43216
1453
75108
25571
48433
47846
9161
47266
50611
1679
89663
64197
68838
33940
66873
83091
63795
99994
64339
30809
20700
66133
58972
31011
36442
82275
37178
81322
81503
99293
40153
84707
7192
84433
7588
51064
73363
5247
33105
49525
94545
78370
91835
88169
65448
91919
65300
40146
99849
29626
68047
41041
89524
35508
20957
64065
29417
22295
35142
9695
86199
81622
9950
6792
17080
84209
50885
87650
81240
57820
50907
89287
22629
79736
98057
62492
38204
34857
62634
97511
73055
976
16208
90758
28327
89672
80693
25420
15730
19478
68208
63654
10851
66905
59542
28665
62523
41055
1375
65343
8406
69904
80817
14087
54654
52285
81137
62440
35074
20289
68996
10565
2834
36169
15827
94772
62505
45963
77875
19314
62068
51671
76232
24148
73182
48770
49789
84499
23466
60126
29404
25974
7146
60348
13517
31063
16417
9914
14575
80537
69983
97207
74232
35680
74147
53690
43564
15261
38082
73151
75779
69088
38488
18128
51584
75985
86858
87835
98955
48251
97018
348
26402
11556
60526
48356
82278
45565
50057
13257
44063
64726
25917
38668
94331
86989
98772
1553
80193
75801
16736
1239
91217
61266
49258
85847
18930
90164
6493
45464
10514
46942
40221
27832
40003
10179
55487
40460
77126
5966
4954
88713
77178
99905
10712
90139
24508
36884
71957
38030
27471
26821
21782
3088
95536
702
50992
28887
28872
61035
43262
88563
20464
71831
78996
41368
98793
83206
34991
46094
68775
80003
69935
1839
12360
5700
40942
63409
51082
3934
36560
49325
99247
91276
37891
13957
66868
69931
64821
7395
3513
67329
59199
70295
64388
64553
26148
65885
34981
40708
90730
55798
10091
87187
8112
96563
88742
81251
88643
74665
38479
9454
75672
81329
62714
60677
51864
73052
45894
14663
81701
14666
63596
82428
77205
40275
31143
7568
27641
55385
27104
5707
16773
2346
37427
62375
51777
65803
62711
30773
6250
33752
78317
3956
57883
89455
46194
61151
79292
99484
37216
73432
48314
10229
84931
63502
70728
26915
2324
99098
8831
24214
74878
28465
41572
34443
67997
10498
35540
97389
6740
62812
66626
2545
85429
11144
16353
47976
61126
52255
70469
59595
41098
89095
14181
43218
89136
26482
19314
88553
51100
91129
37595
9046
28624
31652
56028
3002
30188
28050
33325
7970
88314
59345
41596
22358
54819
48330
2290
88802
77585
35962
21067
89512
58105
54086
66646
84342
21560
31178
86380
77929
35653
11579
27171
52058
40975
52594
91622
29800
21197
80560
12992
22177
21736
15266
57245
74383
91984
46538
79925
5249
95512
88189
6112
15669
88944
18257
97884
55392
1629
47766
96736
58796
58423
11458
20263
23794
26025
44199
86830
28274
37850
83928
96400
57880
26598
37665
65849
66982
43318
15248
38835
30721
75732
42822
62621
23422
7516
97095
92156
63641
17346
2551
78094
22893
26938
14168
19844
46583
43726
90079
9673
40030
92750
84669
32514
49200
18361
67806
44212
89989
18238
99874
97762
56933
2335
49191
66666
40069
64428
60760
66870
84746
43504
62111
31497
32181
17679
93132
72285
85219
67
56832
63017
69234
80160
8183
70033
52815
47762
30743
45847
74072
99913
44909
34707
24811
15479
9632
57525
87532
83030
26911
29002
72800
89785
9549
48995
75165
52565
19259
64868
17275
58067
57474
57281
62594
17888
53245
75531
77754
31510
10279
88677
56831
2852
72534
20662
81271
63846
65878
83197
27645
4065
11529
73461
35690
41298
97191
99295
35831
20717
17909
46233
41462
50884
72818
95077
49020
55837
33964
29422
40541
43368
50352
13168
96028
47378
73750
90784
99400
96599
90628
88553
19322
68676
39449
12925
83482
2980
21856
73856
9876
84140
83703
9478
86802
23737
42017
71109
32290
44605
69370
29035
88070
41095
33414
235
91263
62278
26700
69444
58344
11206
52739
1599
45200
52787
29517
55946
5927
84251
62173
61909
48981
95690
81434
7376
75825
25210
66783
10846
53573
30539
84795
65698
84137
2662
31869
67052
14084
84287
58966
98550
59890
21127
99849
67150
82400
70331
59332
19403
12691
73368
81696
41674
97794
54682
52039
4131
5662
82610
66483
66176
3797
60758
84196
1653
85258
21185
50188
38057
82992
51170
72462
91840
37686
34591
51267
69772
51876
28403
43588
7111
23940
81413
15233
67777
33630
8657
72862
43151
90930
79978
79535
58409
56150
5502
58635
38842
60190
29132
72360
19631
88820
89723
33149
93052
49965
8257
78565
27258
54265
57971
6513
99608
8345
89525
35912
80329
20232
40801
97755
43201
11671
43994
79007
35371
1161
38816
32921
38171
82230
87683
25916
78898
57615
14096
53721
91900
23753
44172
77211
22067
21691
22580
19176
67975
39784
83224
21699
96543
68243
10073
34230
59421
46807
95223
31528
45331
38552
22626
73044
63574
5181
82314
65907
54045
52670
80642
836
91535
15479
39167
75433
91371
98672
42989
1793
25476
5288
50946
49857
43431
27993
47693
17558
72263
34065
45659
66277
68196
17712
4372
52882
43813
37462
555
9998
79775
37789
11236
53986
13209
90680
14588
30220
56888
53372
45356
7418
38594
35847
50086
95095
72418
35204
12561
21979
80394
33450
55325
51338
28062
85956
77339
23296
31825
89521
31108
1289
19127
9467
30970
34546
87579
55287
35886
9910
57445
30637
88058
50809
69458
12809
73345
24391
50190
69928
3557
78701
23767
93450
68935
22196
72897
68317
70215
24023
49667
20743
21494
62556
6325
62403
40776
83967
89438
60450
95220
44149
60310
41137
89273
15852
7070
41817
46621
78178
94559
10214
14319
40064
40609
2661
78295
38493
96260
6223
97059
3070
37709
32491
26106
11223
13715
5028
59028
19527
45274
97053
78816
64287
33630
71094
98837
64716
5040
12733
6115
69069
94924
372
65201
34166
78668
11627
80505
91683
97164
53228
86954
10508
78260
96972
99996
15551
18608
3200
25435
79798
80172
60267
73549
95694
48538
50624
3729
98865
73734
34635
75169
32888
11368
22166
70248
62574
86971
60704
70287
13073
86279
10492
67806
39788
93384
26830
26271
47881
31792
88351
21688
6320
95849
8118
23482
88341
65176
57245
9408
28257
54260
83844
38579
38746
18497
64370
33973
74589
83958
21254
87052
73041
37139
3915
15348
93166
90949
90033
67146
13940
65141
21442
31757
74361
3626
78862
30440
39975
41088
95329
92403
2693
83855
70280
30526
69017
56302
13554
56850
75678
74416
3312
57586
39359
39466
48467
39011
90495
49478
52569
5962
72893
46935
38032
57481
96328
65557
27595
18610
6508
86321
53820
25164
11994
61208
34701
26483
80850
22882
14370
79404
19013
86134
13017
91197
36468
189
6635
96708
94738
93629
46086
85245
4733
80710
76108
34596
75220
64243
59453
50412
39396
4520
35314
7264
92914
10958
94617
8387
95846
20517
7926
15413
47971
16477
11687
56585
60198
88715
37773
70541
90372
81409
42797
86065
2871
10862
76603
43698
25712
62400
76389
65538
1266
84869
15345
86073
59903
31785
68764
28792
68914
46096
63880
75524
77426
43749
21721
95907
89920
85291
62795
78980
71527
81246
56478
35716
27649
37750
92712
33246
5165
39436
94661
95492
64018
29569
43534
86613
52463
45090
15581
48131
53346
78295
70687
69237
84061
96627
46897
47663
86395
99785
97216
7697
88870
33346
68490
61409
51293
61724
32416
70281
99640
50035
35109
91139
33941
68951
39840
12451
68405
940
64751
38885
77797
60275
91519
81867
52524
1216
84419
62519
98494
83012
82620
36828
3273
91578
85720
58341
24607
15517
45446
12535
20013
10196
75097
57985
12331
16624
13595
59411
728
9027
68941
88275
1858
86402
72778
63008
3649
20785
81173
78845
64926
50875
50907
4798
97767
22608
46083
53326
56309
5554
76553
44258
99250
55451
95365
16143
36351
83658
8221
92672
11352
26461
78210
39963
54632
441
33614
2443
71710
74056
60152
65473
23444
66642
33897
79285
23032
99804
79830
83138
55757
66327
33641
25522
4066
64957
99131
51034
6271
33151
80302
2448
16938
73686
99395
64063
78986
77258
11277
14991
8341
84838
54926
663
74689
10097
42545
87634
66429
24049
66126
22132
35761
26309
76213
35831
93728
4872
58317
936
57072
58765
71286
25514
501
63711
78178
9213
44335
86557
79242
21920
68053
66222
15947
31610
13905
73265
69682
9735
8781
4332
32592
35093
41333
69944
72753
64956
1564
16882
55791
59188
63914
80831
72003
5963
53075
61574
56428
70103
4266
8178
44168
89286
47706
46750
34707
79239
10130
15825
55682
4404
63355
64590
1497
31506
39392
3355
21596
77023
25007
82664
17196
99697
57045
67923
99178
55467
42276
54213
20268
28102
61336
84165
29253
60204
99056
94189
11103
2118
37980
75285
99310
53014
76466
63631
2753
57575
84296
27243
54754
62944
70850
92998
22531
47812
12086
46778
44069
20333
3016
73817
34163
87850
32585
38730
39587
1986
15939
66146
16308
61872
47417
88728
71634
49660
76833
42724
49373
28181
42850
47393
1750
8299
91476
48686
900
21073
93285
58345
9753
54110
43683
17938
44158
25752
75537
37507
29861
84377
43744
69882
72736
32406
46578
43407
22885
68174
27249
62755
69977
16742
16552
97816
89515
31879
76358
83661
49287
95008
95089
42945
9862
34281
75606
93417
36725
197
289
54375
71459
45452
74574
81234
92670
12694
92426
95439
2975
85095
75628
6900
86800
72652
15107
5597
50503
11790
18810
22340
64493
82065
13115
57355
45858
94827
18531
53198
73655
42162
13205
48397
94572
89314
62148
27489
29382
4485
68265
24575
12415
99939
83146
60996
10885
60314
13302
16026
20229
98787
95515
42422
98057
91275
76055
27811
63583
21607
61236
97933
40919
81243
26011
21449
18416
11263
34883
51584
71316
56915
25756
30462
45189
57971
8968
13861
40742
21179
24062
91468
8133
62722
86440
58199
12690
48691
72833
59474
19540
82414
35232
29396
2544
81067
10199
35675
34338
96491
95651
50200
21740
45540
53054
47514
8951
57004
29854
96409
73804
31318
73772
51357
38144
62358
69390
55878
79328
25358
14532
24577
1166
75537
60356
54317
15794
48092
43601
75408
20467
30148
85792
72764
80628
72595
73844
62541
8815
83066
46714
61339
21788
93511
34826
42
59134
95475
51938
81233
23838
59888
39101
39683
70268
97949
14913
97574
55856
49682
19281
66620
5448
98894
98038
52161
41868
79610
14377
60501
31125
15091
12649
18112
90055
95613
93608
17980
21481
3339
93653
88308
1561
18468
50392
24489
17714
9010
25852
34394
6961
86833
46049
1662
17360
74346
78363
88305
78404
1446
84775
49346
61353
5024
47746
40090
99830
28519
75474
37634
36928
72241
4506
95866
99058
67754
2233
13251
69645
13070
13093
30583
96237
47089
92567
76219
17438
58448
91551
5373
31191
78266
14918
96668
36064
75319
50784
18067
31179
12856
68056
12888
62703
31972
63966
27397
62857
69235
72650
91667
77656
4821
61373
37739
18970
70646
8649
35842
19046
86051
24164
98272
42642
90877
74345
51086
28967
95100
47638
51923
310
46135
77911
24794
52200
55768
15419
67989
95427
97096
32745
15250
58742
32516
64880
53642
43140
72394
89900
5880
95071
15645
80330
4190
94119
40769
4962
25481
71333
14186
28111
64641
42399
40384
15436
19508
14540
80443
79762
41474
8342
9073
42558
1537
81326
62392
35275
98090
354
80186
21679
27274
26586
90414
48146
83977
54510
76072
18088
36512
79198
94878
72863
21289
12586
30362
7458
45498
81623
87024
49319
31662
94058
94054
34361
68943
35867
16547
24875
83409
7234
82083
64879
55347
22240
59034
60376
8030
64945
11128
81982
86249
58947
77582
35671
31534
7177
3700
49147
77325
36213
26825
87843
21932
52313
40596
91374
35846
66748
97195
93657
34863
60990
88978
81334
14882
36601
53382
77860
76076
50377
86900
30577
78879
98277
88382
18821
92598
66177
17829
26724
28388
99852
37457
20181
66233
66283
2217
67216
7389
43824
97069
3412
461
10492
12425
95212
53963
13286
36312
33349
25935
13394
52708
56645
32964
59224
46381
21708
55972
88533
50170
18546
95832
91165
80679
54662
96175
52914
7552
4523
64005
68880
91008
49909
49441
3827
46968
35499
33884
2966
30210
70450
86159
76293
16699
24897
92149
36533
65617
99485
56154
50440
89636
82157
44918
75050
67451
84013
8158
76709
14962
33827
22964
28271
28049
75700
85251
82404
81801
48770
73480
59032
27008
89157
58408
46309
31657
20785
38012
66977
90986
1475
20833
60944
56005
40821
23684
63334
70891
4486
96145
50333
17708
44687
80958
27196
36260
35336
38919
29284
87044
84334
68025
81126
14643
27541
31325
60646
52405
34584
71732
61588
29680
39087
70575
15137
20762
36708
53538
55633
75169
51906
5391
52428
8781
24968
76007
13708
38448
66504
22581
86185
3820
64564
87378
53166
11264
90955
1713
52017
64491
68972
31759
24913
49494
62902
48905
49131
94109
43006
76667
72535
64754
38614
48449
84967
65201
69937
52245
40358
45506
68497
76190
86874
36576
73838
99578
91665
79144
76696
84817
83879
26302
49700
48450
29761
87079
41126
991
12341
45753
13215
98921
98991
19105
47170
23356
61158
68803
2546
61772
54901
3093
28730
16221
60448
9581
82687
31736
43225
80651
46084
27585
38320
90525
75596
72512
26333
16
39998
72291
14627
65505
16144
51066
7058
36361
12547
94522
99599
43353
84449
47387
60350
77810
18068
53254
53378
62097
25350
28101
54955
32487
74591
81154
62218
71057
7002
30908
33836
612
23846
99408
49495
15579
67994
77365
12107
83609
86871
35489
48084
54743
99055
40627
18980
57890
15496
66368
33949
51542
20019
95992
45630
63893
62663
32080
69957
52045
97544
62974
96077
54922
35932
90876
5364
76259
36971
56546
15641
89022
44521
44665
72498
24943
70823
20438
44253
94563
60156
9160
60082
64830
83273
5046
24023
87678
63232
42736
39989
86182
95628
93164
40968
26246
65191
18726
52789
45954
98573
7379
11655
50418
5655
68944
91844
74894
76222
45882
45940
62665
46548
12523
10514
48125
99968
67355
91693
90208
85503
10123
79282
41951
76654
43329
92149
58285
65084
83869
54490
10309
1877
19396
80067
41337
80351
23896
8593
36894
98494
45844
35244
90095
39417
31701
65731
40872
61735
43545
96790
99149
29782
85949
9815
21426
60632
53610
34486
77167
57058
90344
73979
92517
26034
47378
53179
64896
96661
74352
41358
65807
32858
47908
26510
33198
45319
17634
79198
48182
75921
57344
13743
87113
25913
20222
71286
75575
20003
39331
88470
31470
58531
16208
191
53965
28577
48092
23070
67771
70664
72500
5273
62686
5535
23263
38237
41971
84027
44899
9603
37443
38649
94027
88359
6034
16661
36119
53538
96730
59555
42007
50003
82037
95792
1023
52184
2395
81035
49808
14062
2358
41445
23625
54449
25791
74313
69995
20088
74773
49857
2116
80400
81301
80807
27380
9816
59594
75784
38079
44613
66072
85573
23244
10637
31244
52633
64715
64326
15131
45478
79971
18763
84638
95784
62501
9342
20137
85632
6986
79967
62056
42342
88697
20697
67747
14921
43358
99645
64961
70575
87664
12416
69895
64680
657
50604
66584
33537
39682
55750
86901
49371
32589
13743
45221
61981
63708
29653
73361
48987
74011
99477
41127
31073
89129
22235
3114
2073
9448
32384
53519
27138
50114
84865
22662
87734
55978
11565
2463
61010
34161
40570
9389
4043
2103
77981
24630
52140
87382
45058
75772
20879
5863
43523
66943
60365
65276
32468
41260
30308
61882
866
22835
54871
10416
67443
54034
8004
49322
38747
34125
44027
34583
67452
85904
28864
32612
60580
46891
74767
91394
39211
16750
4413
32765
44260
61670
92046
17994
33487
41127
22649
73572
82614
76031
39382
57568
34814
19089
29191
59297
48057
44100
93782
41169
62285
23562
2051
48181
97481
14340
36611
85765
72386
71318
55157
20967
79414
33193
58452
88136
82727
30248
1291
25234
12953
57908
71318
26447
17239
54476
98733
56046
24347
54407
52037
53676
29328
14497
76761
47129
56975
3780
7058
11323
26974
74772
30248
96198
63042
36915
2407
99016
37211
74070
90927
40311
25546
44105
79879
39604
17228
68194
8293
7554
50582
44338
7692
82700
74802
12813
28588
21942
35189
74279
90276
49255
62506
20417
79934
45530
49422
46630
56938
24074
78216
82262
21207
96280
12590
4443
11282
50474
14265
56523
29331
58836
89542
47884
48481
95531
37798
37720
92
20661
72730
91810
59211
2117
3459
20001
38074
74289
15607
37438
61252
25107
14903
81434
59973
10910
16359
16106
76716
29350
56874
18387
81820
28909
34602
92102
53271
17570
23136
68075
56563
91122
84811
27932
75183
65060
33520
54886
86844
46398
56181
29234
44492
49728
73147
10951
61622
63822
33297
69309
67748
54626
76595
87186
86047
16324
32912
62820
6990
92382
51510
82486
53913
20916
14715
83746
74125
90026
6793
62622
59563
27666
78992
83798
90547
44608
20922
30679
38708
15232
37048
69262
61763
34366
76508
3893
14233
58108
12024
27219
75829
29612
29188
58429
74780
2291
3860
11006
20957
55521
47208
6995
23674
82865
94466
59364
24926
55873
31586
93321
32099
66913
6089
15020
28863
25663
33253
88381
23816
61310
35671
31754
30804
69833
83116
56159
14500
47798
46618
96705
88869
68787
780
87719
84939
64855
31803
87394
90141
157
76138
47440
3654
5902
21784
12461
83826
47164
59898
99507
95420
50096
60524
78988
51730
71679
65739
29672
75279
6650
97378
34607
45924
93606
7392
25782
3275
58874
48122
43402
25907
24738
92599
4773
47578
66861
35594
18738
42574
96578
85168
233
1688
19507
86442
13294
52222
98433
44876
957
96798
18388
17388
38775
55543
73186
34755
21891
91659
53192
95345
2470
78496
31974
86220
86705
29969
50069
25679
77805
15339
61360
96743
42714
94794
24669
72906
28497
48902
91901
57436
48362
1742
8357
73339
83795
38611
34779
1074
2028
43284
47845
15341
79937
4465
75967
41495
81196
98738
35913
79287
15348
58970
94297
80181
12239
36078
81402
59556
41288
15813
82105
16136
69736
87658
82011
3342
88223
89428
27842
81507
83238
18072
69926
53945
72955
61215
32135
74794
20774
75630
2966
87039
97587
91403
85103
4038
23105
45902
98343
65440
6328
43773
85291
51707
15370
12852
88219
72222
78389
72812
74352
10975
86014
74426
65790
70449
48864
68680
72024
73319
7298
1831
12150
68681
29106
2430
8043
2575
26744
71939
27370
28526
44967
42611
94237
7059
88468
71189
2184
87252
52800
59317
83584
34782
56219
47339
55753
41453
93741
19898
62967
5588
64361
50071
18137
36954
11799
2439
78415
69931
93491
9190
42012
29774
52463
36972
3235
92554
52179
33651
7600
4010
34273
77625
91682
28062
51740
92890
8167
58878
42401
28390
89756
45705
21002
87160
4657
36402
75060
84599
44625
55395
48195
71461
4926
39963
52797
64603
82186
77401
30135
88369
42662
83139
626
75288
54379
58844
95767
1739
19555
4423
25322
32553
32979
10934
86165
71367
53226
55282
4321
77482
90749
38827
53553
35214
60898
35194
72275
86436
70197
8834
63541
20950
15593
78061
37331
8594
28711
54607
10943
51373
59132
97932
58275
55048
65288
99821
23591
80207
99017
11161
60782
82728
47412
99351
54873
72275
80723
57109
5951
52624
41867
98927
21262
43213
6594
45008
13981
22894
2171
11451
53339
79593
64924
78158
84097
40442
80500
88944
50626
45728
54001
27064
53884
7402
86710
35824
39790
26133
72139
88064
76809
51679
62714
18692
76940
69887
86307
76773
88331
74264
85884
33540
45895
79522
3355
28050
98783
43768
72263
85750
98826
69421
54286
34050
56496
82656
13306
77436
81220
5839
71336
14029
91848
70692
29274
10524
88905
89320
63791
71025
93922
46115
9385
11303
29365
72541
76763
64087
90731
74645
59612
11959
88285
11224
64763
61019
67489
59623
78853
79463
32630
35939
10941
32877
63496
84557
35562
4593
52444
53430
50727
50371
52126
81906
30089
56661
42149
28124
98317
6878
56713
15527
24193
56802
31809
23351
56308
35111
86097
58553
43089
4599
28379
40893
27605
72791
31520
6348
65817
89581
74474
41383
56635
94429
21991
89560
83386
52040
78747
1615
25062
23063
15659
75456
13625
60992
8293
81507
47073
5980
65951
70126
12713
54630
19869
31907
36873
95342
30400
40721
54863
42614
82538
58161
85276
8498
35415
97866
3203
60023
6925
73565
51357
76357
23114
59353
5213
65589
97669
43808
84406
95983
46094
54655
34462
12721
8283
45667
22030
27942
84872
6473
4683
27024
68336
49653
89774
16967
37602
32165
89902
78543
27466
68664
70041
32348
40273
88228
70181
55992
82517
82572
82151
55645
64946
68637
79446
98108
67554
47336
37666
36975
17141
3722
47035
44741
9447
5079
73656
54178
5641
99960
25666
63659
47844
70787
34395
10443
17829
64321
86217
7921
31163
88115
85894
16828
73312
90351
28592
56688
9917
70107
88758
24053
8558
33495
74857
9800
24075
65340
80538
98305
44303
9161
90335
49003
65553
64568
23550
94863
40159
2834
76593
57081
91954
28980
5562
83560
30008
97365
87462
33949
86372
26697
4638
65401
24538
32491
24755
7708
61115
53845
19557
27944
60552
50908
79506
12974
12084
19228
12969
66200
3664
1632
82131
93495
15766
26960
52094
23483
80906
82038
52360
33132
75134
18855
17626
83969
18385
12470
27603
66715
29427
98879
71104
31742
74807
99227
71791
77105
73031
85216
42973
14
74316
99935
31041
84170
72083
19583
51173
92009
16497
77523
95177
70676
31612
77315
16132
8987
92152
65694
51839
65302
86052
17732
87361
75800
54891
37609
75508
62167
84874
45897
85621
54130
18514
69387
40924
11063
59227
4078
59211
70911
42778
57057
54765
73980
55827
87082
16489
91442
50505
76717
30878
33440
36477
80564
37062
43982
88458
1541
96050
89065
90964
97156
54815
37768
98749
1728
78879
43320
30779
90116
47450
73188
81960
41866
4750
32349
16577
94103
42919
87573
25254
1926
86302
27833
6154
3945
58029
5265
45110
73201
35045
69448
57490
99095
81198
91779
69138
83175
80113
35682
43511
86616
15003
2965
98727
5613
16647
92327
19540
39886
28891
98757
76843
71682
83028
77108
90136
54656
50432
55296
30784
25695
32482
94397
63689
5131
98289
87928
43230
55898
43846
64018
82918
31285
3491
35174
27573
81575
44627
7815
83495
45937
76936
38363
55534
71632
52639
54089
62360
19591
33530
40713
27749
87924
29012
45074
16870
10977
63827
74605
3814
65315
62253
12210
44273
73110
6132
6362
16818
64747
71646
20968
77016
43940
49522
89937
88741
84048
61904
50131
3736
8997
80129
10901
42906
18237
91515
23257
17001
21182
37624
4759
44866
69118
96788
27081
97787
11167
30714
81805
88909
50373
16876
93948
77350
50349
9495
91639
47122
81232
92863
4716
56247
15415
91749
63513
82571
38692
30325
2628
74109
85266
13250
77976
11888
18455
49319
23366
65821
2311
49416
15151
66966
92434
54571
73929
65618
92975
80940
86453
49973
34088
72817
84750
13560
58217
15993
76068
26220
65879
41691
96919
87270
10169
11542
21328
20801
22967
18252
71924
28551
8829
82729
44806
84468
83343
29278
84083
83727
1208
73989
33269
27033
20892
9025
48032
82040
54734
57546
76574
5381
90292
34132
35232
64039
74028
74196
16587
5244
73335
89040
27587
47015
356
94117
1421
65553
70687
31297
49481
8680
60556
84453
40608
27024
30235
25884
60182
22558
61933
29366
45885
64878
71747
10448
12567
68697
81152
12705
63053
34253
61028
90720
3495
72535
4259
28071
51000
38068
21618
10709
50351
16386
50899
3047
3476
64006
28720
29568
70679
54231
3482
14877
5711
41038
46571
11078
24897
74315
39906
57005
2524
67463
77712
24468
42912
90132
14034
56660
67084
42023
23546
31134
9697
30674
88794
68724
64140
72954
71312
60456
84184
47658
2571
68282
90874
14463
8860
27707
86067
81618
97680
21808
86636
64094
94915
17667
84241
62503
10507
83991
18892
88133
79565
44217
33328
96638
3752
55212
84564
96933
31864
99900
83035
97143
64194
37334
78317
99495
534
63388
89440
94829
99716
59432
20900
52712
92725
76429
35640
76566
32790
3326
99250
20763
94430
70255
50210
66556
4861
989
37282
28760
68143
74694
27192
22063
91804
42201
40854
91829
13694
21121
31678
93472
14167
38858
2381
98029
30854
25482
89966
30120
90880
26795
93081
61476
41944
55878
79461
29369
78141
51325
6930
66427
82275
56715
73246
63190
64756
95777
66398
28144
99617
38711
87069
41774
90225
78087
82920
79548
87903
56003
58633
73191
32122
72744
89295
80831
92631
81913
25909
37980
90331
3085
24040
73376
96315
68227
6456
30808
4254
16870
35804
1279
70073
86326
37460
68691
83147
45326
7194
8137
52896
53492
59236
78154
1247
44099
79331
20779
79756
72809
18693
85560
16337
40718
32442
34128
2773
76851
31478
89495
27849
57376
822
58546
35008
26441
59393
36541
57174
43932
92049
68087
40136
59046
66559
7748
74326
54119
36202
65628
1280
66569
20188
27702
61165
84619
9166
74862
66932
26183
17368
68526
5327
80885
85851
19537
71865
7232
84327
43845
12051
28393
3684
32075
55550
74912
63773
4097
84662
14741
24907
74106
68043
71679
44159
7252
31886
12275
26198
22262
90581
65627
67385
1812
95136
56305
65624
41628
88924
1116
92492
15108
63168
13058
70264
117
17316
76441
12682
94374
58376
87960
63007
76201
20466
80547
61830
68621
68090
74973
93554
85465
51865
80429
78278
50351
65461
24297
74034
68900
69656
1947
2191
5736
94696
45109
28360
29558
94579
54594
82880
78568
18252
70776
61933
72305
97389
77696
37055
85671
13312
2019
80117
85040
11456
7593
36655
56405
98117
67851
58751
37401
64956
49805
51505
63649
33080
25855
89663
12756
87271
51767
50095
23087
14933
16438
95784
63446
29823
66210
94111
77146
36459
19468
40424
72913
26930
70642
20373
69984
28848
66625
29771
67286
50582
62724
98281
69411
71988
81452
51279
28207
72086
65871
86457
37484
92934
12148
9558
2001
8964
80811
10956
48474
1053
19411
33088
54553
9767
50487
56076
17193
96552
10557
87056
11426
75293
36274
97070
14257
29591
60514
45597
56906
30314
71575
75386
13160
21551
27623
87340
2668
26703
45517
64177
39117
46774
22993
51203
36566
46010
39437
36106
7817
16101
37114
41089
6572
23581
12311
39930
75799
92995
46321
73764
41694
19378
82567
53065
43263
60951
42280
6116
50474
58072
4256
52407
75412
83967
52733
15094
51878
48740
65739
36306
25301
7308
1404
8172
62110
12565
27717
49235
16480
68014
88073
93851
81224
30516
72136
41911
90811
63388
48003
26893
80469
69053
55997
15338
75689
65563
96565
40132
70562
95035
38362
46745
97700
16548
60509
10442
94920
83452
16346
97954
84134
5288
33408
12417
94474
29383
60358
32413
17770
24348
5979
36361
94476
70114
59769
39036
35616
30995
62450
62398
91982
85608
68274
1045
86496
41271
9371
98145
40670
50792
4483
59853
19557
59295
43168
14260
52427
83978
23801
41439
69614
49051
11630
1023
16204
53690
24791
20126
79452
46585
65966
52651
21677
71729
40522
77077
1063
52462
2364
15046
68047
48465
94840
82583
49928
35867
65341
41314
27220
48022
91884
20100
72974
9773
2783
10372
68671
46163
55341
94738
26355
94822
16900
21733
71281
13826
39586
72949
35212
64156
40228
1735
96068
82179
47350
57062
32316
4877
11276
19991
13847
24109
46929
20038
28745
4635
43675
59739
38415
23225
64805
93279
34848
20969
49938
26850
67899
34710
93644
67819
7247
43652
63706
15390
28088
43064
48557
33708
42936
1704
97623
80795
43460
51262
78922
80671
90939
40984
35066
57712
76813
91466
45544
87705
94415
69611
71845
20817
46057
66566
63775
71707
27021
49455
20792
49657
81764
31754
73939
78744
16325
24682
90573
22260
20289
62961
8235
41482
74907
78103
66834
61849
41592
55346
93252
19678
93261
92719
2781
92174
67454
95747
76146
35234
42277
40204
42096
66085
49971
55130
75854
6945
37726
83310
47923
15404
49047
5073
49260
67873
71117
250
99352
60192
52980
27312
39043
94652
72999
23498
24061
4475
24864
85832
74330
84322
857
70241
61860
37009
76888
50079
86583
95038
42525
57664
40301
37496
22072
30787
44125
50440
81512
82081
28769
30352
62484
18183
82845
67855
6744
40591
98
67236
40193
2915
74131
50748
11143
10539
84402
7301
3992
67931
95484
42902
78069
77666
44664
88732
70115
6597
59892
1515
76385
23032
3727
23473
49281
90469
91876
37341
3712
31202
91558
41515
57483
62014
56050
39287
80755
26573
21138
86560
82716
20970
80523
1977
89943
63756
19447
28883
87126
72710
85104
90507
41881
26986
10644
3563
79746
92117
14575
67506
97966
69452
41507
11906
44271
85384
3799
89985
10903
71745
89562
61773
13951
98702
2856
16050
65253
55546
77926
97113
27929
57157
71712
77192
23153
34066
7409
96684
98570
1348
98381
59854
50663
91657
78716
16809
48619
42868
96785
60026
92222
54681
80859
71405
61435
72606
81806
72884
5255
10532
25334
5115
51793
25945
1643
79851
69596
50191
77264
29095
62362
76736
31424
3878
9976
51927
39475
44356
27393
64134
70573
87684
15743
51474
32150
4788
45767
34279
29272
77389
20170
13684
73176
59172
45674
26214
86402
1278
12770
161
5985
35410
59263
81794
58053
59243
25505
11130
5862
71696
36132
96288
27993
68167
24916
17571
75409
88793
2263
34753
78503
53850
93601
58843
74000
85123
56332
63489
29099
67526
17113
10275
78888
19528
87548
48437
95110
62411
38963
84355
53443
99117
28228
45315
80332
30652
64089
72620
77589
18935
3073
93770
65829
22604
27846
66806
84464
41562
905
49798
1077
40234
50027
69799
78862
76771
57564
81819
69022
42391
37443
60580
64398
42085
62383
97139
31511
18251
62088
87195
43081
60266
25685
6775
38958
87784
72404
3176
4084
4952
76224
95407
51296
11182
82444
35536
18301
38280
30602
68240
57462
29276
83086
80082
93595
70378
33528
55461
76082
50792
53913
27865
41192
94685
67064
17677
16662
40086
931
33760
90913
7094
52158
80971
35240
49321
34769
44665
35099
82043
1041
53427
57654
79221
61907
47716
43553
94301
8008
68430
27837
78873
15272
10773
330
30530
22864
71961
19259
29073
68040
63399
81472
47011
81315
386
53404
50222
1912
19563
85575
90849
79296
88767
98376
24885
80107
43668
47520
22832
84639
49472
16079
55984
42051
68806
80968
87760
12312
8585
62445
1869
19345
27172
69475
24640
18438
43243
97605
44711
32424
10688
18201
48187
74487
24094
15624
53635
70918
59019
64739
80760
58687
17035
84259
50341
97132
62419
19323
74218
93341
37616
94187
85087
30743
53915
59407
30406
75332
30586
19604
9445
54537
14798
7508
71496
52688
30868
8829
91571
95390
96406
88276
81972
65032
44255
6431
13906
27265
2541
51715
68212
89338
99590
73088
87045
92402
20927
40140
63514
88539
94274
57898
86265
49538
51890
54691
23810
5853
63688
18092
77061
10277
75581
50059
1335
95332
79828
49311
18407
34486
38673
62862
11504
63303
82589
48843
22291
43199
39380
31335
31229
12808
65430
41169
10505
62480
69881
17645
80516
21511
5356
36858
94744
52990
98180
29363
73909
94759
69769
9319
25914
43164
50144
42169
49895
50406
78755
38482
73339
37431
24923
64584
6329
31235
36834
90663
7817
49371
51836
70628
1446
71621
77527
41200
70024
33647
15900
97353
60783
51294
67196
81273
51472
10879
33950
31561
58707
82308
46969
65674
84491
65495
92764
65199
52934
90213
20271
48806
84209
75827
30333
40086
9544
22762
32877
1029
41290
17781
4957
94384
35836
4465
79144
93751
3531
67586
3386
28660
60967
91262
61510
76524
99262
298
77506
91839
75664
93062
62527
2288
65106
48173
65464
44163
72470
17092
62966
25957
54322
95752
15674
40385
3056
20613
91402
81302
53898
7774
35314
88811
46841
95245
64821
39888
76167
11485
26029
48283
51047
90628
2308
59546
55655
74735
56119
39601
79049
94675
23676
70015
26521
50089
93514
65759
88707
29035
27556
82038
71862
34218
32182
92674
39746
49169
43912
32967
50629
94565
1175
87933
70624
43864
57752
56149
40133
58153
11812
21743
81441
24826
79646
64665
83925
27880
79815
36283
95305
97970
35781
94459
79397
85557
81280
59274
84094
73047
10781
99363
34083
35752
1100
42747
80520
24922
47148
45896
83410
52360
80874
4342
51170
76777
53412
22834
95601
44465
26960
81133
10155
71302
4323
4287
47635
13484
55090
54032
22870
61258
47699
48721
21945
39337
37992
59046
35841
45710
46224
58013
79458
98715
18034
47581
28323
85834
94845
6660
95892
13012
23092
86815
32400
85637
72240
92536
42618
29755
44152
81839
20441
71766
66403
33054
69849
79245
59381
46590
63197
13688
11968
65200
69161
90274
18338
82197
54826
62090
87919
2678
67370
80187
78718
86819
39135
32675
23893
61834
82893
9544
33851
89761
33975
92271
64179
23512
29393
66989
20702
61476
27552
85044
96904
76396
74441
85004
5152
50001
89055
64866
77268
7893
13127
80230
56254
24293
93979
21984
26008
5615
79357
94798
1227
7515
72401
85714
12562
76220
77648
54472
97410
32896
72615
40099
38983
39694
11150
1666
27085
36972
28076
53465
80810
33490
24146
78454
97419
31272
57718
33171
55173
83716
38717
91550
62867
82492
87415
65670
84987
15983
27041
54770
56305
11973
60825
42217
78014
63317
90592
42600
66034
79178
39538
77743
32212
29126
35282
19182
23666
73231
90813
50347
23567
94335
11921
39522
60345
31625
85944
16982
1996
92696
31539
75897
67701
32334
57236
47251
17708
34702
46068
61099
80894
30254
88445
61653
837
28981
90014
49965
48453
28104
5007
68058
85875
22998
56139
82167
57557
43306
76395
57465
28843
34237
62475
87843
19700
10393
12254
35797
42978
31261
46500
95144
77167
55091
89660
4561
4379
1385
47211
24146
37524
31518
36015
63495
44939
13625
8430
57864
66658
29722
88424
69432
81578
95353
25971
16102
34522
37970
1560
95769
782
54074
96915
32503
8217
38630
11287
85056
73884
55996
69289
544
67725
13325
3598
45365
60642
61736
60747
79114
26047
40270
17847
57881
85810
40673
789
85128
92662
99541
82558
56505
50137
87029
33995
6090
51604
95427
17234
89446
85001
63444
25850
52881
53155
38033
94582
88209
52979
12637
94560
56640
70968
90694
25712
76337
44555
29726
40095
63729
9612
45764
50079
44883
28091
6289
62866
19983
11340
57799
43388
6712
84516
456
14656
69756
89701
42419
16022
67801
22584
53985
44283
21481
77792
66372
25860
8278
83270
52248
27541
42787
30352
58925
92312
94508
33990
60452
80373
49414
93783
4794
28016
33520
36707
36040
23291
44465
17456
61167
57390
28437
54883
58612
28937
10611
76767
99533
46117
95816
68728
68911
99204
92219
51182
8387
20461
23246
72812
22222
83231
24109
10143
41422
85951
56440
41043
57857
99421
47184
44586
16171
9155
23011
68270
65892
7048
19843
46470
56747
62185
46001
28922
23147
87162
58592
76406
99887
81813
48021
28731
6551
25201
68584
73393
95352
35027
23882
57383
16578
27036
23012
62996
77012
93011
90361
61395
92436
16172
78422
11344
98562
81446
60251
45402
57962
88399
38525
1705
39755
20666
32111
73791
56142
4318
25295
44936
9395
61633
88256
66201
94770
2388
38864
55539
24487
4740
39858
13656
70130
3995
45160
90648
71297
22661
59313
58623
74674
28169
19001
83815
75772
63456
25781
85685
87994
32143
42148
59137
32112
2362
28688
84087
50741
81884
68666
32757
21410
16393
73329
40334
96481
19630
19599
68000
19613
63927
72132
25103
9118
38866
54284
80214
74452
91992
19675
55967
29619
78114
19895
91748
72257
36397
29018
5217
82275
25069
75838
44805
15509
67769
43633
88447
95908
18804
47792
48812
13990
37318
95005
18753
71199
53235
63398
46083
76551
35730
43705
13409
67761
81166
87997
43927
6637
28871
96730
77622
35240
16872
58381
66310
47570
14577
37984
39550
92574
78396
24757
72754
99273
85934
74892
38777
9963
98199
47786
92184
70632
17291
49342
26264
39543
12110
46384
87177
51584
17928
91744
53005
57530
49818
84873
5889
3867
27609
31948
84816
16160
39425
61834
60850
6191
36743
93034
87415
30157
45600
44003
80323
73771
18291
11400
49293
33369
92649
90592
90479
31797
65234
57010
2961
85916
34373
88305
63365
87520
14117
3267
43122
50874
88336
21680
61767
62639
50586
99968
89518
26272
79928
76367
21480
24283
13516
44866
45659
2715
70073
6034
17859
52951
82040
60897
23710
85723
90968
51711
42390
10454
12894
57872
33982
93782
47131
55462
91798
55444
80641
40781
40588
19429
90198
92019
59419
89434
98697
39405
19908
18363
54361
48978
20520
28503
76261
61184
51912
50952
24186
60263
61711
13777
3512
12198
92489
21243
50777
9591
16836
72989
94038
20873
55937
73508
42977
98426
4405
104
66422
34834
21546
13105
53518
19485
14674
43855
34813
32248
85439
34026
60372
24561
68631
12631
59279
67511
99853
89262
22112
36116
48182
33604
25854
52177
44949
85812
91362
67889
37852
79882
60401
78909
72515
86477
8620
49388
770
97089
54818
70465
97618
123
27694
61525
66479
4872
25005
99579
83944
27118
75506
4018
94150
81001
16460
8027
46349
35397
23993
99585
96836
78307
94422
61047
84178
78102
40368
21740
57607
78329
92959
37999
26534
84050
92076
22464
62228
51239
59406
39854
28818
6117
54554
19218
9909
52162
17122
59434
28076
10365
84390
91311
22744
73591
92474
66709
20043
98226
28420
38920
36506
69806
80325
95022
44743
63931
70823
14367
56715
1653
95176
26627
70420
83607
64032
4542
4259
99484
60158
41556
14920
47663
24636
50326
37285
65406
26494
33911
71663
89344
95663
71018
46130
54222
39898
72657
62302
62157
89691
61390
66066
12310
45586
10916
24496
30455
35132
70841
96169
48470
91142
42338
81268
38748
51940
77613
99136
61563
33467
84481
27258
70330
36609
36251
71521
90590
35450
96734
81651
81686
65340
29828
15697
83260
85102
2487
78646
45942
27360
61919
95953
57449
3255
57439
73178
75153
16543
6441
81111
81841
53053
15601
75473
41305
16226
52287
90391
31646
92350
67152
99873
47129
9062
87115
99443
68404
30769
41293
31422
23802
13743
72608
9259
72670
48775
28646
45320
99337
4396
29267
92776
81847
84852
1634
79858
85693
48898
33058
7959
66792
99296
37093
58862
67108
29343
42100
81774
16954
78176
28466
50459
43519
93350
14292
51364
16591
64472
57141
29384
17565
74332
10226
70312
25201
79960
27796
98215
70312
36766
87692
84805
32948
84419
11300
32760
60489
55885
94461
30328
72909
82645
51495
93436
56653
92063
51737
93137
39614
91688
21921
84828
64782
77281
40217
57650
55323
72948
19211
23020
21564
72004
66002
27802
5599
53117
19189
11790
51227
76562
16570
23686
59839
44462
44579
35429
28737
49105
43041
6000
50690
56270
35839
92872
94714
92061
58694
84669
69196
41824
94218
43550
64878
81546
90561
20384
67711
8143
90008
50459
29165
45815
55149
15215
55574
91720
65528
10682
90518
8547
70495
48276
19508
60964
84332
6574
27727
4891
39970
58692
20609
63182
42800
57775
72533
70814
40337
7290
55745
307
94651
67225
7201
98058
74928
99599
62726
18339
5669
9961
46785
63518
96394
65067
63478
77495
41306
28597
15330
74330
97914
74096
19022
24320
66423
76816
53495
86647
55967
16534
85547
72072
10025
63840
72306
72824
44616
99162
22034
40778
92876
65432
81438
39603
28152
89117
24214
36035
97913
55869
94451
50836
69466
6128
83328
88404
66054
47468
56607
4250
30806
9468
13437
44580
13506
785
70476
64178
62232
3882
71346
48039
8698
3678
81678
76664
4574
87604
42481
97112
35604
80476
3989
34734
39526
66337
86314
72406
6580
75846
10508
23974
11274
5266
86388
46256
29273
74257
50440
66848
81815
21224
54860
44391
43427
13066
68217
31263
44898
55351
60978
79162
70609
47678
22731
41074
92625
62857
96427
22414
75774
36921
6259
18265
24271
4716
86856
76286
78507
75503
60527
91864
28263
59184
87554
51455
40269
72036
24238
1904
91742
1272
12689
42825
88850
474
14212
21217
40857
41137
42719
18000
31351
82611
74398
94735
24207
65789
16054
15252
4336
87064
54618
57393
40127
90214
21725
34070
88131
35025
64436
37759
68675
42248
54134
24342
3773
76088
57287
52312
50576
56585
42722
88849
43443
28743
59522
49282
97536
5741
59248
55078
4200
48306
62903
15400
96241
59995
27418
58826
97481
1228
48846
71087
25490
60447
15243
59587
82079
22628
84180
34081
15793
77265
81254
65648
91490
71154
19270
98653
16138
50229
77484
94708
73201
4364
79090
36418
60769
29608
66888
8521
91603
49956
81073
66159
626
97983
92322
85507
19821
15585
72484
60008
77545
23766
87209
70123
5496
69647
34179
18671
57922
12640
7432
51519
43610
22906
69848
78408
60337
40826
27092
18077
11185
33136
77828
18144
43467
16391
92908
76491
6651
60394
49750
73891
4363
8441
44118
87328
9497
56284
33116
87984
22761
9732
46521
42830
99056
53013
45920
40106
42690
11521
24004
66957
51247
33376
9236
49619
28014
41671
5988
40663
25294
69345
66838
72141
28029
19750
28358
75790
55366
92532
37619
16395
38407
14344
76805
80922
66363
53997
81946
43294
40528
30006
84806
44048
91374
1332
51111
15665
21825
21115
1533
33953
4917
21253
63130
54446
79974
74188
53932
88053
80644
52572
2522
60746
20657
18926
24552
71354
46716
43592
54614
80246
1687
53256
58764
33514
79985
39914
85696
30737
67299
89297
59558
71111
45795
62029
90899
53675
80776
67761
53250
78141
38818
96900
20466
16349
2277
55621
52658
5962
38990
94975
44692
92931
530
801
42102
20594
52868
89409
93099
36951
13851
91056
16697
6912
73524
47933
22742
4780
46428
43939
60032
28134
31011
96626
39667
84974
87901
92227
64902
53617
56750
91473
1413
71169
68709
60818
60006
28829
61763
79512
28182
59322
77334
70517
52297
30946
65905
43826
90255
2945
35093
8613
32007
50790
69643
6659
90053
35660
97952
8918
47013
25882
48366
25940
41203
65303
58129
96267
95947
56169
46527
14376
54270
79378
85261
55469
57820
67558
21157
76536
88797
91881
81605
11666
25494
7973
93726
20720
51715
49628
39464
74566
9797
44103
36396
32133
77681
31771
95197
46497
79319
7524
59265
82971
13395
18355
50586
22272
34646
18402
14065
62520
94746
27755
94733
73730
70747
42486
89618
57135
51536
6677
11727
84030
78222
65394
1104
59180
49784
13180
81046
51038
76069
48270
53670
96287
59065
69612
75936
22108
4393
9295
3569
21852
91723
55350
46418
59894
72366
85465
42995
63235
69611
6561
30472
22650
74418
95380
56085
11647
90228
74585
29700
71060
63593
56892
40748
13979
69842
63277
43514
4653
43624
16476
20180
17810
56943
22252
69563
78395
74726
22589
97128
64637
65114
32954
92443
14452
80250
42159
28084
12424
19769
9211
99863
92169
62613
16327
46763
64977
91210
98723
77645
11050
26953
2813
72348
92691
5778
14178
44105
41663
9226
31551
14914
37452
16510
19687
18524
3422
66394
28731
55359
65388
98881
81461
55281
78101
39861
75847
27499
47696
84630
3362
33496
60196
70133
19107
79666
89695
76036
98692
61313
40233
74212
46106
80504
31255
17660
87422
9781
87901
75220
75189
52848
69497
20891
46138
6364
7522
22664
86087
79188
18239
13152
2633
33893
73925
24293
55014
3848
61572
12911
32922
32818
87349
72273
32377
71032
15846
14496
3407
29534
62420
19125
47326
64743
71688
51500
24015
31906
44372
83304
95738
52827
75913
37204
11490
54366
17000
29214
29891
70565
88549
72065
21269
1846
16457
52761
80093
85064
20665
91566
49276
35203
76210
97722
48109
94470
31003
34362
97506
83325
94437
48191
98965
26344
75905
86126
45831
2805
21350
61682
11749
52413
61389
2548
44866
53511
81140
55140
81312
88766
1925
577
2767
98767
92095
70628
77224
3573
42712
7833
36818
10638
28690
39578
78559
95075
55364
38546
90969
48144
16170
26544
33403
66080
33786
6001
30798
68759
39644
73780
47392
82306
97829
11305
77725
82450
43480
77312
67489
93265
82374
88712
97040
17873
88024
90231
30369
89283
10020
18517
98978
95758
50456
32073
24303
2102
16608
64697
21859
2952
88485
11065
53190
89677
24533
11676
14712
45355
56695
9270
41022
668
48986
19541
77525
74389
34822
80386
54921
21969
79815
4229
53127
94048
61474
96300
29119
10615
33097
86369
70984
64478
10428
11318
55718
52253
2596
57321
63594
52795
97218
75351
20930
74781
12650
66342
60121
13092
14038
32287
71012
76949
21609
66355
17778
56466
18008
40045
19180
27018
97771
2637
42961
19767
21559
80451
8604
50144
85753
41192
80446
97892
673
37052
80469
55944
43342
90035
56887
10225
86989
65704
53661
83322
99395
78085
51155
32571
35136
47246
64874
72400
21284
57941
33023
26978
71887
23526
42878
23982
80524
54403
35544
6412
13092
29811
85686
56588
46049
51431
50665
59711
13606
68413
98904
53454
68736
34525
56321
56783
26317
52394
62174
98243
92069
16764
43734
55107
73954
43632
79661
21488
97778
29706
66332
42014
48318
32578
39682
85946
66695
58297
49989
42061
17582
49237
48107
26825
26205
54241
76138
36328
81784
58783
60763
22991
69032
58549
33634
29696
21304
55693
88224
52276
20132
28229
29993
71848
7028
76146
80279
8568
55407
71230
27289
97118
36679
98111
70628
74436
41906
14413
89077
32898
25171
46005
86518
29710
97597
20326
22591
90506
75340
6628
5093
39063
95714
77304
17145
35373
68805
44722
49682
39643
10274
90743
23360
8029
44618
187
59108
64540
81780
91839
33897
11463
34382
25084
81748
25934
48162
95770
88587
12278
51254
46223
67104
70378
25321
11467
4410
41119
24552
11486
97578
22467
62245
65937
36852
98850
1284
69868
8405
91988
83616
5542
46634
61002
82467
38773
26274
33550
38646
24056
16109
93919
65125
75702
4413
63503
42794
79895
27272
2861
83293
95526
15681
30876
51258
98985
96692
33853
37639
32238
94413
83430
44536
20994
43050
61780
32948
97095
55792
50586
65202
23627
39920
46804
25244
66412
26383
33151
52723
57876
32382
13971
62975
95138
10053
76749
83201
50779
62753
82931
31663
9186
44759
11983
25305
33603
36968
53583
36698
79582
97932
84304
60307
83441
80705
72657
35244
36387
84859
12991
78353
17296
31823
1333
35549
53791
14899
9566
1596
76110
42289
23936
6862
57961
37342
43935
59761
50923
8392
66589
47291
24672
92751
17412
20475
56787
57309
93395
68762
19947
97492
56616
88939
7220
17555
5071
64874
37321
27490
50904
64260
70944
52441
48750
91600
25254
34806
75360
79855
14463
62160
85231
26938
67540
17328
35978
28207
32579
74571
57786
30484
37541
54634
49923
15431
36901
53898
78098
52623
15365
53981
68763
94454
98513
98986
39680
3306
83522
95660
32603
76112
50657
99519
35812
45604
83847
2880
58082
37649
20112
82086
94179
9485
90018
82512
58941
15850
52269
62249
99755
50160
11780
81674
16636
90977
23837
70974
25539
74926
97334
83317
53082
85136
27081
88918
7446
72056
78074
99613
78615
3976
44005
5448
5726
58567
23530
62890
40776
69458
53820
59107
68723
23618
24251
6358
98989
57784
75143
59250
44765
41473
54358
67417
30629
70231
34848
86577
71534
99628
7477
80782
426
40113
36543
7222
695
29472
59658
73864
8173
11665
90208
55202
5991
54824
79787
81525
68037
30269
36690
56976
23417
62478
33536
43317
48875
63003
61237
84059
93771
58570
70507
53376
76811
68376
47428
14617
52313
11875
35704
16228
26518
70831
44437
14810
31969
45687
95777
25622
94027
23885
12602
80942
85401
84959
52427
20265
60697
45490
16686
30813
628
13160
90246
84641
17042
86172
51039
64880
8810
78623
1546
95578
97992
30699
34640
1046
24011
54752
59608
43254
59762
46402
73320
18713
94466
91475
84837
45995
85172
52650
58511
26676
62410
15424
44690
59037
52810
53153
33267
84033
36208
52908
56136
53822
75573
47452
7924
89
45834
35855
90
8169
59115
54547
33154
12439
52329
61275
8051
63267
5301
1729
80801
9070
35226
38116
90951
43838
1894
40586
613
66789
83397
85996
41472
18816
32760
75525
25323
27552
33377
29936
34680
31136
39121
67277
84649
95707
48049
85106
46538
62360
56819
26402
49928
96735
39441
14478
70027
93859
93521
98252
19243
36695
86247
21826
19694
16399
46173
90517
22013
65741
82536
8789
63142
88140
86299
78963
13617
32183
49599
85892
20156
1119
14449
965
31590
74314
35313
77759
34658
58646
5501
45137
58829
34744
82389
35652
31195
4385
40284
1781
31807
61148
43643
97844
18422
71562
82634
65083
29794
86466
78805
43498
53067
86691
79199
61007
86699
18001
65312
40460
25469
49665
6158
23631
54534
77246
31758
80337
79230
73739
61720
3159
38161
29017
76755
72177
34093
34346
26522
92539
82519
98928
94246
92226
46220
87900
11406
74981
5559
7835
41411
38567
96971
28810
30242
66637
15416
32341
7988
97202
94527
39685
43996
86622
16539
34349
1544
70902
3184
77190
86313
58957
11882
58618
78182
4683
39709
80094
33369
91759
37892
51364
75559
49426
97272
65428
90127
2657
93817
1030
96133
88891
17852
34035
1670
1005
24675
4813
84028
64399
16311
37793
54401
98706
27145
97808
69002
17439
24856
16826
83143
92034
81548
13789
36161
17832
64908
35367
85550
33897
41248
12119
69933
29629
7433
47224
6439
51038
36327
64117
10299
38675
30876
46985
85903
60921
30777
76968
64612
1040
31959
12231
2935
96588
95666
93637
79572
71752
82258
70070
43678
772
9622
82332
81763
96885
90845
97687
73587
92053
91720
56680
22101
63660
91575
24549
79076
33582
44385
31458
48992
8996
48940
8723
88484
99408
74462
89626
72271
76066
5320
58320
62014
90244
73882
37104
71313
63987
46989
7260
4472
45257
99345
91149
76255
36037
6934
53695
98662
18124
56010
55327
42961
5919
12838
74988
55804
91268
38687
65796
35074
39473
71422
89497
41172
11535
96728
34770
21214
38930
8342
27041
86843
76256
31145
1727
35241
83125
23463
58978
66573
86581
90277
92210
36642
27453
58665
9200
50049
28185
80855
6119
3504
75851
90512
59542
95202
89719
35089
66699
9888
88094
21468
97126
26804
15273
51893
89884
92041
90391
4082
15239
22169
19962
74498
38497
9362
33352
33668
22648
56224
47925
25111
56012
26216
33461
2452
65710
586
75111
65458
32428
61313
37718
25656
96305
45209
47439
76380
2079
68897
13978
18996
77553
26754
7057
68828
67715
80720
29632
16224
64853
49051
98146
83789
56801
7335
38646
54721
23620
35026
18695
53194
62574
79787
67490
60495
66094
96237
94350
45154
84122
6482
595
87255
42512
12818
89006
69071
23980
56210
65473
34202
75365
72202
23903
76239
38411
29680
94169
76153
14616
17253
69522
8177
65790
2866
83606
77411
22855
75378
72829
98744
36388
83292
43304
94039
152
55274
63957
56171
56438
80259
71035
77037
47914
62186
71537
95563
11537
79907
91612
45118
9625
87052
86983
91852
89637
91113
20833
82657
70787
86881
28972
51500
95406
81060
8244
14121
99215
52496
90008
89923
35960
9722
31291
4314
75203
43862
7183
76639
72804
37726
1465
1181
16998
896
19417
17279
77352
41420
29049
25690
71621
82630
30277
33269
88194
46990
19727
94131
96112
58624
67155
57290
88724
26798
29972
30685
10529
87048
34701
77586
57115
27353
75962
24828
28175
181
50955
56744
28211
26653
6435
22334
2967
32960
68524
37419
53617
84856
33853
14066
98614
11645
4092
35784
91468
73441
77287
38854
47401
68112
1704
38279
76795
48411
48728
23260
54163
739
26637
12775
36883
33573
1265
50636
9954
32898
24492
53002
63398
76081
33048
915
15833
26399
23822
38663
94065
29835
19595
62508
98104
50159
95646
42967
98325
91509
37872
79790
25900
23844
11503
4432
66589
70403
90763
84330
18656
79155
66186
79193
53723
69610
5633
77888
21993
58128
40431
64326
7840
45948
72809
40136
32050
58764
85482
71865
74928
43818
2418
68436
27247
49906
41887
88689
48322
89936
89957
61256
35302
78670
31062
64044
60772
54439
25918
55201
83651
16654
55830
80100
81967
99165
95398
76838
11901
66585
58685
62264
1888
89436
40914
45502
61100
82248
40795
85294
78134
16160
28468
66943
26836
74064
24575
20012
76455
45625
71342
26357
37904
57009
93860
73995
47864
81387
73703
17331
71664
23577
76064
34788
68709
60026
31540
98211
97145
445
69182
70023
4705
74468
72733
62067
17968
48931
24652
7104
74514
85243
801
80822
74652
74373
26854
59610
93629
20447
90453
67712
76025
41780
9909
20075
58010
68475
57757
18824
20105
72824
14943
71391
5480
41637
60214
81296
59930
34071
28446
90103
58232
95402
50908
86146
30565
20023
12866
28233
93639
47997
4234
56388
86406
85989
27334
37317
34120
42009
41311
99090
5696
95876
87656
44397
91045
63387
84313
63297
3267
19778
7194
40879
60988
95126
18541
48650
91249
76853
5001
93848
99262
80126
7284
11421
33053
51410
1267
55527
53755
22900
30059
94641
5273
89685
93386
62425
84796
98760
3734
72513
98751
40618
79041
9146
95418
67854
5175
6384
35557
49937
48392
4614
38333
94442
26056
43386
14355
578
23483
3809
13234
79477
35818
83577
24901
45110
36535
80798
57647
13024
32581
85516
56047
26633
23033
46827
46310
18315
98162
79565
65243
81391
63335
21256
96
30480
72968
64238
71274
72725
27292
48519
66196
80772
88600
91796
7785
82032
49865
75922
1661
40901
20441
11530
74136
10712
41846
20866
91536
78249
32168
69076
63824
63624
87391
54017
97461
76457
44430
35796
97544
76737
30717
9046
63839
76575
15112
3259
41207
76063
82572
77874
25589
41620
34437
38781
73674
27725
85750
78512
87646
62485
45910
33604
45333
89666
24212
38901
20935
10879
36581
36839
31168
51792
39684
7734
52238
63783
57884
59341
70974
78094
55261
21591
91647
82775
8292
42459
89945
62218
10376
71722
46255
69867
35243
17807
5017
99819
10805
29371
19842
13607
99112
81506
88778
10893
46735
21842
10325
5183
4433
61673
74591
45738
41676
44242
33811
25552
96857
89154
64028
20517
73327
85773
86502
52098
1487
29289
67154
27450
63849
23799
51214
45909
99637
93010
54259
3734
26597
55676
49378
50423
40937
62360
92596
74625
52109
32418
24977
67777
59943
51561
91640
14479
91740
98259
96078
28209
51426
25862
85921
17659
38137
16369
54569
28556
71112
23325
11871
18727
4550
61421
41447
24606
53143
37695
41617
82394
20672
60772
10630
33609
10150
75587
84577
62125
42703
61229
90149
16306
99734
30241
36076
83280
58789
77451
86096
88930
16690
69239
93952
40668
18796
16200
38106
82520
77711
3467
48242
77462
9657
28130
97033
55616
2927
34016
77575
35132
89843
96046
81431
76410
80802
66453
86062
78114
45621
4431
99525
98086
72002
51670
24619
22067
16213
23330
97070
80843
83281
69594
81802
2009
35817
20207
47317
12013
49472
91531
85054
85551
31805
13963
25777
62344
84396
43878
92286
96472
71764
4476
8807
86353
36876
45532
99035
83747
35283
21214
58153
10434
92350
89042
76269
59978
34919
9833
23004
76464
44528
71968
58212
77541
13366
6965
9669
901
89255
42978
44606
34066
85673
19244
58196
91021
13989
22975
62041
58145
79794
34055
60721
77494
66143
72149
53343
18469
26938
22370
27247
52778
93749
45358
45686
45507
56103
35843
8904
39328
56132
85164
56393
38891
52004
30464
77492
15997
95776
38606
37155
61278
46897
53348
75659
77618
89441
29454
58512
22538
4650
54587
45076
31413
19296
85594
37429
48305
3738
74624
1790
78688
69361
84315
62965
36909
64772
91210
67024
11566
95437
56951
19338
21198
60453
65929
3716
86883
70083
11391
14604
83978
68399
46612
94749
20404
22831
51658
51000
45672
91981
65308
25822
74897
93657
79557
62101
83029
79195
68471
73687
68828
74957
49362
8971
13669
38346
76301
54640
36718
9454
2954
1061
21554
33573
3145
91595
95755
45803
94658
45634
6874
90652
21225
25173
15026
1617
60102
26747
30815
84977
64683
31008
63397
74954
51153
7562
3692
20059
83823
98267
8251
56892
61504
38839
96152
38078
37176
29671
68547
58096
22081
23891
15453
10324
81624
18773
84116
8668
7311
23950
49072
13762
8914
68312
47187
54141
79230
68646
74733
3138
53121
18132
17339
74225
70616
46485
82030
8263
68333
26579
94697
38218
56395
43229
46256
16942
56089
53405
35608
12959
21066
47660
68805
81111
38171
31137
72982
67064
96849
31038
11719
43333
83090
73244
60401
8579
2230
15515
96835
88734
36255
33104
74677
10842
77289
35635
37350
28138
24682
80823
46479
68195
30552
38708
52062
5622
56532
62672
98479
92617
99248
65879
84005
22965
12510
11859
66221
20986
87241
46902
5991
72548
67799
33360
41082
95267
66328
68529
48666
72557
973
62876
88494
18405
2550
16112
58687
20250
24180
71656
15558
15075
46853
35606
25459
51691
97127
62023
48676
37210
2955
97238
6482
60244
84444
65857
56981
2721
72309
72735
44403
53987
25387
20177
89366
94673
36579
78707
27530
19349
83418
93644
85046
82365
3270
99048
79712
121
78154
76419
91037
36289
96040
86455
43860
67188
79580
23026
15239
10537
69972
25833
70965
41943
55394
16131
84454
28879
42578
67890
15224
49817
66518
63476
80053
18956
30876
89222
4438
53913
42445
96424
42219
84340
76864
62743
26142
63016
30124
88110
78351
16915
33611
1917
19538
97700
83326
6887
11282
82764
52130
34069
18908
57718
98243
15347
75244
32131
65410
39348
33210
48782
8899
95001
47476
99616
98310
75672
37282
50124
41315
94687
80163
58370
59298
79217
42321
55791
1750
36412
76981
31641
12775
41540
63481
8809
16891
94660
5966
92030
52191
32296
89020
4201
29312
91323
40389
8164
33456
42221
36629
13907
80306
91074
97594
16149
22841
98743
81763
3579
45225
14239
68709
75385
29384
99635
3400
5071
69896
2886
85482
89686
73182
87484
91646
81349
72468
41119
10243
68883
90354
5627
37292
9891
59929
85184
8169
33898
51886
20198
91174
2523
8859
24303
65804
52023
88202
66731
97168
96751
51908
22835
22030
27310
2262
74245
74148
60097
47854
91413
84280
23240
13020
47229
95708
33797
7221
52375
24232
21614
44527
93431
81443
49840
84246
87604
6522
40759
25730
26749
23944
402
60984
47599
95782
85868
54923
89477
17440
27530
64627
98560
78518
61627
88194
98634
20089
57692
54408
97464
33209
67871
39952
98114
86516
43826
59215
72376
10259
47925
54945
72113
82461
81413
34214
60749
72253
56821
30673
80065
68965
14562
70508
7981
33978
30084
20685
70404
71308
89703
7982
91140
95040
54845
67882
87594
12933
75747
17262
6259
19100
8247
73593
66283
97844
84331
95541
19726
99434
29962
43194
6002
98933
76654
96679
73246
29799
15836
32727
99397
26979
31051
29125
22416
859
33034
8083
24828
59182
20078
4307
75324
89845
45233
24803
75063
11074
35534
68541
30540
1849
62769
64246
4089
91197
43274
34478
37778
37023
41467
1206
79966
92178
56882
71656
22522
15250
92256
86517
57999
63328
33750
26370
68496
50822
91978
79855
16792
72646
10165
92069
89585
86508
40643
91417
69207
86880
62757
93936
39562
51955
8403
62884
66229
42796
59683
79685
21405
21404
93232
57090
50530
16668
29094
97381
76997
83459
44216
24629
23302
87633
57141
22131
67252
40454
59100
16260
48738
48714
99930
58673
77379
40184
77240
63971
39470
42836
48807
4675
85925
5564
95791
18500
15842
68242
86306
85849
61093
76620
66164
36670
74756
18623
31779
98052
44542
12614
67035
18124
53582
8864
482
24656
54621
14537
64940
3937
21954
75803
86995
4409
50172
31988
27975
31240
54466
44244
87422
3021
35362
37063
96410
55950
68098
18280
57113
93072
76923
56149
45713
22402
28731
33917
61081
89479
49128
81554
6789
25554
75194
87645
903
34075
60911
41189
38178
6798
75354
79007
80310
72451
41632
97305
57498
32358
64106
70823
24631
72149
66499
28741
68475
61644
50576
5583
70959
28589
12128
11019
58807
97021
67438
45078
19779
70378
34051
22982
66230
86531
9377
50019
28751
59554
30449
27761
91507
82011
77854
28497
15802
16157
968
72862
56588
32684
83130
91961
7036
607
52813
33406
70341
23056
7312
51393
43899
93588
8520
392
93740
61067
58291
27776
46375
24088
28159
54825
72225
25966
80228
94352
40651
47764
82373
32192
33115
64150
50726
8650
85976
73650
79447
56459
58011
35948
74661
57991
14743
94595
94924
41056
21800
47481
59313
9154
85035
94516
98066
49587
33527
90723
28441
52495
19604
90248
62783
50592
67103
42846
90865
4718
21087
93548
64133
23793
74669
80732
48509
3129
23706
15908
88220
99475
94054
93035
36583
95056
56863
57821
16469
83942
61984
56511
26038
90247
38192
28677
88109
88275
8440
92966
24027
59724
10391
33455
55818
45593
62631
97291
90318
30413
6987
96070
31786
96630
92322
9082
95623
94174
60690
3874
42613
11406
77641
3943
92577
27858
67746
69407
49741
86897
5339
41260
42306
75288
95434
30532
62060
55215
46584
30626
78792
13131
7228
34415
56749
35692
53882
53109
20078
89247
16311
61938
61485
77402
9945
3748
41824
69262
46954
33576
63731
39010
44514
18083
98026
51237
43893
55891
74378
4533
57666
35648
87664
56244
1075
76647
45262
60076
46548
28173
8041
60004
25620
79746
52954
66635
97350
37030
89665
6909
14494
13008
10807
55512
30949
51983
49288
10791
94249
10508
56238
84315
73761
57558
50197
38965
11922
8050
57556
11639
82589
21749
61675
59111
80065
50926
81432
68800
58227
24293
22637
76800
65364
75760
73516
33698
72511
90495
6462
31269
85573
13223
9626
82679
89227
19353
89946
2618
3106
24875
82115
95567
15446
81417
21671
81574
9559
67338
5431
46999
64849
67308
49454
28557
70149
16098
30359
23132
86193
41489
50754
90708
60030
21596
30488
911
63461
53931
49136
90592
22676
20016
54809
21731
27647
33381
79449
30415
1809
75963
77879
12081
19475
35396
70529
11935
83403
11751
53147
83662
76224
61699
9266
2085
94872
55647
39667
40592
13145
82504
72216
28859
62251
95251
58802
85608
33074
96064
16249
13493
17147
22991
55139
72274
27071
17061
85307
79526
90115
46405
84522
61191
97343
50028
9955
78548
89380
76545
62385
22747
2872
87833
28813
41641
33621
24301
12456
34166
93276
94518
64137
79205
28717
75722
75396
49468
37223
77944
65655
81931
65134
73724
9561
77623
96650
29252
34128
67500
76759
49288
94423
58327
30975
17402
77663
65641
78749
84418
53210
5248
15449
10444
44430
68632
25802
88387
17007
76706
24334
56937
25535
27856
82910
86015
52555
19145
13745
18847
27650
21350
74225
28147
78206
44465
53267
17136
30250
80972
98567
51751
56414
73306
49559
56520
42158
56900
49919
2517
58093
24888
80731
52994
83428
41609
79966
84327
1941
12374
84829
68030
94690
16397
82621
23791
52242
38683
62618
28693
6027
71301
9576
29981
753
72034
99201
40377
11902
27683
17258
59785
72708
20421
28685
93492
69452
43283
30595
10935
35516
52364
37386
65608
4718
56209
86570
97412
71722
64877
8138
37075
70528
59687
83395
63438
52811
16558
58206
28909
87124
53072
61652
55231
13666
48762
25816
26417
67711
2729
22896
71422
1291
88359
11496
9227
38753
89665
67547
28627
83611
54571
44035
67964
62993
51716
75267
26784
6279
57231
45248
37075
53491
29574
48215
22585
73324
55494
74102
65412
90047
50261
20242
9604
8169
7617
24659
95672
90182
9657
74066
13106
996
67847
86768
12746
36339
5343
13313
42343
30157
71982
89749
85827
96210
18289
57793
13905
72447
25084
60228
33518
72536
26550
43048
635
87926
6050
11545
25854
37090
24450
7498
19258
57112
58619
12622
52741
76283
65412
14510
9336
73351
57171
79088
68328
14597
7706
49126
13069
32964
20620
78322
71429
70818
53174
53404
87853
37354
6003
63333
84013
89858
28351
47810
97051
22774
24732
66087
32802
41138
50598
5665
67885
85229
37407
1559
67921
10558
12148
75533
39428
13799
6224
70454
97691
97304
78234
36185
60893
86464
45018
1478
18671
82713
38147
65077
7279
12352
3433
32361
94874
42335
20890
79828
87508
76427
66016
90951
62276
97431
63071
72809
67495
47753
70434
41164
18472
25922
4154
66792
86736
9797
16224
656
95317
38037
90368
78116
98707
67242
65270
1703
23673
92525
49393
50093
83706
25403
25283
99152
11008
26568
20010
85598
1412
39777
81489
35390
58526
30219
22076
1814
74366
55184
67150
50602
7372
34856
3558
43855
14644
95927
58399
44704
64911
7050
35907
59353
98633
8595
27707
87087
17995
33789
86001
8968
70169
69405
52280
62329
98127
26750
51559
59782
86401
44593
78582
20269
26356
55172
5619
7216
61399
2313
60620
11913
72701
33124
49435
75228
58664
18415
51590
30303
44287
67883
340
98474
99520
24503
68508
17081
42543
88165
94481
75869
91940
44636
27219
14179
88981
86956
96661
68675
75105
20000
3916
3726
56582
41086
14225
71036
43885
85561
87820
17123
59948
49345
66888
90594
85235
97879
32268
73217
6349
26670
14296
51303
31358
25703
63992
71916
89516
42043
77720
85762
83375
31128
49336
3363
13953
59642
51321
37878
34450
7942
59188
32091
15609
27341
65468
73360
6394
46838
11164
87701
78774
17466
97601
20829
82375
39565
66770
81510
6702
61871
28548
58140
37929
79919
89506
83457
76681
53426
32528
96168
87375
60608
6353
30450
10029
45472
42823
14514
10972
11244
67306
99401
20323
14132
41841
13534
82635
61470
78859
90620
58256
56607
19300
88699
19618
63027
10024
13801
66136
50835
86074
96427
26137
86947
78234
85620
68419
2697
52977
59847
71496
57855
98062
29150
43757
66946
76808
41073
72847
7192
69571
74571
55978
81010
73394
40257
79338
30933
96658
5589
28477
93462
44849
51116
4657
39248
71548
10698
34159
49538
7938
86559
32518
75356
26721
35281
46943
60706
32383
31428
24935
69075
17970
92697
79999
82443
77129
7391
6514
41589
8652
74795
62405
43960
867
89112
23342
41090
43365
55017
44020
60958
78251
84631
4831
64295
40885
86317
27449
69667
14584
84539
78352
32883
84299
21271
22652
70391
24291
76562
39043
28907
92766
24797
47924
32533
31449
61727
70738
65465
28688
18808
94507
60325
99779
33575
50729
47380
62736
15013
24451
38179
12822
84501
24826
20177
40395
55248
82285
70759
2132
99802
51114
41759
75539
69018
3379
45212
66186
18187
59573
88016
71505
18582
98739
94873
27855
38745
58467
79775
84749
31103
71040
62809
94796
99665
81206
41004
14583
38758
44188
52845
35571
14965
47716
19933
55237
33273
62712
7161
54921
5385
32952
31958
49114
28104
5228
13522
8860
14975
17430
73995
63881
77794
71319
23399
93510
24535
65554
17245
80244
89232
81123
12887
78601
4398
13392
40956
42312
94165
83740
9259
52467
92620
71597
16279
74487
28038
64228
51965
30605
18219
81385
76426
26156
3931
18797
63270
67367
53520
94229
68448
61771
8451
40223
59928
9796
79763
49303
80009
26595
79435
83457
88968
72283
91523
81731
6179
10404
71969
72784
45400
94236
86241
52361
42151
17782
65932
2387
5424
1063
614
2856
63348
28139
59121
72371
55558
56716
81381
49711
77465
19474
33173
91104
78493
39846
55108
2059
51605
85594
73118
86875
49044
16069
36487
91004
9465
78989
49771
67936
20547
41978
63029
12897
80965
30500
11025
73807
50698
26824
88034
40455
75212
35178
22770
15583
35256
66474
81238
1220
37480
33914
10626
22056
59775
80833
3296
69174
99794
25748
82361
45814
60531
709
34842
17701
70813
8306
67754
21605
59583
93628
1639
87129
94092
49006
26174
2338
57900
21948
79479
86810
8132
32581
16389
42141
25974
65553
63884
78620
72830
99214
30697
59323
59416
67574
60737
69085
96751
28495
106
57356
5011
88629
94335
22584
2332
80250
42537
12371
25818
677
27677
99633
2043
66223
57365
8766
88262
88224
38895
72537
14355
62806
31477
55366
58168
57060
86061
75086
73166
37195
89554
6391
35398
11659
20714
93287
49571
50108
87820
99026
43479
84193
47586
35980
6699
21072
92457
81850
95751
14544
39976
34966
78337
9938
9652
52402
27224
16581
80212
27423
59650
69496
62771
1957
25730
89256
12201
83586
42316
56105
93323
8661
52813
98143
86684
20659
50993
68073
95348
29364
19508
67222
88520
10018
14988
18941
76261
96130
10727
21870
48262
6233
24413
72757
24642
60121
38615
33238
99331
30938
45803
81711
22463
68595
43606
55223
49523
82053
67998
82051
81059
43817
99410
7569
68663
12537
5999
7309
15002
88799
51100
1951
87003
15395
16823
59810
35416
27313
92164
66701
34347
80089
30900
19367
65319
40380
66739
99982
99769
6358
43576
44954
72621
9680
3427
21197
46935
89779
98378
28864
84708
1899
17412
44101
12370
72435
89057
2349
24742
5508
11241
26443
22857
72852
58381
23495
47610
57928
74466
24356
2871
47290
20207
52989
10739
30304
34580
57455
13716
68298
89878
87606
75617
92527
14473
95198
30910
9228
14758
34783
29315
12540
4929
16330
96700
91003
26388
86912
67687
49640
65398
16075
17582
43958
56511
61155
590
12484
35489
53584
24717
6544
99084
90548
69563
86911
33486
74237
39102
97914
89905
64875
97609
72077
39805
13498
82102
82341
84603
61123
84124
87900
25253
53009
84698
57104
66183
4674
19530
82786
87874
48904
17418
59658
86689
63918
3941
51356
33692
15530
5645
68110
78430
98358
55224
15123
78161
65428
59790
91174
14498
68197
54908
65959
80094
37
99201
22755
69969
37110
47795
4033
18299
64400
87295
89161
37030
29045
54967
91983
67409
39947
90670
44770
59194
85600
87454
48654
17756
25088
30082
51020
88742
21894
51826
7479
71416
48982
72348
13447
76350
66619
73352
4730
26898
2069
51485
28174
10533
29100
78418
70245
69387
13805
43573
59247
32772
5108
82977
42611
7432
14289
81377
47831
32455
30696
65238
80688
8810
76216
71055
79365
75920
87440
86758
77857
49118
73877
13167
13154
52406
17677
3688
77432
49226
74960
25130
57941
77214
79086
77822
84154
45804
70584
82663
44747
2269
84889
29075
52226
80960
90353
17429
98824
28255
42192
8559
55934
33982
26075
9384
67820
71283
12726
31040
14053
78553
25937
16916
12635
79310
82231
89155
4474
39700
43886
36770
98682
88895
29710
91752
68489
11128
9323
81650
25950
66194
92265
20488
87877
72231
93013
34821
31146
47577
94287
65247
98550
34920
52775
5303
61812
58002
96601
59705
18896
84637
55533
56667
36292
26915
9807
52059
472
92341
85802
79280
86020
41598
45276
5368
80823
98413
47576
20150
45511
87090
54308
61381
85106
37229
48097
38017
84537
63495
42929
91947
11212
67807
53772
68443
8784
6830
10928
91826
20235
72139
60507
23500
25110
42284
71633
27755
20791
54805
97944
89243
34433
25630
95633
34643
30733
63406
9522
99734
90098
50682
75593
76030
83053
46997
7112
13865
35209
97824
19085
79366
18486
86784
73201
48931
299
59844
37181
39299
8498
69206
41481
30765
4029
25115
25106
57744
6210
43353
61789
1905
86889
59496
68026
71065
94303
96182
35929
31383
72910
31176
38267
82246
46329
58749
93043
6598
94512
99734
2073
32839
49661
23871
92514
98558
99619
56350
82639
64105
58406
22056
2354
97285
48639
95325
73093
64845
2254
87101
87368
62078
45086
7562
78066
22619
1895
15970
63622
16876
41607
10648
85104
61596
33118
44214
76913
38349
19708
67639
36942
42785
35511
4457
2419
18657
41300
91397
60490
87850
58938
84236
12965
12845
94017
19253
92607
99194
87960
73582
80565
77514
125
44414
48833
12273
55799
24431
92736
5791
65783
31602
63593
68656
68770
99794
46984
53436
1231
26641
71292
34919
18862
74795
35821
51420
72060
97863
11253
60853
96190
9408
4497
21227
75566
24886
67539
55806
3984
1527
17990
21761
75462
40803
14529
32454
55857
81490
91227
89389
24654
36689
73481
37711
793
54618
71643
81705
88884
96386
12202
74399
93596
65468
21656
65048
39861
89791
92344
46396
82571
24951
73827
89732
45373
1364
72733
79875
50705
57681
71153
59898
42949
16268
88323
71163
5461
85465
91989
46577
69158
63107
71432
85718
45037
25638
48780
67257
23461
51099
12638
47291
11014
27864
51307
75707
85383
72060
11064
29181
69645
1102
1720
29165
87310
55445
56877
54999
10578
11859
68687
38624
17424
18459
15260
80477
71980
47126
70481
57320
36431
32178
67815
11986
9795
85312
67055
37502
99638
36261
4436
41341
9719
4350
26178
5339
17305
15936
82001
41689
36059
63386
76314
73284
58711
59241
55075
50524
58002
82902
67688
67222
5243
3296
22046
60027
17960
40481
96730
95443
91091
64133
45117
2409
58984
77074
93383
64332
58313
43663
52454
55408
4127
60072
36468
84741
89626
83946
56597
17632
31810
84101
15294
59237
2674
70336
10468
86441
68824
29476
56081
67787
31258
87654
31782
43971
57482
41523
60847
75565
4122
7171
45803
5851
20832
86713
58258
66572
36745
64009
8091
10898
30772
82956
78874
78453
32148
17264
44733
69314
49992
47363
90541
15102
20016
57054
32413
99895
395
91243
50162
42115
18512
98734
25416
7404
9404
32539
96876
11246
99913
48646
6243
26397
2352
39007
40335
1441
61283
72867
72261
54949
35848
12691
19875
24031
4881
89420
51613
79941
76479
42029
56784
74672
13409
21721
78092
79436
30728
38148
48731
64856
79249
34671
18370
37377
42063
72525
76482
619
50195
29511
26032
25181
47844
91112
62821
93668
64420
89857
27326
67115
74579
97090
87919
6233
57766
20486
83047
15314
15737
48986
20319
46751
40791
50382
80440
52306
69856
96265
7991
5040
13553
96533
80389
86216
81977
63493
21667
51209
4405
94073
60682
8553
81854
47715
38877
11898
22463
60389
93616
48505
26827
10634
51231
86185
15511
99113
66645
70054
71789
28239
68245
38653
73429
85120
39554
48506
24784
22051
280
85928
98237
18137
270
23528
84821
46630
61236
9496
73697
99027
96782
57715
81961
58513
99556
62443
2393
36799
42800
64373
30798
88833
47444
94404
78011
93472
51097
42566
95332
24541
67529
74973
556
40827
28835
32464
83983
77853
15424
70904
96830
81836
6271
55971
75595
12354
81264
46982
64224
53398
48980
35391
63366
85297
20392
4545
68966
6572
92352
46010
41797
23191
23503
40284
23040
95024
65574
68181
63402
65608
35569
17492
54874
68539
25735
31875
81151
80852
55183
37434
39843
91707
33160
36227
62546
47884
55070
69212
11559
65089
98873
6137
92020
49877
4178
47968
70085
6992
28251
76419
99643
21716
47918
64129
71215
41708
85854
74989
98087
94748
10004
66510
75791
6606
66688
3399
95957
72970
97902
88656
86523
7858
96893
38250
33268
96502
83152
56241
24341
57518
83589
91160
41242
99661
41887
25368
33412
34813
65162
61384
43859
26393
61571
94254
70083
19681
79854
2680
79113
80322
38538
52405
17113
71114
88128
76958
33228
50688
8660
51347
3849
13173
43989
63704
25559
30314
35543
32252
12424
71251
59166
11068
68101
86790
64146
80465
92627
13074
53397
38977
84024
12012
77363
5858
49341
17448
17079
90574
88339
83707
33202
81666
14378
5958
91005
83766
47621
15903
49208
19414
39688
59456
18453
33200
78414
87578
73931
32029
27067
22686
40412
4870
79981
52602
87540
39791
54362
29880
73886
91451
64568
67757
87421
45951
58698
18869
9856
23161
29069
6185
70527
16228
10783
47343
30534
23813
78362
21943
10739
6216
39889
39616
98663
9245
71456
8381
37113
86256
51277
79725
68189
17056
61040
87102
67497
93850
39187
79080
35096
1644
37640
56432
84895
31653
48445
28894
13470
83953
35697
53347
4904
88131
5207
41592
2620
16101
55825
92659
32857
58321
73997
51994
9
47731
6583
54481
13147
5385
4350
92271
84239
47486
49745
31346
17935
89343
6177
66380
58161
70574
75509
83748
24167
91192
52966
15415
68077
63138
14446
53519
51267
30202
50762
52192
40398
88290
78769
1323
77834
83453
56115
47271
39458
83016
62876
82752
34690
66749
67152
35056
33934
78685
50897
76018
8100
46474
62078
73968
82314
43353
19053
53322
7236
49135
36030
93843
58617
7765
51212
70829
39829
52408
33795
97056
29293
41957
5401
68678
43780
42406
63529
60704
86455
53205
54625
12952
54270
7699
78831
14959
38860
1550
91416
4647
27380
27542
85160
21129
3636
84668
28333
1027
48552
646
78169
54212
4516
38105
78236
3819
80770
25565
26435
70128
77243
87052
57326
14068
30375
76992
3836
46531
86228
70411
78049
37542
71518
24088
96637
43988
14184
67916
25107
71146
84653
16332
26704
69765
47328
79927
8077
10928
56173
58857
17217
96009
77117
24190
29906
80341
42730
69602
13505
44058
59620
79610
78590
85229
50023
14842
79291
525
79655
13826
32949
80182
14751
80859
82084
41756
96753
20472
81610
34008
26493
17011
99091
1665
82927
65903
31720
77428
3440
81948
50431
99795
69805
4632
14295
66320
58489
61194
48479
71851
89204
93749
12347
1999
72811
57043
33450
80203
33093
30641
15970
27241
9127
71593
81723
40409
72180
87192
57187
66075
31344
46304
43752
89592
1368
63855
46961
34378
18122
72870
62870
63147
36937
60404
78761
41479
55531
22541
21431
33090
139
30534
76294
63257
47615
86863
74929
86227
17914
48546
76922
53286
30552
99638
93539
68104
75849
81620
15896
61598
98777
74611
7944
60958
79362
36709
52982
30002
88426
39905
22289
25336
98140
27761
21255
73043
36568
13717
54995
49072
39739
49773
74128
68024
73218
37523
37193
46984
58682
45609
97271
33505
4622
22338
50904
29596
58886
33937
12059
47738
26443
94338
83249
76061
40194
53540
89422
69503
53383
63445
65461
68909
36288
31076
43554
37226
8717
73802
41251
56727
76284
6682
44720
46953
1960
26465
94799
84349
19257
91241
60325
98640
63942
68455
59002
72709
91310
24244
97151
53580
8585
24043
44293
66383
15593
43295
7488
8100
49689
81927
29014
20835
20137
560
34076
34121
64044
77023
32150
16384
43842
62860
47106
68559
52736
3436
5868
31076
88631
90292
37166
1241
91229
9993
33466
31339
31596
41203
55586
74802
47114
53365
59107
2503
44669
56474
56395
70491
37604
19770
46336
70845
40142
56703
78232
42955
46932
92644
49325
38510
87070
46903
92440
90309
58203
83831
10656
78794
29111
79164
70321
36304
6885
45726
90525
34760
80058
70552
97955
20002
69077
11981
64682
32485
46474
39103
72551
34181
61913
55376
61808
84059
63790
40869
76878
88410
22638
21779
29089
7178
85752
56020
1562
60715
44085
73382
22622
59299
8526
79458
58734
41890
726
94861
74008
62314
82667
66594
79440
25635
30109
99147
16699
69802
59041
42486
93970
82400
726
53752
18437
28304
55784
25312
4297
16303
73423
35962
45348
8268
9780
73621
47990
81682
33378
97791
28661
83920
65069
13844
12850
65691
61320
33487
3735
78240
96878
18699
67909
16809
46803
85669
65300
58037
12979
98135
65592
56682
46744
1378
51986
1155
97233
98767
34594
45200
18338
19053
48806
5567
6536
4625
69794
16540
34198
96017
3341
82002
37478
1291
22470
51295
70913
58835
65447
65776
42814
38582
77816
13467
23425
5480
70157
34962
13722
51710
41622
71243
2354
64158
69015
57922
80871
46081
95972
84677
76368
39509
2289
71740
98347
39286
17771
54363
49323
43688
75793
74554
30299
27583
49286
14661
40505
45715
2033
83321
31903
65205
90995
78326
19566
88190
94907
52975
54121
90436
21651
35975
85275
7109
74270
81589
7646
26547
89337
28417
39513
73198
8602
81533
312
70282
28978
38017
89961
29641
69602
41931
37216
34280
53630
52018
21673
98577
61412
35830
7618
35601
55184
61122
95055
18482
32391
26121
89122
83127
62258
98725
13891
51415
44203
51304
19145
18014
9240
50144
75100
11493
23427
1872
10000
8380
9982
98527
92233
12432
79857
31472
86182
94523
53067
4243
79933
72460
32834
26988
31489
30121
99591
19769
66753
38009
23491
44433
7488
72419
91004
91976
81327
54712
33959
70403
70143
23038
93903
53347
96649
39736
99590
98160
80354
12672
63165
14746
3889
17814
3959
52183
90652
74124
83498
95579
81253
70384
61999
59762
99010
51025
99477
16924
79853
86783
85756
2818
6465
54055
7551
77882
43047
87907
37386
94278
51076
78286
89474
228
65190
61994
30258
36598
45290
94828
17845
29659
412
90469
98123
94029
36393
79445
91599
72283
1850
35822
63049
52700
78148
55334
42511
2674
58671
81257
37811
53810
29616
83401
42302
88645
22056
4996
8259
40823
53961
61988
16256
2769
65801
53416
53937
99145
84731
77363
32820
72511
5046
91235
78990
50319
35822
47
23532
82145
98851
96446
54199
57183
85712
3652
71813
30372
4419
71533
71428
59945
82241
45763
6936
19687
45753
25173
8740
85099
44152
45231
86732
86174
69325
88842
54536
16576
51423
93705
8164
43252
94242
11075
52302
23404
62269
92098
80873
7077
59462
56423
37440
84770
80734
31452
91837
14774
56667
75363
4358
80495
2415
44370
54891
45680
19848
97389
22746
8061
66393
66367
43496
57577
46305
53989
76162
73310
30580
89485
69826
61098
63111
50582
88552
24671
47878
32218
70712
15679
57486
66577
24539
235
31884
4170
15388
48017
15341
85618
15971
60458
55012
57608
25226
47839
24923
95796
5348
55529
30586
82420
86753
38638
1767
41561
9641
71769
32399
22449
99718
59488
76980
33021
58957
17646
3284
83687
905
8580
68471
30672
18183
11309
29451
48504
11393
40366
80392
13501
2074
86750
56971
52944
79159
18613
19620
1959
48432
47605
15464
93981
72256
6770
1009
93402
19975
97976
34475
71770
22001
62192
35782
96596
55438
32299
45098
45637
10861
56780
69976
24123
65366
79444
80210
54761
18662
1614
15381
61472
25259
33950
86853
65275
43126
22244
70346
62040
17288
43240
24564
21705
53551
60154
48056
40160
87684
37621
92432
70042
77280
32308
28943
67720
70871
70714
54184
30177
42033
60510
5723
82494
91400
83798
63449
86318
13399
30169
85801
40488
21998
78233
85147
62353
68065
50118
52487
93311
70180
6267
36476
1005
33268
3945
95375
11202
57157
6233
80695
52489
94615
3155
2599
37182
45183
70498
33798
4000
27577
71980
27914
23091
57029
1938
18026
16901
91638
63470
48197
89643
99793
22836
90218
89106
8018
2348
63109
7372
21067
8586
27559
29435
41681
4572
36327
84856
58475
8690
59566
66994
35603
84983
46534
47293
28811
26431
34921
23180
91058
61630
56680
26738
23226
66304
36568
59353
46796
73490
87388
1692
54749
31585
51312
36061
16912
56253
64224
86008
68340
86035
58351
96167
38381
5662
52912
17334
96285
76046
53714
33229
4808
72720
56468
39998
9197
58131
21316
72782
42571
13920
78230
33096
10833
44706
22247
83518
74157
25433
20155
55933
55308
27317
19084
16830
75379
26779
42926
80322
75230
10761
39948
93861
15736
44070
44809
76841
81235
67351
91074
20370
65687
22782
83024
37015
76674
98580
91956
20699
39296
37079
90059
63136
2231
69426
9667
22755
94337
1879
97757
744
98309
48853
6596
4484
67079
87374
7794
84367
69793
17873
7670
96395
44699
36897
4047
72371
14358
45355
96443
54596
41540
73153
51212
57063
10899
95788
45834
22314
31284
71862
84699
85398
48515
83335
19077
92345
95146
83913
34473
56248
45071
55134
78416
70163
99401
18868
92658
12643
5209
76826
40334
37850
19455
82273
14454
8574
73878
10689
46755
80020
82576
50310
5603
19291
8079
47103
24400
42771
45735
74234
17482
93354
93864
89979
60289
6594
84273
60323
62583
9439
99528
41711
45423
29270
31191
76621
55505
12011
80466
85395
68064
88107
86293
36368
1523
43719
88764
76444
78350
72707
27335
4294
56439
10104
58126
22099
6529
10042
98074
86294
68377
1193
24782
28683
20745
33001
2122
56401
14859
72644
13440
14319
62355
14322
35033
58860
84316
10842
38680
81741
7082
1247
99859
86825
38341
17766
60677
76626
40667
74926
14779
50099
46220
85150
16188
89476
46255
53009
72104
37298
22080
7449
65370
60979
71241
54018
75629
86831
20096
14052
15645
81231
79915
21164
19977
87265
80975
86501
80923
82010
37174
25457
16135
61102
90363
35186
67750
99079
17882
85516
15687
70002
5192
12077
24368
87850
32452
52823
33136
29182
21860
27643
6827
56639
37697
21864
10550
54900
99461
42698
461
26819
92329
76082
62687
77855
77830
34783
72178
12980
58312
68294
42613
54372
17444
77128
2431
17438
48643
27256
2820
33561
52894
8865
11400
60726
71695
52758
62963
12418
68546
98082
75714
50500
5877
36559
53521
71461
83308
38984
32227
4017
87510
96455
4764
24907
73773
11412
55675
74170
26617
97275
46728
58012
28867
89177
40686
29067
8228
54821
87764
73509
36227
40005
10972
26524
29523
40935
9919
43096
90140
19696
20601
30307
32682
35160
34695
46330
75245
68270
96238
71108
69416
51895
58414
28261
2943
65008
1078
87437
61809
89106
90787
70150
7112
18307
34612
91416
54795
66509
78514
29247
13525
38430
54256
15875
36868
47049
33391
96165
67916
85325
29864
76648
27140
82943
76726
66371
88861
73722
83949
44261
35061
99167
16273
5470
56438
27618
11517
69161
2052
70789
98788
17270
15031
50059
72517
77422
11184
61761
41375
63292
61592
69563
28596
78845
46447
9919
96266
69375
20991
71091
74399
52038
73284
87225
76792
55222
28827
12769
13952
85566
28755
24123
33866
68640
77211
50248
60584
75669
63280
67074
10792
36436
15204
24884
3953
9630
46584
4468
74002
7415
36994
18769
99392
14168
2004
89677
22140
42378
90815
76902
3883
61708
40708
39363
2598
12070
13809
30729
41755
76565
68994
21425
78080
5825
69458
69348
88173
30131
45601
60475
70630
42317
65390
42861
32957
43151
13195
18
36708
58092
890
33503
34407
76392
48416
38446
64871
6069
94522
10240
54193
2938
57022
3911
6081
75978
73276
33201
13687
8999
93099
89748
30520
20754
13726
1660
28058
4129
92933
89527
48643
79752
4174
52141
12098
50651
60874
71334
38004
33889
15585
65120
19246
24274
64584
283
82668
27717
12920
48218
68866
58983
74752
39387
45396
17295
10165
26899
65980
40026
43632
93678
73500
70241
40605
4011
93814
36372
91301
99640
10922
67444
21481
5221
21887
54921
78437
56099
1719
79504
63363
12065
86575
70129
19751
82997
30588
21157
21051
4048
72595
46852
53319
7046
95358
44031
59499
51397
57451
13296
23249
22513
90024
95696
17392
23793
25894
54405
26310
55892
5006
28321
34043
18347
44144
86441
75422
999
73043
96119
82751
48643
62639
47120
42713
82711
52338
98787
23028
30821
12302
26111
80629
34913
94258
26375
3131
13309
7140
30778
12027
20014
64384
36519
92603
32060
70844
8955
89970
32190
37389
48427
36584
90518
15011
45398
23333
72656
59528
9010
25747
25166
87104
42868
76989
987
39135
44606
73073
64680
1550
75689
91171
12696
32408
87647
88848
90215
60018
50534
43303
58611
26906
70606
52960
32276
15945
88059
53451
36907
19218
86411
43808
97615
76631
65146
70617
17338
12707
61864
37901
482
35084
56316
91703
3053
17580
15989
37000
85630
8327
57550
87119
77750
49288
79764
32668
57189
90677
11216
70557
72694
26932
67915
41820
58811
68653
22793
97516
76456
549
15035
2540
11789
70241
23190
45729
66054
61309
31394
19782
5449
98378
98487
55943
17740
75917
92256
79264
97365
35363
537
18649
99107
71590
28670
17220
98645
42909
98008
34507
45386
45915
46238
53965
8423
19833
80324
63840
23893
96744
63560
30528
92575
11427
91386
65454
29198
57711
49542
12908
53318
22074
49794
47824
14243
74943
80061
94788
37898
62471
56227
5110
90507
86143
28806
6616
60002
30243
81729
35140
95379
6676
86061
84197
98324
51641
8508
79208
98780
64126
16816
87248
42447
97642
22201
12654
6109
12216
73814
56721
91250
77361
93526
84091
26738
11101
3081
50121
35200
9753
71944
41746
71688
26995
50392
15931
91339
38524
18206
1538
49411
30630
81871
51478
42482
84432
76779
34152
65362
54796
29067
71509
43413
1100
64806
85762
19116
48624
6921
70058
49780
72569
50019
17986
5556
54908
55985
38087
10846
86604
65684
69326
40345
43308
43809
34038
4389
66945
19778
11753
29719
9879
69817
56430
11426
93496
39619
61700
83680
26056
68157
84763
28959
56011
1652
86295
19041
96694
9991
20109
60837
19158
39890
31791
13865
81592
25206
45646
64822
17167
2686
89187
72545
21886
70264
97955
37798
63984
29608
43800
62578
50092
99141
40169
18385
28025
12124
28573
45646
62076
11692
87947
1166
456
95495
98950
37299
18568
86192
78532
72708
1562
54653
67492
84109
21620
3449
47912
38783
54885
17951
6613
7685
54271
51526
91698
25358
84732
4560
76922
12654
39249
80949
15465
61472
67152
32920
31691
50477
74827
43452
3273
46839
73682
35181
80684
83245
60384
40244
75963
16773
85493
6547
81697
1301
50362
93513
33876
50128
90220
54331
35125
40150
41074
16016
44127
61980
55877
70766
22170
11255
24941
83792
52007
58672
11101
32271
22821
20729
39418
59112
77565
98482
69524
46532
35639
36941
37021
27249
32729
17804
90057
10613
90084
42183
46075
9986
20755
82306
55222
1993
23280
46151
51738
11981
75045
8276
79158
80342
48467
8815
20032
89719
22241
10090
8520
87572
50784
27726
26124
50617
51462
54381
35360
18952
54715
91496
97566
37175
97477
53831
56916
13988
32885
94411
62317
68166
62692
42326
50780
39140
61529
94395
61523
26805
75962
51754
60560
37453
12391
93015
66414
50076
1293
35810
62228
13991
62637
13184
64751
77524
57755
97997
23370
1370
99149
86521
56054
80631
9683
91802
76534
64029
20098
53118
22775
86178
56689
53343
33142
75260
12918
91434
47218
77076
66177
13468
48695
48650
89287
56693
34333
40688
20844
62171
42061
83771
1104
34324
75644
68680
27325
32498
65800
50692
47835
65951
90772
20538
45573
6511
92528
50620
65412
67719
61759
82534
79829
53213
42584
19456
34626
20208
45675
86427
27169
12988
18620
84496
29053
791
43301
80377
70900
62710
98615
86143
96232
14821
55885
3017
32709
42524
91452
3705
86756
41598
45733
6390
28864
94443
92710
47604
26772
40865
90607
6616
26973
56367
18335
10327
86786
98493
65017
14469
6100
46419
17830
65666
52512
95930
36931
63284
57377
6178
58790
15579
38871
20055
86727
62531
2833
77756
87031
62698
67292
55754
74623
46481
53029
98803
38428
8235
95874
87514
88465
53527
34800
63226
46546
56346
45708
86840
11959
31953
19799
40175
78223
76451
28698
92317
2984
65805
83628
63043
42672
14275
77350
82486
65383
34453
61918
29059
13962
55378
40170
86703
18362
32851
25735
29357
39213
4762
81934
80710
97200
21978
92266
41724
37831
84974
85534
54454
8246
55681
11633
29664
44383
27560
78698
70974
33996
76085
31997
23330
25710
81863
47882
73071
4314
83222
55245
41115
16428
3482
77263
47177
61612
27299
50671
22896
62545
31063
43070
1567
83645
74915
71145
54502
98061
84922
6106
75611
41725
54395
33377
43608
14370
34731
67549
25450
47601
79147
90758
47101
29705
45293
5035
22069
23085
1981
29024
87683
60337
66695
71322
27759
65054
97919
25951
84090
51923
7515
28717
26691
88480
57466
29425
21405
9271
99949
68106
84590
62224
31915
76652
74885
15463
73616
60689
72423
93863
41723
13070
39094
43549
41228
6754
28445
57672
34168
45584
6184
99565
47187
34899
19187
81493
58621
42407
52042
67220
47309
69408
14796
24727
18131
70510
32596
73797
25256
96160
13846
51830
28413
67253
50257
92253
68238
62413
98917
18428
12236
16040
92384
19167
32105
40216
69407
20253
63053
17037
73581
73196
18108
51572
11341
79938
81187
5605
37681
16577
39117
20679
23137
98418
1287
43578
96152
93504
53409
92750
36563
53858
70778
98950
41590
32504
86595
99977
54698
30178
10787
82567
43650
21818
76252
70774
72493
25038
5925
96384
77476
26911
36828
23077
56938
15803
79540
6208
20043
33063
65170
36710
63156
74849
97675
12605
28588
77454
92233
63527
7157
89730
67516
41705
15010
13284
29606
52150
23845
78660
10653
87281
95542
14818
5766
37713
43693
50901
72799
42486
93670
81817
99079
96651
59963
64782
40990
91856
91833
65952
54381
1553
60942
27889
78991
59467
17916
53450
82994
57420
69585
62866
53259
83275
95227
36591
56807
61369
89064
17020
51962
45218
94706
45823
56543
77077
82746
61153
90277
456
99399
60585
28426
1380
15759
54855
51306
9241
89139
67539
72981
51061
7116
54973
6977
86123
53966
7248
48731
3530
7380
23840
87796
52397
87458
98881
82772
46447
42627
97032
15258
51154
11917
73602
42166
44616
13384
22410
90434
51629
49390
71016
32624
37503
13506
50389
67490
43965
85197
17292
77089
49598
15662
76537
10920
62121
66571
18337
8630
30900
26467
20737
7088
35193
5259
5373
20698
50364
39593
80829
43088
5304
75031
50659
8435
87302
9150
19385
29180
25606
73946
43086
30349
77606
2207
87388
76938
45657
39114
72696
14531
90138
94819
57375
60080
54179
7731
34023
14424
20502
70817
51965
18050
87576
54929
46089
10154
53487
80415
61556
16618
91753
89207
81179
74905
14519
62186
80064
98717
20333
94571
53067
85598
3821
8729
94065
65898
76301
84264
4881
52660
90409
96961
25782
55228
56011
53959
33023
53710
12911
9038
29955
22697
57783
84496
57249
93581
55617
63153
78079
4323
31522
29030
51504
82820
67499
53816
52201
49567
6212
531
48158
85539
98473
93398
54230
43751
60202
80819
54982
23909
70512
99616
31965
58529
86534
83333
21588
92092
45291
59597
80554
61235
34274
63474
67353
65977
11315
63907
7734
69522
55567
60025
91120
29829
60799
98748
53890
25264
66785
44128
48086
87317
64977
40270
52924
61234
67634
11433
98340
84951
19751
95928
25978
61958
53439
68875
37387
28256
19246
49312
91527
62728
86242
99811
16345
92827
30106
26193
52678
53367
33845
63012
92358
93647
17166
30739
31150
14270
23457
13008
25293
56491
80490
24261
70944
50601
91190
49471
87984
45838
50930
92607
35874
27885
51107
19548
40446
34054
46304
21059
35370
32657
87230
13961
69137
65851
3066
47824
89048
93894
12574
82096
75028
22927
93095
52012
2372
37817
86607
93018
89245
20274
7205
96926
90324
2931
66465
14429
51615
50401
82274
39837
51372
68756
93657
56442
24447
61345
8355
85721
79143
74253
23387
18864
91691
11870
64154
24874
86400
90782
42734
60839
28172
22885
82333
13750
77900
37646
32704
64691
40446
916
57220
74769
93899
71286
80223
91210
60851
85469
28880
14686
35949
3002
41699
23721
43064
73716
53480
93165
36198
71998
89377
29410
27206
5642
28289
52085
19122
4841
20508
77030
88481
69159
67047
89880
97355
73684
10143
41430
33682
65528
80982
71713
2865
8103
47024
77204
31758
62790
17586
68136
69621
74660
72249
70223
10673
54614
30838
79917
81284
50206
68024
73399
46554
70537
71623
80409
84206
39661
68999
58482
8395
8218
80762
14114
38998
70110
83099
94206
28713
23625
7781
44568
56891
48081
29016
86657
38745
43812
21025
68724
99006
21130
73859
73648
92131
42188
64315
39473
21805
8287
50298
76750
33011
8791
55822
56970
22630
50754
55585
22120
4453
83230
15515
56909
51953
15593
32317
57205
85144
19980
26718
8331
36800
40989
82062
11991
36913
78794
9070
98459
5145
92877
21832
71852
55437
60695
46594
97841
14995
33358
34109
34937
46391
6708
95645
98226
49967
37419
25436
50020
63858
14111
72525
32441
16451
76090
98887
52783
49736
11583
56556
38694
26344
7574
34749
2233
18699
66793
9883
45867
76704
32082
2466
95737
66577
13907
46152
73882
76035
85989
94118
80322
95862
3667
67939
82926
31225
40921
82774
87585
87192
59302
25650
14113
14302
4422
38428
44939
42475
82847
13147
39032
33079
56453
6518
56082
95767
47069
68599
98993
68404
94748
26620
50332
95207
59351
42923
64984
7175
70653
68305
72895
62462
52384
25362
68087
91591
28383
44616
80951
46090
10953
31288
15867
59023
44569
16020
70671
37592
39512
19682
92562
41908
70730
27744
42243
3458
52099
40793
35971
31362
62711
48611
88627
53949
26683
6383
28730
48913
82894
4894
69637
59232
75622
12458
27762
58580
72524
84592
29650
68833
6698
93431
46662
45516
15866
49959
33685
27124
739
95404
69353
751
13723
23570
7655
53672
41667
22051
46493
50635
46766
39430
21069
34553
82060
83872
89183
89125
45784
63972
21112
56587
85340
46258
51358
53321
46236
36813
93183
15045
37966
45261
66516
15633
58064
19944
51563
11847
44763
62611
49820
4890
26229
26710
53176
94168
53820
85066
93205
91787
27492
82460
18814
4495
16059
7037
46450
67016
37325
9989
68597
48601
31893
51809
27798
70479
84592
64165
5160
1254
61304
96056
64360
54218
84570
20497
61153
11231
26113
91173
70625
40029
2675
71490
24733
46528
64959
72060
43260
36968
18481
99629
69087
18976
67196
98501
79313
21382
54489
94091
96247
79947
75251
72013
32779
33052
38606
85311
1019
46331
30462
99739
81122
45400
5547
41114
6370
36052
59665
93081
30710
12955
30549
10621
80229
77254
90069
68959
32885
92395
32310
53879
70029
90030
54740
36244
24712
52485
93739
90876
71471
21313
37154
53300
53808
14981
6018
34624
98965
70283
96405
12490
63240
75790
18233
86844
98769
93487
45084
34054
48560
81210
7556
17848
73065
36930
1737
10947
76019
23707
52780
66940
20137
99040
45084
32912
44131
41201
62726
56715
780
26072
13670
47230
55443
87648
70967
83552
34831
21786
54078
62544
27918
81951
84921
75245
5361
83196
76853
91185
55993
28518
92147
47569
27941
90739
73881
29757
92735
72918
84437
36777
86104
97328
89950
51859
70383
90421
98952
72327
27533
79962
4144
40528
2795
75775
21647
83647
99115
59335
25463
19214
49698
70729
1531
29794
34170
34930
54022
62920
63005
80633
28464
26410
23823
88355
96568
92112
2288
9613
74102
96897
76811
46600
69764
89691
6186
51843
20085
30659
27577
97119
38204
15052
77083
15006
3396
68850
74590
57586
70060
32204
31277
30874
16018
83755
35210
36910
64400
23989
51390
64524
84516
91890
40201
35572
52997
26413
44934
63292
26499
90354
57943
77846
86497
37964
73031
32305
66645
67609
65593
29862
32924
80410
4876
58694
53689
62396
59635
450
80027
68024
12058
518
54164
6193
50758
6530
72361
61574
53111
30156
78399
98223
79896
12078
57911
61847
4665
5699
8492
78245
47048
89567
27754
71729
55900
91813
51157
49665
92060
4483
70539
39950
20938
34454
42416
12857
33034
31760
82777
57595
17889
12156
56532
43437
93077
98262
24320
81197
59268
95391
12572
64381
97736
81256
2052
93843
8936
65136
18419
63726
23905
6147
69395
52521
12877
24142
15937
67059
5233
73495
81350
50159
23562
16817
89726
63132
20118
11135
93537
36809
37913
15271
68438
57663
20243
45836
86434
18323
76305
99265
28037
27142
23676
73652
6812
26216
12446
86047
59462
62112
27433
58139
6845
8626
54251
35609
96303
96490
38634
58838
42000
46366
23650
73614
73017
93524
87013
861
26816
29374
95507
18561
52807
4653
10749
76644
61147
53210
17957
82022
3317
46488
70139
30697
89154
84865
95342
1831
63168
88352
47862
58426
3156
92988
25880
96704
62118
76315
9468
75026
58467
29209
80193
57886
56997
74789
75437
89744
16147
87928
66298
61165
51970
68234
72977
95544
11521
90324
37917
80227
67385
18380
30248
86279
94926
24547
80523
54266
34188
29096
33011
91954
1462
21041
57665
77169
5003
71082
76719
25864
30363
18245
6776
2139
79955
74169
50371
90191
12685
48732
46871
59324
77917
25077
11749
69367
45434
25514
74021
61245
55413
68003
62565
47339
77603
59132
34711
41488
20084
40981
46584
44509
49388
79202
85871
8837
95589
8149
64982
78542
82222
34977
98877
91112
98806
45802
46524
50678
11572
1305
13054
85014
38544
4797
91152
80943
83488
85826
8079
83029
54222
12744
79576
79075
31675
63925
2247
81847
38525
13773
44001
62966
95605
73213
78023
93095
58281
74486
96814
2721
6564
76907
70950
56841
41846
57159
20641
58973
45219
10435
51408
7398
283
19714
70953
73513
88309
90824
27551
28465
3023
33818
87955
72781
61729
66536
14458
29523
74179
33855
33898
66585
25723
27536
33848
89080
88330
40667
95332
26192
49990
6563
19444
73777
21980
21657
34997
87562
60400
73448
81717
63569
28908
98457
21413
42321
35921
72873
63732
39989
72898
89679
43024
23569
49645
13856
11593
83223
10122
48462
95284
27937
2744
41431
30773
9610
29701
48139
64381
50238
79245
32885
71956
11549
33234
44747
50765
95820
17063
59615
14471
5686
32232
44508
11450
62200
27103
36901
61750
80817
69011
77005
91419
29685
69611
42639
97449
14511
43
41115
60899
11851
98897
20990
19088
33329
86654
2897
31144
65612
2562
43819
67835
47315
25194
56020
47004
40571
65880
74254
90907
40756
22795
54684
27315
85708
62724
9870
93524
61029
15497
26289
99167
3053
1517
19605
47542
90162
88097
26164
85139
39313
49829
78721
59837
49450
13356
94503
61958
18097
13969
48675
46963
70138
29512
43151
24883
9901
87515
5569
4386
39119
59712
18202
55271
78318
80543
54435
40274
16020
93826
75727
10865
82750
6557
62717
75412
14099
48010
70517
11698
86207
66700
99274
36992
55036
98018
15621
25276
89812
52628
49388
54325
42401
62428
99066
76540
38569
37867
78176
42838
16481
86974
19975
46329
65400
81865
81124
64530
91365
31385
75287
65808
1890
93828
98942
94378
10695
50415
16665
53224
75555
87533
30852
77041
81390
45997
41005
84436
92588
86535
93457
84336
62999
87692
26435
50438
57541
80419
7138
76152
55588
52648
71371
80158
52438
70741
13775
20642
60994
24548
25264
47416
77355
45145
96125
25324
716
9976
6724
50589
28671
93430
82491
25768
19762
7482
48838
88224
56231
88453
48306
13448
36225
84435
43212
42714
5228
58013
73776
50608
43670
98263
924
42653
70383
15105
82528
42677
38822
6322
66550
63692
51227
31991
68650
17264
91451
28791
11207
83375
61008
47877
10014
1636
25497
38621
6600
19979
54985
89380
53020
68505
17325
55724
27325
76275
28549
50405
61377
68921
25678
42242
35229
74001
148
79717
73296
844
29574
93000
39383
92618
7894
50617
47238
31340
79363
290
25869
90973
40968
78395
96674
25314
71315
7102
72595
30766
71426
58105
14594
95249
28319
50294
27719
77406
59287
65578
95666
61409
68165
77405
15415
85582
31790
23206
71635
98867
84195
85675
90346
32650
66644
88792
54344
17810
48377
5974
55559
72650
49916
32506
39298
67528
59177
89802
45368
58110
91215
55380
37391
45827
94774
6796
19510
86688
88890
96259
84892
67186
55153
26093
18436
86004
60315
58127
44540
46083
78308
90001
24031
42421
30382
38574
64311
25292
16205
30158
20724
63021
71052
47946
32961
84447
32671
19169
63260
80394
24017
34865
99958
93102
56767
65440
72564
10639
19727
60453
16857
11161
39219
27115
23225
33842
39807
45803
75240
43305
55353
26055
97570
87348
90191
65283
6233
83551
63162
47775
97560
24067
72359
11890
81528
96815
22058
86724
15225
36325
15015
38751
79639
11747
94070
70868
70404
23365
17015
87654
29976
65763
40619
52989
7478
94686
93596
70997
84053
91018
88282
54152
76335
81935
18428
51881
44772
75247
64885
75143
8425
96304
82981
97981
9157
79115
73161
11328
28819
18149
11579
91596
74427
83642
83759
37675
9740
7703
86064
35693
514
75709
4551
22424
21777
22163
91227
58243
93076
42223
73851
77902
45752
69515
80893
64212
18175
81228
74265
39693
13349
47727
53218
89709
32691
96619
3898
28821
79060
91959
64821
11150
29472
21718
38162
81555
33569
65009
75303
85657
53194
36418
93990
5284
78197
41796
99371
65707
57618
8058
50193
74884
42409
8171
5927
71197
19694
98738
36166
44036
15735
73498
56897
45212
2182
14355
13492
17511
23620
89158
66984
13025
1593
11608
15713
9356
23268
85668
12236
73423
20242
40320
53506
47754
88920
54074
4212
64543
9518
80705
14324
50756
2538
9596
40790
45199
62013
20911
75037
46178
30430
21858
71064
1111
43282
62647
82596
81305
80300
85965
94403
38740
51402
59801
68432
77644
68088
59366
79298
24357
18449
18525
14754
75191
29447
91761
44372
92960
8666
66666
94507
18487
88612
31987
22189
15344
32007
6298
5069
72796
47463
271
52969
17773
95679
86625
55732
69488
8576
91183
94367
26496
61732
87660
32185
96028
97248
87174
89441
71143
9399
95709
52491
12220
67393
77205
63563
12788
3066
82339
49028
57989
40006
70775
46304
4796
36985
71398
63310
43807
81383
97575
98878
57335
69918
93476
57419
84279
1638
48754
8500
73989
63773
74915
27978
28937
58364
65776
51350
32043
36696
58665
93924
57011
22020
93088
31588
49372
74628
19331
17583
4215
20307
46561
84169
81017
23795
98695
99740
78618
52667
8723
85571
74364
36133
84924
50489
73688
78846
60368
18105
58607
79534
87713
52644
70545
17314
85496
30945
11475
25461
44566
60637
58122
13920
11063
82463
89960
24732
32919
99218
58205
45462
98796
24930
40667
33203
92645
50719
1137
837
73105
7768
29106
1414
72553
57172
48722
86739
84833
22898
38994
8167
54542
2902
4510
13400
92033
26857
55215
5801
98903
25850
29577
2391
19179
12538
54677
11001
37508
37920
32290
67861
31248
10224
98260
13941
25993
32442
11514
12884
93784
77562
81382
47283
93022
7292
83806
53334
88940
35666
72179
46106
70690
24038
95466
75695
56323
17851
57007
98209
31412
30325
37713
38758
93843
65916
66792
31182
84428
19327
11072
47077
51578
98748
81733
58419
69327
91636
20596
88873
33412
22740
15008
16894
23772
33398
73389
80960
37290
64278
22067
54990
72188
51587
72920
76829
68911
51830
58658
16899
74906
79757
45704
70748
9078
10707
62736
61453
33506
96984
47951
23138
83791
86447
26385
71074
80310
20220
21929
10667
20543
7106
51030
20175
12230
40327
40466
83558
48196
21762
23880
48666
44978
35660
83386
9870
22354
16027
5050
8213
10802
69587
20628
24030
68454
47316
77845
18997
74333
66112
90603
16928
18819
36580
56042
476
37753
74262
56497
492
56570
6045
54353
54733
27618
12648
80938
99507
40530
80047
99337
26169
91861
8584
89560
40234
14003
54589
60298
33381
47564
64425
33464
98580
72929
83322
34345
29744
16485
42092
25897
33690
42024
96839
7260
29844
8844
30467
47322
48422
12053
93200
64028
67358
75110
74410
89070
19942
84311
17097
61289
6284
34231
96872
23726
98367
47209
44910
67884
93612
38090
3163
4908
16374
42705
74411
20719
66084
37054
69507
4815
82897
91613
49928
90788
38662
41008
36398
63929
33039
80349
66685
29480
9795
61159
61929
78013
77971
92735
63929
51500
59713
36414
70776
75261
52084
77349
61619
8127
6747
43907
26032
99267
65665
44203
69115
31661
45745
46571
22900
37666
33653
16312
78860
15563
11331
56229
7732
77379
90030
394
15265
99061
60394
55511
35586
42206
78238
45645
21585
37698
67162
92027
53761
11314
45459
88702
74226
22653
57833
56350
43192
72029
48394
60789
70195
97150
95809
41872
43991
35705
82718
61723
58538
90883
89258
33478
81489
96813
33725
79926
8341
28327
49453
97223
6141
48681
32300
21697
72839
41150
23022
30457
20324
76630
13946
68824
89509
6747
93862
91706
20909
11764
97911
11163
9740
33890
48394
33498
85835
37720
41114
88353
16170
34398
29840
93079
24358
57487
76200
14711
12012
77921
82943
19281
76906
61277
44955
63255
15686
50339
18404
30259
31383
38650
31567
74398
68008
6604
67764
98445
15505
58571
20086
53557
20718
5759
61453
86959
34104
2034
10081
53727
70976
48131
21643
47336
53219
65785
69598
57813
44633
49918
45456
25462
30241
42742
70339
99381
79379
37735
53228
83112
1464
89
26943
52780
24036
61853
61277
24930
83227
75912
50088
44248
76915
62102
34959
55842
56659
29278
33761
89729
62066
82357
70325
72824
14009
34167
29912
63926
59947
93921
27312
22409
22897
9221
61759
38664
13538
84535
64502
25007
14055
83734
11930
3936
67684
21777
88282
84606
44753
66627
68909
82242
13614
71818
2587
62727
91859
66447
41044
28769
70189
80062
83924
51126
90085
77142
33974
72047
48130
2860
62159
41085
43466
65317
49332
78002
32677
41341
85467
83573
37442
59598
44855
49258
11888
46908
42240
98712
49174
3410
74660
82867
37315
17038
87866
19576
85669
13755
25395
46754
57785
43677
30069
57421
99202
98618
30150
35881
68670
12618
83048
36048
78372
40167
56293
45812
62639
46733
14199
82929
13740
41333
85315
90614
18792
43083
65083
85450
4112
41344
27735
98249
25056
57078
24019
86734
73791
39675
10219
66726
27482
33966
35071
80217
19383
19799
33773
77180
81194
63483
6343
10148
21502
82257
48271
37112
41954
79005
96246
27685
93593
90100
55562
30516
72383
415
93843
24928
64280
14138
69477
73938
96587
50152
5495
66088
52982
72042
27930
50696
59205
20246
43744
43260
27168
12516
30360
59547
71894
54543
83765
6190
91722
3251
40270
51164
1445
96085
20717
47536
31065
37002
9690
15916
69480
53247
88724
13668
17991
66010
7700
77554
90408
87668
7752
84069
40006
96390
82156
72065
68610
28161
9759
92024
27916
24006
58828
94402
93257
10084
99586
45408
26680
11028
99901
10881
69387
89910
23899
81015
13703
85670
31665
8312
55691
12065
43407
73418
50448
45623
74735
55920
80563
96777
86512
73312
84003
8559
55118
50822
50925
78761
42588
42957
87689
93435
94951
79714
12537
4160
59746
8228
85906
79262
35269
33857
53229
16178
19490
38238
44708
55280
12318
22967
21065
27672
7025
64747
73276
56126
99144
8658
35213
81473
2887
65211
17485
61758
45194
43973
39169
83462
78022
86709
91985
53884
54032
85170
69629
80509
98826
11912
79635
35631
72930
18225
51559
9416
78127
61180
14180
47946
47436
61568
73806
58028
38016
45803
89218
15694
96011
95327
50966
37103
63437
93911
4264
54088
68235
4757
74430
98740
92152
97626
33339
47033
36495
43233
9847
49067
41344
67521
80793
90075
86387
69379
85502
48970
91242
35366
31127
52199
6773
1143
16140
79287
36965
30583
69215
61168
82358
60034
81307
10822
83770
1014
29492
68809
52954
44054
33171
45475
99839
51903
35190
10832
38741
89833
19219
8570
3753
27683
24692
45207
27111
42291
59654
87493
24016
9217
82805
69285
58536
49680
80050
95337
44841
3974
27624
78781
75875
52572
71402
40323
32955
15140
38874
2791
38455
26326
78849
71025
32817
80414
59446
51020
92702
59440
479
22213
6371
80933
2902
63005
34913
42284
22198
91871
73537
68313
45080
23528
1634
83876
98172
51193
40649
90059
20199
4989
14418
42526
13750
8084
81523
97701
29811
41496
93547
91213
16335
37548
90226
96233
19427
53173
76219
85278
87632
50468
16871
23727
28972
39165
21539
57
89609
5351
88106
18958
11890
43768
97398
4447
73470
88903
2756
68008
61239
33403
20483
80054
29491
18453
35118
33938
68935
89161
75227
264
88017
11957
34604
52720
96287
15938
72206
72736
52649
650
1173
36603
40923
4771
12867
86250
36174
82775
41761
62327
8773
19580
16283
41939
86774
74151
41772
86613
10095
99421
29635
343
92588
17007
55816
45835
87169
76411
7737
57476
3919
59013
96306
88978
68303
23548
21843
15490
33435
5
62072
44325
79852
82797
15362
92991
15256
17112
63386
69389
42252
14075
8683
39524
1533
81488
9468
90209
29094
31232
34419
25733
90644
64264
67223
50145
38192
45902
25069
52033
97122
81245
80658
53940
64350
55926
18412
97499
32425
79303
96060
96414
68257
59564
94552
32206
41948
55426
72855
24994
56053
47983
15237
40311
6817
51257
60717
12746
69631
94589
33992
23751
11698
70120
96068
79784
97493
51663
59426
10994
26818
30683
35953
62760
47776
30183
82833
90633
50248
76564
43363
53026
10878
30849
7562
54345
38033
55613
48483
65793
86413
22887
33338
79984
33912
40544
79152
59869
86154
97813
1732
87248
48061
77365
53783
41159
70349
53712
56058
50347
46258
29592
58819
50871
66192
14765
54928
61380
55752
86841
45988
90191
59179
7058
97306
19901
19798
9202
95055
99891
1350
35038
56653
67426
89983
25580
97740
44387
52346
84618
48734
54627
89371
13967
16004
44708
408
65993
61942
51755
50972
32397
35465
31001
17926
3051
82806
89939
90272
17919
64318
85475
86234
9325
38166
2545
11979
44330
8460
3014
70364
37327
52014
52901
57065
73831
54020
56188
77288
77859
1903
38976
45328
32059
56762
11742
16587
98668
53317
12669
16373
45558
80209
96862
67372
25461
93891
3348
87245
86657
68603
74691
12866
21170
86874
42910
78033
70741
94980
86278
56954
26083
37880
74203
93505
16558
94252
84982
73436
19248
45788
12520
17748
6937
58097
3840
29759
79453
59034
29550
59865
92692
44605
13086
49606
22482
60311
4607
51960
55470
80485
93714
88217
54666
29981
47986
20261
7306
57071
69900
68298
48634
97325
21906
85608
46556
22661
66439
58101
33393
32692
83333
71474
44951
58137
12431
1655
26703
9036
90272
81356
85148
43002
21553
58823
57919
14530
68924
70833
45408
50617
27634
28661
88829
86408
63921
97301
38560
97736
79735
9308
54539
53171
26770
44997
46149
64619
25524
33955
91628
69756
50111
45996
40296
59642
49829
63298
67509
73880
46951
69745
38517
53285
47199
90828
56401
37355
30384
94651
56430
91649
59970
21682
8621
59791
9686
82470
41545
38012
92361
73813
13404
79920
93530
31962
59087
61502
41682
89624
47076
58411
23290
76415
70004
55964
12411
77087
18860
79357
32905
83436
17842
83715
51507
43632
65375
99200
9962
80363
12626
33058
11572
91212
49463
97942
97923
22252
98913
67551
32829
8565
40072
60948
76238
61540
29273
52097
89023
65128
54785
36985
26333
56359
26703
90100
89144
66677
75606
72075
4849
469
60240
18957
24730
22950
91929
17566
65751
84286
81046
71551
56699
32197
93052
42451
57382
44092
64436
45688
46251
82973
21602
20326
74510
21934
85141
58433
96885
49642
85036
94670
31463
28206
89079
33915
89249
89998
36913
74755
23304
89990
45945
65492
70998
42455
5968
89949
80442
9676
99838
52523
46144
21012
87234
70891
39781
8432
36883
43425
22407
56957
27679
15835
57071
21299
45513
446
3740
70532
45135
4755
58656
6289
55937
88750
56716
57263
24374
65822
31863
80946
28387
36036
23672
52362
51827
62361
39539
67658
87483
47290
76242
36287
63978
56223
37599
42598
33505
99633
8819
75340
69294
1273
79556
68106
91905
87652
20147
16031
42593
73502
25326
74735
99116
95986
87467
36839
15093
66027
17417
37699
18958
55868
98295
82564
97332
12348
89582
45286
57027
1730
97055
89891
52440
85685
74370
29309
11960
5045
23202
36701
67661
22571
14375
46244
86738
81733
35294
63141
12904
41500
11449
39772
65328
69910
75945
14757
96445
53572
15205
38219
56295
3141
93136
3586
97034
79114
41061
14957
93839
39246
7881
59262
21958
31701
25269
70094
6111
28442
29671
59110
41720
95477
82040
643
75878
59446
25688
41344
9252
87826
83886
3786
96321
71594
59996
77021
25719
38420
44356
5109
36360
64606
10794
11512
93519
97074
83744
55244
87562
84933
44790
22812
17140
32144
20731
5051
68299
34787
27324
28702
6842
43889
85154
33221
58190
40855
31615
62686
82703
16099
93968
92328
9289
55610
61222
75995
83957
6711
82048
21439
36743
78362
78557
27405
27247
81152
58979
74904
2319
87131
74740
41589
75420
98447
7174
2510
30229
8384
6430
4444
20377
17137
35658
39310
75347
99051
8937
14690
50449
60251
53740
60006
56568
41986
36662
66413
88697
76797
21729
63488
57694
99489
56717
73980
41287
87589
9723
10294
9103
82700
70117
42504
67271
97689
21705
61696
84230
68315
9751
38296
21135
12174
63697
88821
97371
129
10375
65625
9541
50323
17443
25020
78695
18593
51201
315
17667
80344
35815
17130
41355
36225
40916
25442
46545
28712
27004
92518
6614
74993
95637
91230
23740
96118
30685
72633
91469
84461
84000
85070
37227
8158
14114
17637
11716
8279
71937
54025
28885
17758
64417
6801
28218
49273
29478
79465
53641
51575
29892
46902
34325
31636
55998
2226
71112
17059
10669
36264
50090
18853
87972
47026
39036
5710
73420
59671
94302
22624
50128
18442
58708
1221
4824
21876
38947
34849
24414
36825
43074
17423
86593
8805
60323
88845
68861
29366
18266
31604
91350
80358
61847
47633
94143
27507
85498
56762
26718
48881
7190
39675
14164
32821
24845
83412
19487
70753
93077
89716
61205
96879
72353
81273
53372
82289
8520
57305
39145
36873
40588
44635
84403
86388
75926
71384
6597
80698
41072
27278
1976
87646
13229
85503
51256
47697
31946
2380
20407
9874
95922
12039
40244
74981
80195
61058
35750
99289
17977
94917
89280
57940
31370
2900
44694
1060
43610
67370
35894
65841
35395
89480
29555
59031
53127
34228
22070
83513
6058
28083
42934
98430
26260
41866
70125
33054
28448
84418
79734
223
62491
77935
22946
181
14861
78503
28797
73816
2315
54152
52257
4543
48755
77751
78407
10909
29220
85892
99568
80317
46592
3362
47646
95577
1510
73266
7245
3426
37892
44956
22966
86117
92097
1026
9466
81561
19786
33916
31110
91941
60467
20690
3800
3106
73579
95390
52398
12513
55148
12430
14087
94125
84589
4851
75809
90859
67232
84215
22238
47215
53880
48482
79489
39087
79698
74025
54350
17359
46347
12684
8248
24432
18350
29375
70957
60389
47036
44196
31609
54381
75139
15604
97889
11874
55496
46465
91382
80420
57958
2673
71471
17192
16432
97955
26602
20375
70119
69852
48191
15923
20329
3575
64615
66123
81951
46324
70891
6734
86959
17526
79212
72378
36322
1218
11786
21640
69600
40135
92477
78889
60968
30658
39056
77298
28566
95299
19438
48708
46057
23935
25751
82196
79118
46482
94956
34113
11025
52066
47995
43687
92857
15676
13786
9649
89883
85337
86286
4339
94815
14061
85129
13359
86049
99339
50969
20882
39181
76152
46464
42600
55894
66047
14622
36248
56098
29468
71128
47519
65716
6721
13637
36817
56809
94526
11887
26977
56738
49463
6484
93276
72408
55066
37343
20638
4267
77229
33042
71852
31040
55661
30053
75600
75570
58425
63830
13117
83327
20568
76347
3925
47016
14399
43091
15974
65405
21866
82605
10447
41605
93450
50801
3888
74363
96631
26531
38360
72111
26204
76171
64817
95308
6492
30817
72969
88212
74120
64377
16898
67187
34810
48090
37975
33112
8510
32514
70703
70447
98416
44937
79870
85602
76282
8029
59124
89061
33312
52125
96176
84008
73101
52306
78479
5840
80756
28431
99311
74113
79403
18596
69046
25739
42321
84654
63535
37989
57062
79215
89052
73218
15343
85873
85877
33339
77638
93249
3086
40968
23987
77415
63088
70594
70141
15288
81004
87355
42723
20176
13113
30667
53559
98915
52954
79427
88004
13584
65280
57985
78979
65774
54564
61724
9615
95647
41865
8848
82290
3343
84053
64850
91604
12122
20035
48141
79328
92429
63316
69661
13054
66911
1464
85133
87554
49425
80316
82639
86179
26178
55786
35389
51305
81243
41217
33315
30036
4147
2236
41412
82982
20787
97657
82679
72591
12846
26708
27308
83239
96305
32108
43777
32360
9781
23128
24522
96070
81310
83250
3928
88014
46699
47598
71870
75803
62112
80822
27745
74811
54342
62155
44949
8766
65147
48341
52861
15579
34007
87794
39148
60637
84281
59707
91293
96809
39387
63802
85505
31129
92498
50893
2634
34953
11436
4284
13642
34952
54959
3153
34588
61246
79136
63811
71194
78887
23641
4001
95694
67772
28908
117
36379
43480
95762
26223
83321
70411
85703
16038
24406
1915
17263
32840
3110
98902
29338
38101
70786
77634
40026
22587
65430
90179
95707
49051
90111
77899
1420
28461
86638
86013
7206
14002
10521
36221
40035
85894
20177
51819
6640
81577
51458
22152
2879
76730
74434
5011
99717
40696
43576
81434
73205
10566
77369
95836
60954
21610
7884
14810
89236
52411
19707
97845
90192
93793
8294
19976
7582
54241
45778
216
52845
31741
26469
31923
73175
67881
17677
29329
29992
46440
93820
34136
96551
8820
6050
80021
84137
60837
14299
40792
70475
73812
85742
51604
21851
4056
11619
98316
16039
48160
79516
44028
93489
1996
94937
13670
569
59363
57942
10483
96175
99959
74091
43028
10447
79630
18196
84471
17430
34875
17571
55965
31193
61357
71138
91808
80128
84856
83036
12117
85569
2106
7022
24850
7584
50201
9004
36412
99615
84301
40703
63041
50645
74601
76789
88620
30511
65225
35380
56173
37794
65593
55819
32149
64853
96140
239
5032
45570
90710
3035
420
41576
90048
54520
30214
99842
2952
6830
25253
27928
6410
68114
58157
99979
85732
94137
22172
6634
22481
73119
94259
4467
55579
50686
81224
70389
91392
48315
56128
25622
23738
78893
42421
36317
79490
29284
89704
91902
69663
18301
77983
34933
1748
86632
21001
21825
91588
26160
55224
34805
94372
14998
35381
56551
86109
85865
12870
17023
25601
82995
32341
7414
50572
70012
50851
70020
75203
57289
54756
29704
27930
64944
44854
75372
82200
91130
12621
60560
3984
64549
93258
42915
66296
41608
13482
95847
93662
81162
51758
63261
99150
70173
29620
5928
83280
98531
43462
64992
92707
65150
81016
96249
98047
71748
33554
44901
52405
37880
95393
73229
55741
95565
8039
31282
73557
16356
42539
69761
26360
65672
77933
67881
88188
15364
39861
77468
90523
71845
70560
62543
9410
6869
83894
42351
27732
70092
53360
71444
4759
76459
23409
3231
93123
9642
47907
99552
74110
21534
60403
47824
66577
82469
82539
52132
35012
86531
34738
50061
56549
62144
12270
65128
99420
50008
32295
43537
25829
76432
15810
31483
46415
78637
97770
82683
8631
54858
18180
16634
96333
92910
40951
66732
49997
2387
43628
68431
42431
67396
54116
93926
27630
6053
55191
3685
28615
59460
34279
75472
93347
91386
56024
16162
96502
45290
95595
19530
67010
90274
32378
75406
14129
71233
2753
87457
54254
18107
91598
13706
77082
58157
17273
3563
45596
83361
84420
23721
65573
9998
73732
39748
3697
92443
10852
16358
22723
53761
32382
31654
2751
668
70796
86107
10509
83010
82749
32146
70067
19739
99642
42687
46575
21582
24475
90136
47507
55077
40228
92618
25513
29558
26153
98621
9188
72847
57129
41334
81303
83210
70466
37355
71602
43866
31166
56804
77961
28972
55805
98356
72475
18757
64765
63616
35477
82225
40034
33695
97193
97642
50155
57381
4144
70744
22192
42514
50322
74703
97835
15095
19618
34885
80668
36932
38789
84615
31791
20823
54387
40039
78902
47036
99069
62715
1059
2077
1510
14152
80147
78223
49543
29462
56445
30312
11781
79135
76305
76651
23235
55112
68378
39127
42210
79924
98770
85545
69914
45556
88717
90083
21462
36828
13703
24733
37173
69043
78729
50291
74178
15177
15084
36069
98866
96304
62097
59174
44525
83460
8415
91310
18901
98977
78980
57929
97184
91640
49227
37121
39771
49027
61037
25194
58379
48881
98699
23914
80946
74274
82269
64430
67848
99694
77844
99070
5077
44890
49062
77557
30516
92938
54046
84993
45397
16485
72885
66183
3579
53389
85438
98337
75446
80427
18576
34171
46749
1248
84407
31391
51147
57571
35804
56897
20078
77766
39852
38906
1423
88290
82745
1330
30000
13936
10499
96522
59270
34308
10931
23534
30475
60632
30940
6109
91080
1932
10755
82652
43406
5171
34998
68285
61668
33518
96004
66406
24660
43458
43817
98572
3183
61711
31023
5450
31204
72969
73804
70752
66591
64000
54155
53996
6104
83475
5107
53721
21425
54745
71717
23923
54198
76963
68142
9680
26900
97328
5467
51156
77857
30048
73524
73293
34008
15303
68205
21031
93180
41728
28809
88395
95552
67685
89894
68515
68155
80041
74343
76773
76057
18900
94326
77341
6485
33376
74242
77371
99090
92580
99460
42631
73226
57143
68334
31884
14934
73359
13912
34784
40135
61705
37873
60318
92344
74089
52955
16628
50095
17966
27831
31148
27128
77091
53970
24702
42484
58887
54580
56760
28084
25618
3806
17342
13512
62523
31184
38622
57621
57321
52033
84294
74382
23898
93223
70190
4087
68080
82090
93270
8221
66572
85480
55070
69606
51754
63377
62403
28888
61319
31428
28847
90128
43240
38029
61183
95296
99087
56826
64198
87273
2058
86416
70078
49103
28279
41708
95426
35989
30929
95325
4210
79068
35560
98082
99122
38719
5221
25821
78899
90661
45125
8879
56230
92609
89786
31600
70119
77076
61017
93811
10507
35684
38582
84425
20513
70868
93984
53510
21965
48162
96287
77209
54619
85494
9760
70266
36155
70351
19044
84024
46758
32058
36367
63949
58903
20718
59796
10338
52557
61272
2455
83049
53660
38468
11794
52675
79780
42479
80992
29845
7962
68099
83697
57960
57866
80045
39780
65808
33282
8593
35977
84521
78131
37002
95867
59441
29571
98121
91174
83706
86967
89921
98979
13042
52201
28052
44375
41415
26189
45158
97102
10955
68761
39288
95363
57993
47651
49119
63951
87101
53674
91725
22089
80609
80215
17114
78444
61598
48418
78148
74456
68634
66821
4642
47178
90731
80769
49121
21603
43846
96053
12232
82652
5535
75661
16937
93320
95807
64393
51821
16231
80000
1027
79642
20385
86356
19221
93649
37388
23027
57098
89988
42108
24726
73399
97820
3574
17521
44958
14083
31280
24230
56506
26772
79599
50861
70734
98410
78953
54765
90171
48330
54872
14098
3455
4599
7417
89932
64076
32072
65924
92841
2
30665
46268
35421
76484
43004
24552
94927
3168
3686
60448
43279
83603
43663
194
53418
25164
70621
21094
11929
24924
40237
66408
86855
66063
31111
63150
25928
48260
53515
86923
32945
6544
21405
7532
53338
35
20722
49008
37774
21617
21906
83503
66713
85301
99077
48501
81162
74865
38098
21070
48380
42609
46360
92901
64281
18847
11131
72010
58991
76226
43660
32317
97954
99140
2677
28894
58898
95097
75297
3189
47320
85757
93895
95465
61639
65642
39693
308
96381
28636
86582
35889
47400
99102
94189
4097
3415
75548
78094
80456
9737
9067
27549
9381
66264
25017
2942
8251
38013
30375
74729
6685
47933
2245
94290
30880
46503
70819
12045
85713
35162
26252
31775
6282
36087
32861
49212
24943
3688
72516
71536
42829
68282
95870
72314
59740
88809
61145
13897
51158
67301
5614
90703
28484
81789
60611
58875
85084
94058
69441
89347
30855
2810
37230
11294
27685
15049
8372
38182
26370
30161
14730
61117
88161
16936
51329
32330
22048
24203
49429
95368
17895
11607
22633
56279
82813
77870
89645
45999
30995
47193
42004
14671
65974
95048
48811
31944
91707
32792
974
52657
40472
13329
1811
45380
26143
99506
86555
16284
45516
47532
44728
18899
11087
37606
11372
17255
78151
14167
38338
4421
84363
20776
69542
60230
29578
50553
65811
99826
84974
96708
34745
32499
24436
58582
3941
62227
32168
39603
96217
48504
69657
62418
23489
60158
44577
75345
39554
19049
22273
24661
1011
27798
40155
86549
41343
95751
33263
55831
74990
60881
44855
67292
32141
24911
55236
88354
74613
11968
17058
94448
96852
6576
58920
61935
80945
88367
32229
93821
97887
25125
12230
8623
1371
69407
40491
79011
59803
28912
48208
55318
78723
50974
85669
53683
69381
58311
81366
90836
20071
9213
91554
66335
72845
43035
8691
34599
43811
7589
78767
29593
25657
54931
61058
17647
95662
87177
32842
83194
8651
30491
99198
57041
77804
10604
43864
22939
38387
43915
16862
46907
26308
73124
36595
29670
28096
689
33196
22912
2106
98162
17171
31813
85887
97375
91899
14901
26328
75474
27165
39552
68001
52531
99480
24555
28738
55061
84644
98400
48018
54754
99003
3433
80091
59094
87538
83780
83771
42465
23531
33540
93210
99612
9326
38884
45564
27816
73311
84054
73295
88682
69200
70473
84491
12807
79134
25000
92684
75855
99571
25528
63777
37160
75091
61153
53553
39618
83750
8259
67549
43422
67270
48658
44113
30400
13303
10797
78184
77417
67051
79708
89844
14739
18978
36563
50222
75276
10252
8508
37046
47632
85768
12300
57746
5322
41976
28744
65087
90023
77620
6081
23685
93039
97263
28529
81289
38471
64598
97174
91617
59309
29901
57719
46444
50107
14439
12704
5818
26071
24772
38596
11084
61681
80809
3871
72855
93313
18565
89553
53217
18492
93462
63570
42914
6284
30331
12147
16336
92245
97805
22897
43058
13583
7812
43254
89400
72907
34990
62810
79274
97607
19177
40394
8213
84480
96759
382
1892
92583
73541
78244
35196
31113
17893
20329
30034
32900
51108
24658
98947
89829
27141
76738
74810
54669
47211
55423
76497
20264
76873
19496
21901
57250
35668
52575
96061
780
81597
56454
20460
82977
18408
10559
94375
91362
73025
64218
26319
74766
44590
7510
81313
28366
25817
26042
81988
16324
67438
51129
44988
90069
45352
85191
73482
76635
59706
53758
41534
86306
91212
51625
98501
59210
76673
31719
2829
90411
4217
14311
9213
58102
94323
82975
23043
41865
50805
41109
9948
39686
2253
1486
34900
35921
43793
38472
14098
60894
18512
79901
95819
22889
93577
82646
95108
9593
41808
79503
16407
25218
11821
86509
52590
35850
11823
2043
97215
42568
51130
78328
33635
89093
28990
98973
27611
55844
48147
3573
98149
52425
20161
60402
72185
16015
79849
51837
4274
33768
27566
78428
48202
23679
62580
3267
18172
53874
91473
80544
31520
46302
81648
15911
21095
59328
70234
32168
41349
93653
4466
49289
40233
37631
21058
92144
88405
18609
58984
90499
7611
85646
13041
33865
55131
589
48635
25735
24888
68912
14090
2535
3951
79965
76905
40554
70367
71425
78869
65450
67045
89204
97551
20749
32745
60299
150
68103
71789
75405
39219
19168
74494
51413
85093
46350
57825
53042
11987
16607
70379
43825
71324
63541
15355
11018
84122
57048
56237
67870
44344
37829
54428
15434
37441
71471
63937
92477
32238
59896
22979
19833
45472
93003
88482
43076
77696
34586
93265
50468
35753
50992
20344
85512
73915
84644
63939
3684
15583
3948
52218
43673
92971
50474
76849
30017
76836
93816
32482
63332
97349
4096
53835
71768
90388
12469
67250
37665
92789
12645
8989
29763
30324
83223
20765
42096
97496
46090
61299
96760
69027
65074
76988
59969
58433
12036
74153
65567
28193
44410
29489
44927
3542
60126
72468
434
81462
81674
15759
98407
48595
7500
24261
97732
75629
49076
19038
61833
12251
69341
88044
19704
56465
28394
40612
56666
32812
76362
5703
17511
47537
81820
59003
5429
49550
21618
2880
65590
38583
65381
52510
34434
9064
79989
93650
36398
15254
88806
80577
5592
57362
80755
1642
27732
21172
59386
45330
48914
40388
5709
27351
16632
84915
74916
53333
76710
54184
47032
45194
9778
85770
63204
63232
15243
13377
67080
16865
20668
63346
85168
6653
847
43148
83698
57205
22621
30712
79130
79156
85292
12181
70711
70338
36728
7166
84198
90406
76212
37127
44313
89431
15097
18404
2845
82249
54752
8144
16839
11910
72485
63314
38087
67354
32609
3682
21610
95077
61067
37600
70334
84261
27265
88271
61747
80821
2137
16541
80239
19268
70238
65040
51666
28430
14909
32244
52738
91831
45490
24076
85035
21988
39185
53071
10123
60299
74717
57745
93577
37800
32319
1350
54730
69146
54639
36832
45350
4796
91780
11514
44255
27812
13413
76873
17285
75598
8803
46879
28771
54836
44564
49762
73465
84277
21755
54526
45088
16772
70822
3380
82413
26496
71970
92710
12583
53857
76466
27240
65246
25094
21544
13480
50454
57113
64038
89403
19732
69043
59229
44688
26591
83410
35182
89432
66128
42943
99926
98212
69524
7988
89399
65687
29675
47004
14711
19250
54102
50861
96811
25877
7237
65993
43903
41586
33125
63383
74315
74000
59538
19802
17787
53817
51105
93935
34808
85450
53501
32335
12014
657
9581
29497
15239
16494
33007
82482
23858
75434
63042
49124
82496
32235
2529
71726
15718
88247
15217
95125
5172
49994
29305
37681
63023
9604
23114
15270
92061
1487
45091
45158
8242
31529
61597
7396
19555
16871
72428
63067
29157
55193
18734
41846
86402
98290
85981
70410
16084
39772
14166
59648
44865
22384
60153
32327
42098
84626
71160
8586
9178
14007
40112
33989
3871
3083
86838
62536
70988
47433
19909
86115
59899
84660
13820
44235
82447
75672
63019
42313
9005
56487
10158
61554
74899
43818
23302
85947
78808
29673
18318
79492
3720
51780
10386
66999
68955
46752
10033
65710
70022
99962
15382
770
91830
98074
92138
3143
28734
25841
68680
86213
70009
40010
3953
61597
41224
20105
7354
35587
67968
27008
89586
55648
97721
97985
27320
43506
45179
52622
61167
66527
5067
6009
58331
58327
80776
80047
59370
62700
70762
82110
29397
84786
52848
61834
31657
99447
20792
34436
22097
28480
8480
18804
34752
99970
84205
93699
66684
59734
22582
29261
7657
51593
91305
43368
44336
66591
41550
83250
84667
18199
2461
92795
49287
27556
8050
81410
90206
34720
72312
4692
85569
44535
80159
51170
20584
4436
64384
73626
13808
46579
18113
13934
74596
35645
31057
59039
1123
49111
54807
56569
70081
49568
85964
84406
94292
90684
54845
17058
22951
2868
14499
53158
73728
89553
74374
82343
48103
27923
65099
32046
82329
29722
39953
53803
11894
58328
84564
8195
68091
8381
91366
98133
86673
71049
21753
31650
88229
27207
91488
86714
74400
52000
70386
65228
37272
47751
42507
8265
36019
87358
86774
70165
83697
25551
4619
76402
25404
52422
53325
82860
74802
60351
9681
7192
77222
91912
24195
76648
42207
11846
45473
33113
51552
52707
54390
30219
13746
59418
29897
95728
11098
74881
14932
92335
62616
20618
52684
13192
3426
26438
35222
29724
87573
28455
95337
20684
27611
40143
16898
57450
91142
64950
91239
51614
86724
66069
91339
10463
35298
93480
67807
29564
96490
38873
95445
63165
3928
144
50056
24231
26285
44994
90563
66712
97922
54878
12079
10954
86992
81812
18356
55219
52375
28773
20594
67400
38125
3349
20626
99246
78456
63198
37498
55843
76747
34406
10323
34389
40421
89578
29764
35646
90274
87708
84841
50066
21030
76422
72135
82032
5564
24056
83477
37698
54743
61628
66509
25353
90336
90871
17044
58068
25283
43092
51735
20620
51826
19730
12337
50394
71224
19592
66902
52332
99377
64334
54132
16894
18478
14386
54072
74015
47584
97369
3387
57758
40599
2691
93667
88932
43829
35806
43090
883
99589
12499
91247
38294
46531
1742
35508
96
33515
65677
4016
61198
89599
42371
68985
69417
67081
72285
1196
20910
22784
53312
95568
53346
45761
9380
88525
7511
15526
79772
64716
32230
36534
78384
632
26780
96939
63110
44170
72413
45375
83669
29024
29250
39291
34439
37131
5380
96698
79
79699
84020
49495
96615
46188
38495
49376
74684
43781
97727
5884
65804
43504
71703
44957
36066
16769
18348
51611
59528
12856
378
35404
55904
91333
47536
68800
45481
61573
42167
30572
26867
8365
51513
92621
54500
82696
10640
15719
69614
22244
6875
97168
97041
35065
75664
87438
73675
94532
58884
67430
55617
37254
37464
77642
72539
87430
29926
66517
46224
76667
70464
1198
95387
25664
42404
84226
19185
5871
52714
81233
66819
39505
56958
61626
1075
73252
18729
82731
26406
91910
1898
91676
34955
75521
19230
9949
79233
91529
46344
21121
6499
73669
86549
21534
76587
65352
84565
52389
88912
15229
78993
33511
14256
43309
42348
31116
84833
50119
43107
12356
15976
31296
23264
65969
58779
58922
58904
36050
21869
50617
16451
63087
44242
71169
72717
25989
44992
32700
45531
12785
73582
59650
28713
40736
83557
16671
1033
113
81415
64365
69064
55203
2882
22744
94007
35777
92820
25644
24738
3062
99748
12812
2538
18419
52813
20165
22241
81694
62484
8761
11144
25020
40427
75221
61873
12458
88688
27411
26698
3719
36651
35582
51521
93569
98176
78449
75739
34956
29069
55416
84329
21843
51129
48077
47446
40986
15580
46520
42251
69440
34428
39115
12763
46386
91839
22252
32775
51478
98711
96481
38849
97112
14228
67158
87743
98712
32962
26217
35596
27343
83590
9206
30734
63790
68165
22444
44781
14331
77875
21767
77002
35323
18530
81908
57059
49624
85967
48513
53672
23233
15440
32878
45792
72850
98592
49406
33880
23435
23867
82678
70841
40115
18276
7342
66170
16863
15726
39997
24345
84646
89679
50682
68943
92923
84207
84564
89350
97720
41726
94370
89957
5409
37833
45061
62824
39313
74395
85803
50475
50164
86634
63020
46522
89329
31982
83942
89444
49547
10345
33954
99555
4799
86907
84144
42195
25067
46387
98839
82718
71270
71071
29370
49575
8442
35646
83306
35931
54763
12275
65727
1335
32351
42467
18888
74877
80762
84576
51449
64019
74166
68802
34559
10852
86159
70736
47875
84501
91197
52896
6546
93079
37365
39897
98542
31647
66070
86378
71271
56283
55181
86950
20922
72707
22285
96581
27314
71861
83495
92674
26133
40323
45738
33945
47796
42495
36726
94053
94058
81731
83252
62232
797
78875
19779
92205
35305
26346
417
18418
17611
96142
22066
24086
93764
87225
98704
57060
57802
50606
19742
93316
50200
37833
84506
66619
91904
17411
64382
78763
8080
18937
95691
86153
25653
67588
24134
35480
41800
18402
64893
76351
22608
24940
13632
29524
4248
64878
93588
67977
29687
6758
45933
84503
27091
87494
72891
38009
50056
17660
96290
99499
416
39565
25506
94567
42312
77698
46280
17679
18993
54675
39934
29455
39137
66831
60339
16062
65829
50303
62725
53293
70747
49902
44171
64565
82720
40835
69026
50044
59787
44860
58006
34727
51654
92455
6327
47557
78043
98889
45672
93413
64428
28173
70310
87024
19443
11860
96272
61332
70080
26973
88473
98019
74979
7385
58897
80651
91463
52073
61430
49082
60629
27568
82971
2945
70015
31614
21968
86537
74054
51571
70737
17804
2809
70549
20368
26227
91568
77240
18782
42922
74947
77273
4825
1218
13782
59748
59257
71128
62057
72332
58669
995
72829
70204
51832
76073
29900
16698
19395
48435
14943
71904
2939
28403
53904
32417
48109
87098
86037
18412
92577
36359
75808
60948
3293
86598
42590
89998
98389
74201
50644
77860
9062
3433
49470
84253
64282
35026
51123
32326
84256
28172
64475
99090
68944
12152
92456
98504
82413
70701
67257
29950
28689
82590
56078
51719
60231
31840
30107
79091
57068
84034
19767
86392
80798
75491
70974
78152
64296
57056
48878
59069
44940
39338
40296
62476
4652
304
40098
57719
75389
69486
9347
80151
91436
4101
60350
2490
50450
11836
5748
91734
74765
47111
99080
20587
27455
61204
15853
24033
42800
44148
33067
70257
9723
558
59663
57796
11992
36634
19573
5186
33352
99692
92344
49207
3835
34997
66989
99405
12251
63463
27291
73063
15861
69276
66524
76462
62770
91570
31728
47471
70805
31053
62368
93309
97130
8408
54573
85598
66951
49833
55567
5401
99395
20033
15153
40007
38317
52239
68453
1332
55357
73251
90864
33406
21767
25947
40241
95026
55387
340
67882
91280
90607
61510
92338
18006
67283
39733
48440
44365
62243
17062
2280
30749
87806
16043
28385
16245
55102
48945
70823
84349
52678
27939
3101
11261
30430
93965
56832
23552
5958
90606
16744
90053
52516
91471
66804
31478
50712
17936
85787
10431
31831
656
70940
92801
40183
70838
79272
1216
52646
18934
41639
52611
8680
92932
75459
62057
52256
52650
18971
76121
67921
11221
2901
12288
58958
91789
82069
31339
53212
27846
21568
37138
19814
42159
95023
41559
25044
73560
62616
81567
97069
20933
55811
61526
92813
11798
47027
56010
81697
10685
17709
58226
67545
4860
91292
1818
58755
47876
69533
26522
83764
7842
21432
64237
23251
96853
88069
42290
70341
36359
62170
13221
31159
63345
68030
30104
24568
45948
98666
82214
70003
98376
99836
55963
53351
47887
29787
74360
87177
30037
4922
9267
76111
5412
62970
28161
12552
2311
92129
65270
81984
15169
88781
92266
86629
54428
74594
24794
93800
72753
23770
85051
55982
61232
15692
57863
79465
68164
87358
18286
85419
84843
66240
27799
74063
73191
44958
58993
54813
97309
6624
80820
3290
61053
59373
53975
69534
32001
77869
12733
17173
55453
36765
17115
79319
42561
28882
67951
72285
11825
44814
68721
28625
81516
89738
37258
91388
62094
84534
6144
5806
70625
46407
40007
85058
91014
89322
33783
21759
83597
78701
69690
16926
10027
28090
14991
1081
16451
53295
80213
52192
50246
43524
90026
11087
54212
85210
36774
67796
84103
17805
67769
65796
5500
32960
47249
2680
8914
24564
62559
95372
27921
73941
35765
58263
67217
34325
87036
84452
95118
95589
22211
8912
29726
42163
73268
5576
96944
85470
68915
93751
16787
81193
3791
44665
16089
83269
95728
11302
72238
25467
83208
34285
97042
52242
50495
31083
38979
15050
7321
15195
43970
49857
86655
34951
7071
96987
26568
35525
31813
2744
97531
15369
20385
89085
58467
78330
79275
63700
18503
24993
93589
96858
92117
50252
35667
88335
63610
82881
89166
55899
10985
63846
98742
61123
2972
65419
5313
31525
72765
93865
94762
24144
48028
99914
47501
13167
78977
20099
50416
66949
9878
2991
125
83246
37119
37339
3600
51222
8034
9179
62055
38914
84598
70886
16956
48919
87523
41871
61824
67704
62190
91494
51171
83819
83702
54629
539
58126
36967
77800
77322
45900
45108
57131
58114
32601
222
12115
7010
42526
95877
28741
79584
79639
36542
13737
79959
77595
84724
61055
5508
45413
81020
84224
23149
41185
83692
91557
23842
89698
6216
83674
28236
42507
79781
48050
2813
25328
17841
51473
7105
76570
29416
90206
12950
36188
68763
51239
11648
72798
33783
12248
94191
93815
93239
62039
54356
88767
87899
81187
28936
87729
2936
86399
24198
44418
46175
34858
52157
58565
53984
33356
74004
77047
94395
83888
30584
91380
96456
9422
87542
71980
69704
90098
74509
52410
10248
68358
99268
50177
32096
38964
67888
25574
83442
43257
34627
60957
36168
96316
5275
41514
89749
40858
47656
62059
12999
97427
48265
9960
57808
84557
24855
90714
93918
67158
64118
12054
81002
92827
54512
50349
59145
39168
36193
46342
30513
92714
3595
67366
28244
31086
77705
76684
54852
10096
80365
1440
31532
14968
63421
94051
15791
60444
77376
68931
52613
77965
4354
48964
92716
10931
67143
22198
72136
33240
92368
51451
95539
80761
9995
2327
49296
34604
15464
24490
21291
2738
63671
38798
4377
74621
82187
44946
17106
81374
99184
63044
99482
13637
72818
57354
4989
51416
89828
91598
25634
81621
17771
8880
63568
6556
20125
17075
77980
40801
50479
77520
42394
47620
79058
4436
73069
81009
26740
904
50715
9752
94829
45801
1773
36452
46250
10461
62311
13317
72844
11370
86638
30072
44930
72438
51713
37424
36520
49430
10185
71458
26323
80849
58701
26869
94408
18290
41381
13557
83220
66653
24902
50207
67368
89990
27324
31185
9934
83799
58068
90357
86794
12136
55150
27896
51874
30486
744
95905
85960
92302
35797
82919
82791
71016
33239
41881
79523
12233
99416
6353
13273
53235
44802
86798
72838
64787
73534
63451
80796
28144
71957
54646
66242
19373
94176
42379
17459
17530
72346
25219
10410
30487
60068
14783
23906
37505
54204
78493
72461
67025
17581
29615
87684
91351
45604
78035
89004
66359
89221
30467
46741
46166
23875
41955
57980
48631
73184
36072
12307
54076
80411
93274
97221
65255
29128
22440
59305
20101
51261
63055
26592
29783
53371
87947
55424
94378
92897
81002
42430
50603
28668
5948
15121
67435
53286
6243
28367
26177
36636
71757
78893
38321
80206
90085
74605
45212
36028
47186
2037
46492
21471
79661
90105
77989
28016
34629
79914
40943
66955
78032
67961
69800
31769
98499
84349
36863
91801
68838
55872
52238
25601
1355
91518
86477
16857
90687
53346
45298
34084
9473
36393
80213
97305
29688
42270
49066
73448
34564
22781
63171
84078
36041
54228
68523
13989
91283
91055
39313
11421
96256
40881
68864
19760
10097
43194
59186
86937
44879
28031
94300
87755
36489
8669
50370
94451
81773
69567
36683
18406
78759
23731
45812
13487
66317
46230
14013
68355
81423
16150
62091
75635
16802
55055
40510
41025
17843
69807
67305
21838
51337
54985
12120
16508
60091
26547
90663
9678
67171
59932
28713
36418
80888
30414
4110
35398
83091
83838
51279
9430
2028
33587
97218
22832
18340
44166
50422
15168
77588
30548
13028
64807
75825
78747
84512
28478
5787
47578
99311
40448
66910
80352
23400
18487
59946
10112
92467
45850
29013
25536
28183
41505
46463
75534
30298
65536
5689
29442
90437
83598
98762
58776
35410
73016
58479
59895
10622
35253
78273
29425
4420
68122
30427
45304
23566
30281
36822
86698
32311
33861
43150
75367
36800
77981
38619
4454
90630
71387
55721
81660
52233
47696
82529
46648
18530
9032
53683
1149
51035
15379
81489
63037
83559
17099
31685
24290
93409
99742
57921
9910
89413
10751
33216
41806
51141
49562
19734
81550
16057
70289
63701
26686
85054
76788
97819
2108
20765
49039
98730
5932
96588
18233
93169
55170
35408
66782
16271
11710
42899
14406
3184
18970
24471
65037
16904
94821
57993
8487
75802
55694
37737
83862
96719
87264
16038
86211
13473
67297
26288
56991
10720
43303
1009
75018
54288
14422
67955
27203
19331
52622
60475
86086
9045
7151
18006
91288
11922
65282
87533
56859
67329
41666
88439
37786
84627
23923
77130
60968
85913
16826
32772
10761
54670
71524
64367
8974
22857
84590
57130
38779
80493
47244
69885
27887
15160
42769
78994
88761
25356
62726
29168
42770
67714
12197
99312
95362
39237
16501
61118
46152
90139
48406
75475
9532
22757
53627
28636
78000
59109
15790
21150
11249
7557
28793
75106
53159
34864
39831
31923
81176
61299
94872
82829
77523
1075
29224
73831
26006
39914
37871
49543
72620
11279
35744
34102
13995
35118
41201
85945
51892
51839
60220
96593
90162
11044
89415
19591
34423
2659
8001
31009
70651
76760
35128
15639
43258
27083
41824
66685
16603
5318
36052
98930
64868
66587
11052
33873
65049
27706
49753
74142
58474
89334
66576
74930
61003
33858
22944
46204
71398
55711
1481
59678
91537
86343
24970
61745
31707
90042
66934
70964
16630
21001
66901
45727
22208
76223
77865
79354
32306
90093
67745
68205
15952
58515
7694
63860
51829
15719
30977
51192
42783
15406
55301
34699
98450
50250
90460
29993
57358
30137
24155
29940
28807
64568
32314
3595
77425
22922
54196
203
58280
70072
10896
49758
16123
62498
68645
78187
80790
70319
87512
23435
41760
83119
28075
5825
6381
17618
38532
74110
72137
1808
39784
11810
69864
99695
27620
73048
61061
80198
50447
97062
12444
59372
29302
58805
47320
79910
70619
32276
80493
73804
49098
81770
99234
56972
6488
59461
1165
88771
83005
82540
88614
40649
62042
51553
52381
82022
63244
59208
50759
34287
38222
85992
21380
82179
83068
89863
40960
49648
3089
97538
9136
38685
16317
28164
99695
91759
29954
85564
80543
52449
97066
59455
16606
43540
35221
20818
57609
90329
76092
18977
41885
82627
42487
99008
48672
12062
29663
66526
41318
69854
33681
96641
5471
28919
4846
23108
45601
15278
3156
43624
69423
41019
86843
52992
48400
47040
65252
45198
67348
75756
81983
37223
99228
94394
84194
85024
57201
38585
245
6317
4262
32490
14922
68619
13217
94179
22015
56505
80222
59040
18012
74525
71756
13848
88530
98612
7497
93594
7719
22965
75318
77258
44685
43731
6347
69803
23543
87419
32359
27741
83603
59968
66618
35227
7105
22423
45754
71037
19425
74146
36309
55910
90422
86815
45919
55042
54837
75500
96361
20721
5703
60941
84760
89489
5586
91370
93885
35132
66486
54269
60816
49733
95460
38435
65941
74503
59382
2516
31207
14790
24921
11719
84902
22137
87050
89101
32493
977
60625
18433
28440
311
17038
89973
88554
45301
25210
67378
312
70069
87113
48735
68287
45747
969
7885
56372
99186
24517
94615
98112
49614
25283
24997
12601
70917
76782
53457
65131
80772
48643
45264
34617
39369
40402
15479
33554
98136
90489
19094
98735
20107
89592
18177
55676
35837
14197
15357
39634
40858
88959
74905
29259
88392
15927
78360
22841
20861
5532
30752
74171
2503
37970
78167
30821
78840
91378
32544
62725
61651
33930
66144
30731
44056
28307
93078
56422
26619
88792
29864
68763
18099
57681
57494
79144
32455
66602
14491
81255
87050
98192
59571
15
94025
97032
40373
31410
16563
86464
98063
16664
11431
18734
90073
69678
87199
98664
84866
4181
27364
40872
58639
31130
87434
9834
73102
13264
60163
58497
40644
77530
48171
97115
6373
48809
58700
74439
63429
73876
42693
46950
32917
31114
23476
1852
4619
94941
44750
58502
94038
86968
83737
94669
15946
34672
8068
89038
10439
19364
59164
29634
80404
64371
6291
5553
58779
37172
59650
97378
23613
35289
13318
84381
7766
21563
472
75590
31689
40153
57198
85802
77144
9176
82659
76564
24835
92491
44952
82601
30839
93575
53459
69575
25417
7835
2872
65882
47891
92218
40550
69376
94710
35906
89598
78246
81994
63675
28531
37847
96062
24725
63882
57966
55519
68813
42052
17831
91716
3698
70576
1674
84295
22306
64066
76598
29550
84715
64678
36200
928
85043
83740
16251
5219
9975
86859
90517
29671
87312
30266
63166
40419
60562
17165
22504
10011
81215
96472
38644
78279
87577
70546
75219
66067
2062
70737
73806
18341
77804
53199
27804
50852
81049
64588
93769
80344
24821
14977
26292
47946
21089
14370
33791
70550
58947
83046
99750
44653
81610
54153
89480
3477
29781
58524
12658
76588
1075
24381
83551
87684
1147
87608
10365
79474
31560
51060
69693
47529
25767
16103
39626
447
13476
40862
59675
63591
52261
31881
97058
58930
85937
61007
19611
89200
40064
79104
93262
26978
68838
4619
21141
91969
48060
54529
84632
39817
51396
19616
75891
76546
25225
67007
58655
32713
8522
28604
72670
37150
32990
15438
79662
83546
55992
47183
56352
58637
54626
8285
74518
41794
73163
39567
13508
49837
49385
89741
36455
16241
17196
74748
77588
25080
96029
7796
30003
631
12866
58596
7639
71158
97502
8745
59839
39845
69684
30177
74660
10076
13238
14887
45218
34768
488
37813
139
91779
55137
4985
68824
90355
97910
51363
5662
64507
74330
64990
49261
56612
2613
50692
90462
52502
74407
27348
93526
29054
59919
15667
31710
73205
32045
4065
9504
8889
93001
71130
76106
20110
43097
88496
32259
29472
4809
99981
52411
63770
8303
10017
74289
61503
31222
37737
72738
91164
49572
14154
64924
54993
617
84884
33536
82695
96729
37749
36597
92856
85739
15571
20154
33619
79841
46315
61194
34261
69720
14314
26878
34795
37175
63682
75228
6297
19131
34082
23312
48890
35260
42660
76914
55835
84892
66897
15055
3160
88742
82604
96561
58885
77567
53825
66789
80140
58570
14908
10453
77390
5934
61100
13829
60216
84787
93013
71621
41570
14317
44008
58493
43953
61528
94762
96514
35382
77045
65697
52111
64977
69135
52999
20233
56342
60797
27833
6163
35739
47740
25158
28529
44009
42028
99170
17130
78506
3787
69834
68885
29975
66271
48970
30688
3058
63538
52860
12323
19086
37428
46983
9683
88852
37544
30697
24775
4318
53486
1190
81483
72592
59664
95364
35335
32300
12387
60770
15844
24029
71646
85116
38173
96728
47418
81059
73782
2318
85050
5517
2245
58800
84023
94434
5877
37447
23642
44959
75175
44711
54108
73972
32688
91216
45248
35528
18379
20716
36654
52831
52235
32305
80090
24105
84670
67683
38380
40585
19980
50967
6118
20253
44281
76111
91310
97489
86647
64622
52220
20066
47225
40983
84794
91246
85297
6519
58527
22513
6450
770
23681
238
88138
47251
65589
41286
31628
35121
62459
50020
74127
74682
42408
1526
9352
30654
8489
73059
23061
16734
96771
22845
37082
24201
86686
12855
98981
23063
72226
87892
86754
27452
64525
34849
81489
35142
34621
1015
37264
78895
13365
71894
36987
85233
47658
13452
37368
56669
2122
274
69568
26477
55290
8076
90479
6963
9704
17475
86789
21636
78397
82872
44154
31807
62871
28574
40793
57557
27450
69444
82433
97670
68454
71145
69003
36131
42782
5520
27811
42322
14568
44446
23376
82391
14939
42634
71075
37146
59838
39889
71068
41381
65493
92755
80786
10137
41565
53555
67719
40985
61152
29169
99208
35520
66911
95465
32659
47760
54391
28516
3740
8923
46944
72472
70312
55338
60320
14724
84107
1802
97500
80552
48431
81759
19995
48356
58014
59590
7223
3380
1692
27962
12757
39969
75021
67179
70877
49344
94983
95215
92741
10477
89051
22447
92759
94716
22503
17285
97405
23545
47534
11134
41750
37400
63124
43375
73037
78715
2152
44195
84919
82332
15068
12649
46365
31342
91271
49898
75027
67880
33513
70666
20667
44297
11108
52560
36715
87996
90785
4513
58906
62082
69212
6284
90650
13833
88273
78890
84224
89076
79346
27360
71531
97461
3323
67630
43145
62917
34794
42277
2378
13326
77380
77643
76344
45780
13226
64554
41928
81209
85460
48782
29910
28235
8122
53121
38910
2993
72006
99731
80110
58241
58079
16878
36266
62244
29613
14842
9873
99916
59755
60745
1314
24026
23801
66285
48600
13028
26358
24787
73152
67274
9592
52824
46397
96116
78436
13653
34301
98612
56934
34935
98248
79177
27575
79637
18351
20316
41642
7021
80973
27293
79444
33424
97361
55320
55864
8538
72170
88367
51371
87760
84050
32408
44080
12436
64233
18047
12267
67122
8623
74012
43222
11064
80458
48095
47979
15454
75447
13496
48278
41576
95091
46035
53320
43866
3383
30863
52889
8152
70019
30694
87177
89438
34564
84754
14782
10491
35228
76438
39445
44432
30237
3862
14243
24661
18139
63296
59021
8043
46583
83248
87604
71542
66161
19582
46116
42148
13510
68242
64565
19209
4395
5222
3093
60766
52920
28474
91767
72522
98708
19433
36999
71157
10697
96846
76938
28920
23296
5973
67802
33726
70490
88407
390
94429
85395
86262
21525
5240
8711
53734
87160
49603
4380
62311
78510
84029
72674
78281
23773
32694
42812
8745
41281
25894
44241
69886
93450
66957
75628
32939
67410
67941
66581
87518
4233
56467
29594
95840
16256
41880
28513
34596
94545
36326
27493
30772
78735
55748
75590
21110
34902
81928
41055
4627
25385
82279
36212
91545
18354
11113
22420
15176
57559
23136
88472
41922
74696
96352
54176
39088
63560
90843
41009
68237
19639
17917
66983
15241
99873
47183
78259
15743
2052
76780
15011
30345
2709
15687
87814
75946
17068
62695
88064
66415
66736
2156
98694
50051
33572
23236
53954
11513
52052
95017
72821
15900
85363
84305
40793
35177
80043
70151
88597
39976
7801
89274
48173
66820
52695
54149
1720
17968
1684
47237
58079
75276
33547
84849
98989
84028
9763
17666
78227
34108
94266
1160
23985
89995
257
81022
67963
18983
76129
53524
8330
32913
37606
1451
42895
23575
18522
5815
20400
978
48902
1898
21679
26315
28659
47783
35946
52051
6250
48057
591
72742
82123
63680
66545
61619
83887
91108
20633
23808
44958
85275
5932
68821
87881
50893
92649
84650
71819
65238
40257
97352
18691
51395
15021
73481
69174
41670
61801
41980
30778
24048
5949
9435
19358
22327
15960
47919
61455
86560
36066
21739
42906
79754
98441
20925
3846
55223
28370
93221
25366
36457
24534
16814
75286
28882
57780
74930
65762
69113
50334
89493
70884
38974
60029
15128
40451
10773
13026
94050
9928
65168
30446
67817
88418
37843
6422
12685
53783
2061
1354
1792
78060
79413
4681
92665
22446
15225
25644
39583
28081
84537
82019
49306
55771
57251
77919
31934
18175
87740
15144
79440
75939
84189
92493
14769
29341
85923
53964
22354
23065
36318
27425
30756
38929
80336
99216
76324
85996
3325
78492
18674
60638
77710
72601
89258
95031
64775
30577
70847
62885
43393
16080
21478
28757
20798
72304
53631
77956
5157
8811
96374
39850
69
18785
92818
91902
97997
85092
90520
86332
73755
369
52216
2784
48260
58456
60106
50294
39262
12739
93618
82983
25386
48881
31449
55616
80974
22883
11337
78903
4145
76257
29424
15669
54769
9643
83682
94553
87475
8717
52628
14774
90503
66500
29571
37230
68792
48339
54348
2285
44097
73474
69415
84539
61261
97884
28837
82319
55313
43937
62535
79706
66954
36767
35961
25935
51110
79001
11944
97584
9520
29783
80505
49984
75356
90814
80274
78356
64631
38932
20832
46605
52081
33724
22576
62268
2352
99366
99023
61287
42950
81772
47284
65622
91877
98795
4181
80706
89637
13171
13854
77637
32056
13999
97601
89620
25418
59002
8040
8272
24073
46090
17168
64410
39277
44064
23857
635
17558
94335
88329
53089
42887
54914
21398
33936
33172
20438
19546
2462
45721
7982
84545
89369
2653
64007
33936
65682
61700
80661
51460
17998
66155
59078
30384
32780
46795
11586
65472
55049
14512
73638
94200
7557
34031
44062
6482
85562
81588
73452
83525
12221
97427
99264
27483
49061
95458
76306
26038
20547
32478
75779
48714
60248
62408
4236
47844
7257
12747
4064
39053
65569
8934
55665
11082
32485
85532
63680
10859
35736
25587
39941
21465
76726
49994
4437
64798
41414
48718
5419
17815
7746
42521
88095
66768
1997
54112
34177
95790
72373
22342
49409
47757
25750
34062
4300
93054
87866
55359
97618
10464
99668
62326
64921
88537
99039
63963
99694
79566
31679
2284
15478
63800
73346
26849
87627
7599
29472
15498
79318
87705
17753
51334
86208
8371
4640
12425
17196
34566
69898
54080
73924
56037
57400
28168
66260
9064
44289
36357
87560
41474
94342
32869
98287
75139
7046
48128
89230
94840
87281
92360
38142
13524
23821
79701
49996
37921
36614
60150
72132
57183
26696
66514
4221
65360
41380
52593
20192
84479
43513
55829
63131
23024
34246
47714
61438
59597
85842
78001
90484
81800
25181
8311
10537
51571
86602
39653
7331
61986
90182
4983
80618
70863
63525
23423
87032
9794
32091
8541
64826
59717
49601
8649
26355
48477
9925
49226
96083
1518
46105
66632
48924
56432
83463
87265
72849
308
65465
48629
17772
29828
11335
72548
21831
10214
11967
37325
14607
96769
64415
76488
75097
22580
36137
85885
86761
81344
9781
67809
78296
73948
2207
57337
6747
672
29137
46310
43449
40490
1781
85355
69307
81234
89116
43570
42741
95701
18087
47676
60053
96451
45992
30941
88243
62531
79927
88196
23695
30697
71388
47632
75475
27758
81446
88271
86956
45790
63689
67780
16295
82944
7399
72058
78756
55190
52294
68679
31071
35869
61920
55768
32526
19419
15369
49154
38254
53997
84227
20286
30450
73023
14949
16020
6114
71614
91153
43700
20120
17292
39535
57508
67945
68831
76106
85426
88256
18781
26663
57465
48698
36122
3872
58948
31308
71947
52112
89820
6093
43790
99292
62127
72059
41038
63569
78961
58862
86672
19654
6548
65313
42788
48954
37534
30525
99198
29904
33266
96326
44591
4106
74822
19503
99375
46046
52261
99367
2156
52845
49770
79486
39267
58476
93330
77913
76881
35256
974
43593
17968
13629
71192
64199
27387
90197
3331
70888
71917
26133
8957
15318
4020
56487
28886
79222
87860
73152
50420
45045
64610
46130
49864
8121
27288
52893
8864
70089
34008
27070
6364
81494
39860
5327
27455
11373
28111
55362
88399
29493
73189
95242
20196
81088
57327
80035
9323
64641
17320
10555
10637
30853
61728
21412
48267
42814
62742
8361
21860
9620
13860
42889
67263
61433
15235
34611
85577
82490
62629
62058
28049
7662
67132
38316
60887
89862
34403
27074
35286
95816
49863
48979
77807
23431
82607
50665
17041
13970
95611
68867
58913
53399
53133
41547
37453
24162
30793
16189
39465
66539
47019
10644
27504
28447
69761
36052
33512
4857
82870
59261
85301
43804
37690
43435
15442
19658
25681
62739
98953
46998
27221
74882
43432
61925
74155
77185
28000
61881
34286
92891
59878
34308
43872
82009
47751
9565
17751
31230
21744
69445
58073
14702
83921
40176
72836
15616
53798
40172
28312
56424
33800
13914
89648
24284
51
97013
4708
73285
43385
51225
968
30649
34132
74740
83764
97800
92592
23244
29580
61835
37455
56875
92408
60814
97656
46614
77297
51083
32945
63248
45507
28618
70605
23704
41571
10617
11002
48887
25016
73747
16887
43195
35362
27185
70523
58598
81682
44787
56185
72999
30373
81113
28889
36445
98399
13961
78050
7073
62706
87859
20315
40386
14938
65224
88117
24454
14710
68631
60391
15671
50392
29613
70142
40256
21438
15992
55815
38915
39779
38620
46930
34518
71386
61047
88748
25622
15800
9435
40090
34509
39403
32730
75858
11856
16827
1986
45406
9990
44967
93326
86576
67642
83785
79349
10180
93474
16440
61869
88030
96807
97405
57232
85413
57983
72596
14584
10014
46062
47540
384
87734
51346
36180
89803
35319
89511
58884
34645
47965
21321
38306
3596
58963
97581
75578
16749
5341
65179
68884
93911
26792
31034
36466
40699
11988
96830
42864
39611
40527
28924
96151
98801
85776
34553
60244
35275
1601
86105
8394
98736
31408
53407
30961
48027
24897
87143
14248
52112
95711
94986
62060
37628
61219
45910
88992
48306
57817
40602
94605
65558
20167
65301
31002
33233
68754
39937
33220
34951
56412
90197
649
6676
10906
59813
95925
55687
34028
86981
16672
15690
87447
61852
88552
52884
15086
10827
53984
65349
1044
41406
87107
75947
55684
15605
22419
35502
42820
14117
21241
30737
52064
69202
63303
37230
91683
72922
93951
8798
19775
40664
59688
28502
41266
33188
80635
29831
75350
25239
73530
40474
93176
15729
91516
56512
59631
36739
27589
76663
24274
46315
22093
95190
18842
71021
8654
65230
9788
26537
77110
85028
70161
19098
53116
28897
62730
20690
45549
95681
18723
59293
5678
40663
68041
57592
94501
59461
23369
65705
19105
79706
98951
77615
30391
50806
88862
92004
51204
32131
90729
79686
56759
48616
46704
20156
15127
96100
3377
69017
12187
76288
88743
86782
17245
72529
36946
11302
29636
84617
64157
7386
39826
64168
61544
49137
48375
79846
71114
22755
86412
61465
33124
48180
17505
28569
43345
43333
2222
95026
85830
37445
33338
76776
28026
35135
51885
1108
85121
90186
25158
87242
27663
89784
43678
67332
84724
14937
90752
13831
64685
98580
31926
40734
61766
84239
67594
10852
46847
45463
4239
23044
42037
97345
59329
54101
81650
86051
31384
38821
75339
57553
54025
69885
96546
33623
26640
7591
14124
63782
33652
61379
7429
47061
76988
35659
38101
2670
45860
47611
19458
31005
70113
99471
58437
93406
72313
24973
7939
57906
8501
39443
61246
75418
14788
66086
67514
54955
33587
47932
75413
99579
96784
42660
59859
98588
45208
64638
90319
84720
52325
68337
16214
9003
97163
39541
937
95386
28878
15408
19295
86983
67225
63058
45583
76982
72967
75115
51390
49241
10447
47568
21985
29189
93505
19907
94554
34162
50050
53373
79956
31569
14578
65781
26815
6243
42124
17937
86918
77450
49010
78795
52197
66814
99488
19763
37941
4843
45165
27758
47188
96164
72340
83406
84567
4167
46692
32367
45856
97528
84226
96846
13506
70695
82904
3984
72500
64910
273
5605
81952
69350
94954
32319
28250
79448
86256
37664
43142
9866
58080
92159
66610
3051
85391
66181
19284
14705
63919
78343
67679
92782
32930
10914
18921
52909
60736
23211
77913
30372
90059
69834
35743
41595
19842
30269
76598
33820
10441
10385
44674
35246
70227
91621
1092
11519
40612
38364
48552
46689
21962
22821
92530
64210
3961
43824
41989
51770
81778
47746
62244
49002
13724
612
62231
48908
79307
15901
65778
26501
54387
22537
40521
72683
85216
20271
68219
95810
4562
99048
90649
74379
73696
52251
8688
51339
26199
83915
57001
43263
36272
28286
77249
13668
31605
10098
35817
47944
41881
28780
55776
16652
35590
4857
61943
39090
19044
19488
38191
86836
47939
22292
65017
19457
36336
4865
60235
91835
83296
95295
60937
78136
64052
72708
63765
83679
17850
95690
70102
50525
16885
13686
19079
27711
88993
46738
61880
72920
15591
31924
84851
53065
36414
97835
57506
95022
58281
31379
43033
62695
6338
36847
34932
11510
64727
94735
939
89098
48735
13517
83126
34052
67771
51961
39571
59435
41044
11341
95796
87777
19056
15568
66025
93479
90989
32249
12345
39122
13641
17026
71478
67151
71185
27152
40202
35793
66312
52905
58402
36152
11236
61756
16750
24971
41878
75227
84764
81703
74509
60121
66397
81359
87225
10022
85110
34277
62764
62339
36794
21253
54630
17342
69287
42184
74104
64942
73908
39707
18891
38626
23384
58594
98856
10773
27267
89139
96556
46182
56448
72480
95425
97462
34557
98000
78512
2428
60492
23442
68950
43786
83275
15020
79908
13514
97496
61902
5710
32273
22252
77482
81832
6912
40329
11614
31457
73911
35340
24432
2281
58723
77461
60612
70520
40414
80370
80009
40843
85437
11983
69985
90494
45284
38611
32827
21534
88166
53023
14861
83537
73338
85943
8245
89259
78196
255
39699
35576
55199
36041
29858
97565
76510
94101
68324
3257
4935
61601
20119
13161
25281
12162
86746
39490
25839
6676
84312
80702
94682
99788
85369
15467
59833
26460
39215
68069
54716
81324
87355
39458
83278
31650
15361
69932
69393
21546
85267
18026
84582
26557
45601
31779
92950
79530
46633
8824
39237
52494
23976
40371
11865
37155
30828
3598
91190
19651
60950
46253
12157
14802
58079
17173
13965
71838
37418
47428
75806
16873
55323
99631
95065
91158
42254
46904
44236
36944
4104
35655
43605
35552
49559
24114
59169
52401
95869
18785
57949
795
39656
82957
45475
24334
48743
4848
51359
80459
92045
90219
7878
21677
37151
84471
18698
68412
3534
70984
69391
37336
37541
70160
55900
89490
24989
2215
70493
19627
14427
13502
17495
6355
75449
57043
84704
77814
77476
13083
59800
58825
63364
75297
73620
38444
97585
46116
91719
57197
47165
22705
80737
49715
5365
99371
84139
56943
68183
7255
43746
61798
38201
99743
94116
56619
50841
32819
46591
13117
15060
93630
21131
14423
510
70920
80517
90669
65941
23856
10873
28132
91926
42335
29550
86015
45478
35062
87609
38986
78367
47360
90362
10031
77618
15674
61796
20473
83292
33601
40460
24338
50920
87211
22395
24144
23036
80476
19679
68516
19381
2526
57941
53454
46973
72699
40518
2463
38799
99715
43281
32157
15945
26649
75496
61230
3131
38324
16761
84214
65795
59019
8939
34033
34205
27232
2881
48586
11112
68946
21603
40541
31326
13298
49446
17732
60973
82105
76071
59311
242
17918
33692
35604
88886
78864
86028
50838
77504
64066
62921
74740
96008
12931
13846
28039
69051
60561
45735
43666
18071
76883
45056
34075
22474
9604
83547
81442
69344
64887
10162
77703
9030
8181
8287
40676
18142
81870
38644
64315
47230
6977
94241
81008
52126
3632
12197
33475
94500
22787
69665
825
86447
46336
36162
33110
25535
59344
79194
78646
47315
5299
10169
73328
3350
37957
71886
73205
57426
648
28872
49052
87172
65019
70727
33916
55456
79477
13721
91676
362
55867
86315
64660
38640
51771
63077
97343
53762
78623
68265
41846
68390
68335
34026
2832
74424
80627
47141
5000
41675
85463
95786
70773
75767
33573
7380
99398
35119
47948
81617
97230
55730
12904
18851
42295
66732
7761
89404
59010
7779
87351
22052
96055
58629
15086
65338
95476
27208
87038
69318
60822
78918
49754
46925
63646
16851
79663
92006
80429
84302
71039
58224
67322
45235
71882
55839
68037
44546
54570
1878
56782
25647
55393
19197
76375
95561
91336
66157
50145
36532
47078
63774
21236
72787
9735
65880
32571
9544
40983
81311
67130
54300
61744
10296
65890
80079
47398
48929
75888
62637
18264
2208
40636
12367
44094
3048
83939
9196
22407
80145
65387
25013
75645
14512
70605
61268
48705
54214
75489
43983
34156
35671
63326
11943
9687
45106
55012
40549
58071
47425
72285
31219
60227
5087
68629
83378
43112
97424
21713
89809
58825
32058
89914
17249
16175
2670
60775
79593
75272
15095
62525
74941
37884
79175
83975
38293
24296
48524
77909
38951
58966
9004
33156
86685
85161
24011
58327
27966
5014
73888
37428
8125
11371
66142
29280
92298
5408
7688
83312
97791
25704
5007
10394
51950
23122
50241
98519
26004
7463
41300
45984
89912
65599
35369
1658
1784
14415
14879
32245
20557
40411
63106
78035
89473
58291
37594
44876
89297
14955
59123
92562
15266
78049
38827
85244
56186
95727
82254
23896
81389
15701
5419
81153
13651
11766
73724
18302
25383
79351
39257
76859
36870
81778
75041
74531
9980
50124
90515
19725
56309
95053
42658
31159
33065
89801
52485
57872
59285
29734
652
6524
4232
11766
42494
18539
81985
40059
24400
94387
62232
76789
84117
40713
329
97276
47434
15597
29403
25415
29958
88004
73363
11560
71980
97154
37645
90364
28913
81540
54303
83110
52618
97047
94385
15139
22092
90751
26759
69920
89101
24222
3190
84261
78107
27494
43378
9315
68301
44707
32741
47741
64289
24402
54402
16452
93751
332
46309
48836
84378
28306
47419
67380
17679
8490
82683
32266
94191
23624
37728
92609
74194
27042
48394
55031
82456
49814
35444
67202
53914
26455
75757
14661
96233
12236
18475
34949
71466
71924
88815
22849
26286
3061
7169
90518
60636
11215
2632
54225
56292
10503
63671
25754
54205
80715
42184
16094
57655
33509
895
59274
76018
15828
58648
5585
757
88381
67811
36392
30964
22956
37808
93229
75476
18302
52463
21983
84337
4985
74301
46570
4814
47998
63087
45555
81485
2249
26662
76790
56012
2518
19566
13027
5900
45898
80597
64683
72573
90912
53672
17452
77469
79817
54023
38912
71244
91136
3413
82429
76313
4156
87534
41255
12242
26391
38551
45876
45962
88703
56922
23193
14962
23170
10459
61681
5920
62250
64798
56858
70962
10350
49604
54451
27207
3930
74956
21107
91487
41221
